grid_id,mean_ndvi
grid_00001,0.08862564377331962
grid_00002,0.12289736024844719
grid_00003,0.5082197628458498
grid_00004,0.3277917682693045
grid_00005,0.566236231884058
grid_00006,0.5588666007905139
grid_00007,0.43350152173913054
grid_00008,0.119196832448769
grid_00009,0.1490705478807996
grid_00010,0.32019028791345955
grid_00011,0.22844981567345699
grid_00012,0.3739065217391304
grid_00013,0.29260978260869563
grid_00014,0.14015321836451117
grid_00015,0.4728760869565217
grid_00016,0.17656672498683842
grid_00017,0.45909402173913044
grid_00018,0.3575624284800877
grid_00019,0.45190703040636543
grid_00020,0.38104143083003955
grid_00021,0.36610671936758893
grid_00022,0.5665652173913044
grid_00023,0.5757930434782609
grid_00024,0.3189208788653802
grid_00025,0.45014130434782607
grid_00026,0.32259157608695654
grid_00027,0.5108842951251648
grid_00028,0.49829704347826087
grid_00029,0.4214365942028986
grid_00030,0.5269674782608696
grid_00031,0.12455927786334037
grid_00032,0.5516630434782609
grid_00033,0.43082768115942033
grid_00034,0.17033649225170963
grid_00035,0.30304286717122186
grid_00036,0.13129636765860636
grid_00037,0.17156713608263083
grid_00038,0.16753278933224588
grid_00039,0.21094589229900534
grid_00040,0.20174166666666668
grid_00041,0.30768090145039373
grid_00042,0.1676698763218517
grid_00043,0.29094847644733784
grid_00044,0.32590984483674895
grid_00045,0.2608362931697932
grid_00046,0.18672321316526613
grid_00047,0.2712881950815192
grid_00048,0.1562235294117647
grid_00049,0.17396551893866802
grid_00050,0.16233813333333333
grid_00051,0.4111006956521739
grid_00052,0.3722852551984877
grid_00053,0.2533410282425432
grid_00054,0.30967372329958814
grid_00055,0.20616196898395725
grid_00056,0.265814577593814
grid_00057,0.26687143240182143
grid_00058,0.18224198062547678
grid_00059,0.17027344448816314
grid_00060,0.07835770253954852
grid_00061,0.27155186561264827
grid_00062,0.4867462021049
grid_00063,0.3066094645962733
grid_00064,0.48465719473642294
grid_00065,0.27406654456654456
grid_00066,0.13152790889665888
grid_00067,0.557716695652174
grid_00068,0.2728
grid_00069,0.2523747619047619
grid_00070,0.106425
grid_00071,0.3529475490196079
grid_00072,0.4718062116569266
grid_00073,0.3369046956521739
grid_00074,0.5225186002982525
grid_00075,0.5303408695652174
grid_00076,0.5651295577255935
grid_00077,0.5476768695652174
grid_00078,0.5483791304347826
grid_00079,0.5315217158310797
grid_00080,0.5605001129305476
grid_00081,0.11509490288220552
grid_00082,0.10440397787378194
grid_00083,0.12958462346975827
grid_00084,0.1823814784313726
grid_00085,0.4702516426910052
grid_00086,0.44958740815104936
grid_00087,0.24200056623931626
grid_00088,0.37785926790791213
grid_00089,0.3342252655782433
grid_00090,0.29234583333333336
grid_00091,0.15305365800865803
grid_00092,0.18355892556652792
grid_00093,0.38684955203516813
grid_00094,0.4269869883739449
grid_00095,0.4669938374939324
grid_00096,0.36669911969696967
grid_00097,0.42170247063192007
grid_00098,0.5584127536231883
grid_00099,0.5379117681159421
grid_00100,0.48838524418769647
grid_00101,0.43367818181818185
grid_00102,0.27332371541501976
grid_00103,0.18381253016230417
grid_00104,0.28558369565217395
grid_00105,0.17062062139060918
grid_00106,0.21316920987519053
grid_00107,0.1791662774659279
grid_00108,0.15660133333333334
grid_00109,0.14638961816305474
grid_00110,0.17066195656565658
grid_00111,0.4747152964426878
grid_00112,0.023350000000000003
grid_00113,0.18703543956043958
grid_00114,0.15345454453441296
grid_00115,0.2427847259532111
grid_00116,0.37284157954545455
grid_00117,0.45017222222222225
grid_00118,0.4424910776128634
grid_00119,0.3861180705882353
grid_00120,0.39811765727124176
grid_00121,0.48538333333333333
grid_00122,0.21315828052784577
grid_00123,0.3004805010508815
grid_00124,0.19780246710526317
grid_00125,0.14502716305916305
grid_00126,0.13104772727272726
grid_00127,0.21543720576298703
grid_00128,0.10756383116883117
grid_00129,0.28864206349206356
grid_00130,0.22793333333333338
grid_00131,0.3622720418088962
grid_00132,0.5238552428601148
grid_00133,0.502068398412038
grid_00134,0.264829434799119
grid_00135,0.44281667181116097
grid_00136,0.5675832874082439
grid_00137,0.4583204985883682
grid_00138,0.5275093195307109
grid_00139,0.5630413913043478
grid_00140,0.5792384980237154
grid_00141,0.46355785677749367
grid_00142,0.5603595639923936
grid_00143,0.5335452672062238
grid_00144,0.4967922605789352
grid_00145,0.5898019392445846
grid_00146,0.45837947826086956
grid_00147,0.4931255901209298
grid_00148,0.5295907826086956
grid_00149,0.4798989855072463
grid_00150,0.5253050434782609
grid_00151,0.27946102777777776
grid_00152,0.21079031555783398
grid_00153,0.28193083333333335
grid_00154,0.42909955737043765
grid_00155,0.470736109783936
grid_00156,0.42744325408504547
grid_00157,0.42106928019323675
grid_00158,0.471212072460245
grid_00159,0.5693325304347826
grid_00160,0.5303625097308489
grid_00161,0.4466797101449275
grid_00162,0.5045572173913044
grid_00163,0.5118351304347827
grid_00164,0.5257156236275802
grid_00165,0.47776365217391303
grid_00166,0.45288399999999995
grid_00167,0.5282362318840579
grid_00168,0.4579326086956523
grid_00169,0.4362902608695653
grid_00170,0.4462593043478261
grid_00171,0.5761066086956521
grid_00172,0.5204297391304348
grid_00173,0.5170266086956522
grid_00174,0.5627666666666667
grid_00175,0.5656314782608697
grid_00176,0.5844601739130435
grid_00177,0.44534695652173917
grid_00178,0.5364657391304347
grid_00179,0.5685246376811595
grid_00180,0.5171415652173913
grid_00181,0.46103391304347824
grid_00182,0.40462626086956527
grid_00183,0.5670791306774843
grid_00184,0.5842998260869566
grid_00185,0.5718516521739132
grid_00186,0.5350659130434782
grid_00187,0.5305200000000001
grid_00188,0.574396956521739
grid_00189,0.5857347826086959
grid_00190,0.563752695652174
grid_00191,0.5613069565217391
grid_00192,0.43547060869565213
grid_00193,0.5549248695652175
grid_00194,0.5174732173913044
grid_00195,0.5594728985507247
grid_00196,0.4662238260869566
grid_00197,0.553736811594203
grid_00198,0.5456043478260869
grid_00199,0.5443866086956521
grid_00200,0.5126594782608695
grid_00201,0.5221664130741053
grid_00202,0.5724375652173913
grid_00203,0.47500581496786043
grid_00204,0.4651841366038129
grid_00205,0.5490061355311356
grid_00206,0.5474860632411067
grid_00207,0.5686101449275361
grid_00208,0.5547891288167719
grid_00209,0.5653701649175412
grid_00210,0.5705871304347827
grid_00211,0.570469036437247
grid_00212,0.5511462080299563
grid_00213,0.5487921739130435
grid_00214,0.5604852004224609
grid_00215,0.5686599341238473
grid_00216,0.4838791785441866
grid_00217,0.577956695652174
grid_00218,0.5661387826086957
grid_00219,0.573792695652174
grid_00220,0.5580982974828376
grid_00221,0.5617818590704647
grid_00222,0.5693568695652174
grid_00223,0.5585722049689442
grid_00224,0.5642705882352942
grid_00225,0.572544
grid_00226,0.5755533333333334
grid_00227,0.5506547826086957
grid_00228,0.5662302608695652
grid_00229,0.5490837359098228
grid_00230,0.5922262318840581
grid_00231,0.5476542924901185
grid_00232,0.5158124608695652
grid_00233,0.5562547826086957
grid_00234,0.561028
grid_00235,0.5686885217391304
grid_00236,0.5617346086956522
grid_00237,0.5439565217391303
grid_00238,0.5638787826086957
grid_00239,0.5613052173913043
grid_00240,0.5531939130434783
grid_00241,0.5705064347826088
grid_00242,0.5703005797101449
grid_00243,0.5715396521739131
grid_00244,0.5717513377926422
grid_00245,0.5589250434782609
grid_00246,0.5643153043478261
grid_00247,0.5868085217391305
grid_00248,0.5595149925037481
grid_00249,0.5734782608695652
grid_00250,0.5742867826086957
grid_00251,0.5629095652173913
grid_00252,0.5537355072463768
grid_00253,0.5606121739130435
grid_00254,0.555548
grid_00255,0.5606259130434783
grid_00256,0.5674772173913044
grid_00257,0.5653982608695651
grid_00258,0.5553194202898551
grid_00259,0.5770069565217392
grid_00260,0.5639125217391304
grid_00261,0.5525994782608695
grid_00262,0.5358194950911642
grid_00263,0.569276695652174
grid_00264,0.5545784347826087
grid_00265,0.5655511304347827
grid_00266,0.5501715719063545
grid_00267,0.552475679347826
grid_00268,0.5620321739130435
grid_00269,0.5639862608695653
grid_00270,0.5522402173913044
grid_00271,0.5661213768115944
grid_00272,0.5597596618357489
grid_00273,0.5765265700483092
grid_00274,0.5714861660079052
grid_00275,0.5500285217391305
grid_00276,0.5612502608695652
grid_00277,0.5722923076923078
grid_00278,0.5761193675889328
grid_00279,0.574675507246377
grid_00280,0.5829500869565217
grid_00281,0.5558415652173914
grid_00282,0.5612512422360248
grid_00283,0.5537377391304348
grid_00284,0.5614318322981368
grid_00285,0.572136695652174
grid_00286,0.5355587826086957
grid_00287,0.5638997101449275
grid_00288,0.524816347826087
grid_00289,0.5514208695652174
grid_00290,0.5694022608695652
grid_00291,0.5599619565217392
grid_00292,0.5785708534621579
grid_00293,0.5667413043478262
grid_00294,0.5648749011857709
grid_00295,0.5711787439613528
grid_00296,0.5674
grid_00297,0.5721627329192547
grid_00298,0.5748349637681159
grid_00299,0.5620610869565218
grid_00300,0.5814826086956522
grid_00301,0.4374104042715485
grid_00302,0.2096625
grid_00303,0.3816420997807018
grid_00304,0.40085753639079585
grid_00305,0.08785305555555559
grid_00306,0.2467397977607294
grid_00307,0.40501159420289856
grid_00308,0.27355076666666667
grid_00309,0.32343998018047804
grid_00310,-0.008763157894736842
grid_00311,0.17599227364677023
grid_00312,0.22322999999999998
grid_00313,0.05190086974789916
grid_00314,0.05662033333333334
grid_00315,0.098225
grid_00316,0.14494714285714286
grid_00317,-0.047924999999999995
grid_00318,0.5369564510869566
grid_00319,0.09823084415584415
grid_00320,0.37440445066553085
grid_00321,
grid_00322,0.6748475362318841
grid_00323,0.11011749858836817
grid_00324,0.5064831192242794
grid_00325,0.6859332608695652
grid_00326,0.08655671029134264
grid_00327,0.5150033962773516
grid_00328,0.6948942028985509
grid_00329,0.1307557644671398
grid_00330,0.6884389492753624
grid_00331,0.57404593436111
grid_00332,0.1750448210545342
grid_00333,0.7039593167701863
grid_00334,0.7086671304347826
grid_00335,0.6345169710144927
grid_00336,0.22994961340902934
grid_00337,0.6981980869565219
grid_00338,0.012796666666666668
grid_00339,0.6943050434782608
grid_00340,0.6611502898550725
grid_00341,0.33235489169703636
grid_00342,0.6623373590982286
grid_00343,0.707176347826087
grid_00344,0.6883851574212894
grid_00345,0.043809924242424254
grid_00346,0.7159175362318841
grid_00347,0.38210486109839814
grid_00348,0.7142429565217391
grid_00349,0.0499018253968254
grid_00350,0.6693095652173914
grid_00351,0.02315
grid_00352,-0.014075
grid_00353,
grid_00354,0.03966923076923077
grid_00355,0.015345099715099716
grid_00356,-0.08180592592592593
grid_00357,-0.075825
grid_00358,-0.09083750000000002
grid_00359,
grid_00360,
grid_00361,0.702418260869565
grid_00362,0.7162930434782608
grid_00363,-0.017108383997323628
grid_00364,0.6714817391304347
grid_00365,0.379061712557573
grid_00366,0.6848263768115942
grid_00367,0.6630692173913044
grid_00368,0.09309425263666073
grid_00369,0.5154433591235704
grid_00370,0.6905194782608697
grid_00371,0.6755615942028985
grid_00372,0.6686511304347826
grid_00373,0.6787744347826089
grid_00374,0.5548635104634496
grid_00375,0.10753220149498066
grid_00376,0.6605188405797102
grid_00377,0.6061298347826087
grid_00378,0.6562709565217392
grid_00379,0.6558782608695652
grid_00380,0.1502371838963298
grid_00381,0.6539064347826087
grid_00382,0.666509761434218
grid_00383,0.5318668831168831
grid_00384,0.5894879254658385
grid_00385,0.15090838545244187
grid_00386,0.13158912113325275
grid_00387,0.0956615899402911
grid_00388,0.2820979366646321
grid_00389,0.2584624669481414
grid_00390,-0.018958008247833547
grid_00391,-0.07262347883597883
grid_00392,-0.035629700413223137
grid_00393,-0.05396666666666666
grid_00394,-0.12773333333333334
grid_00395,-0.10987
grid_00396,-0.10855000000000001
grid_00397,
grid_00398,
grid_00399,-0.10574583333333333
grid_00400,
grid_00401,0.5833473043478261
grid_00402,0.5714692173913044
grid_00403,0.564072695652174
grid_00404,0.5691613043478262
grid_00405,0.5664819130434783
grid_00406,0.5348147826086956
grid_00407,0.5540351304347826
grid_00408,0.5427662608695653
grid_00409,0.503136695652174
grid_00410,0.5336525217391305
grid_00411,0.6012662055335969
grid_00412,0.5193695652173913
grid_00413,0.6012198996655519
grid_00414,0.4750330434782609
grid_00415,0.42361826086956517
grid_00416,0.49522991304347824
grid_00417,0.6368448369565217
grid_00418,0.6375570434782609
grid_00419,0.5404385507246375
grid_00420,0.7226343478260869
grid_00421,0.438820695652174
grid_00422,0.569433850931677
grid_00423,0.5475926956521739
grid_00424,0.4589667826086956
grid_00425,0.5340555900621118
grid_00426,0.5244215652173914
grid_00427,0.4492340869565217
grid_00428,0.5358246956521739
grid_00429,0.5077246376811594
grid_00430,0.4781977391304348
grid_00431,0.518792695652174
grid_00432,0.5518714782608696
grid_00433,0.5112298550724638
grid_00434,0.5242714782608696
grid_00435,0.48552884057971013
grid_00436,0.54984
grid_00437,0.4777753043478261
grid_00438,0.5041170434782609
grid_00439,0.538872695652174
grid_00440,0.5205555072463768
grid_00441,0.6701528604118995
grid_00442,0.5218024347826087
grid_00443,0.6866406956521739
grid_00444,0.5820668115942029
grid_00445,0.6873926956521739
grid_00446,0.49077356521739135
grid_00447,0.685306956521739
grid_00448,0.5720173913043478
grid_00449,0.688344347826087
grid_00450,0.7043243478260871
grid_00451,0.45746278260869566
grid_00452,0.5283488695652174
grid_00453,0.4889173913043478
grid_00454,0.508952347826087
grid_00455,0.5496562318840579
grid_00456,0.6538366956521741
grid_00457,0.5125902608695653
grid_00458,0.5518853913043479
grid_00459,0.5528859420289856
grid_00460,0.5203314782608696
grid_00461,0.5581793043478261
grid_00462,0.5206069565217392
grid_00463,0.5503846956521738
grid_00464,0.553892
grid_00465,0.5328240000000001
grid_00466,0.5134306086956522
grid_00467,0.5545782608695653
grid_00468,0.5477233043478261
grid_00469,0.5724782608695652
grid_00470,0.5715728695652174
grid_00471,0.7104194782608695
grid_00472,0.7065398260869565
grid_00473,0.5445987826086957
grid_00474,0.6618850724637679
grid_00475,0.7014525217391305
grid_00476,0.7003353043478262
grid_00477,0.7215709565217392
grid_00478,0.7126867826086957
grid_00479,0.7206269565217391
grid_00480,0.6956733913043479
grid_00481,0.6422521739130436
grid_00482,0.5282850724637681
grid_00483,0.7248379130434783
grid_00484,0.4817813913043479
grid_00485,0.5060815652173914
grid_00486,0.496450579710145
grid_00487,0.6316972173913045
grid_00488,0.5044749565217391
grid_00489,0.7044939130434784
grid_00490,0.7215977391304348
grid_00491,0.7145684782608696
grid_00492,0.7186628881987579
grid_00493,0.7091539130434783
grid_00494,0.7078126956521739
grid_00495,0.7209321739130435
grid_00496,0.7132780869565218
grid_00497,0.7014504347826087
grid_00498,0.6970507826086957
grid_00499,0.6875125217391305
grid_00500,0.7150836231884058
grid_00501,0.5238573913043479
grid_00502,0.5104469565217391
grid_00503,0.5621382608695653
grid_00504,0.5401598260869566
grid_00505,0.4650243478260869
grid_00506,0.5655890434782609
grid_00507,0.5527217391304348
grid_00508,0.5372612173913044
grid_00509,0.5591812173913043
grid_00510,0.5516888405797101
grid_00511,0.5631731884057971
grid_00512,0.5460400966183575
grid_00513,0.5770183574879227
grid_00514,0.5647588768115942
grid_00515,0.571691652173913
grid_00516,0.5449739130434783
grid_00517,0.5652795491143318
grid_00518,0.5646926086956522
grid_00519,0.5723304347826088
grid_00520,0.5651906602254428
grid_00521,0.5183641739130436
grid_00522,0.5719
grid_00523,0.5205511304347827
grid_00524,0.5430735785953177
grid_00525,0.5767019181585679
grid_00526,0.5356883478260869
grid_00527,0.5577857391304348
grid_00528,0.581445043478261
grid_00529,0.5695167325428196
grid_00530,0.5653657391304346
grid_00531,0.5412033043478262
grid_00532,0.5463154782608696
grid_00533,0.5508192753623188
grid_00534,0.5853251552795031
grid_00535,0.5637801242236025
grid_00536,0.5712372173913044
grid_00537,0.5666054347826087
grid_00538,0.5594158260869566
grid_00539,0.5428291304347828
grid_00540,0.5686992753623188
grid_00541,0.5448304347826086
grid_00542,0.5781758893280634
grid_00543,0.5637300869565217
grid_00544,0.5691551304347827
grid_00545,0.5694227053140097
grid_00546,0.589875845410628
grid_00547,0.576236231884058
grid_00548,0.5889289224952742
grid_00549,0.5791536231884058
grid_00550,0.5629582930756845
grid_00551,0.555844827586207
grid_00552,0.5673732173913044
grid_00553,0.5582510869565218
grid_00554,0.5681406956521738
grid_00555,0.5604600000000001
grid_00556,0.5791911544227887
grid_00557,0.5644587826086958
grid_00558,0.554039652173913
grid_00559,0.5671953523238381
grid_00560,0.5566479871175523
grid_00561,0.5435679710144928
grid_00562,0.5707391304347826
grid_00563,0.5552577639751551
grid_00564,0.5403001739130434
grid_00565,0.5753281739130435
grid_00566,0.5654408695652173
grid_00567,0.5553808695652175
grid_00568,0.574738808373591
grid_00569,0.5605994782608695
grid_00570,0.5563895652173914
grid_00571,0.5586612648221344
grid_00572,0.5202749163879599
grid_00573,0.578923768115942
grid_00574,0.5760597826086957
grid_00575,0.5653720000000001
grid_00576,0.5454633043478262
grid_00577,0.570614347826087
grid_00578,0.5974313799621929
grid_00579,0.5848495652173913
grid_00580,0.5660040372670807
grid_00581,0.5717377391304348
grid_00582,0.5548453913043478
grid_00583,0.5512518260869564
grid_00584,0.508204695652174
grid_00585,0.5526613913043478
grid_00586,0.5334106086956522
grid_00587,0.5641066086956522
grid_00588,0.47349721739130435
grid_00589,0.5533909565217392
grid_00590,0.5539808695652174
grid_00591,0.5541253913043479
grid_00592,0.549464
grid_00593,0.5132937681159422
grid_00594,0.5370485217391304
grid_00595,0.5281168115942029
grid_00596,0.5564996521739131
grid_00597,0.5622810434782609
grid_00598,0.5645361739130434
grid_00599,0.5636572463768117
grid_00600,0.5757137391304348
grid_00601,0.5757801739130435
grid_00602,0.5561709565217391
grid_00603,0.5614692173913044
grid_00604,0.5667024347826086
grid_00605,0.586936695652174
grid_00606,0.5434551304347827
grid_00607,0.5725906086956521
grid_00608,0.5753274782608695
grid_00609,0.5485739130434782
grid_00610,0.5571695652173914
grid_00611,0.7103485217391303
grid_00612,0.5653888695652174
grid_00613,0.7109860869565218
grid_00614,0.5202233333333333
grid_00615,0.7028744347826087
grid_00616,0.5231629565217392
grid_00617,0.6909052173913044
grid_00618,0.6913274782608696
grid_00619,0.6678478260869567
grid_00620,0.4982397745571658
grid_00621,0.7164754782608698
grid_00622,0.7176897391304348
grid_00623,0.6823516521739131
grid_00624,0.7007848695652175
grid_00625,0.7151242028985506
grid_00626,0.7212812173913044
grid_00627,0.6724958260869566
grid_00628,0.6513652173913043
grid_00629,0.7179490434782609
grid_00630,0.7154958260869566
grid_00631,0.5477547826086956
grid_00632,0.5508022608695653
grid_00633,0.5702048695652174
grid_00634,0.5677787826086957
grid_00635,0.5620787826086956
grid_00636,0.47090209895052476
grid_00637,0.5237756521739131
grid_00638,0.5324467826086957
grid_00639,0.5614998500749625
grid_00640,0.5778699130434783
grid_00641,0.7155987826086957
grid_00642,0.6879817391304348
grid_00643,0.4831177391304348
grid_00644,0.5232426086956522
grid_00645,0.5032737391304348
grid_00646,0.4933219130434783
grid_00647,0.7319342608695653
grid_00648,0.7278869565217392
grid_00649,0.5660464347826086
grid_00650,0.4633909249011857
grid_00651,0.5658733913043479
grid_00652,0.4617013043478261
grid_00653,0.5356195652173914
grid_00654,0.536436347826087
grid_00655,0.5420648695652174
grid_00656,0.5461118440779611
grid_00657,0.5354382608695651
grid_00658,0.4779014229249012
grid_00659,0.5513568438003221
grid_00660,0.5519513043478261
grid_00661,0.7245306086956522
grid_00662,0.6973573913043479
grid_00663,0.6895986086956521
grid_00664,0.6319838260869566
grid_00665,0.7058937391304348
grid_00666,0.6914033333333333
grid_00667,0.702336347826087
grid_00668,0.6669073043478261
grid_00669,0.41263863884449564
grid_00670,0.6497569267833616
grid_00671,0.7162904347826088
grid_00672,0.6115631304347826
grid_00673,0.7354789565217391
grid_00674,0.5133601739130436
grid_00675,0.5465579130434783
grid_00676,0.6826739130434784
grid_00677,0.565180695652174
grid_00678,0.5261262608695652
grid_00679,0.5858720000000001
grid_00680,0.7021547826086958
grid_00681,0.561351170568562
grid_00682,0.599419652173913
grid_00683,0.5631341829085457
grid_00684,0.5881540579710145
grid_00685,0.552792270531401
grid_00686,0.5094238260869566
grid_00687,0.532139652173913
grid_00688,0.5859131884057972
grid_00689,0.49207217391304353
grid_00690,0.5992517241379312
grid_00691,0.3694310005232918
grid_00692,0.713825652173913
grid_00693,0.6756525217391307
grid_00694,0.021787537054447324
grid_00695,0.2334467447675513
grid_00696,0.6309772058971906
grid_00697,0.5378186675311467
grid_00698,-0.0013256123702922431
grid_00699,-0.10383683246577984
grid_00700,0.02438562188805347
grid_00701,0.5048304347826087
grid_00702,0.5649158567774936
grid_00703,0.5562642028985507
grid_00704,0.5404728695652173
grid_00705,0.5757517391304349
grid_00706,0.4941802898550724
grid_00707,0.5345356521739132
grid_00708,0.5147368620037807
grid_00709,0.5391853623188406
grid_00710,0.5543897233201581
grid_00711,0.5814756521739131
grid_00712,0.5777726956521739
grid_00713,0.5784205217391304
grid_00714,0.5811460869565218
grid_00715,0.5876229565217391
grid_00716,0.5884154782608696
grid_00717,0.5918085217391305
grid_00718,0.573944
grid_00719,0.5732914782608697
grid_00720,0.5531038260869565
grid_00721,0.5315864988558353
grid_00722,0.5558930124223603
grid_00723,0.5528587826086957
grid_00724,0.5722122529644269
grid_00725,0.5482899068322981
grid_00726,0.550480695652174
grid_00727,0.5582340869565218
grid_00728,0.5543620289855073
grid_00729,0.5518241739130435
grid_00730,0.5592666086956521
grid_00731,0.5823271739130436
grid_00732,0.596196442687747
grid_00733,0.5930420289855073
grid_00734,0.5833693094629155
grid_00735,0.5726860869565217
grid_00736,0.5997460869565217
grid_00737,0.5530016304347827
grid_00738,0.5723402173913044
grid_00739,0.6054576086956522
grid_00740,0.6175191304347827
grid_00741,0.5755820869565218
grid_00742,0.5706001739130435
grid_00743,0.584163652173913
grid_00744,0.5737808695652175
grid_00745,0.5825671304347827
grid_00746,0.5656166666666668
grid_00747,0.5773431304347827
grid_00748,0.5665758260869566
grid_00749,0.5963758260869565
grid_00750,0.5748918260869565
grid_00751,0.5893683478260869
grid_00752,0.5879255652173914
grid_00753,0.5851044927536232
grid_00754,0.5791182608695652
grid_00755,0.5892528695652175
grid_00756,0.5725139130434783
grid_00757,0.5893671304347826
grid_00758,0.6049256521739131
grid_00759,0.5935891304347826
grid_00760,0.5834377391304347
grid_00761,0.5803620869565218
grid_00762,0.5781021739130435
grid_00763,0.5848111304347827
grid_00764,0.5913285217391305
grid_00765,0.5791878260869565
grid_00766,0.5721377391304349
grid_00767,0.5808093913043478
grid_00768,0.545848
grid_00769,0.574855652173913
grid_00770,0.5704836521739131
grid_00771,0.586392695652174
grid_00772,0.5895812173913043
grid_00773,0.581128695652174
grid_00774,0.5859248447204969
grid_00775,0.5757546583850931
grid_00776,0.5807704347826088
grid_00777,0.5901829565217391
grid_00778,0.5498257391304349
grid_00779,0.5656293913043479
grid_00780,0.5675095652173915
grid_00781,0.5194660869565217
grid_00782,0.5679526956521739
grid_00783,0.5745521739130435
grid_00784,0.49321704347826084
grid_00785,0.5562605217391304
grid_00786,0.5779384347826088
grid_00787,0.5429368421052632
grid_00788,0.5551493913043478
grid_00789,0.5462885217391305
grid_00790,0.5440772173913043
grid_00791,0.5857217391304349
grid_00792,0.5836699130434783
grid_00793,0.5681314782608695
grid_00794,0.5766506086956522
grid_00795,0.5799301449275361
grid_00796,0.5690695652173914
grid_00797,0.5504546086956522
grid_00798,0.5880608695652174
grid_00799,0.5470713043478261
grid_00800,0.5606910144927537
grid_00801,0.5904740740740742
grid_00802,0.5793146086956522
grid_00803,0.5144721739130436
grid_00804,0.5717786445012787
grid_00805,0.5450422608695652
grid_00806,0.5755944347826087
grid_00807,0.5624407407407408
grid_00808,0.587916347826087
grid_00809,0.5574786086956522
grid_00810,0.5294517786561265
grid_00811,0.5855417391304347
grid_00812,0.5743546675681298
grid_00813,0.5388881739130436
grid_00814,0.6708253913043478
grid_00815,0.5704841739130435
grid_00816,0.5400836521739131
grid_00817,0.6162253213250518
grid_00818,0.20338556070762753
grid_00819,0.49147256371814096
grid_00820,0.4766006956521739
grid_00821,-0.0399075
grid_00822,-0.008830606060606061
grid_00823,0.15709025384324174
grid_00824,-0.09445
grid_00825,-0.079575
grid_00826,-0.03090374458874459
grid_00827,
grid_00828,-0.07688333333333335
grid_00829,
grid_00830,
grid_00831,0.5759744347826087
grid_00832,0.4913824347826087
grid_00833,0.5332391304347825
grid_00834,0.5591970434782609
grid_00835,0.5389636521739132
grid_00836,0.5408867826086957
grid_00837,0.5218215652173913
grid_00838,0.5530694202898551
grid_00839,0.5323617391304347
grid_00840,0.47728896321070235
grid_00841,0.4261943639291466
grid_00842,0.4398061469265368
grid_00843,0.586387509881423
grid_00844,0.06705514696668143
grid_00845,0.5226333702261932
grid_00846,0.39271368760064407
grid_00847,0.49404521739130436
grid_00848,0.5246508103091312
grid_00849,0.33182005425648525
grid_00850,-0.031056021062271063
grid_00851,
grid_00852,0.031599999999999996
grid_00853,
grid_00854,
grid_00855,-0.0027250000000000004
grid_00856,
grid_00857,
grid_00858,
grid_00859,
grid_00860,-0.015580000000000002
grid_00861,0.5823681739130435
grid_00862,0.5302826086956521
grid_00863,0.5242791304347827
grid_00864,0.4900986956521739
grid_00865,0.5575852173913044
grid_00866,0.526780347826087
grid_00867,0.5642081739130436
grid_00868,0.47395217391304356
grid_00869,0.515264347826087
grid_00870,0.5955412173913044
grid_00871,0.43237426086956515
grid_00872,0.32139368383576233
grid_00873,0.029328157894736844
grid_00874,0.38248000000000004
grid_00875,0.46549745034889967
grid_00876,0.3654933109354414
grid_00877,0.31421866976414387
grid_00878,0.3296349565217392
grid_00879,0.3717182608695652
grid_00880,0.14628291666666665
grid_00881,0.5552570434782609
grid_00882,0.47239843478260873
grid_00883,0.503272
grid_00884,0.5264838260869565
grid_00885,0.5808754782608695
grid_00886,0.5142902898550724
grid_00887,0.5259674782608696
grid_00888,0.4245954782608695
grid_00889,0.5390256521739131
grid_00890,0.5564059130434783
grid_00891,
grid_00892,
grid_00893,
grid_00894,
grid_00895,
grid_00896,
grid_00897,
grid_00898,
grid_00899,
grid_00900,0.09628029761904763
grid_00901,0.20388417089752572
grid_00902,0.3237612266837218
grid_00903,0.4142553043478261
grid_00904,0.32141878260869566
grid_00905,0.33167981818181824
grid_00906,0.311431742564852
grid_00907,0.34264336824769437
grid_00908,0.46385165217391305
grid_00909,0.32480104347826083
grid_00910,0.3390546086956522
grid_00911,0.5762486956521738
grid_00912,0.5350846956521739
grid_00913,0.5577118260869566
grid_00914,0.5048577391304349
grid_00915,0.5546802898550725
grid_00916,0.5905417391304347
grid_00917,0.5539193043478261
grid_00918,0.539940347826087
grid_00919,0.5847234782608696
grid_00920,0.5442036521739131
grid_00921,-0.13470000000000001
grid_00922,
grid_00923,
grid_00924,
grid_00925,
grid_00926,0.010767460317460318
grid_00927,
grid_00928,0.14598922231005712
grid_00929,
grid_00930,0.2636903522897421
grid_00931,0.573968
grid_00932,0.5701544347826087
grid_00933,0.5184013043478262
grid_00934,0.5370991304347826
grid_00935,0.5367107826086956
grid_00936,0.48430278260869564
grid_00937,0.4725815592203898
grid_00938,0.5398784347826088
grid_00939,0.45381721739130443
grid_00940,0.44219420289855066
grid_00941,0.44959269565217397
grid_00942,0.4004953623188406
grid_00943,0.3505246956521739
grid_00944,0.4359504347826087
grid_00945,0.3284036521739131
grid_00946,0.5349848861283644
grid_00947,0.5354549275362319
grid_00948,0.3426126956521739
grid_00949,0.3689473043478262
grid_00950,0.35701947826086955
grid_00951,0.061517989417989416
grid_00952,
grid_00953,
grid_00954,
grid_00955,
grid_00956,
grid_00957,0.4110417744073514
grid_00958,
grid_00959,0.4391708100275683
grid_00960,
grid_00961,0.5430926956521739
grid_00962,0.38047652173913044
grid_00963,0.5618248695652174
grid_00964,0.4396271304347826
grid_00965,0.5434513043478261
grid_00966,0.4535551304347827
grid_00967,0.5276792753623188
grid_00968,0.5205791304347827
grid_00969,0.5344629565217391
grid_00970,0.5714203478260871
grid_00971,0.4498189855072464
grid_00972,0.4269267826086957
grid_00973,0.3785222608695652
grid_00974,0.39777739130434786
grid_00975,0.5497768695652174
grid_00976,0.4388010144927537
grid_00977,0.4137728695652174
grid_00978,0.39935252173913044
grid_00979,0.407068347826087
grid_00980,0.569989043478261
grid_00981,0.5245034782608696
grid_00982,0.5049161739130436
grid_00983,0.5597765217391304
grid_00984,0.5694227536231884
grid_00985,0.516564347826087
grid_00986,0.5299513043478261
grid_00987,0.5647906086956521
grid_00988,0.5679165217391305
grid_00989,0.5450161739130435
grid_00990,0.494388695652174
grid_00991,
grid_00992,0.41827477050457174
grid_00993,
grid_00994,0.4070845614035088
grid_00995,0.43186092476832627
grid_00996,0.41933965367965365
grid_00997,0.41222363915368526
grid_00998,0.4384578534547729
grid_00999,0.3200960158102767
grid_01000,0.39136238719327965
grid_01001,0.5601724637681161
grid_01002,0.5506182608695653
grid_01003,0.5252739130434784
grid_01004,0.5700204347826087
grid_01005,0.5711549565217391
grid_01006,0.5630113043478261
grid_01007,0.5734530434782609
grid_01008,0.5424498188405799
grid_01009,0.5652069565217391
grid_01010,0.5715071304347827
grid_01011,0.5758521739130434
grid_01012,0.533383652173913
grid_01013,0.5686017391304348
grid_01014,0.531936347826087
grid_01015,0.4871822608695652
grid_01016,0.5530253913043479
grid_01017,0.4578702898550725
grid_01018,0.48864556521739133
grid_01019,0.4422271304347827
grid_01020,0.45221495652173915
grid_01021,0.5695424287856072
grid_01022,0.5556833333333334
grid_01023,0.5631288244766507
grid_01024,0.5553302608695652
grid_01025,0.559964695652174
grid_01026,0.5557339130434783
grid_01027,0.552556347826087
grid_01028,0.5636213043478261
grid_01029,0.5613451505016722
grid_01030,0.5530151304347826
grid_01031,0.44480057971014486
grid_01032,0.48856
grid_01033,0.45871773913043484
grid_01034,0.47058313043478267
grid_01035,0.47095460869565214
grid_01036,0.4978088695652174
grid_01037,0.5378515942028985
grid_01038,0.44935269565217395
grid_01039,0.5551692173913044
grid_01040,0.5550380869565218
grid_01041,0.548012347826087
grid_01042,0.5612292173913044
grid_01043,0.5153659130434782
grid_01044,0.5610282608695651
grid_01045,0.5607171355498721
grid_01046,0.5517909565217392
grid_01047,0.5585410434782608
grid_01048,0.5468622608695651
grid_01049,0.5503537391304348
grid_01050,0.561452463768116
grid_01051,0.5333158790170133
grid_01052,0.5243720000000001
grid_01053,0.564564347826087
grid_01054,0.545448115942029
grid_01055,0.5686511304347827
grid_01056,0.5610492173913044
grid_01057,0.556276
grid_01058,0.5677438260869565
grid_01059,0.5900307826086956
grid_01060,0.5553197101449274
grid_01061,0.5575798260869566
grid_01062,0.5578372463768116
grid_01063,0.5639931438127092
grid_01064,0.5693290434782609
grid_01065,0.5753610434782608
grid_01066,0.5582168695652174
grid_01067,0.5616433043478262
grid_01068,0.5730181159420291
grid_01069,0.5840020869565218
grid_01070,0.5717017391304348
grid_01071,0.5652111304347825
grid_01072,0.5954628458498024
grid_01073,0.5754573913043478
grid_01074,0.5728417391304349
grid_01075,0.574292695652174
grid_01076,0.5836255072463769
grid_01077,0.5761754782608697
grid_01078,0.6039775652173913
grid_01079,0.6094456521739131
grid_01080,0.5859935652173913
grid_01081,0.5559582608695652
grid_01082,0.5595012173913043
grid_01083,0.5871920289855073
grid_01084,0.5674495652173913
grid_01085,0.5501026086956522
grid_01086,0.5000170434782609
grid_01087,0.5731591304347826
grid_01088,0.5587498550724638
grid_01089,0.5363575362318841
grid_01090,0.5489019130434784
grid_01091,0.5470653846153846
grid_01092,0.5430614492753624
grid_01093,0.5540860869565217
grid_01094,0.557072
grid_01095,0.6071062111801242
grid_01096,0.5965513043478261
grid_01097,0.567683652173913
grid_01098,0.528251652173913
grid_01099,0.573322463768116
grid_01100,0.5939146739130434
grid_01101,
grid_01102,
grid_01103,
grid_01104,
grid_01105,
grid_01106,
grid_01107,
grid_01108,
grid_01109,
grid_01110,
grid_01111,
grid_01112,
grid_01113,
grid_01114,
grid_01115,
grid_01116,
grid_01117,
grid_01118,
grid_01119,
grid_01120,
grid_01121,
grid_01122,
grid_01123,
grid_01124,
grid_01125,
grid_01126,
grid_01127,
grid_01128,
grid_01129,
grid_01130,
grid_01131,
grid_01132,
grid_01133,
grid_01134,
grid_01135,
grid_01136,
grid_01137,
grid_01138,
grid_01139,
grid_01140,
grid_01141,
grid_01142,
grid_01143,
grid_01144,
grid_01145,0.20195166666666667
grid_01146,0.21311077777777776
grid_01147,
grid_01148,
grid_01149,0.024425000000000002
grid_01150,0.28275443055456445
grid_01151,
grid_01152,0.41378806486918884
grid_01153,0.026573999999999997
grid_01154,0.25132700230928495
grid_01155,0.29551870884851866
grid_01156,0.4240865146071319
grid_01157,0.32041844563287747
grid_01158,0.25620551282051285
grid_01159,
grid_01160,0.1419652584586466
grid_01161,
grid_01162,
grid_01163,
grid_01164,
grid_01165,
grid_01166,
grid_01167,-0.0329
grid_01168,0.05580027056277056
grid_01169,0.22051381507381507
grid_01170,0.35383935644752135
grid_01171,0.4052359294871795
grid_01172,0.1371314412238325
grid_01173,0.34835548770319225
grid_01174,0.38063945170660857
grid_01175,0.5152179350755454
grid_01176,0.43001629901960786
grid_01177,0.4460990267682612
grid_01178,0.5432579398810908
grid_01179,0.3134492658730159
grid_01180,0.5492838260869566
grid_01181,0.39676777542671404
grid_01182,0.2167439535002035
grid_01183,0.523915557312253
grid_01184,0.568696347826087
grid_01185,0.4603514024140111
grid_01186,0.265702194541963
grid_01187,0.571168
grid_01188,0.18029678342490843
grid_01189,0.5504735652173912
grid_01190,0.4865007246376811
grid_01191,0.5806394782608696
grid_01192,0.4596116432672187
grid_01193,0.3083000554732932
grid_01194,0.5420685217391304
grid_01195,0.5077605475040259
grid_01196,0.5551850074962519
grid_01197,0.508289043478261
grid_01198,0.4498161835748793
grid_01199,0.5632424347826087
grid_01200,0.5597372463768118
grid_01201,0.43539095652173915
grid_01202,0.45702591304347834
grid_01203,0.3641352657004831
grid_01204,0.40128660869565214
grid_01205,0.3914689655172414
grid_01206,0.4634175652173912
grid_01207,0.4297794782608696
grid_01208,0.4175102898550724
grid_01209,0.3880911304347826
grid_01210,0.372968347826087
grid_01211,0.5020309565217391
grid_01212,0.5661633043478261
grid_01213,0.5480027826086956
grid_01214,0.562709275362319
grid_01215,0.46359739130434785
grid_01216,0.5406278260869566
grid_01217,0.5603985507246378
grid_01218,0.5535539130434783
grid_01219,0.5623984347826086
grid_01220,0.5337893913043479
grid_01221,0.485728
grid_01222,0.5141264347826088
grid_01223,0.44588985507246376
grid_01224,0.417672347826087
grid_01225,0.39555443478260877
grid_01226,0.434700695652174
grid_01227,0.5028760000000001
grid_01228,0.46848695652173916
grid_01229,0.5317838260869565
grid_01230,0.4574026086956522
grid_01231,0.5733
grid_01232,0.5409779130434783
grid_01233,0.5639476521739131
grid_01234,0.5437750724637682
grid_01235,0.5543560000000001
grid_01236,0.5442269565217391
grid_01237,0.5566921739130435
grid_01238,0.5222227826086957
grid_01239,0.5351581320450886
grid_01240,0.5376812173913044
grid_01241,0.4071842105263158
grid_01242,0.4161826086956522
grid_01243,0.42834975342011156
grid_01244,0.4275694801658846
grid_01245,0.5445580869565217
grid_01246,0.319585
grid_01247,0.53408
grid_01248,0.43519076203084356
grid_01249,0.38888885714285715
grid_01250,0.5474366956521739
grid_01251,0.5489485217391304
grid_01252,0.5474587826086956
grid_01253,0.5330713643178411
grid_01254,0.5290937391304348
grid_01255,0.5601017391304348
grid_01256,0.5493633043478262
grid_01257,0.540844347826087
grid_01258,0.5377617391304348
grid_01259,0.5421069565217391
grid_01260,0.5215413913043477
grid_01261,0.5020846376811595
grid_01262,0.5304939130434783
grid_01263,0.5003822608695653
grid_01264,0.49346086956521745
grid_01265,0.5026008695652174
grid_01266,0.5259422608695652
grid_01267,0.5311666666666667
grid_01268,0.5205469565217391
grid_01269,0.49334156521739125
grid_01270,0.5136052173913044
grid_01271,0.5456128695652174
grid_01272,0.4998856561996779
grid_01273,0.3753741838382188
grid_01274,0.30038771206863313
grid_01275,0.5455619130434782
grid_01276,0.5201260869565217
grid_01277,0.5154117529330573
grid_01278,0.4178493180778032
grid_01279,0.5232128695652175
grid_01280,0.5390166666666667
grid_01281,0.5384469565217391
grid_01282,0.5589086956521739
grid_01283,0.5181342608695653
grid_01284,0.42729408695652166
grid_01285,0.4414686956521739
grid_01286,0.5584812173913044
grid_01287,0.5022586086956522
grid_01288,0.5412118260869566
grid_01289,0.4784106086956523
grid_01290,0.4176894202898552
grid_01291,0.49735426086956525
grid_01292,0.534212
grid_01293,0.4928690434782609
grid_01294,0.5290285217391304
grid_01295,0.5320962318840581
grid_01296,0.517200695652174
grid_01297,0.5365169254658385
grid_01298,0.5089577391304348
grid_01299,0.5232470496894411
grid_01300,0.4818206956521739
grid_01301,0.5037194782608696
grid_01302,0.5566961739130435
grid_01303,0.5527161739130436
grid_01304,0.504384
grid_01305,0.5192740869565218
grid_01306,0.5097784057971014
grid_01307,0.5636707826086956
grid_01308,0.5770213913043478
grid_01309,0.4934627826086957
grid_01310,0.483624695652174
grid_01311,0.5992447204968945
grid_01312,0.5743059130434782
grid_01313,0.6002024347826087
grid_01314,0.5253248695652174
grid_01315,0.6120518840579711
grid_01316,0.6049191304347827
grid_01317,0.5254526956521739
grid_01318,0.5771238260869564
grid_01319,0.5052806956521739
grid_01320,0.5673182608695653
grid_01321,0.5805652173913044
grid_01322,0.6101340153452686
grid_01323,0.5724969565217392
grid_01324,0.5889104347826087
grid_01325,0.5700038260869565
grid_01326,0.580951304347826
grid_01327,0.5461928695652174
grid_01328,0.5515191304347826
grid_01329,0.6233387826086956
grid_01330,0.5570588405797102
grid_01331,0.5621518260869566
grid_01332,0.5311481739130435
grid_01333,0.4969904347826086
grid_01334,0.43439289855072466
grid_01335,0.4205880000000001
grid_01336,0.44884678260869565
grid_01337,0.4998257391304348
grid_01338,0.5335810434782609
grid_01339,0.4860262608695652
grid_01340,0.5017660869565218
grid_01341,0.5788426086956523
grid_01342,0.48449095652173924
grid_01343,0.6168133333333333
grid_01344,0.4610530434782609
grid_01345,0.4939895652173913
grid_01346,0.551100579710145
grid_01347,0.4995933913043478
grid_01348,0.5375506086956523
grid_01349,0.5477455652173913
grid_01350,0.36520626086956526
grid_01351,0.44490170807453405
grid_01352,0.4653599378881988
grid_01353,0.5158445217391305
grid_01354,0.43554643478260874
grid_01355,0.5001626086956521
grid_01356,0.5617104347826087
grid_01357,0.4665659130434782
grid_01358,0.43970942028985505
grid_01359,0.5201751304347827
grid_01360,0.5126297391304349
grid_01361,0.5607970434782608
grid_01362,0.5650275992438564
grid_01363,0.5339307826086955
grid_01364,0.5886304347826087
grid_01365,0.5692782608695652
grid_01366,0.48276800000000003
grid_01367,0.532851581027668
grid_01368,0.4450697826086957
grid_01369,0.38182713043478267
grid_01370,0.5415429111531191
grid_01371,0.41708330434782603
grid_01372,0.538438115942029
grid_01373,0.503624
grid_01374,0.4470189565217392
grid_01375,0.488944347826087
grid_01376,0.4165606956521739
grid_01377,0.49698173913043475
grid_01378,0.4538266086956522
grid_01379,0.5178485217391305
grid_01380,0.49127286956521743
grid_01381,0.5523488405797102
grid_01382,0.5679194782608696
grid_01383,0.5724132173913045
grid_01384,0.6024486956521741
grid_01385,0.5643554782608696
grid_01386,0.586040347826087
grid_01387,0.5608852173913044
grid_01388,0.5804184347826087
grid_01389,0.6200001739130435
grid_01390,0.60468
grid_01391,0.49041095652173916
grid_01392,0.5429295652173913
grid_01393,0.4571346376811594
grid_01394,0.5365196521739131
grid_01395,0.4875653623188406
grid_01396,0.5190627826086956
grid_01397,0.5482144347826087
grid_01398,0.516287304347826
grid_01399,0.5209852173913043
grid_01400,0.5946488695652175
grid_01401,0.4039445217391304
grid_01402,0.5319351304347826
grid_01403,0.4843208695652174
grid_01404,0.5184958260869565
grid_01405,0.5487429565217391
grid_01406,0.5558857971014493
grid_01407,0.5417735652173914
grid_01408,0.5236020869565218
grid_01409,0.5412947826086957
grid_01410,0.5473951304347826
grid_01411,0.4647285660477873
grid_01412,0.5542073043478262
grid_01413,0.5399320000000001
grid_01414,0.53866
grid_01415,0.5591662608695652
grid_01416,0.5451457971014493
grid_01417,0.5724408342245989
grid_01418,0.5546643478260871
grid_01419,0.5406819130434783
grid_01420,0.5521495652173913
grid_01421,0.5326857391304347
grid_01422,0.5245909565217393
grid_01423,0.5286353623188406
grid_01424,0.5336831304347827
grid_01425,0.5092777391304348
grid_01426,0.5160961739130435
grid_01427,0.5563813913043478
grid_01428,0.5357346376811594
grid_01429,0.5357765217391305
grid_01430,0.5364212173913043
grid_01431,0.5420710144927537
grid_01432,0.5559594782608697
grid_01433,0.5458201739130435
grid_01434,0.5305422608695652
grid_01435,0.532340695652174
grid_01436,0.5372408695652173
grid_01437,0.5339817391304349
grid_01438,0.5436100869565218
grid_01439,0.5388015652173913
grid_01440,0.5439838260869566
grid_01441,0.5532052173913043
grid_01442,0.5321048695652175
grid_01443,0.560010248447205
grid_01444,0.5457268633540373
grid_01445,0.5359380869565218
grid_01446,0.5494116521739132
grid_01447,0.5750142608695653
grid_01448,0.5572979710144926
grid_01449,0.5580521739130435
grid_01450,0.5454092173913044
grid_01451,0.5442015652173913
grid_01452,0.556084347826087
grid_01453,0.5516257971014493
grid_01454,0.5174514782608697
grid_01455,0.5503455652173913
grid_01456,0.5223615652173913
grid_01457,0.5594252173913045
grid_01458,0.5436791304347827
grid_01459,0.5709267826086957
grid_01460,0.5638652173913045
grid_01461,0.553540179910045
grid_01462,0.5531657391304349
grid_01463,0.5473867826086957
grid_01464,0.5365532173913043
grid_01465,0.5397135265700483
grid_01466,0.5585707826086956
grid_01467,0.5510700869565218
grid_01468,0.533232
grid_01469,0.5563401739130435
grid_01470,0.5290688695652174
grid_01471,0.5560502608695653
grid_01472,0.5411161739130436
grid_01473,0.5402828985507246
grid_01474,0.5572337391304348
grid_01475,0.5529234782608696
grid_01476,0.5605547826086957
grid_01477,0.5465380869565217
grid_01478,0.5338772463768116
grid_01479,0.5557340869565217
grid_01480,0.555856347826087
grid_01481,0.5214852173913043
grid_01482,0.5469276521739131
grid_01483,0.5509965217391305
grid_01484,0.5251085507246377
grid_01485,0.5543547826086956
grid_01486,0.4744542608695653
grid_01487,0.47081686956521734
grid_01488,0.5555831884057972
grid_01489,0.5491591304347826
grid_01490,0.5679681739130436
grid_01491,0.5415391304347826
grid_01492,0.5508363768115941
grid_01493,0.5637620869565219
grid_01494,0.5798852173913044
grid_01495,0.5300147826086957
grid_01496,0.5673224347826088
grid_01497,0.5445012173913044
grid_01498,0.5472631884057971
grid_01499,0.5719754782608696
grid_01500,0.5852605217391305
grid_01501,0.5616690434782609
grid_01502,0.5448833333333334
grid_01503,0.5721721739130434
grid_01504,0.5617799100449775
grid_01505,0.5458956521739131
grid_01506,0.5609304347826087
grid_01507,0.5657876811594204
grid_01508,0.5004570048309179
grid_01509,0.515828
grid_01510,0.5109504025764895
grid_01511,0.5639103678929765
grid_01512,0.5479662318840579
grid_01513,0.5405546376811594
grid_01514,0.5448123993558777
grid_01515,0.5694820652173913
grid_01516,0.5183152173913044
grid_01517,0.5159699130434783
grid_01518,0.5747937888198758
grid_01519,0.5587771739130436
grid_01520,0.4929184143222507
grid_01521,0.6268132173913044
grid_01522,0.6063620289855074
grid_01523,0.5517854515050168
grid_01524,0.5553970434782609
grid_01525,0.6213979130434782
grid_01526,0.5453798260869566
grid_01527,0.6381379130434782
grid_01528,0.6242525217391305
grid_01529,0.5797126086956522
grid_01530,0.535584347826087
grid_01531,0.5379445217391304
grid_01532,0.5916346376811593
grid_01533,0.5277977391304348
grid_01534,0.5313163478260869
grid_01535,0.5727262608695652
grid_01536,0.5337789565217392
grid_01537,0.5694455072463769
grid_01538,0.5571295652173913
grid_01539,0.5636573913043479
grid_01540,0.5709342608695652
grid_01541,0.5533650434782609
grid_01542,0.5047081739130436
grid_01543,0.5020700000000001
grid_01544,0.5663395652173915
grid_01545,0.5659006956521739
grid_01546,0.5637194782608695
grid_01547,0.5268400000000001
grid_01548,0.5496398260869566
grid_01549,0.5486452173913043
grid_01550,0.5376474782608697
grid_01551,0.5247233695652174
grid_01552,0.5208927536231883
grid_01553,0.6177899130434783
grid_01554,0.5791130434782609
grid_01555,0.5443998260869565
grid_01556,0.5156384347826087
grid_01557,0.46208428093645487
grid_01558,0.4834932919254659
grid_01559,0.5327140869565218
grid_01560,0.5641544347826087
grid_01561,0.5640701323251418
grid_01562,0.5444514492753624
grid_01563,0.5368032608695652
grid_01564,0.5659899130434783
grid_01565,0.5068026755852842
grid_01566,0.526503043478261
grid_01567,0.5600695652173913
grid_01568,0.5632858223062381
grid_01569,0.56332
grid_01570,0.5264063768115942
grid_01571,0.5723652173913044
grid_01572,0.5873408695652175
grid_01573,0.5753332173913044
grid_01574,0.5800294314381271
grid_01575,0.586264
grid_01576,0.5899672463768117
grid_01577,0.5909819130434782
grid_01578,0.5888787826086956
grid_01579,0.597420347826087
grid_01580,0.6002389565217392
grid_01581,0.5559419130434783
grid_01582,0.593628
grid_01583,0.5622152173913044
grid_01584,0.5683888695652175
grid_01585,0.5734822608695652
grid_01586,0.5573146086956522
grid_01587,0.5116149565217392
grid_01588,0.5089242028985508
grid_01589,0.6288850434782609
grid_01590,0.5253622608695653
grid_01591,0.5625052173913043
grid_01592,0.5500528695652174
grid_01593,0.5592226086956522
grid_01594,0.5531705797101449
grid_01595,0.5855798260869566
grid_01596,0.5979671304347827
grid_01597,0.6087958260869566
grid_01598,0.5354123478260869
grid_01599,0.5906597101449277
grid_01600,0.5847213913043479
grid_01601,0.6803733913043479
grid_01602,0.5368721739130435
grid_01603,0.557932347826087
grid_01604,0.5924113043478261
grid_01605,0.6814001739130435
grid_01606,0.5576608695652174
grid_01607,0.6071162318840579
grid_01608,0.6246453623188406
grid_01609,0.5654394782608696
grid_01610,0.5587559420289856
grid_01611,0.5358813913043479
grid_01612,0.5651931884057971
grid_01613,0.53479
grid_01614,0.556732347826087
grid_01615,0.5708168695652174
grid_01616,0.5818605217391304
grid_01617,0.5052233494363928
grid_01618,0.5715625187406297
grid_01619,0.5980099130434783
grid_01620,0.5721900161030595
grid_01621,0.6079295652173914
grid_01622,0.5828856071964018
grid_01623,0.5557497391304348
grid_01624,0.5907154782608697
grid_01625,0.5637257391304348
grid_01626,0.590156
grid_01627,0.6437478260869566
grid_01628,0.611207652173913
grid_01629,0.6591669565217392
grid_01630,0.5956373913043478
grid_01631,0.5703204347826087
grid_01632,0.5865987826086956
grid_01633,0.5660716521739131
grid_01634,0.5588869565217391
grid_01635,0.5592415652173913
grid_01636,0.5444782608695653
grid_01637,0.5970656521739132
grid_01638,0.5468678260869565
grid_01639,0.5631156521739131
grid_01640,0.5549158260869566
grid_01641,0.5998365217391305
grid_01642,0.6118777391304348
grid_01643,0.6000634782608696
grid_01644,0.5863824347826088
grid_01645,0.5616892173913045
grid_01646,0.6317217391304347
grid_01647,0.6191142608695652
grid_01648,0.5921697391304348
grid_01649,0.6073909565217391
grid_01650,0.5518485217391305
grid_01651,0.5978099130434783
grid_01652,0.6429571014492755
grid_01653,0.5501090434782608
grid_01654,0.6597078260869566
grid_01655,0.6311217391304348
grid_01656,0.6799669565217392
grid_01657,0.5699127214170693
grid_01658,0.5545695652173914
grid_01659,0.6754639130434782
grid_01660,0.6763446956521739
grid_01661,0.5507874782608696
grid_01662,0.563931304347826
grid_01663,0.6551793043478261
grid_01664,0.6503530434782608
grid_01665,0.5830081739130435
grid_01666,0.6028506086956522
grid_01667,0.7034551304347828
grid_01668,0.55524
grid_01669,0.6153873043478261
grid_01670,0.583271304347826
grid_01671,0.568110579710145
grid_01672,0.5802530434782609
grid_01673,0.560912
grid_01674,0.5898511304347827
grid_01675,0.5806442028985507
grid_01676,0.5781306086956522
grid_01677,0.6019704647676163
grid_01678,0.6413847826086958
grid_01679,0.5451048695652174
grid_01680,0.5949320000000001
grid_01681,0.6587010144927536
grid_01682,0.6087144927536233
grid_01683,0.5558852173913044
grid_01684,0.5858152173913044
grid_01685,0.5529271304347826
grid_01686,0.5617333913043479
grid_01687,0.6632342608695653
grid_01688,0.626988695652174
grid_01689,0.6528947826086957
grid_01690,0.5626227826086957
grid_01691,0.6973831304347826
grid_01692,0.5044497391304348
grid_01693,0.631298115942029
grid_01694,0.6732337391304347
grid_01695,0.6547240000000001
grid_01696,0.6932381159420291
grid_01697,0.6644819130434781
grid_01698,0.6839189565217392
grid_01699,0.6168815942028986
grid_01700,0.6461293913043478
grid_01701,0.5431333913043478
grid_01702,0.5340283478260869
grid_01703,0.552748
grid_01704,0.54467
grid_01705,0.540944
grid_01706,0.5468907826086956
grid_01707,0.5493109565217391
grid_01708,0.5210613833992095
grid_01709,0.5566066086956521
grid_01710,0.5639012173913044
grid_01711,0.4849074782608696
grid_01712,0.41766660869565214
grid_01713,0.5585354037267082
grid_01714,0.5751973602484471
grid_01715,0.5252253913043479
grid_01716,0.48206208695652175
grid_01717,0.596520347826087
grid_01718,0.5676855072463769
grid_01719,0.5500271304347827
grid_01720,0.5106502608695652
grid_01721,0.5786659130434783
grid_01722,0.5653648695652174
grid_01723,0.5773311304347826
grid_01724,0.5619423188405797
grid_01725,0.564992347826087
grid_01726,0.6019165217391305
grid_01727,0.5572775652173914
grid_01728,0.5620513043478261
grid_01729,0.5836652173913044
grid_01730,0.5552205217391305
grid_01731,0.5265611462450593
grid_01732,0.559428347826087
grid_01733,0.5411953043478261
grid_01734,0.5355991172595521
grid_01735,0.5328121581027668
grid_01736,0.5623629565217392
grid_01737,0.5491878260869566
grid_01738,0.5414641739130436
grid_01739,0.532842190016103
grid_01740,0.5326634782608696
grid_01741,0.5397392753623189
grid_01742,0.5416278260869565
grid_01743,0.5357801739130434
grid_01744,0.5284231304347826
grid_01745,0.5565358260869566
grid_01746,0.5400234782608696
grid_01747,0.5387433043478261
grid_01748,0.5475289855072464
grid_01749,0.5251017391304348
grid_01750,0.5395316521739131
grid_01751,0.5617617391304348
grid_01752,0.5619984347826087
grid_01753,0.5502257971014494
grid_01754,0.5499993043478261
grid_01755,0.5092787826086956
grid_01756,0.5345848695652173
grid_01757,0.5593615652173913
grid_01758,0.5326194782608696
grid_01759,0.5570573913043478
grid_01760,0.5478037681159421
grid_01761,0.5323113943028486
grid_01762,0.5425104347826086
grid_01763,0.5096855652173913
grid_01764,0.506027536231884
grid_01765,0.546992
grid_01766,0.43734086956521734
grid_01767,0.5512210434782608
grid_01768,0.535869855072464
grid_01769,0.49431878260869566
grid_01770,0.5115568695652175
grid_01771,0.5642953177257526
grid_01772,0.5109255652173913
grid_01773,0.5396311594202899
grid_01774,0.5080655652173912
grid_01775,0.5434170434782609
grid_01776,0.5358808695652173
grid_01777,0.5435501449275363
grid_01778,0.5318584347826087
grid_01779,0.5143304347826088
grid_01780,0.5527977391304348
grid_01781,0.5432375652173913
grid_01782,0.5432666086956521
grid_01783,0.5594227826086957
grid_01784,0.551819652173913
grid_01785,0.5529697101449276
grid_01786,0.5486873043478261
grid_01787,0.5414888695652175
grid_01788,0.5441989565217391
grid_01789,0.5479507826086957
grid_01790,0.5440278260869565
grid_01791,0.5353570434782609
grid_01792,0.548407652173913
grid_01793,0.5441346086956522
grid_01794,0.5417532173913043
grid_01795,0.5272692173913044
grid_01796,0.5391662608695653
grid_01797,0.5442811594202899
grid_01798,0.5436455652173913
grid_01799,0.5686721739130436
grid_01800,0.5592452173913043
grid_01801,0.30315912698412695
grid_01802,0.33135461915535447
grid_01803,0.4848942604931301
grid_01804,0.4163448923747821
grid_01805,0.390487533596838
grid_01806,0.2578410416666667
grid_01807,0.39089343454641406
grid_01808,0.4425590315275517
grid_01809,0.46488660869565224
grid_01810,0.37245597772616057
grid_01811,0.5078841739130435
grid_01812,0.5237488695652174
grid_01813,0.5348492173913043
grid_01814,0.5330006956521739
grid_01815,0.5481350724637681
grid_01816,0.5425380869565218
grid_01817,0.5724972173913043
grid_01818,0.4954866086956522
grid_01819,0.5637940579710146
grid_01820,0.575464695652174
grid_01821,0.5210624347826088
grid_01822,0.5422314782608696
grid_01823,0.5302445217391305
grid_01824,0.5764307826086956
grid_01825,0.5502674782608695
grid_01826,0.5195073043478261
grid_01827,0.5259584347826087
grid_01828,0.5750269565217393
grid_01829,0.5365050434782609
grid_01830,0.5658975652173912
grid_01831,0.4601790217391304
grid_01832,0.4623326086956522
grid_01833,0.2962724242424243
grid_01834,0.44346729305477134
grid_01835,0.5211093913043479
grid_01836,0.4954899130434783
grid_01837,0.458860579710145
grid_01838,0.24891536525974028
grid_01839,0.3720937688176304
grid_01840,0.522931652173913
grid_01841,0.4970928695652174
grid_01842,0.41185260075330093
grid_01843,0.512652
grid_01844,0.5104805797101448
grid_01845,0.5323050266971778
grid_01846,0.5313099130434782
grid_01847,0.4982090434782609
grid_01848,0.5775022512077296
grid_01849,0.506759652173913
grid_01850,0.5347349565217392
grid_01851,0.5434681739130435
grid_01852,0.5351551304347827
grid_01853,0.566609420289855
grid_01854,0.5489521739130436
grid_01855,0.5383631304347827
grid_01856,0.5410577391304348
grid_01857,0.5392388305847077
grid_01858,0.5717436521739131
grid_01859,0.5375994202898551
grid_01860,0.5383831304347826
grid_01861,0.3155853472222222
grid_01862,0.31977043682438416
grid_01863,0.3999828738268352
grid_01864,0.39934377909942836
grid_01865,0.2742333067517278
grid_01866,0.48854515151515154
grid_01867,0.4835599999999999
grid_01868,0.5210371749531933
grid_01869,0.34941768217893215
grid_01870,0.4086800863427508
grid_01871,0.527324927536232
grid_01872,0.5561615652173912
grid_01873,0.5485856521739131
grid_01874,0.5869285217391305
grid_01875,0.5674485217391304
grid_01876,0.493984347826087
grid_01877,0.5108314782608696
grid_01878,0.5117796521739131
grid_01879,0.5245813913043479
grid_01880,0.6309121739130434
grid_01881,0.5696704347826087
grid_01882,0.5111829565217392
grid_01883,0.5344478260869565
grid_01884,0.5910387826086957
grid_01885,0.44616869565217393
grid_01886,0.5770059130434784
grid_01887,0.588643652173913
grid_01888,0.5201121739130435
grid_01889,0.5263379130434783
grid_01890,0.4920185185185185
grid_01891,0.530084347826087
grid_01892,0.5151010434782609
grid_01893,0.5562392753623189
grid_01894,0.5430979130434782
grid_01895,0.5358714782608697
grid_01896,0.5340245217391305
grid_01897,0.5480176811594203
grid_01898,0.5615387826086957
grid_01899,0.549056695652174
grid_01900,0.5675396521739131
grid_01901,0.6397350724637682
grid_01902,0.5746798260869566
grid_01903,0.5664561739130436
grid_01904,0.61794
grid_01905,0.6290592885375494
grid_01906,0.5416991304347826
grid_01907,0.583853043478261
grid_01908,0.5617453913043479
grid_01909,0.571845652173913
grid_01910,0.5441088695652174
grid_01911,0.5482140579710145
grid_01912,0.5899262608695652
grid_01913,0.521484347826087
grid_01914,0.6105756521739131
grid_01915,0.6350358695652173
grid_01916,0.5533241739130434
grid_01917,0.5981812173913044
grid_01918,0.5711937391304348
grid_01919,0.4796270531400966
grid_01920,0.5605706086956521
grid_01921,0.6300408695652173
grid_01922,0.4381017391304349
grid_01923,0.692600347826087
grid_01924,0.6217668115942029
grid_01925,0.5270017391304349
grid_01926,0.6964648695652172
grid_01927,0.5102671304347826
grid_01928,0.5641857859531773
grid_01929,0.6547737391304348
grid_01930,0.7191
grid_01931,0.6681782608695651
grid_01932,0.6492786086956522
grid_01933,0.7208033043478261
grid_01934,0.6964586086956522
grid_01935,0.6759788405797101
grid_01936,0.6936711304347827
grid_01937,0.5594217391304348
grid_01938,0.6812332703213612
grid_01939,0.7130530434782609
grid_01940,0.7261391304347825
grid_01941,0.6993940869565219
grid_01942,0.5387986086956522
grid_01943,0.5996002898550725
grid_01944,0.6574263768115943
grid_01945,0.6318845217391305
grid_01946,0.5445619130434782
grid_01947,0.7482307826086958
grid_01948,0.6940521739130436
grid_01949,0.48772469565217397
grid_01950,0.5860427826086956
grid_01951,0.5680081739130435
grid_01952,0.5586558260869566
grid_01953,0.5974632992327367
grid_01954,0.5909484057971015
grid_01955,0.5496201863354038
grid_01956,0.5483106086956522
grid_01957,0.5672803478260869
grid_01958,0.5698864906832298
grid_01959,0.5322784161490685
grid_01960,0.6076933333333333
grid_01961,0.5575017991004498
grid_01962,0.6439165217391305
grid_01963,0.5340086956521739
grid_01964,0.5963572173913044
grid_01965,0.6016497391304348
grid_01966,0.5957471304347826
grid_01967,0.5108820869565217
grid_01968,0.6310676521739131
grid_01969,0.5670266666666667
grid_01970,0.595476
grid_01971,0.67842
grid_01972,0.6500965217391306
grid_01973,0.6484993043478261
grid_01974,0.6703900869565217
grid_01975,0.6611960869565218
grid_01976,0.6879964573268922
grid_01977,0.611603652173913
grid_01978,0.6895596521739132
grid_01979,0.5260885217391305
grid_01980,0.6796688695652173
grid_01981,0.5813511304347827
grid_01982,0.6860199999999999
grid_01983,0.5798097391304348
grid_01984,0.551375652173913
grid_01985,0.6413031304347825
grid_01986,0.7290154782608695
grid_01987,0.6446271304347827
grid_01988,0.7145241739130435
grid_01989,0.6771820869565218
grid_01990,0.5642563768115942
grid_01991,0.6441558260869564
grid_01992,0.6566400000000001
grid_01993,0.7148511705685618
grid_01994,0.6933153318077804
grid_01995,0.6322570434782608
grid_01996,0.5823615652173914
grid_01997,0.5946314782608696
grid_01998,0.5562540579710145
grid_01999,0.6024730434782609
grid_02000,0.6159003478260869
grid_02001,0.5304749565217391
grid_02002,0.5375394202898551
grid_02003,0.5190826086956521
grid_02004,0.5522709565217392
grid_02005,0.5485191304347826
grid_02006,0.5317255652173913
grid_02007,0.5352142608695653
grid_02008,0.5243413043478261
grid_02009,0.5858633043478262
grid_02010,0.5512982608695652
grid_02011,0.5397287856071965
grid_02012,0.5313688695652174
grid_02013,0.5141779130434783
grid_02014,0.5788818035426732
grid_02015,0.5338535652173914
grid_02016,0.5232690434782609
grid_02017,0.5209133913043478
grid_02018,0.5983021739130436
grid_02019,0.5454666086956522
grid_02020,0.5008419130434782
grid_02021,0.5313705797101449
grid_02022,0.5455446956521739
grid_02023,0.5157723478260869
grid_02024,0.5754231304347827
grid_02025,0.5569775652173913
grid_02026,0.5184178260869566
grid_02027,0.5609735652173913
grid_02028,0.5496566956521739
grid_02029,0.5413848695652174
grid_02030,0.5454960869565216
grid_02031,0.5413114492753625
grid_02032,0.5328245217391304
grid_02033,0.5440231304347827
grid_02034,0.6169532173913044
grid_02035,0.5607620869565217
grid_02036,0.5110530434782609
grid_02037,0.5658253623188405
grid_02038,0.5487904347826087
grid_02039,0.6026175652173913
grid_02040,0.5632511304347826
grid_02041,0.4856994782608696
grid_02042,0.53254
grid_02043,0.543564
grid_02044,0.6107603478260871
grid_02045,0.5791869565217391
grid_02046,0.6485547826086957
grid_02047,0.5115582608695652
grid_02048,0.5306813913043479
grid_02049,0.5087382608695652
grid_02050,0.6094881739130436
grid_02051,0.5835561739130435
grid_02052,0.5804782608695652
grid_02053,0.5480342608695652
grid_02054,0.5463593043478261
grid_02055,0.5635521739130435
grid_02056,0.5336700668896321
grid_02057,0.5747085217391306
grid_02058,0.520344347826087
grid_02059,0.5283693913043479
grid_02060,0.5462732173913044
grid_02061,0.5475796521739131
grid_02062,0.650241304347826
grid_02063,0.5446393043478261
grid_02064,0.5358240579710144
grid_02065,0.54472
grid_02066,0.5205215652173913
grid_02067,0.547376
grid_02068,0.5907332173913044
grid_02069,0.6052426086956522
grid_02070,0.5403594202898551
grid_02071,0.5565680000000001
grid_02072,0.5354904347826087
grid_02073,0.5465869565217392
grid_02074,0.6106368286445014
grid_02075,0.6030810434782609
grid_02076,0.5792221343873518
grid_02077,0.5576132173913044
grid_02078,0.5806150621118013
grid_02079,0.6020685217391305
grid_02080,0.5467989565217392
grid_02081,0.5699022608695652
grid_02082,0.5825339130434783
grid_02083,0.5671372173913044
grid_02084,0.5973448757763976
grid_02085,0.5315794782608696
grid_02086,0.5452306086956521
grid_02087,0.5115048695652175
grid_02088,0.6129111304347826
grid_02089,0.6155709565217392
grid_02090,0.5896808695652174
grid_02091,0.5684539130434784
grid_02092,0.543220695652174
grid_02093,0.5136894202898551
grid_02094,0.567353043478261
grid_02095,0.5250946086956522
grid_02096,0.5081071304347826
grid_02097,0.5041474782608696
grid_02098,0.5944127536231885
grid_02099,0.5094022608695652
grid_02100,0.5227026086956523
grid_02101,0.5871853913043479
grid_02102,0.5640601739130435
grid_02103,0.6200415652173913
grid_02104,0.534948347826087
grid_02105,0.5491862608695652
grid_02106,0.6402977391304349
grid_02107,0.6151027536231884
grid_02108,0.6030620869565219
grid_02109,0.5917833850931677
grid_02110,0.5792913043478262
grid_02111,0.5360427018633541
grid_02112,0.561728
grid_02113,0.5844904347826088
grid_02114,0.5474888695652175
grid_02115,0.5596555900621119
grid_02116,0.596017701863354
grid_02117,0.6079666149068323
grid_02118,0.5665335652173913
grid_02119,0.5737088695652175
grid_02120,0.6002092173913044
grid_02121,0.5972716521739131
grid_02122,0.6777140929535233
grid_02123,0.636536347826087
grid_02124,0.6452753043478261
grid_02125,0.6539634782608695
grid_02126,0.703238808373591
grid_02127,0.6026306086956522
grid_02128,0.6697798913043479
grid_02129,0.6217446956521739
grid_02130,0.6204638260869566
grid_02131,0.5890392753623189
grid_02132,0.532709043478261
grid_02133,0.6362925217391304
grid_02134,0.6597591304347827
grid_02135,0.6170460869565217
grid_02136,0.6522634782608696
grid_02137,0.6957536231884058
grid_02138,0.6394898550724638
grid_02139,0.6840457391304346
grid_02140,0.5902925217391304
grid_02141,0.580776347826087
grid_02142,0.5809904347826087
grid_02143,0.6342370434782609
grid_02144,0.6536952173913043
grid_02145,0.5828097391304348
grid_02146,0.5598966956521739
grid_02147,0.5602298550724638
grid_02148,0.6720351304347826
grid_02149,0.5710713043478262
grid_02150,0.5819382608695652
grid_02151,0.4390987826086958
grid_02152,0.5707869565217392
grid_02153,0.6187788405797101
grid_02154,0.5066692173913043
grid_02155,0.5541231884057971
grid_02156,0.5495994782608695
grid_02157,0.5602191304347827
grid_02158,0.5586340579710145
grid_02159,0.5200674782608696
grid_02160,0.49712782608695655
grid_02161,0.6229393043478261
grid_02162,0.632552795031056
grid_02163,0.5782438260869566
grid_02164,0.5845914782608697
grid_02165,0.5765547826086956
grid_02166,0.6298944347826088
grid_02167,0.5680448695652175
grid_02168,0.5633544347826087
grid_02169,0.6098307826086957
grid_02170,0.6017779130434784
grid_02171,0.6329356521739131
grid_02172,0.5149631304347826
grid_02173,0.5324681739130436
grid_02174,0.5533045217391305
grid_02175,0.5246445217391305
grid_02176,0.616420347826087
grid_02177,0.5371690434782609
grid_02178,0.5791990338164251
grid_02179,0.5323217391304348
grid_02180,0.5136184347826087
grid_02181,0.5623191304347827
grid_02182,0.5610565217391306
grid_02183,0.5498514782608696
grid_02184,0.5674048695652174
grid_02185,0.5488469565217391
grid_02186,0.5348485507246378
grid_02187,0.5984826086956523
grid_02188,0.6001991304347828
grid_02189,0.5129869565217391
grid_02190,0.5548869565217391
grid_02191,0.6148040000000001
grid_02192,0.5231029565217391
grid_02193,0.6035444927536233
grid_02194,0.6208088695652174
grid_02195,0.5538495652173913
grid_02196,0.5103547504025765
grid_02197,0.5498864347826087
grid_02198,0.5767168695652175
grid_02199,0.6151797101449276
grid_02200,0.6059697391304347
grid_02201,0.5531911544227887
grid_02202,0.46972660869565225
grid_02203,0.34422852173913043
grid_02204,0.582556
grid_02205,0.5287010434782609
grid_02206,0.5589055652173913
grid_02207,0.5372234782608696
grid_02208,0.54653115942029
grid_02209,0.43241756521739133
grid_02210,0.3970720000000001
grid_02211,0.48990086956521744
grid_02212,0.3975526086956522
grid_02213,0.3335064641159494
grid_02214,0.5222442869565218
grid_02215,0.46666143372859026
grid_02216,0.4718802308521828
grid_02217,0.5285385770750989
grid_02218,0.5147420869565218
grid_02219,0.5118255652173913
grid_02220,0.33637067998213777
grid_02221,0.23815833333333333
grid_02222,0.47015057971014496
grid_02223,0.45613356521739135
grid_02224,0.5269271304347827
grid_02225,0.526488354037267
grid_02226,0.40083043505799765
grid_02227,0.48082521739130435
grid_02228,0.5487387826086957
grid_02229,0.4330703658605888
grid_02230,0.5530620869565218
grid_02231,0.5697646956521739
grid_02232,0.5699886956521739
grid_02233,0.5556046376811595
grid_02234,0.5322431304347827
grid_02235,0.5447921739130435
grid_02236,0.5640704347826087
grid_02237,0.562318115942029
grid_02238,0.5205080000000001
grid_02239,0.567980347826087
grid_02240,0.5622739130434783
grid_02241,0.5515973913043478
grid_02242,0.537340347826087
grid_02243,0.5651840579710146
grid_02244,0.5272337391304348
grid_02245,0.5198240000000001
grid_02246,0.5508980869565218
grid_02247,0.5071633540372672
grid_02248,0.5684613913043479
grid_02249,0.5192878260869566
grid_02250,0.5253551304347827
grid_02251,0.4941690434782609
grid_02252,0.5437502608695652
grid_02253,0.49033165217391306
grid_02254,0.5270139130434782
grid_02255,0.5036677071961855
grid_02256,0.4418435723117463
grid_02257,0.47472556521739134
grid_02258,0.5601158260869565
grid_02259,0.5357045217391305
grid_02260,0.5494845217391304
grid_02261,0.518448347826087
grid_02262,0.5426273913043479
grid_02263,0.5313838260869566
grid_02264,0.5100302898550725
grid_02265,0.5926325217391305
grid_02266,0.5202153043478261
grid_02267,0.5466946086956522
grid_02268,0.5401852173913043
grid_02269,0.5479523188405797
grid_02270,0.5257965217391304
grid_02271,0.30913269230769236
grid_02272,0.37379748048004624
grid_02273,0.37103659743323264
grid_02274,0.48412921085321997
grid_02275,0.35678958714896214
grid_02276,0.5255856563146998
grid_02277,0.4675735897435897
grid_02278,0.5302925383022775
grid_02279,0.35152525077277796
grid_02280,0.37481250000000005
grid_02281,0.5552594720496896
grid_02282,0.5414808695652175
grid_02283,0.5118434782608696
grid_02284,0.5544718260869566
grid_02285,0.5570782608695651
grid_02286,0.5819542608695653
grid_02287,0.5771688695652173
grid_02288,0.560012347826087
grid_02289,0.5438643478260871
grid_02290,0.5572824347826087
grid_02291,0.5307222608695653
grid_02292,0.6258410434782609
grid_02293,0.5757959627329192
grid_02294,0.6060041739130435
grid_02295,0.5977690434782609
grid_02296,0.5748575652173913
grid_02297,0.5708373913043479
grid_02298,0.5795852173913044
grid_02299,0.5476928695652173
grid_02300,0.5462507826086956
grid_02301,0.5213513043478262
grid_02302,0.5614892053973013
grid_02303,0.580903652173913
grid_02304,0.5706
grid_02305,0.581868
grid_02306,0.6052660869565218
grid_02307,0.5698940869565218
grid_02308,0.5587676811594203
grid_02309,0.6012410434782608
grid_02310,0.6132471304347827
grid_02311,0.5428452173913044
grid_02312,0.6092365217391305
grid_02313,0.5836104347826088
grid_02314,0.5483080000000001
grid_02315,0.6186810434782608
grid_02316,0.6017291304347826
grid_02317,0.5119099130434783
grid_02318,0.6176565217391304
grid_02319,0.6327231304347826
grid_02320,0.6303020869565219
grid_02321,0.6065739130434783
grid_02322,0.48520376811594207
grid_02323,0.607431652173913
grid_02324,0.49393043478260873
grid_02325,0.6026968695652175
grid_02326,0.5583852173913043
grid_02327,0.5970139130434783
grid_02328,0.5072179710144927
grid_02329,0.5859113043478261
grid_02330,0.5217361739130435
grid_02331,0.6689896480331263
grid_02332,0.5867398260869565
grid_02333,0.53118
grid_02334,0.6200090434782609
grid_02335,0.556616
grid_02336,0.6543904347826087
grid_02337,0.6591998260869565
grid_02338,0.6409334782608698
grid_02339,0.6445304347826087
grid_02340,0.5373478260869565
grid_02341,0.6521925217391304
grid_02342,0.6734584980237155
grid_02343,0.6700241739130435
grid_02344,0.6305389855072465
grid_02345,0.5380524637681159
grid_02346,0.6262888695652175
grid_02347,0.599832695652174
grid_02348,0.5406629565217391
grid_02349,0.6922711304347827
grid_02350,0.6739859130434782
grid_02351,0.5521962318840579
grid_02352,0.5497542608695652
grid_02353,0.5866838260869565
grid_02354,0.6111702608695653
grid_02355,0.6059229565217391
grid_02356,0.5546607246376812
grid_02357,0.5374711304347827
grid_02358,0.5715212173913045
grid_02359,0.5654429565217393
grid_02360,0.5827208695652176
grid_02361,0.6655438260869565
grid_02362,0.7043217391304348
grid_02363,0.6768580869565218
grid_02364,0.6073728695652174
grid_02365,0.6045128458498024
grid_02366,0.5887142608695652
grid_02367,0.7062242236024845
grid_02368,0.6595992753623189
grid_02369,0.609420716112532
grid_02370,0.7018260869565219
grid_02371,0.5696633043478261
grid_02372,0.6242904347826087
grid_02373,0.6002807246376812
grid_02374,0.6149591304347826
grid_02375,0.5067264347826087
grid_02376,0.542832347826087
grid_02377,0.5650347826086957
grid_02378,0.6265441739130435
grid_02379,0.5560876521739131
grid_02380,0.6248909565217392
grid_02381,0.5857704347826087
grid_02382,0.5638218840579711
grid_02383,0.5395584347826088
grid_02384,0.5476946086956522
grid_02385,0.560003652173913
grid_02386,0.5530756211180125
grid_02387,0.5702528695652175
grid_02388,0.564255652173913
grid_02389,0.5532262608695653
grid_02390,0.5330196521739131
grid_02391,0.5991205217391304
grid_02392,0.5981989565217392
grid_02393,0.5591107142857142
grid_02394,0.6009118260869566
grid_02395,0.6044584347826086
grid_02396,0.5830541501976284
grid_02397,0.6737006956521739
grid_02398,0.5915490434782609
grid_02399,0.4919288405797101
grid_02400,0.5841429565217391
grid_02401,0.5153658385093168
grid_02402,0.570980193236715
grid_02403,0.5675770186335404
grid_02404,0.5531699130434782
grid_02405,0.5252248695652174
grid_02406,0.5256608695652173
grid_02407,0.5394860869565218
grid_02408,0.5515711304347826
grid_02409,0.558864695652174
grid_02410,0.5095566770186336
grid_02411,0.6069991304347827
grid_02412,0.5869452173913043
grid_02413,0.5968612173913044
grid_02414,0.6500977391304348
grid_02415,0.646416347826087
grid_02416,0.6215291304347826
grid_02417,0.676342956521739
grid_02418,0.6316571014492756
grid_02419,0.6824099130434783
grid_02420,0.666972695652174
grid_02421,0.6095113043478261
grid_02422,0.606932347826087
grid_02423,0.6260173913043479
grid_02424,0.6273506086956522
grid_02425,0.5628017391304347
grid_02426,0.5395885217391304
grid_02427,0.5422691154422788
grid_02428,0.6117389565217392
grid_02429,0.6402220869565218
grid_02430,0.582260347826087
grid_02431,0.5818880000000001
grid_02432,0.5671226086956522
grid_02433,0.5537711594202899
grid_02434,0.5630436521739131
grid_02435,0.5794428571428571
grid_02436,0.556975304347826
grid_02437,0.5441025575447571
grid_02438,0.5955184347826088
grid_02439,0.5775060869565217
grid_02440,0.5592020869565217
grid_02441,0.6795933913043478
grid_02442,0.7064944927536234
grid_02443,0.6227285507246377
grid_02444,0.686094956521739
grid_02445,0.726500347826087
grid_02446,0.6881506086956521
grid_02447,0.603892347826087
grid_02448,0.6871033333333333
grid_02449,0.7221655652173914
grid_02450,0.5843799999999999
grid_02451,0.5606010434782609
grid_02452,0.5451222222222222
grid_02453,0.5805314381270903
grid_02454,0.5620997001499252
grid_02455,0.551468115942029
grid_02456,0.6279697391304349
grid_02457,0.6287260869565218
grid_02458,0.6365989855072464
grid_02459,0.5880636521739131
grid_02460,0.6250257871064467
grid_02461,0.6043459420289855
grid_02462,0.6316900869565218
grid_02463,0.6424657391304348
grid_02464,0.5910001739130435
grid_02465,0.6476777391304348
grid_02466,0.6332315942028985
grid_02467,0.6221020869565218
grid_02468,0.6876542608695653
grid_02469,0.6801551304347826
grid_02470,0.5727365217391305
grid_02471,0.6395321739130435
grid_02472,0.6945507826086957
grid_02473,0.6721469565217392
grid_02474,0.6960015652173914
grid_02475,0.6361241739130435
grid_02476,0.6999152173913042
grid_02477,0.7513388405797102
grid_02478,0.6811695652173914
grid_02479,0.6926304347826086
grid_02480,0.632580695652174
grid_02481,0.7096074782608696
grid_02482,0.7158664347826088
grid_02483,0.6219982608695653
grid_02484,0.6521638260869566
grid_02485,0.6394328695652173
grid_02486,0.6851678260869566
grid_02487,0.6787410434782609
grid_02488,0.7348399665551839
grid_02489,0.6336681739130435
grid_02490,0.6165066086956521
grid_02491,0.6802011272141707
grid_02492,0.6423845217391304
grid_02493,0.6593911433172303
grid_02494,0.5989704347826087
grid_02495,0.6659062608695653
grid_02496,0.633766231884058
grid_02497,0.6967893553223389
grid_02498,0.5595491847826087
grid_02499,0.5907440779610196
grid_02500,0.664168695652174
grid_02501,0.5127751304347826
grid_02502,0.5587617391304348
grid_02503,0.5879719999999999
grid_02504,0.5620899130434782
grid_02505,0.5597753623188405
grid_02506,0.5510495652173913
grid_02507,0.5668489855072463
grid_02508,0.5385000000000001
grid_02509,0.5493537267080746
grid_02510,0.5588972173913044
grid_02511,0.5942354782608695
grid_02512,0.5933191304347827
grid_02513,0.5618253105590062
grid_02514,0.584899652173913
grid_02515,0.5673407246376811
grid_02516,0.6129510144927537
grid_02517,0.5901789565217392
grid_02518,0.5207865217391305
grid_02519,0.5375669565217391
grid_02520,0.5511653913043478
grid_02521,0.5765194782608696
grid_02522,0.5883292173913044
grid_02523,0.5925445217391304
grid_02524,0.5620907246376812
grid_02525,0.5926031304347826
grid_02526,0.5681351304347827
grid_02527,0.577068695652174
grid_02528,0.5750798260869565
grid_02529,0.5835497101449276
grid_02530,0.5813770434782609
grid_02531,0.5134419130434783
grid_02532,0.624880347826087
grid_02533,0.5116678260869565
grid_02534,0.6367474782608695
grid_02535,0.7132337391304349
grid_02536,0.6589876521739132
grid_02537,0.6285036521739131
grid_02538,0.6626747826086958
grid_02539,0.7262982608695653
grid_02540,0.7059935652173914
grid_02541,0.593859652173913
grid_02542,0.6036652173913044
grid_02543,0.5594311304347827
grid_02544,0.5469474782608696
grid_02545,0.5666627826086956
grid_02546,0.5751380869565217
grid_02547,0.5579271304347826
grid_02548,0.5640525217391306
grid_02549,0.554892
grid_02550,0.57174
grid_02551,0.5808015652173913
grid_02552,0.5522318260869565
grid_02553,0.5447392857142856
grid_02554,0.5543660869565217
grid_02555,0.5353012173913043
grid_02556,0.6870739130434785
grid_02557,0.5458246956521741
grid_02558,0.5436728260869566
grid_02559,0.6190617391304347
grid_02560,0.5964394782608696
grid_02561,0.5779610144927536
grid_02562,0.5337427826086957
grid_02563,0.5805641739130435
grid_02564,0.5841989565217391
grid_02565,0.5596836521739131
grid_02566,0.5773375652173913
grid_02567,0.5620914782608696
grid_02568,0.5802910144927538
grid_02569,0.5613006956521739
grid_02570,0.5506495652173914
grid_02571,0.5434434782608696
grid_02572,0.5286822608695652
grid_02573,0.500822463768116
grid_02574,0.6710528985507247
grid_02575,0.49373443478260876
grid_02576,0.5463937391304348
grid_02577,0.608687304347826
grid_02578,0.6207060869565217
grid_02579,0.4845889855072464
grid_02580,0.6336304347826086
grid_02581,0.5582973913043479
grid_02582,0.5406325217391305
grid_02583,0.5653582608695653
grid_02584,0.3703727009222662
grid_02585,0.6327560000000001
grid_02586,0.6406556521739131
grid_02587,0.618576347826087
grid_02588,0.632894347826087
grid_02589,0.4089098498023715
grid_02590,0.5432471304347827
grid_02591,0.5478548136645963
grid_02592,0.6086921739130435
grid_02593,0.5486751304347827
grid_02594,0.5729841739130436
grid_02595,0.5452891304347826
grid_02596,0.561135304347826
grid_02597,0.5271271304347827
grid_02598,0.5306002898550725
grid_02599,0.5650253913043479
grid_02600,0.5611438260869566
grid_02601,0.6294832298136646
grid_02602,0.5732963768115942
grid_02603,0.6891282608695652
grid_02604,0.6534182065217391
grid_02605,0.6402347826086957
grid_02606,0.6390978260869566
grid_02607,0.6481565217391305
grid_02608,0.6192351046698873
grid_02609,0.6796292753623187
grid_02610,0.7118583333333334
grid_02611,0.5604073043478262
grid_02612,0.5174573913043479
grid_02613,0.5155300869565218
grid_02614,0.5750754782608696
grid_02615,0.5759814492753622
grid_02616,0.5656820869565218
grid_02617,0.575496551724138
grid_02618,0.6402553043478261
grid_02619,0.5951518518518518
grid_02620,0.5927652173913044
grid_02621,0.5532987826086957
grid_02622,0.6149151304347826
grid_02623,0.5719337391304348
grid_02624,0.6995833333333332
grid_02625,0.6817690434782608
grid_02626,0.544083304347826
grid_02627,0.6586107826086957
grid_02628,0.6899274782608695
grid_02629,0.7014892173913043
grid_02630,0.7220789855072465
grid_02631,0.708098695652174
grid_02632,0.5052855072463768
grid_02633,0.6416304347826087
grid_02634,0.6188471014492753
grid_02635,0.10042434876717485
grid_02636,0.5619831884057972
grid_02637,0.4429331027667985
grid_02638,0.609032347826087
grid_02639,0.09337845261622435
grid_02640,0.0643984613840266
grid_02641,0.5018615652173913
grid_02642,0.7208565217391303
grid_02643,0.44514382608695646
grid_02644,0.7090624347826088
grid_02645,0.7212194782608695
grid_02646,0.7021170434782609
grid_02647,0.5400306086956522
grid_02648,0.6158151304347826
grid_02649,0.6286666086956523
grid_02650,0.7162611594202898
grid_02651,0.523120695652174
grid_02652,0.5478871014492753
grid_02653,0.20801992391585025
grid_02654,0.05735051492565406
grid_02655,0.07750097370699477
grid_02656,0.3999368363636364
grid_02657,0.07465150225563912
grid_02658,0.5522188405797103
grid_02659,0.10690241601236292
grid_02660,0.12547528712624778
grid_02661,0.7130535652173914
grid_02662,0.7037648695652173
grid_02663,0.6170241739130435
grid_02664,0.6578704347826086
grid_02665,0.6407815942028986
grid_02666,0.6372509565217391
grid_02667,0.6649720000000001
grid_02668,0.6389537391304347
grid_02669,0.6532511594202898
grid_02670,0.6648426086956521
grid_02671,0.6975482608695651
grid_02672,0.7066274782608697
grid_02673,0.5766561594202899
grid_02674,0.6663271304347826
grid_02675,0.5801828063241107
grid_02676,0.631872347826087
grid_02677,0.7155084057971013
grid_02678,0.6392515217391305
grid_02679,0.7196142608695653
grid_02680,0.6777335652173911
grid_02681,0.06760873015873016
grid_02682,0.03960225617519735
grid_02683,0.0731804294827979
grid_02684,0.029325
grid_02685,0.22579842340680814
grid_02686,0.4368078353871193
grid_02687,0.5106050197628459
grid_02688,0.5668144927536232
grid_02689,0.5286048913043478
grid_02690,0.5174826086956522
grid_02691,0.5458714426877471
grid_02692,0.1604858151439204
grid_02693,0.2845359448522492
grid_02694,0.16620426695526697
grid_02695,0.21873170830039526
grid_02696,0.22949950521362697
grid_02697,0.30623752155091283
grid_02698,0.41618005050505047
grid_02699,0.26704810766045556
grid_02700,0.3063763342744213
grid_02701,0.6108393043478261
grid_02702,0.5888622608695653
grid_02703,0.6112360869565215
grid_02704,0.6115161739130436
grid_02705,0.5696619130434784
grid_02706,0.597480347826087
grid_02707,0.5882304347826087
grid_02708,0.5777226086956522
grid_02709,0.6152989855072463
grid_02710,0.5976812173913043
grid_02711,0.6868478260869566
grid_02712,0.7016255652173914
grid_02713,0.6470551304347826
grid_02714,0.6412394782608696
grid_02715,0.637216
grid_02716,0.6695791304347827
grid_02717,0.6786556521739132
grid_02718,0.7118327759197325
grid_02719,0.6960942608695652
grid_02720,0.6926989565217392
grid_02721,0.6663514782608696
grid_02722,0.5664147826086957
grid_02723,0.6804395652173915
grid_02724,0.6237106086956523
grid_02725,0.6550973913043479
grid_02726,0.6657406956521739
grid_02727,0.6233380869565218
grid_02728,0.6966627536231884
grid_02729,0.6283073043478261
grid_02730,0.6299886287625418
grid_02731,0.6439998260869565
grid_02732,0.6395394782608695
grid_02733,0.6011863354037266
grid_02734,0.6628092173913044
grid_02735,0.5601353043478261
grid_02736,0.6731601739130434
grid_02737,0.6093558260869565
grid_02738,0.6025423188405798
grid_02739,0.6175208695652175
grid_02740,0.570032695652174
grid_02741,0.6533958260869565
grid_02742,0.6387970434782609
grid_02743,0.6323473043478262
grid_02744,0.6278772463768115
grid_02745,0.6128003478260869
grid_02746,0.6701427826086956
grid_02747,0.6667579130434782
grid_02748,0.5961836581709146
grid_02749,0.6890006956521739
grid_02750,0.6210460547504026
grid_02751,0.6759292173913045
grid_02752,0.6964553043478261
grid_02753,0.6709822608695653
grid_02754,0.6857524737631185
grid_02755,0.7118266666666668
grid_02756,0.7298429565217391
grid_02757,0.7262037681159421
grid_02758,0.7185425787106448
grid_02759,0.6964860869565218
grid_02760,0.7049449275362321
grid_02761,0.6593986086956523
grid_02762,0.6235478260869566
grid_02763,0.6012688405797102
grid_02764,0.6381408695652174
grid_02765,0.6089768695652176
grid_02766,0.5933977391304348
grid_02767,0.6445518260869565
grid_02768,0.6096535232383808
grid_02769,0.6793380869565218
grid_02770,0.6751201739130436
grid_02771,0.6899405797101449
grid_02772,0.7499787826086957
grid_02773,0.7137026086956522
grid_02774,0.6088984347826087
grid_02775,0.6583862608695652
grid_02776,0.6541021739130434
grid_02777,0.7383932173913044
grid_02778,0.6526055652173913
grid_02779,0.646544
grid_02780,0.6768396521739132
grid_02781,0.7306615652173911
grid_02782,0.7053143317230275
grid_02783,0.7230136431784109
grid_02784,0.686787652173913
grid_02785,0.7477934782608695
grid_02786,0.7032905547226387
grid_02787,0.7300673913043478
grid_02788,0.687131078904992
grid_02789,0.7288789565217391
grid_02790,0.7403596521739132
grid_02791,0.6386170692431562
grid_02792,0.6541798260869566
grid_02793,0.6919100869565217
grid_02794,0.7133102608695653
grid_02795,0.7308217391304347
grid_02796,0.7195412173913043
grid_02797,0.7137
grid_02798,0.7536182608695653
grid_02799,0.7506521739130434
grid_02800,0.7611566666666667
grid_02801,0.5239151304347827
grid_02802,0.5376488695652175
grid_02803,0.5492095652173913
grid_02804,0.5953450434782609
grid_02805,0.5577333913043478
grid_02806,0.6086998260869566
grid_02807,0.5836104347826088
grid_02808,0.5729605217391305
grid_02809,0.5584335652173914
grid_02810,0.7077306086956522
grid_02811,0.6109873043478262
grid_02812,0.6751335652173913
grid_02813,0.5850573913043479
grid_02814,0.5538582608695652
grid_02815,0.6815127536231883
grid_02816,0.6087462608695653
grid_02817,0.5945770434782609
grid_02818,0.6452897391304349
grid_02819,0.6310076521739131
grid_02820,0.6926180869565218
grid_02821,0.7046589565217393
grid_02822,0.7188255652173914
grid_02823,0.7199476521739132
grid_02824,0.7134956521739132
grid_02825,0.6901928695652174
grid_02826,0.7329033333333334
grid_02827,0.6107600000000001
grid_02828,0.6641493913043479
grid_02829,0.7268591304347827
grid_02830,0.7179673043478262
grid_02831,0.6423001739130436
grid_02832,0.6185947826086957
grid_02833,0.6548391304347827
grid_02834,0.6703893913043478
grid_02835,0.6975699130434783
grid_02836,0.6346694041867955
grid_02837,0.657381739130435
grid_02838,0.6933254872563718
grid_02839,0.6821151304347827
grid_02840,0.6264662608695653
grid_02841,0.6133666086956522
grid_02842,0.5814144927536232
grid_02843,0.6373507826086956
grid_02844,0.5695055652173914
grid_02845,0.5918925217391304
grid_02846,0.5791627826086957
grid_02847,0.746355304347826
grid_02848,0.6608179130434784
grid_02849,0.6216777391304348
grid_02850,0.6813869565217392
grid_02851,0.6536311304347826
grid_02852,0.6619505797101451
grid_02853,0.6093566956521739
grid_02854,0.7591657391304348
grid_02855,0.753662608695652
grid_02856,0.7205073043478262
grid_02857,0.7124000000000001
grid_02858,0.7191751304347827
grid_02859,0.739845507246377
grid_02860,0.6873212173913044
grid_02861,0.7301389565217391
grid_02862,0.6912072463768115
grid_02863,0.6959412173913045
grid_02864,0.6991493913043477
grid_02865,0.6656633043478262
grid_02866,0.738899304347826
grid_02867,0.6884563478260871
grid_02868,0.7604758260869565
grid_02869,0.6741958260869566
grid_02870,0.5983177391304347
grid_02871,0.6395227826086957
grid_02872,0.7517730434782608
grid_02873,0.7432136231884059
grid_02874,0.6977949565217392
grid_02875,0.775999652173913
grid_02876,0.6204288695652174
grid_02877,0.6415208695652174
grid_02878,0.6287874782608697
grid_02879,0.6272081739130435
grid_02880,0.6315777391304348
grid_02881,0.780664906832298
grid_02882,0.782976
grid_02883,0.7865041739130434
grid_02884,0.7445718944099378
grid_02885,0.7308476521739129
grid_02886,0.7745867826086956
grid_02887,0.7754231304347827
grid_02888,0.750466231884058
grid_02889,0.7441420869565217
grid_02890,0.7505580869565219
grid_02891,0.7105408695652174
grid_02892,0.7607933913043478
grid_02893,0.7751692173913043
grid_02894,0.724776695652174
grid_02895,0.5880575652173914
grid_02896,0.7119428985507247
grid_02897,0.6897043478260869
grid_02898,0.7423419130434784
grid_02899,0.7203003478260871
grid_02900,0.6299944347826087
grid_02901,0.6899490434782609
grid_02902,0.6921266086956521
grid_02903,0.598264927536232
grid_02904,0.7128361739130437
grid_02905,0.7247128695652174
grid_02906,0.7346236521739131
grid_02907,0.6868489855072463
grid_02908,0.6836393043478262
grid_02909,0.7274153043478261
grid_02910,0.7297657391304349
grid_02911,0.6984299130434782
grid_02912,0.6331169565217392
grid_02913,0.7114464347826087
grid_02914,0.6730894409937889
grid_02915,0.7105492173913044
grid_02916,0.6919187290969899
grid_02917,0.7053330745341616
grid_02918,0.6704885869565217
grid_02919,0.7283855652173914
grid_02920,0.726031652173913
grid_02921,0.297139533596838
grid_02922,0.45398113043478266
grid_02923,0.5831608695652174
grid_02924,0.4416647123407993
grid_02925,0.4816092173913043
grid_02926,0.48096376811594205
grid_02927,0.6138953043478261
grid_02928,0.607754347826087
grid_02929,0.4277346086956521
grid_02930,0.5669022608695652
grid_02931,0.4273751304347826
grid_02932,0.5919998260869566
grid_02933,0.576821052631579
grid_02934,0.44745086956521735
grid_02935,0.5216059420289856
grid_02936,0.5718100869565217
grid_02937,0.5296603478260871
grid_02938,0.5942302608695652
grid_02939,0.6207996521739131
grid_02940,0.5796431884057971
grid_02941,0.5762347826086958
grid_02942,0.6566260869565217
grid_02943,0.7103409017713366
grid_02944,0.6820008695652173
grid_02945,0.7111366956521741
grid_02946,0.6840260869565217
grid_02947,0.590204347826087
grid_02948,0.6960304347826087
grid_02949,0.6645304347826086
grid_02950,0.6923721739130435
grid_02951,0.5895704347826086
grid_02952,0.5766241106719368
grid_02953,0.6001625603864735
grid_02954,0.6612451795841211
grid_02955,0.625304347826087
grid_02956,0.6495462732919256
grid_02957,0.6477770434782609
grid_02958,0.6209194782608696
grid_02959,0.6137367753623189
grid_02960,0.6228376181474481
grid_02961,0.6087612173913044
grid_02962,0.675491847826087
grid_02963,0.6168871635610766
grid_02964,0.66605
grid_02965,0.6352982097186701
grid_02966,0.6497760869565218
grid_02967,0.6720930434782608
grid_02968,0.6406060200668897
grid_02969,0.672227536231884
grid_02970,0.5618401739130435
grid_02971,0.5863293913043479
grid_02972,0.3823796470342523
grid_02973,0.38493422546097156
grid_02974,0.5524217391304348
grid_02975,0.4259979977010567
grid_02976,0.5116093167701863
grid_02977,0.5666304347826088
grid_02978,0.5679740869565217
grid_02979,0.40498384626399814
grid_02980,0.303275
grid_02981,0.3471820157035947
grid_02982,0.48780521739130434
grid_02983,0.5287524637681159
grid_02984,0.46254632470504325
grid_02985,0.460840347826087
grid_02986,0.4731431302462235
grid_02987,0.5527128695652175
grid_02988,0.5452937391304349
grid_02989,0.38538511801110614
grid_02990,0.4818109881422925
grid_02991,0.5261766666666666
grid_02992,0.4929349565217392
grid_02993,0.558407652173913
grid_02994,0.5722501338937906
grid_02995,0.4952217391304349
grid_02996,0.45799426086956524
grid_02997,0.57818
grid_02998,0.5165191304347826
grid_02999,0.5848052173913043
grid_03000,0.33579299242424243
grid_03001,0.4651140211640212
grid_03002,0.5170210361564391
grid_03003,0.28285000000000005
grid_03004,0.5337281356235463
grid_03005,0.5616658136645962
grid_03006,0.49419877664109124
grid_03007,0.31732847494553373
grid_03008,0.5596535117056857
grid_03009,0.5198382608695653
grid_03010,0.5865078260869565
grid_03011,0.5505416337285904
grid_03012,0.5829653913043479
grid_03013,0.5452850434782609
grid_03014,0.5582768115942028
grid_03015,0.5402147826086957
grid_03016,0.5652485217391304
grid_03017,0.6317408695652174
grid_03018,0.6144154782608696
grid_03019,0.611151884057971
grid_03020,0.5393977391304348
grid_03021,0.5893263768115943
grid_03022,0.6114293913043478
grid_03023,0.6177481739130435
grid_03024,0.6054387826086957
grid_03025,0.5449826086956522
grid_03026,0.6193525217391305
grid_03027,0.6661966666666667
grid_03028,0.637696
grid_03029,0.5811226086956521
grid_03030,0.1877525
grid_03031,0.3885239808802309
grid_03032,0.5089582930248779
grid_03033,0.5681041979010495
grid_03034,0.37885794076631735
grid_03035,0.5038271485036703
grid_03036,0.5257419130434783
grid_03037,0.6114654861660079
grid_03038,0.6424935652173913
grid_03039,0.46886443889443896
grid_03040,0.5575139130434783
grid_03041,0.6198248695652174
grid_03042,0.6075634182908545
grid_03043,0.6093740740740741
grid_03044,0.6368657391304349
grid_03045,0.6345633043478262
grid_03046,0.6217427826086958
grid_03047,0.6227660869565219
grid_03048,0.6259438260869565
grid_03049,0.6738565217391306
grid_03050,0.5923431784107946
grid_03051,0.662737536231884
grid_03052,0.5349150099755318
grid_03053,0.6082897391304348
grid_03054,0.6559144927536231
grid_03055,0.6181681677018632
grid_03056,0.551357536231884
grid_03057,0.5545486509847073
grid_03058,0.663612695652174
grid_03059,0.5725847826086957
grid_03060,0.29400000000000004
grid_03061,0.40663390584769266
grid_03062,0.5369832373574214
grid_03063,0.5245385155015014
grid_03064,0.31024285714285715
grid_03065,0.4903992442279943
grid_03066,0.5770156624040921
grid_03067,0.48996901976284585
grid_03068,0.5046242878301959
grid_03069,0.5151657391304348
grid_03070,0.6107968695652174
grid_03071,0.6096121739130436
grid_03072,0.66086884057971
grid_03073,0.5293144347826088
grid_03074,0.6081236521739131
grid_03075,0.5520418840579709
grid_03076,0.6071234782608695
grid_03077,0.6395184347826087
grid_03078,0.6010791304347827
grid_03079,0.6546286956521741
grid_03080,0.634511111111111
grid_03081,0.5981431304347826
grid_03082,0.6062588405797101
grid_03083,0.6062361739130435
grid_03084,0.6692976708074535
grid_03085,0.6507332173913043
grid_03086,0.5952793043478262
grid_03087,0.5550685217391305
grid_03088,0.6025685217391306
grid_03089,0.6434066086956522
grid_03090,0.6157941529235383
grid_03091,0.590552
grid_03092,0.6485553043478263
grid_03093,0.6032532173913044
grid_03094,0.6340244039270686
grid_03095,0.614719652173913
grid_03096,0.6733415652173914
grid_03097,0.6118930434782609
grid_03098,0.6511784161490682
grid_03099,0.6644420869565217
grid_03100,0.6407220289855073
grid_03101,0.5487885507246377
grid_03102,0.5528789565217391
grid_03103,0.5371612173913043
grid_03104,0.5850586086956522
grid_03105,0.6118109565217391
grid_03106,0.5851556521739131
grid_03107,0.5799358260869565
grid_03108,0.5924369565217392
grid_03109,0.5976657391304347
grid_03110,0.5146675816993465
grid_03111,0.5434719003701612
grid_03112,0.5840982258437215
grid_03113,0.6109078260869565
grid_03114,0.5543968695652174
grid_03115,0.5340765873015872
grid_03116,0.5220152173913044
grid_03117,0.5703621375116112
grid_03118,0.5765102325040687
grid_03119,0.5647752484389499
grid_03120,0.6339485217391305
grid_03121,0.6307384347826087
grid_03122,0.6695038043478261
grid_03123,0.6769674782608697
grid_03124,0.6780306086956521
grid_03125,0.6672304347826087
grid_03126,0.6564224347826086
grid_03127,0.6453987577639752
grid_03128,0.6769553043478261
grid_03129,0.6814838260869566
grid_03130,0.7086353043478262
grid_03131,0.5504994782608696
grid_03132,0.584723043478261
grid_03133,0.6776676521739131
grid_03134,0.5777479710144927
grid_03135,0.5754156521739131
grid_03136,0.5699994782608697
grid_03137,0.541960347826087
grid_03138,0.5133742608695653
grid_03139,0.5471278260869566
grid_03140,0.6965088455772116
grid_03141,0.5720193799518559
grid_03142,0.6093346086956523
grid_03143,0.6505313992094861
grid_03144,0.7015391304347826
grid_03145,0.6470800322061193
grid_03146,0.6366292173913043
grid_03147,0.7298100869565218
grid_03148,0.6871074782608696
grid_03149,0.6864090434782609
grid_03150,0.6623952173913045
grid_03151,0.6137384347826088
grid_03152,0.6536488695652174
grid_03153,0.6640605217391305
grid_03154,0.630784
grid_03155,0.6817590704647677
grid_03156,0.7395292173913045
grid_03157,0.6715280000000001
grid_03158,0.6502534782608697
grid_03159,0.6281382608695653
grid_03160,0.5719800000000002
grid_03161,0.48104173913043474
grid_03162,0.5594165551839466
grid_03163,0.5539231304347826
grid_03164,0.5688521739130435
grid_03165,0.4702558260869566
grid_03166,0.6018513043478261
grid_03167,0.6394989855072465
grid_03168,0.6747210434782609
grid_03169,0.4262575712143928
grid_03170,0.6778300869565218
grid_03171,0.7356572463768115
grid_03172,0.48906998243302596
grid_03173,0.7270012173913044
grid_03174,0.6695937391304347
grid_03175,0.656713043478261
grid_03176,0.6956865217391305
grid_03177,0.6895921739130435
grid_03178,0.651483652173913
grid_03179,0.5591252173913045
grid_03180,0.7305026986506746
grid_03181,0.6514953177257525
grid_03182,0.6229318840579712
grid_03183,0.5978081739130434
grid_03184,0.6580286956521739
grid_03185,0.49858173913043474
grid_03186,0.6283107826086958
grid_03187,0.5975740869565218
grid_03188,0.5667904347826087
grid_03189,0.5709078260869567
grid_03190,0.6259702608695653
grid_03191,0.587847652173913
grid_03192,0.6550594202898551
grid_03193,0.6509629565217391
grid_03194,0.625816347826087
grid_03195,0.627133188405797
grid_03196,0.696199420289855
grid_03197,0.5678109565217392
grid_03198,0.7092476811594204
grid_03199,0.6738558260869566
grid_03200,0.6020179130434783
grid_03201,0.6129090434782608
grid_03202,0.5480300869565218
grid_03203,0.6160908695652174
grid_03204,0.5443599033816425
grid_03205,0.5349412173913044
grid_03206,0.5747570234113712
grid_03207,0.6472452173913044
grid_03208,0.5661484057971015
grid_03209,0.713412
grid_03210,0.5226384347826087
grid_03211,0.7756718840579709
grid_03212,0.7569048695652174
grid_03213,0.7726380869565217
grid_03214,0.7566998260869566
grid_03215,0.6760001739130435
grid_03216,0.6450581159420292
grid_03217,0.669948695652174
grid_03218,0.7703808695652176
grid_03219,0.715776811594203
grid_03220,0.544335652173913
grid_03221,0.5648172173913043
grid_03222,0.5897706086956522
grid_03223,0.5392073043478262
grid_03224,0.5665779130434783
grid_03225,0.6163082608695654
grid_03226,0.6674057391304348
grid_03227,0.7494829565217391
grid_03228,0.774439304347826
grid_03229,0.5314582608695653
grid_03230,0.5545646956521739
grid_03231,0.6177703148425786
grid_03232,0.6351068115942028
grid_03233,0.6133026086956521
grid_03234,0.5926160326086957
grid_03235,0.579868347826087
grid_03236,0.6359544347826087
grid_03237,0.5419464347826087
grid_03238,0.554732695652174
grid_03239,0.5831415942028986
grid_03240,0.5490128695652173
grid_03241,0.7499718260869566
grid_03242,0.6081871304347826
grid_03243,0.6787221739130437
grid_03244,0.7892848695652174
grid_03245,0.5398321739130435
grid_03246,0.6415735652173913
grid_03247,0.556080347826087
grid_03248,0.7823733913043478
grid_03249,0.5474544347826087
grid_03250,0.5702826086956523
grid_03251,0.5950886956521739
grid_03252,0.5573983277591974
grid_03253,0.592162157809984
grid_03254,0.5952513043478261
grid_03255,0.5302189855072464
grid_03256,0.5678621118012422
grid_03257,0.5519695652173913
grid_03258,0.5885365817091454
grid_03259,0.6040273913043479
grid_03260,0.6864535652173913
grid_03261,0.7734549565217391
grid_03262,0.6583466086956521
grid_03263,0.7782417391304347
grid_03264,0.6808636521739131
grid_03265,0.7646834782608696
grid_03266,0.7327391304347828
grid_03267,0.7020464347826088
grid_03268,0.7267457971014493
grid_03269,0.7784850434782608
grid_03270,0.4261020833333333
grid_03271,0.5346776091111618
grid_03272,0.46720270328608765
grid_03273,0.40496037538203694
grid_03274,0.5445687489122933
grid_03275,0.5524232638888888
grid_03276,0.6577387826086957
grid_03277,0.5366536325760162
grid_03278,0.5996369109730849
grid_03279,0.6015533913043478
grid_03280,0.6213874197900924
grid_03281,0.3482711904761905
grid_03282,0.6294749565217391
grid_03283,0.6372897391304349
grid_03284,0.5970578139501678
grid_03285,0.43129181459445726
grid_03286,0.41010408046928926
grid_03287,0.518614785200307
grid_03288,0.6177229565217391
grid_03289,0.5995362318840579
grid_03290,0.4213184317856057
grid_03291,0.2912657954545455
grid_03292,0.4796818820861678
grid_03293,0.5651606213438736
grid_03294,0.505316182978175
grid_03295,0.4661731481154715
grid_03296,0.5623960318325687
grid_03297,0.6331349565217391
grid_03298,0.6219815652173913
grid_03299,0.4415180357142857
grid_03300,0.6217106086956522
grid_03301,0.462677947826087
grid_03302,0.38768972946859903
grid_03303,0.6034525217391304
grid_03304,0.6176328695652173
grid_03305,0.5576485217391306
grid_03306,0.5728382608695652
grid_03307,0.6055309565217393
grid_03308,0.5873657971014493
grid_03309,0.6157100869565217
grid_03310,0.5233859050825718
grid_03311,0.6152290487483532
grid_03312,0.5699845652173913
grid_03313,0.5454380238848109
grid_03314,0.6398386086956522
grid_03315,0.5990481182257357
grid_03316,0.5897711304347826
grid_03317,0.6380873043478261
grid_03318,0.5854871014492755
grid_03319,0.5875499130434783
grid_03320,0.6058777391304347
grid_03321,0.609356
grid_03322,0.5774789565217392
grid_03323,0.6456932173913045
grid_03324,0.6172934782608696
grid_03325,0.5559739130434783
grid_03326,0.6368073913043479
grid_03327,0.529964
grid_03328,0.5729822608695652
grid_03329,0.6698697391304349
grid_03330,0.3874370370370371
grid_03331,0.4533794143819144
grid_03332,0.48533026916053695
grid_03333,0.4008324074074074
grid_03334,0.45307243075145043
grid_03335,0.513190433496099
grid_03336,0.5849710164251207
grid_03337,0.43552874308300393
grid_03338,0.5352213359683794
grid_03339,0.5340226553251817
grid_03340,0.5530588221343874
grid_03341,0.5739836521739131
grid_03342,0.6542587826086956
grid_03343,0.6154782608695653
grid_03344,0.5963045217391305
grid_03345,0.5779250724637682
grid_03346,0.6006989565217392
grid_03347,0.5927570434782609
grid_03348,0.6465078260869564
grid_03349,0.6268685217391304
grid_03350,0.53494
grid_03351,0.543709043478261
grid_03352,0.5421648695652174
grid_03353,0.6256491143317232
grid_03354,0.643404695652174
grid_03355,0.5899104347826087
grid_03356,0.5661320839580211
grid_03357,0.6358838260869566
grid_03358,0.5766349565217392
grid_03359,0.6199210434782608
grid_03360,0.5655914402922506
grid_03361,0.3814784091722814
grid_03362,0.25011421052631577
grid_03363,0.39280598965793934
grid_03364,0.6012852173913044
grid_03365,0.5944753043478261
grid_03366,0.5756050724637681
grid_03367,0.5444344347826088
grid_03368,0.17300998604804385
grid_03369,0.5446920316205534
grid_03370,0.7959878260869566
grid_03371,0.7809800000000001
grid_03372,0.5952916521739131
grid_03373,0.7760608695652175
grid_03374,0.6780373913043479
grid_03375,0.7445934782608696
grid_03376,0.6302914782608696
grid_03377,0.5700340869565218
grid_03378,0.7871211594202897
grid_03379,0.7914344347826088
grid_03380,0.623336695652174
grid_03381,0.5658775652173914
grid_03382,0.5890890434782609
grid_03383,0.5686613913043478
grid_03384,0.5548563768115942
grid_03385,0.5539316521739132
grid_03386,0.5809853913043479
grid_03387,0.5715319397993311
grid_03388,0.5518586206896552
grid_03389,0.6049850724637683
grid_03390,0.6887363478260871
grid_03391,0.7168029565217391
grid_03392,0.6951438260869567
grid_03393,0.7062177133655395
grid_03394,0.6283208395802099
grid_03395,0.676184695652174
grid_03396,0.7067579130434782
grid_03397,0.6528728985507245
grid_03398,0.667748347826087
grid_03399,0.625500695652174
grid_03400,0.7862293913043479
grid_03401,0.8013499130434782
grid_03402,0.593728347826087
grid_03403,0.6630789565217391
grid_03404,0.735273391304348
grid_03405,0.5852711304347826
grid_03406,0.7744746086956521
grid_03407,0.7686155279503109
grid_03408,0.7527874782608696
grid_03409,0.645472347826087
grid_03410,0.5919723188405798
grid_03411,0.5473182608695653
grid_03412,0.601939774557166
grid_03413,0.5961371118012423
grid_03414,0.5988473043478261
grid_03415,0.5821953623188405
grid_03416,0.6332558260869565
grid_03417,0.7262572173913044
grid_03418,0.6659479999999999
grid_03419,0.5725673913043479
grid_03420,0.6481279999999999
grid_03421,0.6839492173913044
grid_03422,0.6654582608695653
grid_03423,0.6455726086956521
grid_03424,0.6579902608695654
grid_03425,0.6393834782608696
grid_03426,0.6051643478260869
grid_03427,0.6715662608695654
grid_03428,0.6833681739130435
grid_03429,0.6394257391304348
grid_03430,0.7896372670807452
grid_03431,0.7150236521739131
grid_03432,0.7417998260869567
grid_03433,0.7856055652173913
grid_03434,0.6906540869565216
grid_03435,0.7596814492753624
grid_03436,0.7098280000000001
grid_03437,0.7205756521739132
grid_03438,0.6273703703703704
grid_03439,0.7079495652173913
grid_03440,0.7308022608695651
grid_03441,0.7119824347826086
grid_03442,0.6857168115942028
grid_03443,0.7832556521739131
grid_03444,0.7098988405797101
grid_03445,0.6743826086956521
grid_03446,0.7661426086956521
grid_03447,0.7136410434782609
grid_03448,0.7041885217391304
grid_03449,0.7316146086956522
grid_03450,0.6246057453416148
grid_03451,0.5891391304347826
grid_03452,0.660652347826087
grid_03453,0.7071631304347826
grid_03454,0.7349170568561874
grid_03455,0.7189469565217392
grid_03456,0.6736226086956522
grid_03457,0.685643094629156
grid_03458,0.6858747826086957
grid_03459,0.7063165217391305
grid_03460,0.6871497391304348
grid_03461,0.7250370434782609
grid_03462,0.6498245217391304
grid_03463,0.6831079710144928
grid_03464,0.6617845217391305
grid_03465,0.6285106086956522
grid_03466,0.676328347826087
grid_03467,0.6379010434782608
grid_03468,0.7196358260869564
grid_03469,0.6572646956521738
grid_03470,0.6156812173913044
grid_03471,0.5830008695652174
grid_03472,0.5816353043478261
grid_03473,0.612452950310559
grid_03474,0.6048518260869565
grid_03475,0.5714164596273293
grid_03476,0.599474927536232
grid_03477,0.618136347826087
grid_03478,0.6138201739130434
grid_03479,0.5721859130434783
grid_03480,0.6017895652173914
grid_03481,0.6251994782608696
grid_03482,0.5634502608695652
grid_03483,0.6147402898550723
grid_03484,0.6310333913043479
grid_03485,0.6253356521739131
grid_03486,0.6552579130434784
grid_03487,0.6544900000000001
grid_03488,0.5213975652173913
grid_03489,0.5981838260869565
grid_03490,0.5905540869565218
grid_03491,0.5950396521739131
grid_03492,0.6163678260869565
grid_03493,0.5749613913043479
grid_03494,0.5925055652173914
grid_03495,0.609742463768116
grid_03496,0.5676473043478262
grid_03497,0.6180535652173913
grid_03498,0.6440714782608695
grid_03499,0.6674307826086955
grid_03500,0.6103459627329194
grid_03501,0.6002834782608696
grid_03502,0.3852488695652174
grid_03503,0.5705315217391305
grid_03504,0.2769664468285338
grid_03505,0.4842784347826087
grid_03506,0.49758904347826094
grid_03507,0.40988742236024844
grid_03508,0.6080128695652175
grid_03509,0.37840173913043473
grid_03510,0.5626452173913044
grid_03511,0.59852
grid_03512,0.5826100869565217
grid_03513,0.5903824637681159
grid_03514,0.627749043478261
grid_03515,0.5810634782608696
grid_03516,0.6117775652173914
grid_03517,0.5845205217391305
grid_03518,0.6164824347826088
grid_03519,0.6540474782608696
grid_03520,0.6203474782608697
grid_03521,0.6144669565217392
grid_03522,0.6075659130434782
grid_03523,0.5492558260869564
grid_03524,0.42024278260869574
grid_03525,0.6421206956521739
grid_03526,0.586016
grid_03527,0.49221095652173913
grid_03528,0.5330504347826087
grid_03529,0.6394031884057972
grid_03530,0.7422161030595814
grid_03531,0.5466011594202899
grid_03532,0.665987652173913
grid_03533,0.6094137391304347
grid_03534,0.5941382608695653
grid_03535,0.5586419130434783
grid_03536,0.7299591304347827
grid_03537,0.7489133433283359
grid_03538,0.6843660869565218
grid_03539,0.6607926956521739
grid_03540,0.6675511304347826
grid_03541,0.6271396521739131
grid_03542,0.6407927536231883
grid_03543,0.6263514782608696
grid_03544,0.6773191304347826
grid_03545,0.6818144347826087
grid_03546,0.6266467826086957
grid_03547,0.6698521739130434
grid_03548,0.6636259130434783
grid_03549,0.6774801739130435
grid_03550,0.6040617391304347
grid_03551,0.629556
grid_03552,0.5188702608695652
grid_03553,0.405756695652174
grid_03554,0.4653326956521739
grid_03555,0.617669275362319
grid_03556,0.5958857391304349
grid_03557,0.5253223188405797
grid_03558,0.632556695652174
grid_03559,0.609764
grid_03560,0.6509358260869565
grid_03561,0.5916274782608696
grid_03562,0.602302737520129
grid_03563,0.6232667166416792
grid_03564,0.7863359531772575
grid_03565,0.733555900621118
grid_03566,0.5968189565217391
grid_03567,0.681472347826087
grid_03568,0.6751406956521739
grid_03569,0.6145481739130436
grid_03570,0.6771236521739131
grid_03571,0.745152347826087
grid_03572,0.700715072463768
grid_03573,0.6712652173913044
grid_03574,0.6982474782608695
grid_03575,0.6078657391304347
grid_03576,0.6800269565217393
grid_03577,0.6216907826086956
grid_03578,0.7415728695652173
grid_03579,0.6326466086956521
grid_03580,0.7098318260869566
grid_03581,0.7691826086956521
grid_03582,0.7600526236881558
grid_03583,0.711228695652174
grid_03584,0.7994105797101448
grid_03585,0.7037358260869566
grid_03586,0.7329754782608695
grid_03587,0.7456121739130434
grid_03588,0.7389417391304347
grid_03589,0.7941791304347826
grid_03590,0.7369951304347826
grid_03591,0.7380530434782611
grid_03592,0.7621262608695654
grid_03593,0.7265728695652175
grid_03594,0.6662765217391303
grid_03595,0.6961710144927535
grid_03596,0.7717013913043479
grid_03597,0.7022996521739131
grid_03598,0.7170305797101452
grid_03599,0.8026193043478261
grid_03600,0.7573471304347826
grid_03601,0.7098852173913043
grid_03602,0.7439619130434784
grid_03603,0.7208937391304349
grid_03604,0.697395304347826
grid_03605,0.7090798260869565
grid_03606,0.768192347826087
grid_03607,0.6997126086956521
grid_03608,0.7314942608695654
grid_03609,0.7941024347826087
grid_03610,0.6198518260869565
grid_03611,0.5998408695652176
grid_03612,0.5969158260869566
grid_03613,0.6658956521739131
grid_03614,0.6387685618729096
grid_03615,0.573779652173913
grid_03616,0.5595231304347825
grid_03617,0.6880034782608696
grid_03618,0.5956565217391304
grid_03619,0.6001088695652174
grid_03620,0.8067128695652176
grid_03621,0.7600958260869567
grid_03622,0.7604797101449275
grid_03623,0.7349822608695653
grid_03624,0.7648805217391305
grid_03625,0.7713236521739131
grid_03626,0.790054927536232
grid_03627,0.7904530434782608
grid_03628,0.799016811594203
grid_03629,0.7625958260869565
grid_03630,0.7256765217391304
grid_03631,0.7042893913043478
grid_03632,0.6836405217391305
grid_03633,0.6595570048309178
grid_03634,0.6723361739130435
grid_03635,0.7686347826086956
grid_03636,0.7343977391304349
grid_03637,0.6966758260869566
grid_03638,0.6648476761619191
grid_03639,0.6929245217391303
grid_03640,0.552344695652174
grid_03641,0.5568987826086957
grid_03642,0.6417831304347825
grid_03643,0.5766885217391304
grid_03644,0.5786336231884058
grid_03645,0.5736410434782608
grid_03646,0.6232947826086958
grid_03647,0.5719674782608696
grid_03648,0.574449043478261
grid_03649,0.582995652173913
grid_03650,0.7252205217391305
grid_03651,0.7952010434782609
grid_03652,0.7064139130434783
grid_03653,0.7799208695652173
grid_03654,0.787005043478261
grid_03655,0.7066805217391304
grid_03656,0.7872438260869565
grid_03657,0.7296935652173913
grid_03658,0.7966395652173913
grid_03659,0.7570078260869566
grid_03660,0.6744730434782608
grid_03661,0.6573357971014493
grid_03662,0.699645043478261
grid_03663,0.6880406956521739
grid_03664,0.6526100869565218
grid_03665,0.7177281859070463
grid_03666,0.6417252173913044
grid_03667,0.6790660869565218
grid_03668,0.7509699130434784
grid_03669,0.6922507246376812
grid_03670,0.29683333333333334
grid_03671,0.3719572532328782
grid_03672,0.3927736659356725
grid_03673,0.3770089487147314
grid_03674,0.47452500000000003
grid_03675,0.4297269585547591
grid_03676,0.36295465132693394
grid_03677,0.476536130500047
grid_03678,0.4945953501144165
grid_03679,0.448440306122449
grid_03680,0.5284327232230774
grid_03681,0.5003359340689504
grid_03682,0.5700587826086957
grid_03683,0.558599771434495
grid_03684,0.5641041816589489
grid_03685,0.3831193043478261
grid_03686,0.35041930434782614
grid_03687,0.44329347826086957
grid_03688,0.5205768695652173
grid_03689,0.37986017391304344
grid_03690,0.298845
grid_03691,0.5032468890174153
grid_03692,0.49448155713658337
grid_03693,0.35256
grid_03694,0.3475238787878788
grid_03695,0.6326072644482235
grid_03696,0.5530026512328251
grid_03697,0.3080600446428572
grid_03698,0.42200476190476194
grid_03699,0.6018683561435114
grid_03700,0.558581304347826
grid_03701,0.3869013913043478
grid_03702,0.5170314782608696
grid_03703,0.6294617025171625
grid_03704,0.5518040000000001
grid_03705,0.6144657971014493
grid_03706,0.5645365217391304
grid_03707,0.610103652173913
grid_03708,0.6230302608695653
grid_03709,0.5836906086956523
grid_03710,0.6009761739130436
grid_03711,0.4594433166976442
grid_03712,0.6013684180030116
grid_03713,0.5869702862503768
grid_03714,0.5788113354037268
grid_03715,0.5483686283251772
grid_03716,0.6090897391304348
grid_03717,0.38472029047982836
grid_03718,0.574987117552335
grid_03719,0.5735236996047431
grid_03720,0.539604347826087
grid_03721,0.5522594782608696
grid_03722,0.6270968695652175
grid_03723,0.6116359420289855
grid_03724,0.6355909565217391
grid_03725,0.6156107826086957
grid_03726,0.6022610434782609
grid_03727,0.5629852173913044
grid_03728,0.5621770434782609
grid_03729,0.5832624347826088
grid_03730,0.5036632094861659
grid_03731,0.5434489855072465
grid_03732,0.5928170434782609
grid_03733,0.37814660980927295
grid_03734,0.6427848695652174
grid_03735,0.5749593167701864
grid_03736,0.49527787163561077
grid_03737,0.568179891304348
grid_03738,0.5937318260869566
grid_03739,0.5998982608695652
grid_03740,0.5814201449275362
grid_03741,0.6306053913043478
grid_03742,0.5676509565217391
grid_03743,0.585136695652174
grid_03744,0.5855407407407408
grid_03745,0.5742499250374814
grid_03746,0.5693292173913044
grid_03747,0.5549822608695653
grid_03748,0.5393848695652175
grid_03749,0.5640233043478261
grid_03750,0.5445859130434783
grid_03751,0.5418107826086956
grid_03752,0.4921565217391305
grid_03753,0.5073420869565217
grid_03754,0.4495185133239832
grid_03755,0.5640841739130436
grid_03756,0.4943761619190406
grid_03757,0.5381601739130434
grid_03758,0.6089300869565217
grid_03759,0.547804347826087
grid_03760,0.40447242452536575
grid_03761,0.4110190930311519
grid_03762,0.4299925591787439
grid_03763,0.3175222222222222
grid_03764,0.4029047933632391
grid_03765,0.44750496894409936
grid_03766,0.38831381446678326
grid_03767,0.5075432555657797
grid_03768,0.46185590186060554
grid_03769,0.5266321739130435
grid_03770,0.6340299516908212
grid_03771,0.6333709565217391
grid_03772,0.7037873043478262
grid_03773,0.6661773913043478
grid_03774,0.6389111304347825
grid_03775,0.6728263868065967
grid_03776,0.6351147826086957
grid_03777,0.6236881739130435
grid_03778,0.6669471304347826
grid_03779,0.6145153043478261
grid_03780,0.5656963768115942
grid_03781,0.45777200000000007
grid_03782,0.5577772173913044
grid_03783,0.5357565217391305
grid_03784,0.6032902898550726
grid_03785,0.5124128695652174
grid_03786,0.5712585507246377
grid_03787,0.5710347826086957
grid_03788,0.5980201739130435
grid_03789,0.6058103448275862
grid_03790,0.6410613043478262
grid_03791,0.8068507826086956
grid_03792,0.6128311304347825
grid_03793,0.7939464285714284
grid_03794,0.6524351304347826
grid_03795,0.665956811594203
grid_03796,0.6795340869565217
grid_03797,0.7489748792270532
grid_03798,0.796308695652174
grid_03799,0.6039024347826087
grid_03800,0.6418107826086957
grid_03801,0.661993043478261
grid_03802,0.6209768695652175
grid_03803,0.6488337391304349
grid_03804,0.6925855652173913
grid_03805,0.6059953043478261
grid_03806,0.6141619130434782
grid_03807,0.6710902898550726
grid_03808,0.6524377391304348
grid_03809,0.6180606956521739
grid_03810,0.6024624798711755
grid_03811,0.5590342608695653
grid_03812,0.5426360708534622
grid_03813,0.6113728985507246
grid_03814,0.5852001739130435
grid_03815,0.5436753043478261
grid_03816,0.5394058470764618
grid_03817,0.5614099130434783
grid_03818,0.6205262608695652
grid_03819,0.5336534782608696
grid_03820,0.6340850434782609
grid_03821,0.7702473043478261
grid_03822,0.6096133913043479
grid_03823,0.7768379310344828
grid_03824,0.7036300000000001
grid_03825,0.7551944347826087
grid_03826,0.6795186086956523
grid_03827,0.6197862608695652
grid_03828,0.7731193094629154
grid_03829,0.7524249163879599
grid_03830,0.5944370434782609
grid_03831,0.6211502608695653
grid_03832,0.6169582608695653
grid_03833,0.6270382608695652
grid_03834,0.6015062608695652
grid_03835,0.6827579130434782
grid_03836,0.5929760000000001
grid_03837,0.6077149565217392
grid_03838,0.6312878260869565
grid_03839,0.6205331884057972
grid_03840,0.5794954782608696
grid_03841,0.6458939130434782
grid_03842,0.6568873043478262
grid_03843,0.536432695652174
grid_03844,0.5434139130434783
grid_03845,0.637236
grid_03846,0.5385636231884058
grid_03847,0.5823975652173914
grid_03848,0.551967304347826
grid_03849,0.6624392753623191
grid_03850,0.7902092173913045
grid_03851,0.6499676521739132
grid_03852,0.7367115942028984
grid_03853,0.7676245217391304
grid_03854,0.7039794782608696
grid_03855,0.714183808095952
grid_03856,0.7732208695652174
grid_03857,0.7168
grid_03858,0.6879897391304347
grid_03859,0.7573751304347828
grid_03860,0.6485295652173914
grid_03861,0.7108580869565218
grid_03862,0.5664824347826087
grid_03863,0.5658229565217391
grid_03864,0.5627536231884058
grid_03865,0.6228199999999999
grid_03866,0.6449631884057971
grid_03867,0.6791288695652175
grid_03868,0.7052685217391305
grid_03869,0.5782104347826087
grid_03870,0.527915652173913
grid_03871,0.576861884057971
grid_03872,0.5926626086956522
grid_03873,0.5744220869565217
grid_03874,0.571432
grid_03875,0.5936118260869566
grid_03876,0.6041408695652174
grid_03877,0.5717486956521739
grid_03878,0.5548257971014492
grid_03879,0.5650563478260869
grid_03880,0.7874572173913044
grid_03881,0.784505958132045
grid_03882,0.7256634782608695
grid_03883,0.7551726956521739
grid_03884,0.7295019130434782
grid_03885,0.7985864347826087
grid_03886,0.733690704647676
grid_03887,0.7816792270531401
grid_03888,0.7815325217391305
grid_03889,0.6849794782608695
grid_03890,0.706232347826087
grid_03891,0.7322140869565217
grid_03892,0.6154427826086958
grid_03893,0.7509904347826086
grid_03894,0.6411084057971015
grid_03895,0.7145836231884058
grid_03896,0.7132092173913044
grid_03897,0.6836005217391304
grid_03898,0.7743191304347826
grid_03899,0.6409019130434782
grid_03900,0.730408347826087
grid_03901,0.7485737681159422
grid_03902,0.7443638260869565
grid_03903,0.7591937391304349
grid_03904,0.7746241739130436
grid_03905,0.7433372173913044
grid_03906,0.6758363478260871
grid_03907,0.7862975652173912
grid_03908,0.7073438260869566
grid_03909,0.7831013913043479
grid_03910,0.5656833043478261
grid_03911,0.5885220869565218
grid_03912,0.6001393043478261
grid_03913,0.6007702608695653
grid_03914,0.5577107246376812
grid_03915,0.5795805217391304
grid_03916,0.5813247491638797
grid_03917,0.6139073043478261
grid_03918,0.642925043478261
grid_03919,0.5989185507246376
grid_03920,0.6068619130434783
grid_03921,0.6184281739130435
grid_03922,0.5916083478260871
grid_03923,0.6037841739130435
grid_03924,0.6096264347826087
grid_03925,0.6967267826086957
grid_03926,0.6243793043478262
grid_03927,0.6537885217391305
grid_03928,0.6233457391304349
grid_03929,0.5939013043478261
grid_03930,0.6428671014492754
grid_03931,0.649456695652174
grid_03932,0.7419486956521738
grid_03933,0.6860521739130435
grid_03934,0.6339090434782608
grid_03935,0.7629234782608695
grid_03936,0.7483285217391304
grid_03937,0.674316347826087
grid_03938,0.6555632850241548
grid_03939,0.7605307826086957
grid_03940,0.7512430434782609
grid_03941,0.7576596521739131
grid_03942,0.7876777391304348
grid_03943,0.7328281739130437
grid_03944,0.7592624347826087
grid_03945,0.758504
grid_03946,0.7568426086956522
grid_03947,0.7462491304347828
grid_03948,0.7789523478260869
grid_03949,0.7481836521739131
grid_03950,0.7556575362318843
grid_03951,0.6400946086956522
grid_03952,0.6430667166416792
grid_03953,0.7200612173913045
grid_03954,0.6598973913043479
grid_03955,0.6044285217391304
grid_03956,0.7022815652173913
grid_03957,0.6363250724637681
grid_03958,0.7147594202898552
grid_03959,0.7318067466266868
grid_03960,0.5883845217391305
grid_03961,0.648119652173913
grid_03962,0.5942369565217391
grid_03963,0.5886812173913044
grid_03964,0.5773113043478261
grid_03965,0.7206191304347827
grid_03966,0.5960873043478262
grid_03967,0.5918466086956521
grid_03968,0.5797846956521739
grid_03969,0.5774188405797103
grid_03970,0.6483397101449276
grid_03971,0.6984126956521739
grid_03972,0.7276280000000002
grid_03973,0.6937779130434784
grid_03974,0.6491133333333334
grid_03975,0.6670186086956522
grid_03976,0.7129455652173914
grid_03977,0.7155787826086956
grid_03978,0.7234793043478261
grid_03979,0.6648092753623189
grid_03980,0.780864347826087
grid_03981,0.7690323369565216
grid_03982,0.7381323478260868
grid_03983,0.7206349565217393
grid_03984,0.744361043478261
grid_03985,0.7670010869565217
grid_03986,0.7637307246376811
grid_03987,0.7437358260869565
grid_03988,0.7652859130434783
grid_03989,0.759812
grid_03990,0.7482253913043477
grid_03991,0.7100102608695651
grid_03992,0.7680337391304348
grid_03993,0.774250579710145
grid_03994,0.7559462608695654
grid_03995,0.7618773913043477
grid_03996,0.746813391304348
grid_03997,0.7369702608695651
grid_03998,0.7550772173913045
grid_03999,0.7476029565217392
grid_04000,0.7451466666666666
grid_04001,0.724508
grid_04002,0.7525506086956523
grid_04003,0.7322073043478261
grid_04004,0.7368586086956523
grid_04005,0.7537344347826087
grid_04006,0.7473579130434783
grid_04007,0.7443246956521739
grid_04008,0.7476223188405798
grid_04009,0.7421100869565218
grid_04010,0.7685170692431562
grid_04011,0.7583172360248449
grid_04012,0.7554089955022488
grid_04013,0.7893253913043479
grid_04014,0.6603302795031055
grid_04015,0.777077616747182
grid_04016,0.7618896551724138
grid_04017,0.7113393043478261
grid_04018,0.7095959999999999
grid_04019,0.745769275362319
grid_04020,0.73915115942029
grid_04021,0.7208177391304349
grid_04022,0.747857043478261
grid_04023,0.7579031304347826
grid_04024,0.7586893913043479
grid_04025,0.6975642028985508
grid_04026,0.7399977391304347
grid_04027,0.6697979130434782
grid_04028,0.7196269565217392
grid_04029,0.7638692173913045
grid_04030,0.753924695652174
grid_04031,0.7677104347826088
grid_04032,0.7218241739130435
grid_04033,0.7686372173913043
grid_04034,0.7616615652173914
grid_04035,0.7675361739130434
grid_04036,0.7639450724637681
grid_04037,0.7749547826086957
grid_04038,0.7687398260869567
grid_04039,0.7616187826086958
grid_04040,0.7249151304347826
grid_04041,0.7445968695652173
grid_04042,0.7339366956521739
grid_04043,0.7297779710144927
grid_04044,0.7546266086956522
grid_04045,0.7045730434782609
grid_04046,0.7390454106280194
grid_04047,0.7263938127090301
grid_04048,0.7119842105263158
grid_04049,0.7568657608695654
grid_04050,0.7632156521739131
grid_04051,0.7202078260869565
grid_04052,0.7134863768115942
grid_04053,0.7008612173913044
grid_04054,0.7630873043478261
grid_04055,0.6932520289855072
grid_04056,0.7562709565217393
grid_04057,0.7613255652173914
grid_04058,0.6843521739130436
grid_04059,0.6986255652173914
grid_04060,0.7646401739130436
grid_04061,0.770508695652174
grid_04062,0.7710186795491145
grid_04063,0.7792619130434782
grid_04064,0.769202371541502
grid_04065,0.758819940029985
grid_04066,0.7524537391304349
grid_04067,0.7556422101449276
grid_04068,0.7484150501672241
grid_04069,0.7529177391304347
grid_04070,0.7270819130434784
grid_04071,0.7631137391304348
grid_04072,0.6044579130434783
grid_04073,0.6984050434782608
grid_04074,0.6643624637681159
grid_04075,0.6445292173913043
grid_04076,0.6349250434782608
grid_04077,0.6286965217391305
grid_04078,0.7046351304347828
grid_04079,0.6262090434782609
grid_04080,0.7112890434782609
grid_04081,0.7353043478260869
grid_04082,0.7343347826086958
grid_04083,0.7512624347826088
grid_04084,0.7158848695652175
grid_04085,0.7030935652173913
grid_04086,0.6455546086956523
grid_04087,0.6359521739130435
grid_04088,0.7531284057971013
grid_04089,0.7277580869565218
grid_04090,0.6470430434782608
grid_04091,0.6247299130434782
grid_04092,0.6169593043478261
grid_04093,0.6273215652173914
grid_04094,0.7159754782608697
grid_04095,0.6793596521739131
grid_04096,0.6098048695652174
grid_04097,0.6112900869565218
grid_04098,0.6113758260869566
grid_04099,0.6267579710144928
grid_04100,0.6863594782608696
grid_04101,0.6205551304347826
grid_04102,0.5894871304347826
grid_04103,0.5069674718196459
grid_04104,0.7269334782608696
grid_04105,0.7186591304347826
grid_04106,0.5858466666666667
grid_04107,0.6785949565217391
grid_04108,0.6894154782608696
grid_04109,0.6828794782608696
grid_04110,0.7740064347826088
grid_04111,0.7625900869565219
grid_04112,0.7677100869565217
grid_04113,0.7721424347826087
grid_04114,0.7608335652173913
grid_04115,0.7103353043478261
grid_04116,0.73934
grid_04117,0.7264186956521737
grid_04118,0.6824634782608695
grid_04119,0.7173582608695652
grid_04120,0.6624276521739131
grid_04121,0.6303100869565218
grid_04122,0.686976
grid_04123,0.6094893913043479
grid_04124,0.5741086956521739
grid_04125,0.6543299331103678
grid_04126,0.6217401449275363
grid_04127,0.6987083478260872
grid_04128,0.6794678260869564
grid_04129,0.7168692173913044
grid_04130,0.7873197324414717
grid_04131,0.7267897391304348
grid_04132,0.7297045217391304
grid_04133,0.7303678260869565
grid_04134,0.6798982608695652
grid_04135,0.7078428985507247
grid_04136,0.7391751304347827
grid_04137,0.6727173913043477
grid_04138,0.6056084472049689
grid_04139,0.6966175652173913
grid_04140,0.7835806956521739
grid_04141,0.7918001739130436
grid_04142,0.7139530434782608
grid_04143,0.6502347826086957
grid_04144,0.6691619130434784
grid_04145,0.6925513975155281
grid_04146,0.6632039999999999
grid_04147,0.6999582298136646
grid_04148,0.7569325217391304
grid_04149,0.6916342608695654
grid_04150,0.617256
grid_04151,0.6528339130434783
grid_04152,0.6531022608695654
grid_04153,0.6095836521739131
grid_04154,0.6169177391304348
grid_04155,0.6112242028985506
grid_04156,0.6872553043478261
grid_04157,0.6583918840579711
grid_04158,0.6578893913043479
grid_04159,0.6291356521739131
grid_04160,0.7827179130434783
grid_04161,0.7978511304347827
grid_04162,0.7755539130434782
grid_04163,0.7082888695652174
grid_04164,0.7989848695652175
grid_04165,0.7353926956521739
grid_04166,0.7428775652173915
grid_04167,0.7151876811594203
grid_04168,0.753119420289855
grid_04169,0.7613090434782609
grid_04170,0.7351034782608695
grid_04171,0.7288699130434783
grid_04172,0.6677973602484473
grid_04173,0.7137833043478262
grid_04174,0.7042636521739131
grid_04175,0.7209263586956522
grid_04176,0.7379257391304348
grid_04177,0.6017961180124224
grid_04178,0.6800217391304347
grid_04179,0.7231913043478261
grid_04180,0.6984664347826087
grid_04181,0.6992379130434785
grid_04182,0.7112453913043477
grid_04183,0.727253739130435
grid_04184,0.6991215942028984
grid_04185,0.7687518394648829
grid_04186,0.7579544347826088
grid_04187,0.7428198260869567
grid_04188,0.7523086956521738
grid_04189,0.7456084057971016
grid_04190,0.679029739130435
grid_04191,0.600300347826087
grid_04192,0.6798939130434783
grid_04193,0.6143627826086956
grid_04194,0.706388
grid_04195,0.5734895962732919
grid_04196,0.610220347826087
grid_04197,0.6966708695652175
grid_04198,0.7301897391304348
grid_04199,0.7358499130434782
grid_04200,0.7604575652173914
grid_04201,0.7602509565217391
grid_04202,0.760030579710145
grid_04203,0.7642292173913044
grid_04204,0.6926284057971017
grid_04205,0.7517327536231883
grid_04206,0.7212726956521739
grid_04207,0.7599897391304349
grid_04208,0.7390933913043479
grid_04209,0.6829994782608696
grid_04210,0.6486000000000002
grid_04211,0.5366984472049688
grid_04212,0.6171426086956522
grid_04213,0.6731930434782607
grid_04214,0.748663652173913
grid_04215,0.7196283478260871
grid_04216,0.5828376811594203
grid_04217,0.7109673043478262
grid_04218,0.7575589565217392
grid_04219,0.6268213043478262
grid_04220,0.6649542028985507
grid_04221,0.7397163478260871
grid_04222,0.6110765217391305
grid_04223,0.7365318260869566
grid_04224,0.7275181964573271
grid_04225,0.6805799100449775
grid_04226,0.7406353043478262
grid_04227,0.7476963478260871
grid_04228,0.7322734782608697
grid_04229,0.6657568695652174
grid_04230,0.7026097391304349
grid_04231,0.6427406296851574
grid_04232,0.7586859130434783
grid_04233,0.6203514782608696
grid_04234,0.5850661835748793
grid_04235,0.7656413913043478
grid_04236,0.6963900869565218
grid_04237,0.6200621118012422
grid_04238,0.758620347826087
grid_04239,0.6883565217391304
grid_04240,0.7553857391304349
grid_04241,0.7411289855072465
grid_04242,0.6951871304347828
grid_04243,0.7456880000000001
grid_04244,0.6257820289855072
grid_04245,0.6936311304347825
grid_04246,0.6464344347826088
grid_04247,0.750259652173913
grid_04248,0.6010678260869565
grid_04249,0.7316028985507246
grid_04250,0.6839700869565217
grid_04251,0.7629189565217392
grid_04252,0.701070579710145
grid_04253,0.7188273043478262
grid_04254,0.741901391304348
grid_04255,0.7018059130434783
grid_04256,0.6856642028985508
grid_04257,0.7213737391304346
grid_04258,0.7309871304347827
grid_04259,0.7421589565217392
grid_04260,0.7101006956521739
grid_04261,0.690203652173913
grid_04262,0.6918290434782609
grid_04263,0.6471349565217391
grid_04264,0.7043161030595814
grid_04265,0.6560491304347827
grid_04266,0.6968680659670163
grid_04267,0.6820019130434783
grid_04268,0.6866090434782609
grid_04269,0.6576380869565219
grid_04270,0.6425000000000001
grid_04271,0.7578731884057971
grid_04272,0.6457891304347827
grid_04273,0.6957201739130434
grid_04274,0.7513379130434782
grid_04275,0.6968900000000001
grid_04276,0.7786817391304349
grid_04277,0.7243019130434782
grid_04278,0.6714253373313342
grid_04279,0.7660340869565218
grid_04280,0.7109966956521738
grid_04281,0.7171481739130435
grid_04282,0.6866660225442833
grid_04283,0.7472039130434781
grid_04284,0.7585159999999999
grid_04285,0.7341270531400966
grid_04286,0.7610266086956521
grid_04287,0.7459426086956522
grid_04288,0.7643666149068326
grid_04289,0.7632752173913044
grid_04290,0.7131873043478261
grid_04291,0.7337596014492753
grid_04292,0.7551521739130437
grid_04293,0.7223373913043478
grid_04294,0.7581231304347825
grid_04295,0.7269544347826088
grid_04296,0.7383986086956523
grid_04297,0.7185550724637684
grid_04298,0.7576827826086956
grid_04299,0.7559693913043479
grid_04300,0.747580695652174
grid_04301,0.7673048695652175
grid_04302,0.7602589855072462
grid_04303,0.7721147826086957
grid_04304,0.7561391304347826
grid_04305,0.753866304347826
grid_04306,0.7687953043478261
grid_04307,0.7395398260869563
grid_04308,0.7308627002288329
grid_04309,0.7595680529300569
grid_04310,0.7584852173913041
grid_04311,0.7362777391304347
grid_04312,0.7133533913043477
grid_04313,0.7072429565217391
grid_04314,0.703338043478261
grid_04315,0.7227266086956522
grid_04316,0.717866496163683
grid_04317,0.717861043478261
grid_04318,0.6777008695652175
grid_04319,0.7221777391304347
grid_04320,0.6991986086956523
grid_04321,0.7325269565217392
grid_04322,0.7100100334448162
grid_04323,0.7285413913043479
grid_04324,0.7435826086956522
grid_04325,0.7494993788819876
grid_04326,0.7477560000000001
grid_04327,0.7404509565217393
grid_04328,0.7073859130434782
grid_04329,0.7389610434782609
grid_04330,0.6604775652173913
grid_04331,0.7405639130434784
grid_04332,0.6801963478260872
grid_04333,0.7200785714285713
grid_04334,0.7359959627329192
grid_04335,0.7588864347826088
grid_04336,0.7470826086956522
grid_04337,0.7526127536231884
grid_04338,0.7625913043478262
grid_04339,0.6411854619565217
grid_04340,0.7429236521739132
grid_04341,0.7460758260869566
grid_04342,0.6353673043478261
grid_04343,0.6878739130434783
grid_04344,0.6956067826086957
grid_04345,0.6136809595202399
grid_04346,0.7194566956521742
grid_04347,0.7561069565217393
grid_04348,0.6072051242236024
grid_04349,0.6632339130434782
grid_04350,0.6993409698996655
grid_04351,0.6531481739130435
grid_04352,0.6323882608695652
grid_04353,0.6682318260869564
grid_04354,0.6540806956521739
grid_04355,0.6600775652173914
grid_04356,0.6642717391304348
grid_04357,0.6112961739130435
grid_04358,0.5994066086956522
grid_04359,0.7266921739130434
grid_04360,0.7252873043478262
grid_04361,0.6981728695652174
grid_04362,0.7487146086956521
grid_04363,0.6931604347826086
grid_04364,0.7433530434782609
grid_04365,0.6644149565217393
grid_04366,0.7293205217391305
grid_04367,0.6940852173913044
grid_04368,0.712054347826087
grid_04369,0.636540579710145
grid_04370,0.626755652173913
grid_04371,0.7617869565217391
grid_04372,0.6451460869565219
grid_04373,0.7173662318840578
grid_04374,0.7682189565217391
grid_04375,0.7614700869565217
grid_04376,0.6046270186335404
grid_04377,0.7517074782608695
grid_04378,0.6068874782608696
grid_04379,0.6511066666666666
grid_04380,0.6079928695652174
grid_04381,0.5969855072463769
grid_04382,0.6174481739130436
grid_04383,0.6198304347826088
grid_04384,0.588342463768116
grid_04385,0.6129478260869566
grid_04386,0.589348
grid_04387,0.5893497391304349
grid_04388,0.5675546086956522
grid_04389,0.659536347826087
grid_04390,0.6169288244766508
grid_04391,0.7146263768115942
grid_04392,0.7391883478260871
grid_04393,0.7010219130434783
grid_04394,0.6370257391304348
grid_04395,0.7188946376811594
grid_04396,0.6215364317841079
grid_04397,0.7564895652173912
grid_04398,0.6416900161030596
grid_04399,0.5772586086956522
grid_04400,0.5898540869565218
grid_04401,0.6023779710144928
grid_04402,0.5954464347826087
grid_04403,0.6060189565217392
grid_04404,0.5749154782608695
grid_04405,0.5892728695652175
grid_04406,0.5854428985507246
grid_04407,0.5733652173913043
grid_04408,0.5857270807453414
grid_04409,0.7513721739130436
grid_04410,0.6157354782608696
grid_04411,0.7339580869565218
grid_04412,0.597600299850075
grid_04413,0.6817034782608695
grid_04414,0.691900695652174
grid_04415,0.7621798550724638
grid_04416,0.764031652173913
grid_04417,0.602313712374582
grid_04418,0.7551655279503107
grid_04419,0.7428669565217392
grid_04420,0.7201977391304348
grid_04421,0.7012177391304347
grid_04422,0.7568662608695653
grid_04423,0.7541547826086956
grid_04424,0.7188323188405797
grid_04425,0.7031026086956521
grid_04426,0.7174653913043479
grid_04427,0.7217316521739131
grid_04428,0.7277254180602006
grid_04429,0.5944469565217392
grid_04430,0.5976621739130435
grid_04431,0.579176695652174
grid_04432,0.5638801739130436
grid_04433,0.5837733913043478
grid_04434,0.5691412173913044
grid_04435,0.5915877980364657
grid_04436,0.5732377391304349
grid_04437,0.5714570434782609
grid_04438,0.5920078260869566
grid_04439,0.7254212173913044
grid_04440,0.7303863354037267
grid_04441,0.6729537391304348
grid_04442,0.6780513043478261
grid_04443,0.7709052173913045
grid_04444,0.7630841739130435
grid_04445,0.7080144347826086
grid_04446,0.6687156199677938
grid_04447,0.7553034782608696
grid_04448,0.7601140869565219
grid_04449,0.5714871118012422
grid_04450,0.5965020289855073
grid_04451,0.5759019130434783
grid_04452,0.5808958260869566
grid_04453,0.587616811594203
grid_04454,0.5804864734299519
grid_04455,0.5810179130434784
grid_04456,0.5683727424749165
grid_04457,0.5672066770186336
grid_04458,0.5915586086956521
grid_04459,0.7461421739130436
grid_04460,0.7541673043478261
grid_04461,0.7107280000000001
grid_04462,0.7333285507246379
grid_04463,0.7715316521739132
grid_04464,0.737774927536232
grid_04465,0.7864528695652174
grid_04466,0.7474662608695652
grid_04467,0.7628165217391305
grid_04468,0.7249448695652174
grid_04469,0.6949606956521741
grid_04470,0.7042834239130435
grid_04471,0.7208591304347827
grid_04472,0.6860285217391305
grid_04473,0.7071467826086956
grid_04474,0.7206739130434783
grid_04475,0.7351356521739132
grid_04476,0.7391095652173914
grid_04477,0.710787414187643
grid_04478,0.7433958260869566
grid_04479,0.5827979130434783
grid_04480,0.6009605697151424
grid_04481,0.6639547826086957
grid_04482,0.5806301003344483
grid_04483,0.5858794202898551
grid_04484,0.612896695652174
grid_04485,0.6035005217391305
grid_04486,0.571368
grid_04487,0.5417534782608695
grid_04488,0.5851812173913044
grid_04489,0.7370196521739129
grid_04490,0.7513962318840581
grid_04491,0.771235652173913
grid_04492,0.7620649275362319
grid_04493,0.7760217391304348
grid_04494,0.702936695652174
grid_04495,0.7741217391304349
grid_04496,0.7332215942028983
grid_04497,0.7434041739130436
grid_04498,0.7082024347826088
grid_04499,0.619872695652174
grid_04500,0.745944
grid_04501,0.6630389565217392
grid_04502,0.6174453623188405
grid_04503,0.5832580869565218
grid_04504,0.5680723478260868
grid_04505,0.5899778772378518
grid_04506,0.7240304347826085
grid_04507,0.6364445217391305
grid_04508,0.7715243478260868
grid_04509,0.6812979130434783
grid_04510,0.7338697391304347
grid_04511,0.7091121739130435
grid_04512,0.7117526956521739
grid_04513,0.7407602898550724
grid_04514,0.7361768695652173
grid_04515,0.7306744347826087
grid_04516,0.733496231884058
grid_04517,0.7390812173913042
grid_04518,0.7465215652173913
grid_04519,0.6948802371541501
grid_04520,0.730899304347826
grid_04521,0.7394850434782608
grid_04522,0.7365146086956521
grid_04523,0.7383882352941177
grid_04524,0.7239726708074534
grid_04525,0.7079318260869565
grid_04526,0.7136968695652175
grid_04527,0.7670604347826087
grid_04528,0.7065594202898552
grid_04529,0.6563433110367894
grid_04530,0.7077354782608696
grid_04531,0.6365108036890647
grid_04532,0.5978808695652174
grid_04533,0.6731657391304349
grid_04534,0.7481318260869565
grid_04535,0.634109043478261
grid_04536,0.572375040257649
grid_04537,0.7052053913043477
grid_04538,0.6810088405797102
grid_04539,0.6405092173913044
grid_04540,0.630729043478261
grid_04541,0.6865671304347827
grid_04542,0.6564860869565219
grid_04543,0.6026641739130435
grid_04544,0.6519182608695652
grid_04545,0.5915453913043478
grid_04546,0.5958309565217391
grid_04547,0.648513043478261
grid_04548,0.5837805217391304
grid_04549,0.6117949565217391
grid_04550,0.613598695652174
grid_04551,0.6892297101449275
grid_04552,0.6179557971014493
grid_04553,0.6545866086956522
grid_04554,0.641049043478261
grid_04555,0.640860347826087
grid_04556,0.637266956521739
grid_04557,0.633257043478261
grid_04558,0.6553094202898552
grid_04559,0.6721462608695652
grid_04560,0.7021653913043479
grid_04561,0.6676953623188406
grid_04562,0.6604747826086956
grid_04563,0.6441532608695653
grid_04564,0.5888728260869566
grid_04565,0.6956386645962734
grid_04566,0.5768902608695652
grid_04567,0.5992977225672879
grid_04568,0.7047526956521739
grid_04569,0.709361043478261
grid_04570,0.5364372670807454
grid_04571,0.7157496894409938
grid_04572,0.7146366132723112
grid_04573,0.7169290969899667
grid_04574,0.5779235507246377
grid_04575,0.6708038260869565
grid_04576,0.6710102608695654
grid_04577,0.6726053913043479
grid_04578,0.6395610434782609
grid_04579,0.6464297391304348
grid_04580,0.6831118840579712
grid_04581,0.678962956521739
grid_04582,0.7168747826086956
grid_04583,0.6386652173913042
grid_04584,0.6825405217391304
grid_04585,0.6182106086956523
grid_04586,0.6951403985507246
grid_04587,0.7126749360613811
grid_04588,0.7081422608695652
grid_04589,0.7097006956521739
grid_04590,0.6981320000000001
grid_04591,0.7077718840579711
grid_04592,0.6668205217391305
grid_04593,0.7083746086956522
grid_04594,0.7203247139588101
grid_04595,0.7149486956521739
grid_04596,0.6925946086956521
grid_04597,0.7037664347826087
grid_04598,0.705025652173913
grid_04599,0.6379586086956522
grid_04600,0.6743572890025575
grid_04601,0.7017217391304349
grid_04602,0.6561840000000001
grid_04603,0.6640561872909699
grid_04604,0.676423731884058
grid_04605,0.5836037267080746
grid_04606,0.5518341137123746
grid_04607,0.6557932608695654
grid_04608,0.6142596521739131
grid_04609,0.6623500869565219
grid_04610,0.7535011994002999
grid_04611,0.6710648695652175
grid_04612,0.7011713365539451
grid_04613,0.6456526956521739
grid_04614,0.6580253913043479
grid_04615,0.7551692173913043
grid_04616,0.7152071304347827
grid_04617,0.6801410434782609
grid_04618,0.6912034782608696
grid_04619,0.7554325217391304
grid_04620,0.7214189565217392
grid_04621,0.6871214392803598
grid_04622,0.7593326086956523
grid_04623,0.7781681739130435
grid_04624,0.7340789565217392
grid_04625,0.7346276972624799
grid_04626,0.7134259130434782
grid_04627,0.7407655279503107
grid_04628,0.754044
grid_04629,0.7128227536231884
grid_04630,0.7767274782608695
grid_04631,0.8061826086956522
grid_04632,0.7125935652173915
grid_04633,0.651084927536232
grid_04634,0.7741606956521739
grid_04635,0.7320372173913045
grid_04636,0.7909495341614906
grid_04637,0.72732491638796
grid_04638,0.5708114492753623
grid_04639,0.6376897391304348
grid_04640,0.6036283413848631
grid_04641,0.5886573913043479
grid_04642,0.7115319999999999
grid_04643,0.6896572173913045
grid_04644,0.5883307826086956
grid_04645,0.5602929765886289
grid_04646,0.5984733913043478
grid_04647,0.6578808695652174
grid_04648,0.784258695652174
grid_04649,0.6414130434782609
grid_04650,0.7473699130434782
grid_04651,0.7777845217391305
grid_04652,0.7394000000000001
grid_04653,0.7243886956521739
grid_04654,0.7477313043478261
grid_04655,0.7682831304347826
grid_04656,0.774144347826087
grid_04657,0.7926591304347826
grid_04658,0.662376695652174
grid_04659,0.6028921739130435
grid_04660,0.5799213913043478
grid_04661,0.6707125217391304
grid_04662,0.569132347826087
grid_04663,0.6938513043478263
grid_04664,0.6083285217391304
grid_04665,0.6109342608695653
grid_04666,0.7783699130434782
grid_04667,0.5490331884057972
grid_04668,0.7802502608695653
grid_04669,0.7436126086956524
grid_04670,0.7863946086956523
grid_04671,0.7419318260869566
grid_04672,0.8004179130434784
grid_04673,0.7992585507246378
grid_04674,0.7851102608695654
grid_04675,0.7613045217391304
grid_04676,0.7764571805006587
grid_04677,0.7413450434782609
grid_04678,0.8288539130434782
grid_04679,0.6982501449275363
grid_04680,0.7174622608695652
grid_04681,0.752789391304348
grid_04682,0.805098086956522
grid_04683,0.7265881739130435
grid_04684,0.8038982008995503
grid_04685,0.6746931034482758
grid_04686,0.8159678260869566
grid_04687,0.6649984347826087
grid_04688,0.5857229565217391
grid_04689,0.6525457391304349
grid_04690,0.5959827826086956
grid_04691,0.5843874782608697
grid_04692,0.5266271304347827
grid_04693,0.5103844927536232
grid_04694,0.7564888695652173
grid_04695,0.7367391304347827
grid_04696,0.6019379130434782
grid_04697,0.667144347826087
grid_04698,0.6920257648953301
grid_04699,0.7797085217391304
grid_04700,0.7428273043478261
grid_04701,0.8145909822866345
grid_04702,0.6885488695652174
grid_04703,0.6885481739130435
grid_04704,0.624808
grid_04705,0.6706284057971014
grid_04706,0.7042864347826088
grid_04707,0.7542102608695651
grid_04708,0.6706819130434784
grid_04709,0.630276695652174
grid_04710,0.5682271304347827
grid_04711,0.5809973913043479
grid_04712,0.6352640468227425
grid_04713,0.5894297391304348
grid_04714,0.6472579130434782
grid_04715,0.6233243478260869
grid_04716,0.6000768115942028
grid_04717,0.5695274782608696
grid_04718,0.733490036231884
grid_04719,0.7257955072463766
grid_04720,0.7431952173913043
grid_04721,0.7429113043478262
grid_04722,0.7588888695652174
grid_04723,0.7470187826086956
grid_04724,0.7558768695652175
grid_04725,0.7707714492753623
grid_04726,0.763052695652174
grid_04727,0.7552420869565217
grid_04728,0.6056313043478262
grid_04729,0.64956
grid_04730,0.7361166666666666
grid_04731,0.668711652173913
grid_04732,0.7039570434782608
grid_04733,0.6264038980509745
grid_04734,0.6495803478260871
grid_04735,0.6736398260869565
grid_04736,0.7107953043478261
grid_04737,0.6221132173913044
grid_04738,0.7580096989966555
grid_04739,0.7550244147157191
grid_04740,0.7670728985507246
grid_04741,0.7426535652173913
grid_04742,0.7507638260869567
grid_04743,0.7769866086956523
grid_04744,0.7728420869565217
grid_04745,0.7985780869565218
grid_04746,0.752723745819398
grid_04747,0.7920720289855075
grid_04748,0.6501526956521739
grid_04749,0.7591563478260871
grid_04750,0.6487203478260869
grid_04751,0.644017991004498
grid_04752,0.7465448695652174
grid_04753,0.7788600000000001
grid_04754,0.644600347826087
grid_04755,0.6533023988005996
grid_04756,0.6905740869565219
grid_04757,0.6383289855072465
grid_04758,0.7602653673163418
grid_04759,0.7485109565217393
grid_04760,0.7187031304347826
grid_04761,0.7363813913043478
grid_04762,0.583888455772114
grid_04763,0.712244
grid_04764,0.6011463768115943
grid_04765,0.6973702093397746
grid_04766,0.6380606956521738
grid_04767,0.7427281739130435
grid_04768,0.7802986086956523
grid_04769,0.7784998260869564
grid_04770,0.637419652173913
grid_04771,0.7028253913043477
grid_04772,0.7776601739130435
grid_04773,0.6368220289855073
grid_04774,0.6607448695652175
grid_04775,0.7417172173913044
grid_04776,0.7615241739130434
grid_04777,0.6622041739130435
grid_04778,0.7456026086956523
grid_04779,0.749116347826087
grid_04780,0.759731884057971
grid_04781,0.7308259130434783
grid_04782,0.7421495652173914
grid_04783,0.7257570434782609
grid_04784,0.7247655652173914
grid_04785,0.6890422924901186
grid_04786,0.7336344927536232
grid_04787,0.70007077294686
grid_04788,0.773841391304348
grid_04789,0.6600850241545894
grid_04790,0.7518744347826087
grid_04791,0.7353128881987578
grid_04792,0.7234302055335969
grid_04793,0.6797905138339921
grid_04794,0.6382434782608697
grid_04795,0.6886198550724638
grid_04796,0.6522386086956522
grid_04797,0.6664118260869566
grid_04798,0.6454628985507248
grid_04799,0.6890946086956522
grid_04800,0.6926657391304348
grid_04801,0.6594253913043479
grid_04802,0.6656782608695654
grid_04803,0.7000925217391304
grid_04804,0.758607652173913
grid_04805,0.7548786086956523
grid_04806,0.6949375652173913
grid_04807,0.7012431304347827
grid_04808,0.7089351304347826
grid_04809,0.7354697101449277
grid_04810,0.7479881739130435
grid_04811,0.7296716521739129
grid_04812,0.7244311304347826
grid_04813,0.7410660869565217
grid_04814,0.7443758260869566
grid_04815,0.7082782608695652
grid_04816,0.7534686335403727
grid_04817,0.6928813913043479
grid_04818,0.7034603478260871
grid_04819,0.638916347826087
grid_04820,0.673783652173913
grid_04821,0.6911556521739132
grid_04822,0.6857484057971014
grid_04823,0.6626136231884059
grid_04824,0.6310493913043478
grid_04825,0.7100751304347827
grid_04826,0.6287493913043478
grid_04827,0.6123128695652175
grid_04828,0.7038777391304349
grid_04829,0.6932215652173913
grid_04830,0.7226931677018634
grid_04831,0.7334867826086957
grid_04832,0.7462913043478261
grid_04833,0.6879544927536233
grid_04834,0.6701285217391305
grid_04835,0.7333638260869566
grid_04836,0.6950481739130435
grid_04837,0.7488095652173914
grid_04838,0.6565761739130436
grid_04839,0.6166961739130435
grid_04840,0.6786024637681158
grid_04841,0.7406620869565217
grid_04842,0.6017005797101451
grid_04843,0.6221478260869565
grid_04844,0.6278779130434784
grid_04845,0.6050300869565217
grid_04846,0.7320180869565217
grid_04847,0.6642744927536232
grid_04848,0.7214186086956522
grid_04849,0.7292612173913042
grid_04850,0.7017369565217392
grid_04851,0.6810168695652175
grid_04852,0.693275652173913
grid_04853,0.6760013913043479
grid_04854,0.683928
grid_04855,0.7013344347826088
grid_04856,0.7072311304347828
grid_04857,0.7091673913043479
grid_04858,0.674480579710145
grid_04859,0.6152859130434782
grid_04860,0.640884347826087
grid_04861,0.6419139130434783
grid_04862,0.6845615652173913
grid_04863,0.7308146376811594
grid_04864,0.6265186956521741
grid_04865,0.6961733913043479
grid_04866,0.629464347826087
grid_04867,0.6687544347826087
grid_04868,0.7079078260869565
grid_04869,0.711525043478261
grid_04870,0.6466417391304347
grid_04871,0.659392347826087
grid_04872,0.6273394782608696
grid_04873,0.7167648695652175
grid_04874,0.6661982608695652
grid_04875,0.6945429565217393
grid_04876,0.6771715942028984
grid_04877,0.6737589565217391
grid_04878,0.6567744347826089
grid_04879,0.7189739130434784
grid_04880,0.7243085403726707
grid_04881,0.6741027536231883
grid_04882,0.6510189565217391
grid_04883,0.6774118260869565
grid_04884,0.6790770614692654
grid_04885,0.6905234782608697
grid_04886,0.7129080000000001
grid_04887,0.6534692173913044
grid_04888,0.6516288695652175
grid_04889,0.6821492173913043
grid_04890,0.6969892173913044
grid_04891,0.6874972173913045
grid_04892,0.708536120401338
grid_04893,0.6315095652173913
grid_04894,0.6593528695652173
grid_04895,0.6397231304347827
grid_04896,0.6599895652173914
grid_04897,0.6489406956521739
grid_04898,0.7050270903010034
grid_04899,0.6899516521739131
grid_04900,0.6644755754475704
grid_04901,0.6409857391304348
grid_04902,0.6049991304347827
grid_04903,0.7140281739130435
grid_04904,0.6616570434782608
grid_04905,0.7026617391304348
grid_04906,0.6768314782608696
grid_04907,0.6952079710144928
grid_04908,0.6784553043478262
grid_04909,0.6117088695652174
grid_04910,0.6254998550724638
grid_04911,0.7162078260869564
grid_04912,0.6994391304347826
grid_04913,0.6618575652173913
grid_04914,0.6951996521739132
grid_04915,0.635822463768116
grid_04916,0.6504396521739131
grid_04917,0.6107471304347827
grid_04918,0.46056695652173907
grid_04919,0.4650801739130435
grid_04920,0.5615615708274896
grid_04921,0.7043923188405797
grid_04922,0.4962775652173913
grid_04923,0.46319443478260874
grid_04924,0.6641427826086956
grid_04925,0.5052318260869566
grid_04926,0.5872015652173913
grid_04927,0.6221132173913044
grid_04928,0.5336812173913044
grid_04929,0.5555107946026986
grid_04930,0.5802584347826086
grid_04931,0.6275890434782609
grid_04932,0.5528299130434783
grid_04933,0.5463066086956523
grid_04934,0.5671195652173913
grid_04935,0.5778344720496895
grid_04936,0.5612780869565218
grid_04937,0.5733285217391305
grid_04938,0.6654553043478262
grid_04939,0.5940949565217392
grid_04940,0.686044
grid_04941,0.6345446956521739
grid_04942,0.6271989565217392
grid_04943,0.638853768115942
grid_04944,0.6002314782608696
grid_04945,0.6067048136645962
grid_04946,0.6458904347826088
grid_04947,0.6464259130434783
grid_04948,0.5452802898550726
grid_04949,0.5728994782608696
grid_04950,0.5629663879598662
grid_04951,0.5724979710144927
grid_04952,0.5656666149068322
grid_04953,0.5704542608695653
grid_04954,0.5585802795031056
grid_04955,0.580369420289855
grid_04956,0.5729285217391304
grid_04957,0.544249175412294
grid_04958,0.5103633043478262
grid_04959,0.6858734782608696
grid_04960,0.5085212173913044
grid_04961,0.6432947826086957
grid_04962,0.7222231304347828
grid_04963,0.7156031304347826
grid_04964,0.6635370314842579
grid_04965,0.5077834138486312
grid_04966,0.6644238325281804
grid_04967,0.5728504347826088
grid_04968,0.6390918260869566
grid_04969,0.5933782608695652
grid_04970,0.6233211180124225
grid_04971,0.6001429565217391
grid_04972,0.6465707826086957
grid_04973,0.6285782608695653
grid_04974,0.6315947826086957
grid_04975,0.6093957971014492
grid_04976,0.5910885217391304
grid_04977,0.6360474782608696
grid_04978,0.5450775652173914
grid_04979,0.5392363929146539
grid_04980,0.5444037267080747
grid_04981,0.5436373590982286
grid_04982,0.5491031304347826
grid_04983,0.5800377811094453
grid_04984,0.5623455652173913
grid_04985,0.5474736231884059
grid_04986,0.5372716521739132
grid_04987,0.5414344720496895
grid_04988,0.7126871304347826
grid_04989,0.6683307826086957
grid_04990,0.5682052173913044
grid_04991,0.6141754782608696
grid_04992,0.6548690434782608
grid_04993,0.6447989855072465
grid_04994,0.6351532173913044
grid_04995,0.6259627536231884
grid_04996,0.5708550724637681
grid_04997,0.6104260869565218
grid_04998,0.5907314782608695
grid_04999,0.6444212173913043
grid_05000,0.6182139130434782
grid_05001,0.6424273043478261
grid_05002,0.6479158260869565
grid_05003,0.6137968695652174
grid_05004,0.6554991304347826
grid_05005,0.5985358260869565
grid_05006,0.656513043478261
grid_05007,0.617131304347826
grid_05008,0.6303441739130435
grid_05009,0.6685394782608696
grid_05010,0.584495304347826
grid_05011,0.7038806956521738
grid_05012,0.6042707246376812
grid_05013,0.6208591304347827
grid_05014,0.6601706086956523
grid_05015,0.6401869565217391
grid_05016,0.6565299130434782
grid_05017,0.6037346086956522
grid_05018,0.7761358260869566
grid_05019,0.7741221739130434
grid_05020,0.7388702608695652
grid_05021,0.8079383808095952
grid_05022,0.7597467826086957
grid_05023,0.7995514782608696
grid_05024,0.7518448160535117
grid_05025,0.7946615136876006
grid_05026,0.7958568695652174
grid_05027,0.7959811594202899
grid_05028,0.8040049275362319
grid_05029,0.6346014492753622
grid_05030,0.6157947826086957
grid_05031,0.7587007246376812
grid_05032,0.6506013913043479
grid_05033,0.660072695652174
grid_05034,0.7097361739130434
grid_05035,0.6600784347826089
grid_05036,0.6303878260869565
grid_05037,0.6403866666666668
grid_05038,0.7963763478260871
grid_05039,0.8077232919254659
grid_05040,0.7203111304347827
grid_05041,0.8106459866220738
grid_05042,0.6905604347826088
grid_05043,0.8055426086956523
grid_05044,0.7874734782608697
grid_05045,0.7585140869565218
grid_05046,0.7711192546583853
grid_05047,0.6542179710144927
grid_05048,0.6482402576489533
grid_05049,0.6024222608695653
grid_05050,0.6122852173913045
grid_05051,0.7138224347826087
grid_05052,0.6250692173913044
grid_05053,0.6240017391304348
grid_05054,0.6447921739130436
grid_05055,0.6305821739130437
grid_05056,0.6718772173913043
grid_05057,0.7780633043478261
grid_05058,0.6508412173913044
grid_05059,0.6821368695652175
grid_05060,0.6423177391304349
grid_05061,0.6631784347826088
grid_05062,0.6611848695652175
grid_05063,0.6383126956521739
grid_05064,0.6697698550724638
grid_05065,0.6226726956521739
grid_05066,0.6368353043478262
grid_05067,0.6650506086956522
grid_05068,0.7763226086956522
grid_05069,0.8007159420289854
grid_05070,0.6766753043478261
grid_05071,0.7932377391304348
grid_05072,0.7102731634182909
grid_05073,0.6977542608695653
grid_05074,0.5012130434782609
grid_05075,0.8076878260869566
grid_05076,0.6287810434782608
grid_05077,0.7255718944099379
grid_05078,0.6987808695652175
grid_05079,0.6147286956521739
grid_05080,0.6505410144927537
grid_05081,0.6232182608695652
grid_05082,0.655740347826087
grid_05083,0.7522026086956523
grid_05084,0.7590130434782608
grid_05085,0.7774940869565218
grid_05086,0.7065037681159422
grid_05087,0.6219817391304349
grid_05088,0.6479532608695653
grid_05089,0.6283495652173914
grid_05090,0.43507947826086957
grid_05091,0.6129657391304348
grid_05092,0.6477062608695653
grid_05093,0.6592192546583852
grid_05094,0.660339652173913
grid_05095,0.650016695652174
grid_05096,0.6359256521739132
grid_05097,0.6025554782608695
grid_05098,0.624331078904992
grid_05099,0.805894956521739
grid_05100,0.6836073043478261
grid_05101,0.5446048309178745
grid_05102,0.5738714782608696
grid_05103,0.7976289855072465
grid_05104,0.6299340869565218
grid_05105,0.7254193403298351
grid_05106,0.5958455652173914
grid_05107,0.8095020869565217
grid_05108,0.6793556521739131
grid_05109,0.637948347826087
grid_05110,0.7269195652173913
grid_05111,0.7592657608695652
grid_05112,0.744650114416476
grid_05113,0.723817391304348
grid_05114,0.6867111304347827
grid_05115,0.7561573913043479
grid_05116,0.7463008695652176
grid_05117,0.7141741200828158
grid_05118,0.726463768115942
grid_05119,0.7585500000000001
grid_05120,0.6638391304347826
grid_05121,0.6847608695652173
grid_05122,0.7097101449275364
grid_05123,0.6901347826086957
grid_05124,0.6819230434782607
grid_05125,0.6827913043478261
grid_05126,0.6650340869565219
grid_05127,0.639836789297659
grid_05128,0.7210855072463769
grid_05129,0.729706884057971
grid_05130,0.7034923076923078
grid_05131,0.7131985507246377
grid_05132,0.7385967391304348
grid_05133,0.7359510869565218
grid_05134,0.6918269565217392
grid_05135,0.7222407608695652
grid_05136,0.6863172173913044
grid_05137,0.6664553043478262
grid_05138,0.6121431304347827
grid_05139,0.6618304347826088
grid_05140,0.7389878260869566
grid_05141,0.6583782608695653
grid_05142,0.6791340869565217
grid_05143,0.6884575569358178
grid_05144,0.6603105860113423
grid_05145,0.732149391304348
grid_05146,0.1739626811594203
grid_05147,0.7224867826086958
grid_05148,0.744394254658385
grid_05149,0.7381170434782608
grid_05150,0.7644776811594204
grid_05151,0.7332072981366461
grid_05152,0.7159124437781111
grid_05153,0.7135666086956521
grid_05154,0.7452302608695653
grid_05155,0.7420015652173914
grid_05156,0.6957049919484701
grid_05157,0.7633095652173914
grid_05158,0.7477346153846155
grid_05159,0.6995616600790514
grid_05160,0.740261884057971
grid_05161,0.7553612173913044
grid_05162,0.7604481739130435
grid_05163,0.7726278260869566
grid_05164,0.7195986824769434
grid_05165,0.7717391304347827
grid_05166,0.7770544347826087
grid_05167,0.7656662608695654
grid_05168,0.43997644927536234
grid_05169,0.27664948616600793
grid_05170,0.5240460869565218
grid_05171,0.16695152569169963
grid_05172,0.6473572463768117
grid_05173,0.6337353043478262
grid_05174,0.628691304347826
grid_05175,0.39823486824769433
grid_05176,0.595171652173913
grid_05177,0.2114891936758894
grid_05178,0.6759387826086956
grid_05179,0.6970706521739131
grid_05180,0.655332463768116
grid_05181,0.6980521739130435
grid_05182,0.6908766956521739
grid_05183,0.6983231304347827
grid_05184,0.6404166956521739
grid_05185,0.641283652173913
grid_05186,0.7079612173913042
grid_05187,0.7151473913043478
grid_05188,0.22204922529644272
grid_05189,0.556856811594203
grid_05190,0.6641478260869565
grid_05191,0.6430047826086958
grid_05192,0.6175422608695652
grid_05193,0.23809161264822137
grid_05194,0.6526641739130434
grid_05195,0.666993391304348
grid_05196,0.27591286956521743
grid_05197,0.6346078260869565
grid_05198,0.6437619130434783
grid_05199,0.5467499130434783
grid_05200,0.4100747826086957
grid_05201,0.6157392753623188
grid_05202,0.5262137391304348
grid_05203,0.4770137391304348
grid_05204,0.6460040133779265
grid_05205,0.626036347826087
grid_05206,0.5910638260869565
grid_05207,0.6395716521739131
grid_05208,0.6656219001610305
grid_05209,0.6825502608695652
grid_05210,0.70022
grid_05211,0.6928250724637681
grid_05212,0.6635800000000001
grid_05213,0.6998690434782608
grid_05214,0.6381528695652174
grid_05215,0.7239123478260869
grid_05216,0.69678
grid_05217,0.6733740869565217
grid_05218,0.730933283358321
grid_05219,0.6877055652173913
grid_05220,0.6410339130434783
grid_05221,0.6924302608695654
grid_05222,0.7502291304347826
grid_05223,0.6375537391304348
grid_05224,0.6968514492753625
grid_05225,0.7243249597423511
grid_05226,0.7208540372670809
grid_05227,0.7052453913043479
grid_05228,0.6679932173913044
grid_05229,0.6797457391304347
grid_05230,0.6907020289855071
grid_05231,0.6642412173913044
grid_05232,0.6269067826086957
grid_05233,0.6340918260869566
grid_05234,0.6211674782608696
grid_05235,0.6359375652173913
grid_05236,0.6271966956521738
grid_05237,0.6403144347826086
grid_05238,0.6551779710144927
grid_05239,0.6324890434782608
grid_05240,0.6685154782608695
grid_05241,0.6305488695652174
grid_05242,0.6479685217391303
grid_05243,0.6490644927536232
grid_05244,0.6210775652173913
grid_05245,0.6466603478260871
grid_05246,0.6448062608695652
grid_05247,0.6137453913043478
grid_05248,0.7166906086956523
grid_05249,0.7016226086956522
grid_05250,0.6968604347826087
grid_05251,0.6871575652173914
grid_05252,0.6122464347826088
grid_05253,0.6882455652173912
grid_05254,0.6694653913043477
grid_05255,0.702140695652174
grid_05256,0.7187640000000002
grid_05257,0.7715580869565217
grid_05258,0.7238594782608696
grid_05259,0.6544335652173914
grid_05260,0.6390008695652175
grid_05261,0.6807904347826088
grid_05262,0.7053507826086955
grid_05263,0.7699055652173914
grid_05264,0.6789834782608696
grid_05265,0.654792347826087
grid_05266,0.6744481739130436
grid_05267,0.6816137681159422
grid_05268,0.6795226086956522
grid_05269,0.6922790372670808
grid_05270,0.7204114782608697
grid_05271,0.6816637681159421
grid_05272,0.7966940579710146
grid_05273,0.7337510144927537
grid_05274,0.7167549565217393
grid_05275,0.7450180869565216
grid_05276,0.7315751304347826
grid_05277,0.7074114782608696
grid_05278,0.6457937391304348
grid_05279,0.6874227536231886
grid_05280,0.6801339130434784
grid_05281,0.6219980869565217
grid_05282,0.695384
grid_05283,0.6263318260869566
grid_05284,0.6750191304347827
grid_05285,0.6377210434782609
grid_05286,0.6454984347826087
grid_05287,0.658061884057971
grid_05288,0.6627761739130434
grid_05289,0.6960970434782608
grid_05290,0.6562723478260871
grid_05291,0.6659230273752014
grid_05292,0.6631296851574213
grid_05293,0.7763224347826088
grid_05294,0.7915187826086957
grid_05295,0.6514066086956521
grid_05296,0.6298071304347826
grid_05297,0.7610107826086958
grid_05298,0.6332066086956522
grid_05299,0.668141739130435
grid_05300,0.6758819130434783
grid_05301,0.6324128695652175
grid_05302,0.6371525217391304
grid_05303,0.6630632683658171
grid_05304,0.6354380869565218
grid_05305,0.6589481739130436
grid_05306,0.6315012882447666
grid_05307,0.6652616747181964
grid_05308,0.7679189855072465
grid_05309,0.7979878260869566
grid_05310,0.7051092173913043
grid_05311,0.6443721739130436
grid_05312,0.7632853913043479
grid_05313,0.781088
grid_05314,0.7731335652173912
grid_05315,0.7842182608695651
grid_05316,0.7087387826086956
grid_05317,0.8103768633540372
grid_05318,0.49703228385807097
grid_05319,0.6639885217391304
grid_05320,0.6078248695652174
grid_05321,0.6145804347826088
grid_05322,0.5985104347826087
grid_05323,0.6788356521739131
grid_05324,0.6705594202898552
grid_05325,0.6486848695652175
grid_05326,0.6731869565217391
grid_05327,0.5809965217391305
grid_05328,0.4934001739130436
grid_05329,0.45584162055335975
grid_05330,0.6683012173913044
grid_05331,0.725969972826087
grid_05332,0.7817748447204969
grid_05333,0.7727570434782608
grid_05334,0.6367827826086957
grid_05335,0.6426871304347825
grid_05336,0.686904
grid_05337,0.719368115942029
grid_05338,0.7895382608695651
grid_05339,0.7965799689440995
grid_05340,0.6617777391304348
grid_05341,0.7769093913043479
grid_05342,0.8042273043478261
grid_05343,0.7872868115942031
grid_05344,0.8031587826086958
grid_05345,0.7459907826086956
grid_05346,0.7808900869565218
grid_05347,0.6682285507246377
grid_05348,0.6376354782608695
grid_05349,0.6607607246376811
grid_05350,0.6208873043478261
grid_05351,0.6563373913043479
grid_05352,0.6519072463768117
grid_05353,0.6418871304347826
grid_05354,0.6428675362318842
grid_05355,0.6379775652173914
grid_05356,0.6696300869565218
grid_05357,0.6484711304347826
grid_05358,0.7824040372670809
grid_05359,0.6806045217391303
grid_05360,0.6472998260869565
grid_05361,0.6898364548494984
grid_05362,0.5974222608695652
grid_05363,0.6493458770614694
grid_05364,0.6646166956521741
grid_05365,0.647344695652174
grid_05366,0.6615866086956521
grid_05367,0.6586691304347828
grid_05368,0.7826857391304348
grid_05369,0.6708815652173915
grid_05370,0.7318798260869567
grid_05371,0.6413486956521739
grid_05372,0.6529168695652173
grid_05373,0.6420098550724638
grid_05374,0.6394511304347826
grid_05375,0.690148695652174
grid_05376,0.6502022608695652
grid_05377,0.6540803542673109
grid_05378,0.6844968695652175
grid_05379,0.7636147826086956
grid_05380,0.7053829565217391
grid_05381,0.6772605217391306
grid_05382,0.6526506086956522
grid_05383,0.6516194782608694
grid_05384,0.6476375362318839
grid_05385,0.6748816425120773
grid_05386,0.8074888695652175
grid_05387,0.7638158260869566
grid_05388,0.669605043478261
grid_05389,0.6838935532233883
grid_05390,0.6888292173913042
grid_05391,0.6650561739130435
grid_05392,0.6813813913043479
grid_05393,0.7116043478260871
grid_05394,0.6884469565217392
grid_05395,0.7639818035426731
grid_05396,0.6994584707646179
grid_05397,0.6775502608695652
grid_05398,0.6594
grid_05399,0.6599788405797101
grid_05400,0.6560961739130435
grid_05401,0.6938653913043479
grid_05402,0.6824139130434784
grid_05403,0.6876104947526237
grid_05404,0.6753114782608695
grid_05405,0.6930387096774194
grid_05406,0.7028288695652175
grid_05407,0.7037543478260871
grid_05408,0.6292330434782609
grid_05409,0.6131859130434784
grid_05410,0.6334685217391304
grid_05411,0.6319196521739131
grid_05412,0.5907010434782609
grid_05413,0.6232434782608697
grid_05414,0.6281812173913043
grid_05415,0.632523188405797
grid_05416,0.6552605217391306
grid_05417,0.6346160000000001
grid_05418,0.5448229565217392
grid_05419,0.531464
grid_05420,0.604328
grid_05421,0.6244260869565217
grid_05422,0.6190010144927537
grid_05423,0.5956255652173913
grid_05424,0.6181737391304349
grid_05425,0.5584278260869565
grid_05426,0.5726810434782609
grid_05427,0.6268386086956522
grid_05428,0.561701043478261
grid_05429,0.5625899130434783
grid_05430,0.5125605217391305
grid_05431,0.5540220108695653
grid_05432,0.5707907826086958
grid_05433,0.5795702608695652
grid_05434,0.5711535652173914
grid_05435,0.547421578099839
grid_05436,0.5614899130434784
grid_05437,0.6084255652173913
grid_05438,0.6509994782608696
grid_05439,0.6449787439613526
grid_05440,0.6355518260869566
grid_05441,0.5453404186795491
grid_05442,0.7116829565217393
grid_05443,0.637621043478261
grid_05444,0.619447304347826
grid_05445,0.6070664167916042
grid_05446,0.6452998550724638
grid_05447,0.6387510144927536
grid_05448,0.6289830434782608
grid_05449,0.6284671304347826
grid_05450,0.6270685217391305
grid_05451,0.6400358260869566
grid_05452,0.6330307346326837
grid_05453,0.627799652173913
grid_05454,0.6428560386473431
grid_05455,0.6330944347826087
grid_05456,0.6325922038980509
grid_05457,0.6651886956521739
grid_05458,0.5699660079051384
grid_05459,0.5656554782608696
grid_05460,0.5832906086956522
grid_05461,0.5795914782608697
grid_05462,0.5545551304347827
grid_05463,0.5943421404682275
grid_05464,0.5989165217391305
grid_05465,0.608684695652174
grid_05466,0.5858658967391306
grid_05467,0.6144024347826087
grid_05468,0.6590554782608696
grid_05469,0.5918166956521739
grid_05470,0.6195709565217392
grid_05471,0.761359652173913
grid_05472,0.621120695652174
grid_05473,0.6679198550724638
grid_05474,0.646263188405797
grid_05475,0.5953012173913044
grid_05476,0.597532347826087
grid_05477,0.5854342608695653
grid_05478,0.6208729468599034
grid_05479,0.5944433043478261
grid_05480,0.6317222608695652
grid_05481,0.5919057391304349
grid_05482,0.6476706086956522
grid_05483,0.6339563768115941
grid_05484,0.6308529235382309
grid_05485,0.6210419130434783
grid_05486,0.6166116521739131
grid_05487,0.6564060869565218
grid_05488,0.6523659130434782
grid_05489,0.6308542028985507
grid_05490,0.6355716521739131
grid_05491,0.6267909565217392
grid_05492,0.6354626086956522
grid_05493,0.6569102608695653
grid_05494,0.6717285217391304
grid_05495,0.6245257391304349
grid_05496,0.6128895652173914
grid_05497,0.6063354782608696
grid_05498,0.6957747826086957
grid_05499,0.6187344347826087
grid_05500,0.6641575652173912
grid_05501,0.6745081739130434
grid_05502,0.6107201739130435
grid_05503,0.5921986086956523
grid_05504,0.6013177391304348
grid_05505,0.6719014492753624
grid_05506,0.6849444927536232
grid_05507,0.6818963210702341
grid_05508,0.6229384347826088
grid_05509,0.6104086956521739
grid_05510,0.6412240579710146
grid_05511,0.7257440000000002
grid_05512,0.691584
grid_05513,0.5863746086956522
grid_05514,0.6266749565217392
grid_05515,0.6080064347826087
grid_05516,0.6244533913043478
grid_05517,0.6413726956521739
grid_05518,0.7764535652173913
grid_05519,0.6453342995169082
grid_05520,0.7031565217391303
grid_05521,0.7279259130434784
grid_05522,0.7277520289855074
grid_05523,0.6898492173913044
grid_05524,0.7052695652173913
grid_05525,0.6396037481259371
grid_05526,0.7435944347826087
grid_05527,0.7059220869565219
grid_05528,0.6720356521739131
grid_05529,0.6851109565217393
grid_05530,0.6218008695652174
grid_05531,0.6337346376811596
grid_05532,0.6429427826086956
grid_05533,0.6757234782608695
grid_05534,0.680631304347826
grid_05535,0.6621675362318841
grid_05536,0.6745998260869563
grid_05537,0.6361763768115943
grid_05538,0.6301976811594202
grid_05539,0.6302332775919732
grid_05540,0.6303027826086957
grid_05541,0.5456161739130435
grid_05542,0.6657267826086957
grid_05543,0.5907695652173913
grid_05544,0.648218115942029
grid_05545,0.6567857571214392
grid_05546,0.6374673043478262
grid_05547,0.6499819130434783
grid_05548,0.6821815652173914
grid_05549,0.662352347826087
grid_05550,0.7030671014492753
grid_05551,0.673723652173913
grid_05552,0.6790403478260869
grid_05553,0.7421518260869565
grid_05554,0.6859248695652174
grid_05555,0.696100347826087
grid_05556,0.6689824347826088
grid_05557,0.6852791304347826
grid_05558,0.6584413913043479
grid_05559,0.5801556521739131
grid_05560,0.6584373913043479
grid_05561,0.6598026086956521
grid_05562,0.6078114492753622
grid_05563,0.6966695652173912
grid_05564,0.6947107826086956
grid_05565,0.6861357971014493
grid_05566,0.6039217391304348
grid_05567,0.6920982608695653
grid_05568,0.6437659130434784
grid_05569,0.7074746086956523
grid_05570,0.6772478260869567
grid_05571,0.6596205217391305
grid_05572,0.6614946086956521
grid_05573,0.6825423188405797
grid_05574,0.6300034782608696
grid_05575,0.6532852173913044
grid_05576,0.6770260869565218
grid_05577,0.6500213913043479
grid_05578,0.6358149565217391
grid_05579,0.6937542608695653
grid_05580,0.6131662608695653
grid_05581,0.6962655652173911
grid_05582,0.7002643478260868
grid_05583,0.7078266666666668
grid_05584,0.6540677661169417
grid_05585,0.684331652173913
grid_05586,0.6657198067632852
grid_05587,0.6863598260869566
grid_05588,0.6320191304347826
grid_05589,0.6490136231884058
grid_05590,0.5274932173913044
grid_05591,0.677508534621578
grid_05592,0.46156469565217395
grid_05593,0.6703327639751553
grid_05594,0.5235422608695652
grid_05595,0.6862165217391305
grid_05596,0.6580632850241547
grid_05597,0.548160347826087
grid_05598,0.6788386086956522
grid_05599,0.6944702898550725
grid_05600,0.7144526956521738
grid_05601,0.6711149565217392
grid_05602,0.6410765217391305
grid_05603,0.7177758260869566
grid_05604,0.6848078260869566
grid_05605,0.6897902608695652
grid_05606,0.7092128695652175
grid_05607,0.7400431304347826
grid_05608,0.5514568115942029
grid_05609,0.5774732173913044
grid_05610,0.5009890434782609
grid_05611,0.4052076521739131
grid_05612,0.5476053913043478
grid_05613,0.5589604347826088
grid_05614,0.5529709565217391
grid_05615,0.5514008695652174
grid_05616,0.5415375652173914
grid_05617,0.5700909565217391
grid_05618,0.5521994782608696
grid_05619,0.4980001739130436
grid_05620,0.5206306086956523
grid_05621,0.49250950080515304
grid_05622,0.4525078904991948
grid_05623,0.4976641739130435
grid_05624,0.47432898550724634
grid_05625,0.45265582608695654
grid_05626,0.49085304347826086
grid_05627,0.5057546086956521
grid_05628,0.5626344347826087
grid_05629,0.5682118840579711
grid_05630,0.5700191304347826
grid_05631,0.5570673043478261
grid_05632,0.5608879999999999
grid_05633,0.5424083478260869
grid_05634,0.5690186086956522
grid_05635,0.6715175412293855
grid_05636,0.5798760000000001
grid_05637,0.6301943639291466
grid_05638,0.481336
grid_05639,0.49158043478260866
grid_05640,0.5606674782608696
grid_05641,0.47511188405797095
grid_05642,0.5137551304347826
grid_05643,0.5463438260869565
grid_05644,0.5004262608695652
grid_05645,0.5300942546583851
grid_05646,0.5745557165861513
grid_05647,0.5544817391304349
grid_05648,0.27971250000000003
grid_05649,0.482616388352145
grid_05650,0.5120703125
grid_05651,0.633195246162114
grid_05652,0.4364428571428572
grid_05653,0.5525257715813597
grid_05654,0.5388718623223633
grid_05655,0.6191191462450593
grid_05656,0.6504992780865207
grid_05657,0.2889405462184874
grid_05658,0.5148062680449985
grid_05659,0.589235652173913
grid_05660,0.553752790513834
grid_05661,0.5704414651954326
grid_05662,0.5916198260869565
grid_05663,0.5456398550724638
grid_05664,0.5898881739130435
grid_05665,0.6346090434782609
grid_05666,0.682314972332016
grid_05667,0.549071884057971
grid_05668,0.5452293913043478
grid_05669,0.5691547826086957
grid_05670,0.5757584347826087
grid_05671,0.7077972173913044
grid_05672,0.7388219130434783
grid_05673,0.5786460869565218
grid_05674,0.6363862318840581
grid_05675,0.6145459130434783
grid_05676,0.6250968695652175
grid_05677,0.7310100869565217
grid_05678,0.48203173913043484
grid_05679,0.528528347826087
grid_05680,0.5506312111801241
grid_05681,0.5598606956521739
grid_05682,0.5572161030595814
grid_05683,0.5677702608695653
grid_05684,0.5569203478260869
grid_05685,0.5532505247376313
grid_05686,0.5269973913043479
grid_05687,0.5459985507246377
grid_05688,0.6535299130434783
grid_05689,0.6704968695652176
grid_05690,0.6232572173913042
grid_05691,0.5523751304347826
grid_05692,0.5833678260869565
grid_05693,0.5586462608695651
grid_05694,0.6119547826086957
grid_05695,0.5553947826086957
grid_05696,0.6120218890554723
grid_05697,0.5739445217391305
grid_05698,0.5225971571906355
grid_05699,0.6250462608695652
grid_05700,0.5431740869565218
grid_05701,0.5122601739130436
grid_05702,0.5446674782608696
grid_05703,0.47914434782608695
grid_05704,0.581416231884058
grid_05705,0.5741691815856779
grid_05706,0.5043615652173914
grid_05707,0.6964093913043479
grid_05708,0.6438213043478261
grid_05709,0.4545230815659661
grid_05710,0.6062167092038396
grid_05711,0.4754857616339794
grid_05712,0.6001088695652175
grid_05713,0.6382485217391305
grid_05714,0.6213507246376812
grid_05715,0.5784210285980005
grid_05716,0.5861335652173912
grid_05717,0.443956544834308
grid_05718,0.2454888888888889
grid_05719,0.28096388888888885
grid_05720,0.44204025456025453
grid_05721,0.4003828282828283
grid_05722,0.48022137157740136
grid_05723,0.49585822468308455
grid_05724,0.481757708025819
grid_05725,0.4593121739130436
grid_05726,0.5330943729320119
grid_05727,0.4276969454796412
grid_05728,0.5591337391304347
grid_05729,0.5985096618357488
grid_05730,0.6230659130434782
grid_05731,0.5083021114991617
grid_05732,0.5904483478260869
grid_05733,0.5679328695652175
grid_05734,0.5004263525414328
grid_05735,0.5646067826086957
grid_05736,0.6011222608695652
grid_05737,0.5597442028985509
grid_05738,0.5380532173913044
grid_05739,0.5832634782608696
grid_05740,0.6053873043478262
grid_05741,0.569502508361204
grid_05742,0.5630742608695652
grid_05743,0.5769620869565217
grid_05744,0.5427986956521739
grid_05745,0.4483544347826087
grid_05746,0.5948217391304348
grid_05747,0.5346318260869566
grid_05748,0.5161973841241957
grid_05749,0.33514000000000005
grid_05750,0.17116834782608695
grid_05751,0.5205775652173914
grid_05752,0.4126730434782609
grid_05753,0.34386086956521744
grid_05754,0.1916744347826087
grid_05755,0.5859881739130435
grid_05756,0.36422507246376806
grid_05757,0.5869073043478261
grid_05758,0.36169861538461545
grid_05759,0.4752332109747613
grid_05760,0.4205991195344949
grid_05761,0.5191740314381271
grid_05762,0.6137968598221898
grid_05763,0.37882478070175435
grid_05764,0.5594333420959398
grid_05765,0.5331745464513556
grid_05766,0.6509881739130435
grid_05767,0.5606330434782609
grid_05768,0.5557558260869565
grid_05769,0.6011394782608696
grid_05770,0.5610704347826087
grid_05771,0.6018693913043479
grid_05772,0.42665600000000004
grid_05773,0.6008107826086957
grid_05774,0.5485155072463769
grid_05775,0.5403118260869566
grid_05776,0.5092474782608696
grid_05777,0.41323318840579704
grid_05778,0.26471516996047434
grid_05779,0.17857238735177866
grid_05780,0.29848382608695656
grid_05781,0.5508765217391305
grid_05782,0.4272423188405798
grid_05783,0.5560177391304348
grid_05784,0.3246641739130435
grid_05785,0.5364024347826087
grid_05786,0.5560066086956522
grid_05787,0.5643950724637682
grid_05788,0.4786721739130435
grid_05789,0.5614326956521739
grid_05790,0.6569899130434783
grid_05791,0.6046349565217392
grid_05792,0.4956652173913043
grid_05793,0.5536401799100451
grid_05794,0.5484577391304348
grid_05795,0.560447652173913
grid_05796,0.582171304347826
grid_05797,0.5106827826086957
grid_05798,0.47231008695652177
grid_05799,0.5672270889952153
grid_05800,0.4645782631227797
grid_05801,0.5575276877470355
grid_05802,0.5654973913043478
grid_05803,0.45795069053708454
grid_05804,0.6077307826086957
grid_05805,0.49214591304347827
grid_05806,0.4857666666666666
grid_05807,0.6334043478260869
grid_05808,0.4424766775599129
grid_05809,0.6122933310599603
grid_05810,0.4559303503430358
grid_05811,0.4990423348889802
grid_05812,0.506199304347826
grid_05813,0.6024770049689442
grid_05814,0.4436144444444444
grid_05815,0.38482330434782613
grid_05816,0.5300349275362319
grid_05817,0.4667913734724149
grid_05818,0.46928052173913043
grid_05819,0.4341281803542672
grid_05820,0.544346231884058
grid_05821,0.5937580869565218
grid_05822,0.5315568695652175
grid_05823,0.5071601739130435
grid_05824,0.5635867826086957
grid_05825,0.5618937391304348
grid_05826,0.5741450434782609
grid_05827,0.551890579710145
grid_05828,0.5398453913043478
grid_05829,0.5420903010033445
grid_05830,0.5400569565217392
grid_05831,0.5121349565217391
grid_05832,0.5236580869565217
grid_05833,0.5359822608695652
grid_05834,0.5210956521739131
grid_05835,0.4282593043478261
grid_05836,0.5720092173913044
grid_05837,0.42676817391304345
grid_05838,0.4612004658385094
grid_05839,0.6215252173913044
grid_05840,0.3556471304347827
grid_05841,0.2863794782608696
grid_05842,0.4859553623188405
grid_05843,0.29182156521739133
grid_05844,0.31183826086956523
grid_05845,0.31871826086956523
grid_05846,0.5627772173913044
grid_05847,0.40625965217391313
grid_05848,0.5820975652173914
grid_05849,0.5516248695652174
grid_05850,0.5507019130434783
grid_05851,0.5407897391304348
grid_05852,0.5462193043478262
grid_05853,0.5707820869565218
grid_05854,0.5580989855072466
grid_05855,0.6011775652173913
grid_05856,0.5576947826086956
grid_05857,0.5254052173913043
grid_05858,0.5886911594202899
grid_05859,0.5782526956521739
grid_05860,0.5533017391304348
grid_05861,0.6774045217391305
grid_05862,0.5568814492753623
grid_05863,0.4297062608695652
grid_05864,0.6429393043478261
grid_05865,0.5497542608695652
grid_05866,0.5731504347826087
grid_05867,0.4892357971014494
grid_05868,0.5531820869565217
grid_05869,0.5756841739130434
grid_05870,0.5686356521739131
grid_05871,0.5948012173913043
grid_05872,0.5825650434782609
grid_05873,0.5543747826086957
grid_05874,0.6060169254658385
grid_05875,0.5786641304347826
grid_05876,0.49796591304347826
grid_05877,0.5290540869565218
grid_05878,0.4078027826086956
grid_05879,0.4706147826086957
grid_05880,0.5068292753623189
grid_05881,0.4262313043478261
grid_05882,0.583931652173913
grid_05883,0.5230507826086956
grid_05884,0.6049165217391305
grid_05885,0.43937547826086965
grid_05886,0.592404347826087
grid_05887,0.6767127329192547
grid_05888,0.6124553043478261
grid_05889,0.726964695652174
grid_05890,0.5450034782608696
grid_05891,0.5837525217391305
grid_05892,0.580552508361204
grid_05893,0.678681391304348
grid_05894,0.6973060869565216
grid_05895,0.6256862608695652
grid_05896,0.6330366956521739
grid_05897,0.6608314782608695
grid_05898,0.5305366956521739
grid_05899,0.5273660869565218
grid_05900,0.5948147826086956
grid_05901,0.6152879227053141
grid_05902,0.6415532173913044
grid_05903,0.5501429565217392
grid_05904,0.5327714782608696
grid_05905,0.5272031304347826
grid_05906,0.5004292173913043
grid_05907,0.533400579710145
grid_05908,0.3964596296296296
grid_05909,0.4546328695652174
grid_05910,0.4552607246376812
grid_05911,0.29251458080876064
grid_05912,0.21906687908496733
grid_05913,0.42392057971014496
grid_05914,0.51921
grid_05915,0.573296
grid_05916,0.4999344688499906
grid_05917,0.5114605275974026
grid_05918,0.5182660869565219
grid_05919,0.5195657391304348
grid_05920,0.45367391304347826
grid_05921,0.5729376991118509
grid_05922,0.5974545366459627
grid_05923,0.5052813043478261
grid_05924,0.6258917929606626
grid_05925,0.5909471304347826
grid_05926,0.468079933110368
grid_05927,0.6406337391304348
grid_05928,0.4537113740079365
grid_05929,0.5798743565849703
grid_05930,0.1809
grid_05931,0.37411778441404114
grid_05932,0.47088955678670363
grid_05933,0.6492744601325979
grid_05934,0.6108846004782941
grid_05935,0.3085004761904762
grid_05936,0.6435743002837205
grid_05937,0.6819027173913044
grid_05938,0.6531693913043479
grid_05939,0.5891605217391305
grid_05940,0.4389095652173914
grid_05941,0.6511601739130435
grid_05942,0.4876690434782609
grid_05943,0.6614775652173914
grid_05944,0.4028894202898551
grid_05945,0.6421935652173915
grid_05946,0.5086518260869566
grid_05947,0.6437829565217392
grid_05948,0.4993193043478261
grid_05949,0.6200737391304348
grid_05950,0.5093175652173914
grid_05951,0.3362505797101448
grid_05952,0.5067401739130435
grid_05953,0.3553813664596274
grid_05954,0.4075667826086956
grid_05955,0.3862238260869566
grid_05956,0.5068135652173914
grid_05957,0.39424096989966545
grid_05958,0.4705136226948343
grid_05959,0.5845210590111644
grid_05960,0.5629379497929606
grid_05961,0.6061125217391304
grid_05962,0.596812463768116
grid_05963,0.6497122670807453
grid_05964,0.5101019323671498
grid_05965,0.4296021739130435
grid_05966,0.5274581320450886
grid_05967,0.24495636645962734
grid_05968,0.44755555555555554
grid_05969,0.4587840669623828
grid_05970,0.5316183519668738
grid_05971,0.3876712188375351
grid_05972,0.3194975652173913
grid_05973,0.26986764905262806
grid_05974,0.30518571751309215
grid_05975,0.26890756843800323
grid_05976,0.33045359789323286
grid_05977,0.20088069327731095
grid_05978,0.4598730434782609
grid_05979,0.3349579130434783
grid_05980,0.3223246956521739
grid_05981,0.4297370434782609
grid_05982,0.2851555072463768
grid_05983,0.46388347826086956
grid_05984,0.34150765217391305
grid_05985,0.29078921739130437
grid_05986,0.4065726956521739
grid_05987,0.3385211594202898
grid_05988,0.39822521739130434
grid_05989,0.33644069565217394
grid_05990,0.2204990338164252
grid_05991,0.18875843478260873
grid_05992,0.33988313043478263
grid_05993,0.306196347826087
grid_05994,0.4290968695652175
grid_05995,0.3142587826086957
grid_05996,0.39655234782608695
grid_05997,0.40898330434782615
grid_05998,0.3422807246376812
grid_05999,0.3297836956521739
grid_06000,0.3719031815856777
grid_06001,0.38050122734238623
grid_06002,0.31948884057971016
grid_06003,0.43292893553223394
grid_06004,0.42837882187938287
grid_06005,0.3875506086956522
grid_06006,0.4151845051759835
grid_06007,0.47595391304347834
grid_06008,0.5173459130434783
grid_06009,0.5953699130434784
grid_06010,0.6660913043478259
grid_06011,0.6351307826086958
grid_06012,0.6621404347826086
grid_06013,0.6517805217391305
grid_06014,0.6914438260869566
grid_06015,0.6516758260869565
grid_06016,0.5384800000000001
grid_06017,0.5271369113390636
grid_06018,0.6354259316770187
grid_06019,0.5018123478260869
grid_06020,0.6677107826086958
grid_06021,0.6444255652173914
grid_06022,0.5248354782608696
grid_06023,0.45892139130434784
grid_06024,0.5943933333333333
grid_06025,0.6648426731078905
grid_06026,0.4920615652173913
grid_06027,0.6113801739130436
grid_06028,0.6235092753623187
grid_06029,0.6521443478260871
grid_06030,0.6603125217391305
grid_06031,0.70262
grid_06032,0.7005434782608696
grid_06033,0.6334419130434783
grid_06034,0.4189901888779921
grid_06035,0.6393015652173912
grid_06036,0.6579714782608697
grid_06037,0.7155508695652173
grid_06038,0.7267315619967796
grid_06039,0.6913401739130436
grid_06040,0.6159396521739131
grid_06041,0.5517913043478261
grid_06042,0.6422920000000001
grid_06043,0.5490165217391305
grid_06044,0.6747478260869566
grid_06045,0.7037727536231885
grid_06046,0.6464387826086956
grid_06047,0.617200695652174
grid_06048,0.6240507826086957
grid_06049,0.6889673043478262
grid_06050,0.49960365217391306
grid_06051,0.4544888695652174
grid_06052,0.2960120184453228
grid_06053,0.571544
grid_06054,0.5801824347826088
grid_06055,0.39631217391304346
grid_06056,0.35945895652173915
grid_06057,0.5281854981600109
grid_06058,0.1252081837036597
grid_06059,0.5070304031620554
grid_06060,0.644253043478261
grid_06061,0.7034971014492754
grid_06062,0.5184502589734474
grid_06063,0.6014586086956522
grid_06064,0.5611020869565219
grid_06065,0.6576584707646177
grid_06066,0.4908424347826088
grid_06067,0.5519913043478261
grid_06068,0.3220551304347826
grid_06069,0.5257361739130435
grid_06070,0.49772904347826086
grid_06071,0.36642382608695656
grid_06072,0.338465652173913
grid_06073,0.393136347826087
grid_06074,0.40820852173913047
grid_06075,0.41053200000000006
grid_06076,0.5034393043478261
grid_06077,0.48501843478260875
grid_06078,0.5881107826086956
grid_06079,0.5279644927536232
grid_06080,0.566092347826087
grid_06081,0.5065194202898551
grid_06082,0.6402359420289854
grid_06083,0.6203332173913044
grid_06084,0.5841845217391305
grid_06085,0.5234507246376812
grid_06086,0.561562956521739
grid_06087,0.5699608695652174
grid_06088,0.43575165217391304
grid_06089,0.5156017391304347
grid_06090,0.41553217391304353
grid_06091,0.45053165217391306
grid_06092,0.4882573913043478
grid_06093,0.5109656521739131
grid_06094,0.49242382608695656
grid_06095,0.5055533913043478
grid_06096,0.5285885217391305
grid_06097,0.5571954782608696
grid_06098,0.5677867826086956
grid_06099,0.5811262608695653
grid_06100,0.5681234782608696
grid_06101,0.5848684057971014
grid_06102,0.5311123478260871
grid_06103,0.5558078260869566
grid_06104,0.5283382608695653
grid_06105,0.5711758260869566
grid_06106,0.5433917701863354
grid_06107,0.5671043478260869
grid_06108,0.6718595202398802
grid_06109,0.45935339130434777
grid_06110,0.5007702608695653
grid_06111,0.5579389565217392
grid_06112,0.6438463768115942
grid_06113,0.7635151304347826
grid_06114,0.480972
grid_06115,0.5781013913043478
grid_06116,0.58312
grid_06117,0.7795794782608696
grid_06118,0.5824808695652174
grid_06119,0.4459491304347827
grid_06120,0.5276133913043479
grid_06121,0.5381349565217391
grid_06122,0.6929142608695653
grid_06123,0.4913776811594204
grid_06124,0.5564787826086957
grid_06125,0.5507215719063545
grid_06126,0.5471692173913043
grid_06127,0.617203652173913
grid_06128,0.5234114782608696
grid_06129,0.7193292753623189
grid_06130,0.5442951304347826
grid_06131,0.5310608695652175
grid_06132,0.5251401739130436
grid_06133,0.6584643478260869
grid_06134,0.39967965217391305
grid_06135,0.5629913043478261
grid_06136,0.7651667826086956
grid_06137,0.5776986086956523
grid_06138,0.7329067826086957
grid_06139,0.60024
grid_06140,0.5556142028985508
grid_06141,0.5632015652173914
grid_06142,0.7270081739130434
grid_06143,0.5483775652173912
grid_06144,0.6123380869565217
grid_06145,0.5845182608695654
grid_06146,0.5507697391304348
grid_06147,0.6101462608695651
grid_06148,0.5381318260869565
grid_06149,0.5686035117056857
grid_06150,0.569148347826087
grid_06151,0.5268988727858294
grid_06152,0.5714053623188406
grid_06153,0.7065457391304348
grid_06154,0.5611153043478262
grid_06155,0.6107285217391305
grid_06156,0.5865487577639751
grid_06157,0.6778191304347827
grid_06158,0.7331587826086957
grid_06159,0.5759288695652174
grid_06160,0.5892154782608696
grid_06161,0.6015676811594203
grid_06162,0.3542557312252965
grid_06163,0.5995970434782608
grid_06164,0.5438474782608695
grid_06165,0.4868312785041046
grid_06166,0.7200147826086958
grid_06167,0.14502664596273293
grid_06168,0.5887373913043479
grid_06169,0.6099673043478261
grid_06170,0.6071020869565218
grid_06171,0.5604531400966184
grid_06172,0.5872186795491143
grid_06173,0.5869396521739131
grid_06174,0.5869928695652175
grid_06175,0.5860069565217391
grid_06176,0.5775318260869566
grid_06177,0.6253000000000001
grid_06178,0.6651092173913044
grid_06179,0.606592
grid_06180,0.6349656521739132
grid_06181,0.6779013913043478
grid_06182,0.6723473043478261
grid_06183,0.5975511304347826
grid_06184,0.5908194202898552
grid_06185,0.5963739130434783
grid_06186,0.7147655652173914
grid_06187,0.7226264347826087
grid_06188,0.49759222924901186
grid_06189,0.48109580237154154
grid_06190,0.6084939130434782
grid_06191,0.5938394782608696
grid_06192,0.1780426996674823
grid_06193,0.4115166956521739
grid_06194,0.599088
grid_06195,0.552292
grid_06196,0.5800648695652174
grid_06197,0.45252405797101447
grid_06198,0.5658919254658386
grid_06199,0.5738860869565218
grid_06200,0.6217488695652175
grid_06201,0.5647192753623188
grid_06202,0.5794320289855073
grid_06203,0.5663701863354038
grid_06204,0.6110756521739131
grid_06205,0.550570692431562
grid_06206,0.6371584347826088
grid_06207,0.5724678260869566
grid_06208,0.4150340869565218
grid_06209,0.5452671304347827
grid_06210,0.49934452173913046
grid_06211,0.3890100000000001
grid_06212,0.3641333913043479
grid_06213,0.4206770434782608
grid_06214,0.5820086956521741
grid_06215,0.47945817091454274
grid_06216,0.5029331723027375
grid_06217,0.4163886956521739
grid_06218,0.5911424347826087
grid_06219,0.5210386086956522
grid_06220,0.5879165217391304
grid_06221,0.536652347826087
grid_06222,0.5819863768115942
grid_06223,0.4293820869565218
grid_06224,0.49433202898550727
grid_06225,0.48324086956521745
grid_06226,0.43763982608695656
grid_06227,0.540160695652174
grid_06228,0.47437843478260866
grid_06229,0.42469391304347837
grid_06230,0.4742660869565217
grid_06231,0.4255191304347827
grid_06232,0.38023513043478263
grid_06233,0.4202045217391304
grid_06234,0.5394904347826087
grid_06235,0.6059163478260869
grid_06236,0.5284295652173914
grid_06237,0.6982391304347827
grid_06238,0.3404401739130435
grid_06239,0.3369277950310559
grid_06240,0.37045826086956524
grid_06241,0.5841092753623188
grid_06242,0.3388836521739131
grid_06243,0.46020822981366466
grid_06244,0.3746659130434783
grid_06245,0.7158194202898552
grid_06246,0.6068761674718196
grid_06247,0.5635212173913043
grid_06248,0.4971718260869566
grid_06249,0.6125614492753624
grid_06250,0.5162248695652175
grid_06251,0.6334979130434784
grid_06252,0.563924
grid_06253,0.7393611916264091
grid_06254,0.7157326956521739
grid_06255,0.5251946086956523
grid_06256,0.6833041979010496
grid_06257,0.5524144347826088
grid_06258,0.679929933110368
grid_06259,0.7082119565217392
grid_06260,0.5926078260869566
grid_06261,0.6340330745341615
grid_06262,0.6552120000000001
grid_06263,0.5906824476650564
grid_06264,0.5022185185185185
grid_06265,0.641888
grid_06266,0.6211577391304348
grid_06267,0.7346774844720498
grid_06268,0.6617401739130435
grid_06269,0.5056502608695652
grid_06270,0.6248483478260869
grid_06271,0.5524306086956522
grid_06272,0.5560210144927535
grid_06273,0.5329662608695652
grid_06274,0.5508946376811594
grid_06275,0.5308448695652175
grid_06276,0.6171885217391304
grid_06277,0.6293139130434783
grid_06278,0.7373328695652174
grid_06279,0.7488996521739131
grid_06280,0.7353532608695653
grid_06281,0.7562445217391304
grid_06282,0.6565378260869567
grid_06283,0.7503947826086957
grid_06284,0.6678384347826086
grid_06285,0.6948142608695653
grid_06286,0.6831968115942029
grid_06287,0.7221586086956523
grid_06288,0.7636250434782609
grid_06289,0.7351994782608697
grid_06290,0.7357495652173914
grid_06291,0.7784384863123994
grid_06292,0.7766820869565219
grid_06293,0.7807540869565217
grid_06294,0.7737594782608697
grid_06295,0.7607324534161491
grid_06296,0.7405601739130435
grid_06297,0.7897631304347827
grid_06298,0.5240573913043478
grid_06299,0.5587509565217391
grid_06300,0.6531620289855073
grid_06301,0.6650827826086957
grid_06302,0.6544288695652175
grid_06303,0.5390047976011993
grid_06304,0.671272624798712
grid_06305,0.45855234782608695
grid_06306,0.6789692173913044
grid_06307,0.7317619130434785
grid_06308,0.21831011904761902
grid_06309,0.3358276490705932
grid_06310,0.3093406141774892
grid_06311,0.5002652474664924
grid_06312,0.38112953455498655
grid_06313,0.3314753151256287
grid_06314,0.4408256093757632
grid_06315,0.3957346086956522
grid_06316,0.4103366666666667
grid_06317,0.40384285714285717
grid_06318,0.36065634782608696
grid_06319,0.35015929815480734
grid_06320,0.5995534762532154
grid_06321,0.5725223188405798
grid_06322,0.4105281585603938
grid_06323,0.5719125217391304
grid_06324,0.5949785953177258
grid_06325,0.5634702210784902
grid_06326,0.5906742028985509
grid_06327,0.6799685612648222
grid_06328,0.363558
grid_06329,0.3997757023758936
grid_06330,0.3543235294117647
grid_06331,0.45581911042840967
grid_06332,0.5132920519095927
grid_06333,0.4373541616383049
grid_06334,0.26881260504201687
grid_06335,0.4534040165631471
grid_06336,0.5531805797101451
grid_06337,0.4410148148148148
grid_06338,0.6752267826086957
grid_06339,0.58994
grid_06340,0.7151754782608697
grid_06341,0.669960889591568
grid_06342,0.7514662608695653
grid_06343,0.7645984057971014
grid_06344,0.7300003478260869
grid_06345,0.659920347826087
grid_06346,0.7696784347826088
grid_06347,0.7723593043478261
grid_06348,0.7832410326086957
grid_06349,0.679408695652174
grid_06350,0.7092521739130434
grid_06351,0.7950443197755961
grid_06352,0.7848175652173914
grid_06353,0.5252410434782608
grid_06354,0.49374400000000007
grid_06355,0.7439077639751552
grid_06356,0.6925791304347826
grid_06357,0.44085878260869565
grid_06358,0.49611773913043483
grid_06359,0.5302822069846088
grid_06360,0.4503224508240298
grid_06361,0.522324414715719
grid_06362,0.4145
grid_06363,0.6322740579710145
grid_06364,0.5166157136583224
grid_06365,0.6051173201581027
grid_06366,0.567164
grid_06367,0.48329376811594205
grid_06368,0.5580356317711275
grid_06369,0.39532033943554534
grid_06370,0.48758768115942036
grid_06371,0.5319034782608696
grid_06372,0.5595761739130435
grid_06373,0.6287420869565217
grid_06374,0.5602644287220027
grid_06375,0.604739652173913
grid_06376,0.47498014492753615
grid_06377,0.5558010434782609
grid_06378,0.6867128762541808
grid_06379,0.5534198067632851
grid_06380,0.46216434782608695
grid_06381,0.44674800000000003
grid_06382,0.5108038260869564
grid_06383,0.6238533913043479
grid_06384,0.4670833043478261
grid_06385,0.5671198757763977
grid_06386,0.6295937391304348
grid_06387,0.5560384863123993
grid_06388,0.32430500000000007
grid_06389,0.4189324426851977
grid_06390,0.546607755824738
grid_06391,0.3244441025641026
grid_06392,0.5409859823392662
grid_06393,0.31418024886877827
grid_06394,0.4498244681656989
grid_06395,0.4293221863354038
grid_06396,0.31690666666666667
grid_06397,0.280175
grid_06398,0.6683937391304349
grid_06399,0.6751481739130435
grid_06400,0.6709297391304347
grid_06401,0.5602109445277361
grid_06402,0.6436005217391303
grid_06403,0.6261177391304349
grid_06404,0.653101610305958
grid_06405,0.6513540869565217
grid_06406,0.6237314782608696
grid_06407,0.5943182608695652
grid_06408,0.6167488755622191
grid_06409,0.6928005217391305
grid_06410,0.6830170692431561
grid_06411,0.7335704347826087
grid_06412,0.737876695652174
grid_06413,0.6136766956521739
grid_06414,0.6334405217391305
grid_06415,0.6568660869565218
grid_06416,0.6621302608695652
grid_06417,0.7011318260869566
grid_06418,0.5695346086956522
grid_06419,0.5504248695652174
grid_06420,0.5260396521739131
grid_06421,0.49770834782608697
grid_06422,0.5943474782608696
grid_06423,0.6007761739130435
grid_06424,0.5940718196457327
grid_06425,0.5094728695652173
grid_06426,0.5824452773613195
grid_06427,0.5798314492753623
grid_06428,0.6046772173913044
grid_06429,0.588272
grid_06430,0.6203775652173913
grid_06431,0.6244643478260871
grid_06432,0.615248347826087
grid_06433,0.6244241106719368
grid_06434,0.5821213913043478
grid_06435,0.6034182274247492
grid_06436,0.6585420869565217
grid_06437,0.6163692173913042
grid_06438,0.6159309565217392
grid_06439,0.6436404347826088
grid_06440,0.6206648695652174
grid_06441,0.7188549565217391
grid_06442,0.6656142608695653
grid_06443,0.6507855652173913
grid_06444,0.616960347826087
grid_06445,0.6259071014492754
grid_06446,0.6529401739130435
grid_06447,0.6879460869565218
grid_06448,0.564248347826087
grid_06449,0.6547724637681159
grid_06450,0.580392695652174
grid_06451,0.5952217391304347
grid_06452,0.6326057391304348
grid_06453,0.615837043478261
grid_06454,0.6253465217391304
grid_06455,0.5510492173913044
grid_06456,0.5549627826086957
grid_06457,0.5854330745341615
grid_06458,0.5922015652173913
grid_06459,0.5819984347826087
grid_06460,0.4531205217391305
grid_06461,0.5969097391304348
grid_06462,0.5191278260869566
grid_06463,0.5450917391304347
grid_06464,0.5712711304347827
grid_06465,0.5451533913043478
grid_06466,0.46784956521739135
grid_06467,0.499188347826087
grid_06468,0.5851076811594204
grid_06469,0.6060313043478261
grid_06470,0.5869125217391304
grid_06471,0.6901718260869565
grid_06472,0.6076542608695652
grid_06473,0.629176
grid_06474,0.6821946086956523
grid_06475,0.5579401449275363
grid_06476,0.7086800000000001
grid_06477,0.586484
grid_06478,0.6325384057971014
grid_06479,0.6420777391304349
grid_06480,0.6157215652173914
grid_06481,0.5607397993311036
grid_06482,0.5598179130434783
grid_06483,0.5798669565217391
grid_06484,0.6321698996655519
grid_06485,0.6220726086956522
grid_06486,0.544910248447205
grid_06487,0.5535933913043478
grid_06488,0.5588063768115943
grid_06489,0.6039993043478261
grid_06490,0.5489304347826087
grid_06491,0.577015652173913
grid_06492,0.564127536231884
grid_06493,0.6011240000000001
grid_06494,0.512716
grid_06495,0.5711814092953524
grid_06496,0.5972718260869566
grid_06497,0.5555857391304349
grid_06498,0.7055057971014492
grid_06499,0.566628
grid_06500,0.7391793043478261
grid_06501,0.6269801003344482
grid_06502,0.5850015652173913
grid_06503,0.7744116521739132
grid_06504,0.7866475362318841
grid_06505,0.7223126956521739
grid_06506,0.7120650434782608
grid_06507,0.7918975652173913
grid_06508,0.7411306086956523
grid_06509,0.7736189855072463
grid_06510,0.7789119565217393
grid_06511,0.7226629565217393
grid_06512,0.7845223602484471
grid_06513,0.7755334782608695
grid_06514,0.7119347826086958
grid_06515,0.766148695652174
grid_06516,0.6833079999999999
grid_06517,0.7484502898550726
grid_06518,0.5535618840579709
grid_06519,0.46047652173913045
grid_06520,0.6925365217391304
grid_06521,0.729616
grid_06522,0.6678041739130436
grid_06523,0.5740474782608695
grid_06524,0.5103631304347827
grid_06525,0.6267808695652174
grid_06526,0.596222463768116
grid_06527,0.6052476521739131
grid_06528,0.7882354782608695
grid_06529,0.7835751304347827
grid_06530,0.7865986086956522
grid_06531,0.774585391304348
grid_06532,0.7725047826086956
grid_06533,0.7872993043478261
grid_06534,0.7597930434782608
grid_06535,0.7228219130434783
grid_06536,0.7685157971014492
grid_06537,0.7533389855072464
grid_06538,0.5789222608695652
grid_06539,0.5344787826086956
grid_06540,0.5783168695652174
grid_06541,0.5867333913043479
grid_06542,0.6017350724637681
grid_06543,0.5645481259370314
grid_06544,0.5430102608695652
grid_06545,0.6140782608695653
grid_06546,0.5671909822866343
grid_06547,0.5815452173913044
grid_06548,0.6667000000000001
grid_06549,0.716305507246377
grid_06550,0.6109648695652174
grid_06551,0.6865873043478261
grid_06552,0.7366310559006211
grid_06553,0.6369121118012424
grid_06554,0.7578885217391306
grid_06555,0.7165650434782609
grid_06556,0.5978760000000001
grid_06557,0.6183147826086958
grid_06558,0.788344347826087
grid_06559,0.7928067826086956
grid_06560,0.7005092173913043
grid_06561,0.7770804347826088
grid_06562,0.7870664347826087
grid_06563,0.7596653726708074
grid_06564,0.7550540869565219
grid_06565,0.7432791304347828
grid_06566,0.7387624347826086
grid_06567,0.7061775652173914
grid_06568,0.7059968695652173
grid_06569,0.6318333913043479
grid_06570,0.6259317391304348
grid_06571,0.581384
grid_06572,0.5856361739130436
grid_06573,0.6895725217391305
grid_06574,0.6478732173913043
grid_06575,0.5479043478260869
grid_06576,0.7092671014492754
grid_06577,0.6647811094452772
grid_06578,0.7626395652173914
grid_06579,0.6525601739130434
grid_06580,0.7740947826086956
grid_06581,0.7492150724637681
grid_06582,0.5808928695652174
grid_06583,0.7754579130434783
grid_06584,0.6422027826086958
grid_06585,0.7431065217391306
grid_06586,0.5761368695652174
grid_06587,0.6108259370314842
grid_06588,0.7905998260869564
grid_06589,0.745707509881423
grid_06590,0.7783914782608697
grid_06591,0.7939906086956523
grid_06592,0.7838881739130436
grid_06593,0.7358199400299851
grid_06594,0.758539580209895
grid_06595,0.7795460869565218
grid_06596,0.6175499130434783
grid_06597,0.6534551304347826
grid_06598,0.6901375652173916
grid_06599,0.7180772946859904
grid_06600,0.5889144347826086
grid_06601,0.6246749275362319
grid_06602,0.6684892173913045
grid_06603,0.6637285217391304
grid_06604,0.6113313043478261
grid_06605,0.6067739130434783
grid_06606,0.5717424347826087
grid_06607,0.5555864347826087
grid_06608,0.6381243156199679
grid_06609,0.6214231304347827
grid_06610,0.6337660869565217
grid_06611,0.6311787826086958
grid_06612,0.6223033043478261
grid_06613,0.6236947826086957
grid_06614,0.6473641739130436
grid_06615,0.6609248695652173
grid_06616,0.6330553623188405
grid_06617,0.6186699130434783
grid_06618,0.6611017391304348
grid_06619,0.6184915942028986
grid_06620,0.6733848695652174
grid_06621,0.6282959420289855
grid_06622,0.6282867826086957
grid_06623,0.6309333913043479
grid_06624,0.6361008695652175
grid_06625,0.6154269565217391
grid_06626,0.6298441739130435
grid_06627,0.591092695652174
grid_06628,0.6205285217391304
grid_06629,0.6046610434782609
grid_06630,0.6746022608695652
grid_06631,0.7623939130434781
grid_06632,0.5934871014492754
grid_06633,0.7009699999999999
grid_06634,0.7380743478260869
grid_06635,0.7155285217391305
grid_06636,0.5675822866344605
grid_06637,0.7577566956521739
grid_06638,0.6698688695652174
grid_06639,0.563476011994003
grid_06640,0.7551488695652173
grid_06641,0.6577244927536232
grid_06642,0.6063746086956522
grid_06643,0.5319078260869565
grid_06644,0.7110874782608696
grid_06645,0.7171499130434783
grid_06646,0.5587811594202898
grid_06647,0.6794427826086956
grid_06648,0.596608
grid_06649,0.6733492173913044
grid_06650,0.611420347826087
grid_06651,0.5876071304347826
grid_06652,0.6681191304347825
grid_06653,0.6124601739130435
grid_06654,0.685569115442279
grid_06655,0.6118323671497584
grid_06656,0.5600812173913043
grid_06657,0.6253339130434783
grid_06658,0.617668347826087
grid_06659,0.5938599700149926
grid_06660,0.5768069565217392
grid_06661,0.5152033816425121
grid_06662,0.579520695652174
grid_06663,0.6419189565217391
grid_06664,0.615103304347826
grid_06665,0.5845337391304348
grid_06666,0.5411513043478261
grid_06667,0.6436001739130436
grid_06668,0.5031586086956522
grid_06669,0.4773094202898552
grid_06670,0.5947587826086957
grid_06671,0.5129986086956522
grid_06672,0.5899878260869565
grid_06673,0.5472132173913044
grid_06674,0.49934747826086956
grid_06675,0.5201867826086957
grid_06676,0.43652921739130435
grid_06677,0.5963493913043478
grid_06678,0.6018368695652174
grid_06679,0.6151565217391305
grid_06680,0.523652
grid_06681,0.6196255652173913
grid_06682,0.5729033043478261
grid_06683,0.5691124637681159
grid_06684,0.6083584347826086
grid_06685,0.5560325217391305
grid_06686,0.5894297391304347
grid_06687,0.5770681739130435
grid_06688,0.6468394202898551
grid_06689,0.6628059130434781
grid_06690,0.5809824347826088
grid_06691,0.5372186086956521
grid_06692,0.6433177391304348
grid_06693,0.6700095652173914
grid_06694,0.5630398550724637
grid_06695,0.6519471014492754
grid_06696,0.6294046956521739
grid_06697,0.6811361739130436
grid_06698,0.5808986086956522
grid_06699,0.637988537549407
grid_06700,0.6306411371237458
grid_06701,0.6451972173913044
grid_06702,0.6120845217391304
grid_06703,0.5906873043478261
grid_06704,0.5603335652173914
grid_06705,0.5685802898550725
grid_06706,0.6139099130434783
grid_06707,0.6045253373313344
grid_06708,0.70551384863124
grid_06709,0.6587707826086957
grid_06710,0.7803791304347827
grid_06711,0.6445181409295353
grid_06712,0.687721043478261
grid_06713,0.7505177391304347
grid_06714,0.7320093913043477
grid_06715,0.808073043478261
grid_06716,0.7541321739130435
grid_06717,0.8046631884057972
grid_06718,0.775827652173913
grid_06719,0.6735730434782609
grid_06720,0.791856347826087
grid_06721,0.656096347826087
grid_06722,0.7360497391304347
grid_06723,0.775135652173913
grid_06724,0.6591648695652174
grid_06725,0.7728276811594204
grid_06726,0.6971871304347826
grid_06727,0.7282563478260871
grid_06728,0.6934038819875775
grid_06729,0.681972695652174
grid_06730,0.6753554987212277
grid_06731,0.6950817391304349
grid_06732,0.6775069565217392
grid_06733,0.6792486956521739
grid_06734,0.6431603678929766
grid_06735,0.6247026086956522
grid_06736,0.7271598260869565
grid_06737,0.6746458074534161
grid_06738,0.751091304347826
grid_06739,0.7669469565217392
grid_06740,0.7361659420289856
grid_06741,0.7414389565217392
grid_06742,0.6823236521739129
grid_06743,0.7049307826086957
grid_06744,0.6654659130434782
grid_06745,0.7160794782608696
grid_06746,0.7396149275362321
grid_06747,0.6772260869565216
grid_06748,0.6237262608695653
grid_06749,0.6752177391304347
grid_06750,0.7037713043478262
grid_06751,0.6759142028985508
grid_06752,0.7726972173913045
grid_06753,0.7744479813664596
grid_06754,0.7825687600644121
grid_06755,0.7264690434782609
grid_06756,0.6766770434782609
grid_06757,0.7471765217391307
grid_06758,0.6761196521739131
grid_06759,0.6857057391304348
grid_06760,0.6606822608695653
grid_06761,0.6807617391304348
grid_06762,0.7036833043478261
grid_06763,0.6825772173913043
grid_06764,0.7321239880059971
grid_06765,0.7313959742351047
grid_06766,0.7003657391304349
grid_06767,0.6803791304347827
grid_06768,0.7070631304347826
grid_06769,0.7798700869565218
grid_06770,0.7128747826086956
grid_06771,0.7587725155279504
grid_06772,0.6834488405797104
grid_06773,0.7499375652173914
grid_06774,0.6715193979933112
grid_06775,0.7655322061191626
grid_06776,0.7231939130434782
grid_06777,0.6271818035426732
grid_06778,0.6858008695652174
grid_06779,0.7124273043478262
grid_06780,0.6828080000000001
grid_06781,0.6573205217391305
grid_06782,0.7470130434782608
grid_06783,0.7179504347826087
grid_06784,0.715508695652174
grid_06785,0.6460300869565216
grid_06786,0.6654925217391304
grid_06787,0.665508115942029
grid_06788,0.6166968695652174
grid_06789,0.7363723602484472
grid_06790,0.6841777391304348
grid_06791,0.6647085217391304
grid_06792,0.741032463768116
grid_06793,0.629904347826087
grid_06794,0.6223256211180124
grid_06795,0.6880662318840578
grid_06796,0.6978146376811594
grid_06797,0.7360072890025575
grid_06798,0.6801384347826087
grid_06799,0.6616826086956523
grid_06800,0.6488732173913044
grid_06801,0.7118205217391304
grid_06802,0.6555238260869565
grid_06803,0.670612
grid_06804,0.6500153043478261
grid_06805,0.6559349565217392
grid_06806,0.661572608695652
grid_06807,0.6792137391304348
grid_06808,0.5334606956521739
grid_06809,0.6944547826086955
grid_06810,0.6765836521739133
grid_06811,0.7127248695652174
grid_06812,0.7061798260869567
grid_06813,0.6955740579710145
grid_06814,0.712268695652174
grid_06815,0.6315130434782609
grid_06816,0.5990405217391305
grid_06817,0.720749043478261
grid_06818,0.6319827536231885
grid_06819,0.6042805217391305
grid_06820,0.6813253105590061
grid_06821,0.6887168695652176
grid_06822,0.5977721739130435
grid_06823,0.5948841739130436
grid_06824,0.6502407114624505
grid_06825,0.605384
grid_06826,0.6555648695652174
grid_06827,0.6468099838969403
grid_06828,0.7093363478260869
grid_06829,0.6859395802098951
grid_06830,0.6708186086956524
grid_06831,0.6961175523349438
grid_06832,0.7121828985507246
grid_06833,0.7180824347826086
grid_06834,0.7353650434782609
grid_06835,0.6589020869565217
grid_06836,0.6322346086956522
grid_06837,0.6566274782608695
grid_06838,0.6206102608695652
grid_06839,0.6584866086956522
grid_06840,0.6739965217391305
grid_06841,0.6717521739130434
grid_06842,0.7361318260869565
grid_06843,0.668607304347826
grid_06844,0.6658093167701865
grid_06845,0.6689384347826087
grid_06846,0.6965205217391304
grid_06847,0.6530321739130435
grid_06848,0.621527136431784
grid_06849,0.6454056360708534
grid_06850,0.7308986086956522
grid_06851,0.7239755072463769
grid_06852,0.7317707826086957
grid_06853,0.6436907826086957
grid_06854,0.6822921739130434
grid_06855,0.6450666086956522
grid_06856,0.6559662207357859
grid_06857,0.6966979710144927
grid_06858,0.6420252173913042
grid_06859,0.6603551304347826
grid_06860,0.6659278656126483
grid_06861,0.6747224347826087
grid_06862,0.6686886956521739
grid_06863,0.7023394202898551
grid_06864,0.7032219130434784
grid_06865,0.6920553043478261
grid_06866,0.647104347826087
grid_06867,0.6523055335968381
grid_06868,0.6362340579710145
grid_06869,0.6918636521739131
grid_06870,0.6713751304347827
grid_06871,0.6745350724637681
grid_06872,0.6595378260869567
grid_06873,0.6901600000000001
grid_06874,0.6893902608695651
grid_06875,0.6898459130434783
grid_06876,0.682825043478261
grid_06877,0.6930205217391304
grid_06878,0.6192373913043479
grid_06879,0.694402445652174
grid_06880,0.6476902608695652
grid_06881,0.6813215838509317
grid_06882,0.661644
grid_06883,0.6327361739130435
grid_06884,0.683328
grid_06885,0.6711297391304347
grid_06886,0.6964140869565217
grid_06887,0.6491829307568439
grid_06888,0.6435579130434783
grid_06889,0.6632695652173913
grid_06890,0.688387304347826
grid_06891,0.6570645217391305
grid_06892,0.6784382608695653
grid_06893,0.6608739130434783
grid_06894,0.6869655652173913
grid_06895,0.6980819130434783
grid_06896,0.6821966956521739
grid_06897,0.6611634782608695
grid_06898,0.6359690434782609
grid_06899,0.6841187888198759
grid_06900,0.6870504347826086
grid_06901,0.6490690434782609
grid_06902,0.6832093913043478
grid_06903,0.6308464347826087
grid_06904,0.6479740869565218
grid_06905,0.6767003478260869
grid_06906,0.65532
grid_06907,0.6844829085457271
grid_06908,0.6431266086956522
grid_06909,0.6124540869565217
grid_06910,0.6284391304347827
grid_06911,0.6441436231884058
grid_06912,0.7337016722408024
grid_06913,0.6230313343328335
grid_06914,0.7569213043478261
grid_06915,0.7256490434782609
grid_06916,0.5963831304347825
grid_06917,0.5872794782608696
grid_06918,0.5387377391304348
grid_06919,0.48974000000000006
grid_06920,0.5654406956521739
grid_06921,0.5775758260869566
grid_06922,0.583768347826087
grid_06923,0.6243354782608695
grid_06924,0.5485831304347826
grid_06925,0.5739248695652175
grid_06926,0.6215043478260871
grid_06927,0.6364652173913043
grid_06928,0.5021102608695652
grid_06929,0.5189695652173913
grid_06930,0.6120820869565218
grid_06931,0.543851884057971
grid_06932,0.5409325217391304
grid_06933,0.5842200000000001
grid_06934,0.5817245217391305
grid_06935,0.6003257391304349
grid_06936,0.5888568695652174
grid_06937,0.6933935652173914
grid_06938,0.6213836521739131
grid_06939,0.6186474782608696
grid_06940,0.6178892753623189
grid_06941,0.5405658615136876
grid_06942,0.5934283413848631
grid_06943,0.6273019130434783
grid_06944,0.5994313043478262
grid_06945,0.6144791304347826
grid_06946,0.6454175585284282
grid_06947,0.6112539130434784
grid_06948,0.5773657391304349
grid_06949,0.5755664347826087
grid_06950,0.5628081739130435
grid_06951,0.6909953623188405
grid_06952,0.5509182608695653
grid_06953,0.7209252173913043
grid_06954,0.5573862608695652
grid_06955,0.704425391304348
grid_06956,0.5636036521739131
grid_06957,0.5746337391304348
grid_06958,0.5922334332833583
grid_06959,0.5129991304347827
grid_06960,0.698515304347826
grid_06961,0.6378921095008052
grid_06962,0.48031252173913047
grid_06963,0.610475652173913
grid_06964,0.47719582608695654
grid_06965,0.6395933913043479
grid_06966,0.5804266666666666
grid_06967,0.5495093913043478
grid_06968,0.5838441739130436
grid_06969,0.5590544347826087
grid_06970,0.6234594782608697
grid_06971,0.5985582298136646
grid_06972,0.6237732173913044
grid_06973,0.5901092173913044
grid_06974,0.5856113043478262
grid_06975,0.5566139130434783
grid_06976,0.5448547826086957
grid_06977,0.5985504347826087
grid_06978,0.6134410434782609
grid_06979,0.6291139751552794
grid_06980,0.6303579130434783
grid_06981,0.5817557453416148
grid_06982,0.6034478260869566
grid_06983,0.6353932367149759
grid_06984,0.6170067826086957
grid_06985,0.5963368760064413
grid_06986,0.5982053623188406
grid_06987,0.5487818840579711
grid_06988,0.6059631884057972
grid_06989,0.6084198260869565
grid_06990,0.5746911304347827
grid_06991,0.7215848695652176
grid_06992,0.5782935652173914
grid_06993,0.6092153043478262
grid_06994,0.6339151304347826
grid_06995,0.6230325217391305
grid_06996,0.6452239130434783
grid_06997,0.6114602898550725
grid_06998,0.6008033333333334
grid_06999,0.6056090434782608
grid_07000,0.5821650724637681
grid_07001,0.5760149565217392
grid_07002,0.5595453913043478
grid_07003,0.5810020869565218
grid_07004,0.5936852173913043
grid_07005,0.6106735652173912
grid_07006,0.5662610144927537
grid_07007,0.5329982608695653
grid_07008,0.6824899456521739
grid_07009,0.7156483091787439
grid_07010,0.6874897391304349
grid_07011,0.678759420289855
grid_07012,0.7034980869565216
grid_07013,0.6749238260869564
grid_07014,0.6779965579710145
grid_07015,0.7010391304347827
grid_07016,0.7353997101449274
grid_07017,0.6529159420289855
grid_07018,0.6882201739130435
grid_07019,0.6600655652173915
grid_07020,0.6741246376811595
grid_07021,0.6827410144927537
grid_07022,0.7062972173913044
grid_07023,0.712742956521739
grid_07024,0.6577582608695652
grid_07025,0.6505739130434783
grid_07026,0.6262281739130435
grid_07027,0.6421737391304347
grid_07028,0.6542279999999999
grid_07029,0.7002754782608696
grid_07030,0.6615097391304349
grid_07031,0.6547844927536233
grid_07032,0.7072627826086957
grid_07033,0.6985926086956522
grid_07034,0.6607095652173913
grid_07035,0.6304194782608696
grid_07036,0.6183965217391305
grid_07037,0.6621537391304347
grid_07038,0.6336641739130435
grid_07039,0.6749601023017903
grid_07040,0.6732352402745995
grid_07041,0.71057
grid_07042,0.67155
grid_07043,0.6941939130434782
grid_07044,0.6744483695652175
grid_07045,0.653636347826087
grid_07046,0.6750252173913044
grid_07047,0.5822891304347826
grid_07048,0.6934656521739131
grid_07049,0.6487913043478261
grid_07050,0.6506668665667167
grid_07051,0.6617505016722409
grid_07052,0.6153429565217392
grid_07053,0.6995200000000001
grid_07054,0.7119059420289856
grid_07055,0.6644062608695652
grid_07056,0.6519038647342995
grid_07057,0.5830339130434783
grid_07058,0.697181884057971
grid_07059,0.6423434782608695
grid_07060,0.7232537391304348
grid_07061,0.6658869565217391
grid_07062,0.6350291304347826
grid_07063,0.6337608695652175
grid_07064,0.6260580869565218
grid_07065,0.6277685217391304
grid_07066,0.6384497101449276
grid_07067,0.6132492173913043
grid_07068,0.706555072463768
grid_07069,0.6378015652173912
grid_07070,0.5912292173913044
grid_07071,0.6146533011272142
grid_07072,0.6711272863568214
grid_07073,0.6041302608695652
grid_07074,0.6632419130434783
grid_07075,0.6208338603425559
grid_07076,0.6470001739130434
grid_07077,0.6738671304347825
grid_07078,0.674461391304348
grid_07079,0.6638417391304349
grid_07080,0.6716650434782607
grid_07081,0.6599064347826088
grid_07082,0.6921488695652174
grid_07083,0.7084089855072463
grid_07084,0.6731559006211182
grid_07085,0.6374801739130435
grid_07086,0.6878697204968944
grid_07087,0.6463944347826087
grid_07088,0.6357544347826087
grid_07089,0.6181391304347826
grid_07090,0.6448068322981368
grid_07091,0.6519012173913044
grid_07092,0.6034547504025766
grid_07093,0.5973351304347827
grid_07094,0.6610413043478263
grid_07095,0.6090271304347826
grid_07096,0.5976708074534162
grid_07097,0.6281639130434783
grid_07098,0.6304777777777777
grid_07099,0.6791543478260869
grid_07100,0.7206173913043479
grid_07101,0.6588572173913043
grid_07102,0.6283478260869565
grid_07103,0.5744666086956522
grid_07104,0.6106808695652174
grid_07105,0.6021959420289856
grid_07106,0.5982375652173914
grid_07107,0.6248589565217392
grid_07108,0.5913744347826088
grid_07109,0.5854692173913043
grid_07110,0.5534059130434783
grid_07111,0.5656488695652173
grid_07112,0.6080835403726709
grid_07113,0.5855153043478262
grid_07114,0.606596
grid_07115,0.6193204508856683
grid_07116,0.6036311304347827
grid_07117,0.5660446376811593
grid_07118,0.636964347826087
grid_07119,0.600427652173913
grid_07120,0.6010039402173913
grid_07121,0.5883358260869566
grid_07122,0.6027478260869565
grid_07123,0.6862614692653672
grid_07124,0.6139678260869565
grid_07125,0.6108905797101448
grid_07126,0.6088615652173913
grid_07127,0.6281043478260869
grid_07128,0.5995123478260871
grid_07129,0.7101558260869567
grid_07130,0.5913025764895331
grid_07131,0.5928888695652175
grid_07132,0.5759542608695652
grid_07133,0.5464772173913043
grid_07134,0.5751565217391303
grid_07135,0.5921005217391304
grid_07136,0.48332034782608696
grid_07137,0.5216353043478261
grid_07138,0.6013370434782609
grid_07139,0.49506637681159416
grid_07140,0.5732689855072463
grid_07141,0.6342904347826087
grid_07142,0.5983758260869565
grid_07143,0.6136013913043478
grid_07144,0.6367431304347826
grid_07145,0.5008620869565217
grid_07146,0.573819001610306
grid_07147,0.6390836581709146
grid_07148,0.5652200000000001
grid_07149,0.5439222608695653
grid_07150,0.5963916521739131
grid_07151,0.6264872785829309
grid_07152,0.6055478260869566
grid_07153,0.6146805097451276
grid_07154,0.6211135652173914
grid_07155,0.6329582930756844
grid_07156,0.6190424347826087
grid_07157,0.6219869565217392
grid_07158,0.6008300869565217
grid_07159,0.5912441739130435
grid_07160,0.6219925217391304
grid_07161,0.6534926956521739
grid_07162,0.5453424242424242
grid_07163,0.5786897101449274
grid_07164,0.5975448695652175
grid_07165,0.5863139130434782
grid_07166,0.6829071304347827
grid_07167,0.5793436521739131
grid_07168,0.5864857391304348
grid_07169,0.6270861801242236
grid_07170,0.5917953301127215
grid_07171,0.5859328695652174
grid_07172,0.6035598260869566
grid_07173,0.5851438260869566
grid_07174,0.6012949275362319
grid_07175,0.6274789565217391
grid_07176,0.5803506086956522
grid_07177,0.7175119999999998
grid_07178,0.589813391304348
grid_07179,0.674530724637681
grid_07180,0.5864841739130435
grid_07181,0.5980575362318842
grid_07182,0.6090189565217392
grid_07183,0.5890096273291926
grid_07184,0.5999777391304348
grid_07185,0.5670427018633541
grid_07186,0.6121751304347827
grid_07187,0.6474344347826088
grid_07188,0.581558615136876
grid_07189,0.5923421739130436
grid_07190,0.6198895652173914
grid_07191,0.5729594782608696
grid_07192,0.5990886956521739
grid_07193,0.5969461769115443
grid_07194,0.5933351304347826
grid_07195,0.5505983277591974
grid_07196,0.6051923188405799
grid_07197,0.5854763478260869
grid_07198,0.5872711304347826
grid_07199,0.6393502608695653
grid_07200,0.5737027826086956
grid_07201,0.6655222608695652
grid_07202,0.6571956521739131
grid_07203,0.6595339130434783
grid_07204,0.6886653913043478
grid_07205,0.6723453913043478
grid_07206,0.6766787826086957
grid_07207,0.6798915942028987
grid_07208,0.6550339130434782
grid_07209,0.6498993412384717
grid_07210,0.6540351304347826
grid_07211,0.7146794782608695
grid_07212,0.6546106086956521
grid_07213,0.6890904347826087
grid_07214,0.7313269565217392
grid_07215,0.6721332173913044
grid_07216,0.6536636521739131
grid_07217,0.7231385507246376
grid_07218,0.7140853913043479
grid_07219,0.6938158260869564
grid_07220,0.6763366956521739
grid_07221,0.6855812173913044
grid_07222,0.6952796521739129
grid_07223,0.6793490434782611
grid_07224,0.6788050434782611
grid_07225,0.6357528985507248
grid_07226,0.6594517391304348
grid_07227,0.7028022608695653
grid_07228,0.7215940869565217
grid_07229,0.6607772575250835
grid_07230,0.6409243156199679
grid_07231,0.7295341384863124
grid_07232,0.6819469565217392
grid_07233,0.7180387826086958
grid_07234,0.6532961739130435
grid_07235,0.7541145427286357
grid_07236,0.6537718260869565
grid_07237,0.7013561739130435
grid_07238,0.6646875362318843
grid_07239,0.629511652173913
grid_07240,0.5928273043478262
grid_07241,0.6576638260869565
grid_07242,0.671595072463768
grid_07243,0.6528761739130435
grid_07244,0.6470506086956521
grid_07245,0.6775019130434782
grid_07246,0.6613862318840581
grid_07247,0.6878700869565217
grid_07248,0.6238978260869565
grid_07249,0.5947631304347827
grid_07250,0.649128
grid_07251,0.6929864347826087
grid_07252,0.6617275862068965
grid_07253,0.6228951304347826
grid_07254,0.6786921739130436
grid_07255,0.6487815652173913
grid_07256,0.6445979130434781
grid_07257,0.6179101449275363
grid_07258,0.6815085217391306
grid_07259,0.6229587826086956
grid_07260,0.6896246956521739
grid_07261,0.6687306086956523
grid_07262,0.6818479710144927
grid_07263,0.6694128695652174
grid_07264,0.6635973913043479
grid_07265,0.6465302608695653
grid_07266,0.6617420289855073
grid_07267,0.5971144347826087
grid_07268,0.635632
grid_07269,0.6890031304347827
grid_07270,0.6825059130434782
grid_07271,0.6860394782608695
grid_07272,0.6766880000000002
grid_07273,0.6802267826086957
grid_07274,0.6590410144927538
grid_07275,0.6309481739130435
grid_07276,0.7286396521739131
grid_07277,0.6822874782608694
grid_07278,0.7058382608695654
grid_07279,0.6455996521739131
grid_07280,0.6615202898550725
grid_07281,0.654719420289855
grid_07282,0.6436046956521738
grid_07283,0.6802444927536231
grid_07284,0.6338160535117058
grid_07285,0.6265177257525084
grid_07286,0.622952347826087
grid_07287,0.6493266086956521
grid_07288,0.6547433043478261
grid_07289,0.6351289855072463
grid_07290,0.6116355072463767
grid_07291,0.6251344347826088
grid_07292,0.6494930434782609
grid_07293,0.6565017391304349
grid_07294,0.6165146086956522
grid_07295,0.6279321739130436
grid_07296,0.6494889855072462
grid_07297,0.633591652173913
grid_07298,0.6436826086956522
grid_07299,0.6356740869565218
grid_07300,0.6373329431438127
grid_07301,0.620592
grid_07302,0.7006157971014493
grid_07303,0.5995180869565218
grid_07304,0.6179479619565218
grid_07305,0.6816459420289857
grid_07306,0.5996537391304348
grid_07307,0.6579328695652176
grid_07308,0.6997705882352941
grid_07309,0.621128
grid_07310,0.6514389565217392
grid_07311,0.6437754782608696
grid_07312,0.6265937391304348
grid_07313,0.6241801739130435
grid_07314,0.6171499130434782
grid_07315,0.6665673043478262
grid_07316,0.6602599999999998
grid_07317,0.5716850434782609
grid_07318,0.6828339130434783
grid_07319,0.6039901449275363
grid_07320,0.617452695652174
grid_07321,0.6363370434782609
grid_07322,0.6593107826086957
grid_07323,0.5952871304347827
grid_07324,0.6529968695652174
grid_07325,0.632676347826087
grid_07326,0.6204636521739131
grid_07327,0.6487695652173915
grid_07328,0.6578062318840581
grid_07329,0.6089958132045089
grid_07330,0.6221268633540372
grid_07331,0.6361363768115942
grid_07332,0.6404572173913045
grid_07333,0.7044831884057972
grid_07334,0.6126859130434782
grid_07335,0.6957916149068323
grid_07336,0.6149848695652174
grid_07337,0.6655862003780719
grid_07338,0.6260033333333334
grid_07339,0.6461772173913043
grid_07340,0.7103789855072464
grid_07341,0.5612234782608696
grid_07342,0.6191066086956521
grid_07343,0.6301193043478261
grid_07344,0.605188347826087
grid_07345,0.6086288695652174
grid_07346,0.6136676521739131
grid_07347,0.5877960869565217
grid_07348,0.5776954782608696
grid_07349,0.6073507826086957
grid_07350,0.6199859130434783
grid_07351,0.6618107826086956
grid_07352,0.6084473043478262
grid_07353,0.6167309565217391
grid_07354,0.6172142608695652
grid_07355,0.6246556521739131
grid_07356,0.6497089955022489
grid_07357,0.6710904347826088
grid_07358,0.6461092173913044
grid_07359,0.6505957971014492
grid_07360,0.6516758260869565
grid_07361,0.6453478260869565
grid_07362,0.671499347826087
grid_07363,0.6941880434782609
grid_07364,0.7216673913043479
grid_07365,0.7222260869565219
grid_07366,0.6608338374291115
grid_07367,0.7210269151138717
grid_07368,0.6272605072463769
grid_07369,0.6782695652173913
grid_07370,0.6915792270531402
grid_07371,0.6160909565217391
grid_07372,0.6779704805491992
grid_07373,0.704628935532234
grid_07374,0.6797931884057972
grid_07375,0.6897730434782607
grid_07376,0.6471352657004831
grid_07377,0.6620318260869565
grid_07378,0.6162895652173913
grid_07379,0.7070667166416792
grid_07380,0.732345732689211
grid_07381,0.6056264347826087
grid_07382,0.629391652173913
grid_07383,0.5877161739130434
grid_07384,0.5739335652173913
grid_07385,0.5954657971014492
grid_07386,0.625104695652174
grid_07387,0.659424347826087
grid_07388,0.6377860869565217
grid_07389,0.64708
grid_07390,0.612102576489533
grid_07391,0.7166449775112445
grid_07392,0.717346153846154
grid_07393,0.6884492327365728
grid_07394,0.6675003478260869
grid_07395,0.7046572173913045
grid_07396,0.617272
grid_07397,0.7096012422360249
grid_07398,0.7130389565217393
grid_07399,0.6604962732919255
grid_07400,0.6866489130434782
grid_07401,0.5951660869565217
grid_07402,0.5634957924263675
grid_07403,0.6130488695652174
grid_07404,0.5595373913043479
grid_07405,0.6158243478260869
grid_07406,0.5961918260869565
grid_07407,0.645997391304348
grid_07408,0.6067561739130435
grid_07409,0.5914739130434783
grid_07410,0.584603652173913
grid_07411,0.6404100869565217
grid_07412,0.5940406956521739
grid_07413,0.7001773913043478
grid_07414,0.659267652173913
grid_07415,0.6116805217391305
grid_07416,0.5925474782608696
grid_07417,0.7059256521739131
grid_07418,0.5796841739130435
grid_07419,0.685426956521739
grid_07420,0.6848586086956522
grid_07421,0.5981773913043479
grid_07422,0.6123372173913044
grid_07423,0.5986768695652175
grid_07424,0.646635304347826
grid_07425,0.6525820289855072
grid_07426,0.5911482608695652
grid_07427,0.6471114782608696
grid_07428,0.5842328985507247
grid_07429,0.6420008695652174
grid_07430,0.7379034782608695
grid_07431,0.6074667826086957
grid_07432,0.6233518633540372
grid_07433,0.6313645217391305
grid_07434,0.6114005217391305
grid_07435,0.6074269565217393
grid_07436,0.6189186086956522
grid_07437,0.5887848695652174
grid_07438,0.61898
grid_07439,0.6253401739130434
grid_07440,0.6460069565217391
grid_07441,0.6778526956521739
grid_07442,0.6855439130434783
grid_07443,0.6100358260869566
grid_07444,0.6452337391304348
grid_07445,0.6650692546583851
grid_07446,0.5835482919254659
grid_07447,0.6402800000000001
grid_07448,0.694828695652174
grid_07449,0.6507326086956523
grid_07450,0.5944937391304348
grid_07451,0.5610693913043479
grid_07452,0.7684688695652173
grid_07453,0.575662463768116
grid_07454,0.5722337391304348
grid_07455,0.7906062608695652
grid_07456,0.7289699130434784
grid_07457,0.7299787267080745
grid_07458,0.5504804347826088
grid_07459,0.6754872670807452
grid_07460,0.746088695652174
grid_07461,0.657998115942029
grid_07462,0.6614073043478261
grid_07463,0.6588210434782609
grid_07464,0.6376794782608696
grid_07465,0.6085493913043478
grid_07466,0.6168378260869564
grid_07467,0.6072718260869565
grid_07468,0.6381925217391304
grid_07469,0.6264573913043479
grid_07470,0.6494285217391303
grid_07471,0.7879539130434784
grid_07472,0.6619314782608696
grid_07473,0.6541504347826087
grid_07474,0.736892
grid_07475,0.7725109565217392
grid_07476,0.705231652173913
grid_07477,0.7870276811594203
grid_07478,0.6909779130434782
grid_07479,0.678017391304348
grid_07480,0.7255485217391304
grid_07481,0.6483684057971015
grid_07482,0.6038224347826088
grid_07483,0.6539360000000001
grid_07484,0.6511298550724637
grid_07485,0.6440772173913044
grid_07486,0.627641739130435
grid_07487,0.6604728695652174
grid_07488,0.6541373913043478
grid_07489,0.6551391304347826
grid_07490,0.6299754782608695
grid_07491,0.7930142608695651
grid_07492,0.6448116521739131
grid_07493,0.6612600000000001
grid_07494,0.7388544347826087
grid_07495,0.6637944347826087
grid_07496,0.7236335652173915
grid_07497,0.7220393043478261
grid_07498,0.6944652173913043
grid_07499,0.6451377391304348
grid_07500,0.6631947826086957
grid_07501,0.6910513377926423
grid_07502,0.600216695652174
grid_07503,0.6758884057971015
grid_07504,0.636485043478261
grid_07505,0.628299652173913
grid_07506,0.7127423188405796
grid_07507,0.6438833333333334
grid_07508,0.6597805217391306
grid_07509,0.7225585284280936
grid_07510,0.6312309565217391
grid_07511,0.6177700149925037
grid_07512,0.6146158260869565
grid_07513,0.6942448695652175
grid_07514,0.7061008695652174
grid_07515,0.6724153043478261
grid_07516,0.6208490434782609
grid_07517,0.6507130434782609
grid_07518,0.6829090434782609
grid_07519,0.7080846956521739
grid_07520,0.689363304347826
grid_07521,0.6801704347826087
grid_07522,0.6254806956521739
grid_07523,0.5749611594202899
grid_07524,0.6442114782608697
grid_07525,0.6087222608695653
grid_07526,0.6398170434782608
grid_07527,0.5935446956521739
grid_07528,0.6545264347826086
grid_07529,0.6637012173913044
grid_07530,0.6794594202898548
grid_07531,0.6327650434782609
grid_07532,0.6274947826086957
grid_07533,0.5745427826086956
grid_07534,0.6154596521739131
grid_07535,0.56686
grid_07536,0.6229704347826087
grid_07537,0.6001510144927537
grid_07538,0.6018605217391304
grid_07539,0.5960413913043479
grid_07540,0.6140888695652175
grid_07541,0.6332048695652175
grid_07542,0.6125613043478262
grid_07543,0.6246841739130435
grid_07544,0.6265
grid_07545,0.5858236521739131
grid_07546,0.6385267826086957
grid_07547,0.6934049275362318
grid_07548,0.6656106086956523
grid_07549,0.6468093913043478
grid_07550,0.6125831884057972
grid_07551,0.6813157971014493
grid_07552,0.6845478260869565
grid_07553,0.6763737391304347
grid_07554,0.6520888695652174
grid_07555,0.7138757971014492
grid_07556,0.6600495652173913
grid_07557,0.6369281739130436
grid_07558,0.6577620869565217
grid_07559,0.6969
grid_07560,0.696816
grid_07561,0.6148172173913043
grid_07562,0.6617544347826088
grid_07563,0.6224013913043478
grid_07564,0.6275229565217392
grid_07565,0.6057540579710144
grid_07566,0.6845548136645964
grid_07567,0.5936057391304348
grid_07568,0.6516516908212561
grid_07569,0.6504847826086957
grid_07570,0.6247189565217391
grid_07571,0.5632015942028986
grid_07572,0.6019309565217391
grid_07573,0.5854525217391304
grid_07574,0.5592436521739131
grid_07575,0.6035180869565218
grid_07576,0.5964994782608696
grid_07577,0.624967536231884
grid_07578,0.6106405217391305
grid_07579,0.6364947826086956
grid_07580,0.5597262608695652
grid_07581,0.6158347826086957
grid_07582,0.5965559420289857
grid_07583,0.6126076521739131
grid_07584,0.6076493913043479
grid_07585,0.6569928571428573
grid_07586,0.5989467826086957
grid_07587,0.6125631304347826
grid_07588,0.6078268115942029
grid_07589,0.6256928695652174
grid_07590,0.6101990338164252
grid_07591,0.5947318260869566
grid_07592,0.6048553623188407
grid_07593,0.7094779130434783
grid_07594,0.6635914782608695
grid_07595,0.6334979130434784
grid_07596,0.7499111594202899
grid_07597,0.6561885217391304
grid_07598,0.5425311304347826
grid_07599,0.7096459420289855
grid_07600,0.598020347826087
grid_07601,0.7139904347826088
grid_07602,0.690388347826087
grid_07603,0.695968695652174
grid_07604,0.6931794782608697
grid_07605,0.722620695652174
grid_07606,0.698591652173913
grid_07607,0.7096686956521739
grid_07608,0.6995076923076925
grid_07609,0.7071997101449276
grid_07610,0.6817921739130435
grid_07611,0.6120584347826088
grid_07612,0.6240934782608696
grid_07613,0.6348686956521739
grid_07614,0.5989841137123746
grid_07615,0.6244860869565217
grid_07616,0.5993474782608696
grid_07617,0.6193773913043479
grid_07618,0.6186212173913044
grid_07619,0.6087573913043479
grid_07620,0.5910130434782609
grid_07621,0.6714566956521739
grid_07622,0.6913412173913044
grid_07623,0.7294494983277592
grid_07624,0.6661488695652175
grid_07625,0.7500544927536232
grid_07626,0.6309429565217392
grid_07627,0.639951652173913
grid_07628,0.6316393043478262
grid_07629,0.7479375652173914
grid_07630,0.6963187826086957
grid_07631,0.7146063545150503
grid_07632,0.7181537391304349
grid_07633,0.7409612173913044
grid_07634,0.7284860054347827
grid_07635,0.6238573913043478
grid_07636,0.7228394782608695
grid_07637,0.6917966956521739
grid_07638,0.7098221739130436
grid_07639,0.639603381642512
grid_07640,0.6502827826086957
grid_07641,0.6184937391304348
grid_07642,0.6171584347826087
grid_07643,0.6101908695652175
grid_07644,0.6085222608695653
grid_07645,0.5920107826086958
grid_07646,0.6181777391304348
grid_07647,0.6282036521739132
grid_07648,0.6135053913043478
grid_07649,0.6156543478260869
grid_07650,0.6255017391304348
grid_07651,0.7377328985507247
grid_07652,0.6902222608695651
grid_07653,0.655179652173913
grid_07654,0.6389659130434783
grid_07655,0.7214259420289856
grid_07656,0.7160147826086956
grid_07657,0.6909907826086956
grid_07658,0.6415281739130435
grid_07659,0.637885043478261
grid_07660,0.6444078260869566
grid_07661,0.6561158260869565
grid_07662,0.6881295652173912
grid_07663,0.654404347826087
grid_07664,0.6482697101449275
grid_07665,0.652724695652174
grid_07666,0.6280341384863125
grid_07667,0.6777683478260872
grid_07668,0.6093069565217392
grid_07669,0.6289197101449275
grid_07670,0.6637749565217392
grid_07671,0.5685591304347826
grid_07672,0.627012695652174
grid_07673,0.645885652173913
grid_07674,0.6423584347826086
grid_07675,0.6144483478260869
grid_07676,0.6444610434782609
grid_07677,0.6291224347826087
grid_07678,0.5307775652173913
grid_07679,0.6144869565217391
grid_07680,0.6324918840579711
grid_07681,0.6755201739130436
grid_07682,0.6288843478260869
grid_07683,0.6466220869565217
grid_07684,0.6214655652173914
grid_07685,0.641205072463768
grid_07686,0.6186622608695653
grid_07687,0.5795845217391304
grid_07688,0.5935257391304348
grid_07689,0.6593697391304347
grid_07690,0.626734927536232
grid_07691,0.6208189565217392
grid_07692,0.6121692173913044
grid_07693,0.6041766956521739
grid_07694,0.6133612173913043
grid_07695,0.6149626086956522
grid_07696,0.619800695652174
grid_07697,0.6354815652173914
grid_07698,0.6109871304347827
grid_07699,0.5955778260869565
grid_07700,0.6147358260869565
grid_07701,0.6453537391304347
grid_07702,0.6493704347826088
grid_07703,0.684848097826087
grid_07704,0.6667683478260871
grid_07705,0.6977881159420292
grid_07706,0.6854507246376811
grid_07707,0.5839585273020055
grid_07708,0.6701970434782609
grid_07709,0.6248899562394128
grid_07710,0.6874019130434783
grid_07711,0.7111565217391305
grid_07712,0.7477202898550726
grid_07713,0.723651690821256
grid_07714,0.7261913043478261
grid_07715,0.713724695652174
grid_07716,0.7061652173913043
grid_07717,0.6958189565217391
grid_07718,0.6329022608695652
grid_07719,0.6140756422924902
grid_07720,0.7343891304347826
grid_07721,0.7147772173913043
grid_07722,0.6864766666666668
grid_07723,0.6915613913043479
grid_07724,0.6956427826086957
grid_07725,0.7080175983436854
grid_07726,0.7108175465838512
grid_07727,0.7159785829307569
grid_07728,0.7159744801512287
grid_07729,0.7019337391304349
grid_07730,0.715636801242236
grid_07731,0.7263951304347827
grid_07732,0.6901943734015346
grid_07733,0.7514782608695653
grid_07734,0.670814882943144
grid_07735,0.7262304347826087
grid_07736,0.6115449275362319
grid_07737,0.7219048913043479
grid_07738,0.6094885375494072
grid_07739,0.7093820289855073
grid_07740,0.6322492753623189
grid_07741,0.6092278260869566
grid_07742,0.5968313664596273
grid_07743,0.7086282608695653
grid_07744,0.6874988558352404
grid_07745,0.6406040372670808
grid_07746,0.6707163043478261
grid_07747,0.6204215942028987
grid_07748,0.6778716521739131
grid_07749,0.7080380869565218
grid_07750,0.628556314699793
grid_07751,0.6388536231884058
grid_07752,0.6124306086956522
grid_07753,0.6600177257525085
grid_07754,0.6097292173913044
grid_07755,0.631076370510397
grid_07756,0.6132532608695652
grid_07757,0.6303137931034483
grid_07758,0.6455676328502415
grid_07759,0.6803184782608696
grid_07760,0.6255560386473431
grid_07761,0.6292362318840579
grid_07762,0.6184344347826087
grid_07763,0.6228956521739132
grid_07764,0.56781966873706
grid_07765,0.6690152173913043
grid_07766,0.6424934782608696
grid_07767,0.6179846014492755
grid_07768,0.6292702608695653
grid_07769,0.6408394302848576
grid_07770,0.5969375494071147
grid_07771,0.7105730769230771
grid_07772,0.6560285217391304
grid_07773,0.6963269565217393
grid_07774,0.7101679841897233
grid_07775,0.6846752717391303
grid_07776,0.7386498721227622
grid_07777,0.6329591304347827
grid_07778,0.5599504658385093
grid_07779,0.5206717391304349
grid_07780,0.6044173913043479
grid_07781,0.6649797658862877
grid_07782,0.6455429565217392
grid_07783,0.6550685507246378
grid_07784,0.6281300869565218
grid_07785,0.5410073781291173
grid_07786,0.6131318260869566
grid_07787,0.6136292173913044
grid_07788,0.6488942028985507
grid_07789,0.637485043478261
grid_07790,0.5987937031484258
grid_07791,0.6121968695652175
grid_07792,0.6435060869565217
grid_07793,0.6203431304347826
grid_07794,0.668440695652174
grid_07795,0.5984765217391304
grid_07796,0.6065657391304348
grid_07797,0.6821725217391306
grid_07798,0.7207852173913044
grid_07799,0.697148
grid_07800,0.6205288695652174
grid_07801,0.7590392976588631
grid_07802,0.6681278260869565
grid_07803,0.6190090434782609
grid_07804,0.6010987826086956
grid_07805,0.7798123478260871
grid_07806,0.6570612173913042
grid_07807,0.6324937391304348
grid_07808,0.657952695652174
grid_07809,0.6816194202898551
grid_07810,0.6418584347826087
grid_07811,0.5739740869565219
grid_07812,0.6373916521739131
grid_07813,0.6333422608695652
grid_07814,0.6590575652173913
grid_07815,0.6557546086956522
grid_07816,0.6882121739130435
grid_07817,0.6383015652173912
grid_07818,0.6267542028985508
grid_07819,0.6139234782608696
grid_07820,0.6277657391304349
grid_07821,0.6788040000000001
grid_07822,0.604051652173913
grid_07823,0.6213779130434783
grid_07824,0.6499717391304348
grid_07825,0.6454747826086957
grid_07826,0.6231203478260869
grid_07827,0.6291441223832529
grid_07828,0.5998424242424243
grid_07829,0.6617602898550723
grid_07830,0.6388366956521739
grid_07831,0.6270111304347826
grid_07832,0.6331337391304348
grid_07833,0.6480695652173912
grid_07834,0.6197136645962732
grid_07835,0.6048047826086957
grid_07836,0.6425646956521739
grid_07837,0.5831486956521739
grid_07838,0.6189692173913044
grid_07839,0.6695928695652174
grid_07840,0.5897761739130435
grid_07841,0.6298340869565218
grid_07842,0.6577610144927536
grid_07843,0.6710942608695654
grid_07844,0.5800210434782609
grid_07845,0.6240852484472049
grid_07846,0.6633784347826088
grid_07847,0.6614330434782609
grid_07848,0.6426030595813205
grid_07849,0.6408069565217392
grid_07850,0.5962594782608696
grid_07851,0.6224599033816426
grid_07852,0.6234059420289856
grid_07853,0.6234610434782609
grid_07854,0.6158619565217391
grid_07855,0.6201639751552797
grid_07856,0.6243082458770615
grid_07857,0.6350326956521739
grid_07858,0.6019106086956522
grid_07859,0.596935093167702
grid_07860,0.619371652173913
grid_07861,0.636270962732919
grid_07862,0.5798393043478263
grid_07863,0.5952932173913044
grid_07864,0.6134504347826086
grid_07865,0.6014969899665552
grid_07866,0.5860671304347826
grid_07867,0.623930745341615
grid_07868,0.6377339130434783
grid_07869,0.6151954782608695
grid_07870,0.6239136231884058
grid_07871,0.6331314782608696
grid_07872,0.6284445217391305
grid_07873,0.624723652173913
grid_07874,0.5751203478260869
grid_07875,0.6128975652173914
grid_07876,0.6238275362318841
grid_07877,0.6531205217391305
grid_07878,0.6205925217391305
grid_07879,0.5865064347826088
grid_07880,0.6392692753623188
grid_07881,0.6202603478260871
grid_07882,0.5454391304347826
grid_07883,0.6204080000000001
grid_07884,0.6235937391304348
grid_07885,0.6040377391304348
grid_07886,0.6004573913043478
grid_07887,0.612551652173913
grid_07888,0.5611633043478261
grid_07889,0.652141043478261
grid_07890,0.5769973913043479
grid_07891,0.5998259420289856
grid_07892,0.6325925217391305
grid_07893,0.6227893913043479
grid_07894,0.5825347826086957
grid_07895,0.6324182608695652
grid_07896,0.6280925217391304
grid_07897,0.6701427826086956
grid_07898,0.6420269565217391
grid_07899,0.6361420869565217
grid_07900,0.6224224347826087
grid_07901,0.6117860869565218
grid_07902,0.6255126956521739
grid_07903,0.6019623188405796
grid_07904,0.6197104947526237
grid_07905,0.657613043478261
grid_07906,0.6192102608695652
grid_07907,0.6066484472049689
grid_07908,0.6245417701863355
grid_07909,0.589292347826087
grid_07910,0.6087802795031055
grid_07911,0.5963274782608695
grid_07912,0.5908102608695652
grid_07913,0.6251001449275364
grid_07914,0.5935656521739131
grid_07915,0.5890264347826087
grid_07916,0.5914346086956521
grid_07917,0.7000904347826087
grid_07918,0.7089424347826088
grid_07919,0.6136888405797101
grid_07920,0.6339050434782609
grid_07921,0.6234899130434782
grid_07922,0.5931690434782609
grid_07923,0.6070744347826087
grid_07924,0.6088860869565217
grid_07925,0.6124452173913044
grid_07926,0.6468648695652175
grid_07927,0.6631693913043479
grid_07928,0.625028347826087
grid_07929,0.6153579710144929
grid_07930,0.6401577391304347
grid_07931,0.5932836521739131
grid_07932,0.6345798260869566
grid_07933,0.6755671304347827
grid_07934,0.6378511304347827
grid_07935,0.6547163768115941
grid_07936,0.5917191304347826
grid_07937,0.5761411594202899
grid_07938,0.6633063768115942
grid_07939,0.6209796521739132
grid_07940,0.6024775652173914
grid_07941,0.6057662608695652
grid_07942,0.5760951304347826
grid_07943,0.5839660869565217
grid_07944,0.5816978260869566
grid_07945,0.6402702608695653
grid_07946,0.6302047826086956
grid_07947,0.579003652173913
grid_07948,0.6377481739130435
grid_07949,0.6257071304347827
grid_07950,0.6459104347826087
grid_07951,0.6510168115942029
grid_07952,0.6656154782608695
grid_07953,0.6414457391304349
grid_07954,0.6165271304347827
grid_07955,0.6300631304347827
grid_07956,0.625556347826087
grid_07957,0.6125184347826087
grid_07958,0.5629076521739131
grid_07959,0.6027453913043479
grid_07960,0.5755547826086956
grid_07961,0.6064970434782608
grid_07962,0.6153773913043478
grid_07963,0.6077587826086956
grid_07964,0.6148678260869563
grid_07965,0.6044718260869566
grid_07966,0.6171217391304348
grid_07967,0.6290634782608696
grid_07968,0.5814429565217393
grid_07969,0.6196634782608696
grid_07970,0.5941777391304348
grid_07971,0.5975123478260869
grid_07972,0.617735072463768
grid_07973,0.5906227826086957
grid_07974,0.5979761739130435
grid_07975,0.590780347826087
grid_07976,0.5950972173913044
grid_07977,0.5861913043478261
grid_07978,0.615979652173913
grid_07979,0.5958177391304348
grid_07980,0.6149153043478262
grid_07981,0.6133859130434783
grid_07982,0.6262865217391304
grid_07983,0.602044347826087
grid_07984,0.5996137391304348
grid_07985,0.6106914782608696
grid_07986,0.6130944347826087
grid_07987,0.5907867826086958
grid_07988,0.5591224347826087
grid_07989,0.6341341614906834
grid_07990,0.5809794782608696
grid_07991,0.6405130434782609
grid_07992,0.6316704347826089
grid_07993,0.5911631304347827
grid_07994,0.6039274782608696
grid_07995,0.6468540869565217
grid_07996,0.5977358260869565
grid_07997,0.6414782608695652
grid_07998,0.5813982608695651
grid_07999,0.6391100334448161
grid_08000,0.6081853913043479
grid_08001,0.6077420869565218
grid_08002,0.614928
grid_08003,0.6206834782608697
grid_08004,0.5874121739130435
grid_08005,0.6339473145780053
grid_08006,0.6370048494983279
grid_08007,0.5996892173913043
grid_08008,0.6236607246376811
grid_08009,0.6162386086956522
grid_08010,0.6043624347826086
grid_08011,0.6205307692307692
grid_08012,0.6043497391304348
grid_08013,0.5915582608695652
grid_08014,0.6114921739130434
grid_08015,0.6302864347826087
grid_08016,0.5961989565217392
grid_08017,0.6280329431438127
grid_08018,0.6413980869565218
grid_08019,0.6017942608695652
grid_08020,0.6113660869565217
grid_08021,0.6238570434782609
grid_08022,0.6238362318840579
grid_08023,0.6227135652173913
grid_08024,0.6274153726708075
grid_08025,0.6284521739130434
grid_08026,0.5982394648829431
grid_08027,0.6096187826086957
grid_08028,0.6277318840579711
grid_08029,0.5877878260869566
grid_08030,0.5957747826086957
grid_08031,0.6335771014492753
grid_08032,0.598496695652174
grid_08033,0.5965377391304348
grid_08034,0.5984650434782609
grid_08035,0.6128526956521739
grid_08036,0.6235292753623187
grid_08037,0.6399546086956522
grid_08038,0.6124579710144927
grid_08039,0.6211712732919255
grid_08040,0.6297455652173913
grid_08041,0.6298434782608696
grid_08042,0.644336347826087
grid_08043,0.6066785714285715
grid_08044,0.6106693913043479
grid_08045,0.6072075362318842
grid_08046,0.6720175652173914
grid_08047,0.592111652173913
grid_08048,0.5885224347826087
grid_08049,0.5836561739130435
grid_08050,0.6033304347826087
grid_08051,0.5952118260869566
grid_08052,0.5884053140096618
grid_08053,0.6057855072463769
grid_08054,0.592184
grid_08055,0.5946906086956522
grid_08056,0.5824634782608696
grid_08057,0.6186921739130434
grid_08058,0.6434391304347826
grid_08059,0.643624695652174
grid_08060,0.7027052173913044
grid_08061,0.6392902608695652
grid_08062,0.6105909565217391
grid_08063,0.5991877329192548
grid_08064,0.6045788405797102
grid_08065,0.6143914782608696
grid_08066,0.6156785714285714
grid_08067,0.5733716521739131
grid_08068,0.5868801242236026
grid_08069,0.5722111304347827
grid_08070,0.5973203366058905
grid_08071,0.5909838260869565
grid_08072,0.5788466666666667
grid_08073,0.5798899130434783
grid_08074,0.5570238260869566
grid_08075,0.572155304347826
grid_08076,0.5810840579710145
grid_08077,0.6198495652173913
grid_08078,0.6522660869565218
grid_08079,0.6361622608695653
grid_08080,0.626741043478261
grid_08081,0.6172106086956523
grid_08082,0.6559905797101452
grid_08083,0.6529326836581709
grid_08084,0.6227728260869565
grid_08085,0.6451229565217392
grid_08086,0.6141132173913044
grid_08087,0.6345817391304348
grid_08088,0.6242605217391305
grid_08089,0.6130347826086957
grid_08090,0.6225939130434784
grid_08091,0.6636438127090301
grid_08092,0.7269019130434784
grid_08093,0.6910379130434783
grid_08094,0.6318632246376812
grid_08095,0.777324695652174
grid_08096,0.6611321256038648
grid_08097,0.6674938127090301
grid_08098,0.7110966956521739
grid_08099,0.6994086956521739
grid_08100,0.7249533596837945
grid_08101,0.6894039855072464
grid_08102,0.7060603260869566
grid_08103,0.6622976811594203
grid_08104,0.6866110248447204
grid_08105,0.6589758260869566
grid_08106,0.6876368760064414
grid_08107,0.6424040479760119
grid_08108,0.6761214170692432
grid_08109,0.577712695652174
grid_08110,0.6096119565217392
grid_08111,0.5975761739130435
grid_08112,0.5818679999999999
grid_08113,0.6261286956521739
grid_08114,0.6143965217391305
grid_08115,0.6463676811594203
grid_08116,0.645417043478261
grid_08117,0.6458659130434783
grid_08118,0.6201794782608696
grid_08119,0.6104545893719807
grid_08120,0.7240307692307694
grid_08121,0.6693328695652175
grid_08122,0.6470596521739131
grid_08123,0.650213188405797
grid_08124,0.7123976811594203
grid_08125,0.7112913043478261
grid_08126,0.6403553043478262
grid_08127,0.7107751552795031
grid_08128,0.7361586956521741
grid_08129,0.7025741418764302
grid_08130,0.7120756521739132
grid_08131,0.7119558695652174
grid_08132,0.6669465838509316
grid_08133,0.6796217391304348
grid_08134,0.7389079051383398
grid_08135,0.6892304347826087
grid_08136,0.6688907826086957
grid_08137,0.7187197101449274
grid_08138,0.690291304347826
grid_08139,0.6732740942028985
grid_08140,0.7622167471819644
grid_08141,0.7376114130434784
grid_08142,0.7365621376811595
grid_08143,0.7463891304347827
grid_08144,0.7523347826086957
grid_08145,0.7016352842809366
grid_08146,0.7109756521739131
grid_08147,0.6328813913043478
grid_08148,0.6267281739130436
grid_08149,0.6042304347826087
grid_08150,0.6634770434782609
grid_08151,0.6393926086956523
grid_08152,0.5709624347826088
grid_08153,0.6085513043478261
grid_08154,0.6423031304347826
grid_08155,0.6568986086956522
grid_08156,0.7017041739130435
grid_08157,0.7666060869565218
grid_08158,0.6887593043478261
grid_08159,0.772423602484472
grid_08160,0.7062853913043479
grid_08161,0.6484928985507247
grid_08162,0.7344760869565217
grid_08163,0.6785488695652174
grid_08164,0.612300579710145
grid_08165,0.6668608695652175
grid_08166,0.7088706521739131
grid_08167,0.7827071428571429
grid_08168,0.6847637681159421
grid_08169,0.6971347826086958
grid_08170,0.7126183229813666
grid_08171,0.6810179347826087
grid_08172,0.709111801242236
grid_08173,0.6776768115942029
grid_08174,0.6212539130434782
grid_08175,0.695908
grid_08176,0.652844695652174
grid_08177,0.7197457326892108
grid_08178,0.7453758260869566
grid_08179,0.7392634182908546
grid_08180,0.691089043478261
grid_08181,0.7243386086956523
grid_08182,0.6856916521739131
grid_08183,0.6609467826086957
grid_08184,0.6706052173913042
grid_08185,0.7456703557312253
grid_08186,0.6226966666666667
grid_08187,0.7170726449275362
grid_08188,0.721992391304348
grid_08189,0.6275587761674717
grid_08190,0.6797858293075685
grid_08191,0.6749733913043479
grid_08192,0.5833652173913043
grid_08193,0.7734067826086958
grid_08194,0.7664309565217393
grid_08195,0.762950579710145
grid_08196,0.7439302608695652
grid_08197,0.6638295652173913
grid_08198,0.7357222608695654
grid_08199,0.6987812173913044
grid_08200,0.7110026086956522
grid_08201,0.7595760869565218
grid_08202,0.754472695652174
grid_08203,0.7531305797101449
grid_08204,0.7403500869565217
grid_08205,0.7238716521739131
grid_08206,0.7251626086956522
grid_08207,0.7473933913043477
grid_08208,0.7237222608695651
grid_08209,0.7551565217391304
grid_08210,0.753571956521739
grid_08211,0.7196523478260869
grid_08212,0.7304900869565217
grid_08213,0.5353908545727136
grid_08214,0.6237185255198487
grid_08215,0.7201086956521738
grid_08216,0.5835285507246376
grid_08217,0.6824866086956521
grid_08218,0.6980613913043477
grid_08219,0.7050884057971015
grid_08220,0.6578588405797101
grid_08221,0.6847916996047431
grid_08222,0.6719589130434783
grid_08223,0.7494000000000001
grid_08224,0.7585053623188406
grid_08225,0.7144227826086957
grid_08226,0.7508339130434782
grid_08227,0.7541428571428571
grid_08228,0.7615231366459627
grid_08229,0.7484545454545455
grid_08230,0.7190139130434783
grid_08231,0.715940579710145
grid_08232,0.7075667296786391
grid_08233,0.6820373913043478
grid_08234,0.6635250434782608
grid_08235,0.6658371237458194
grid_08236,0.697134963768116
grid_08237,0.7243221967963386
grid_08238,0.7242304347826088
grid_08239,0.5658422360248447
grid_08240,0.618912
grid_08241,0.6262504347826088
grid_08242,0.6375333333333333
grid_08243,0.6300067826086956
grid_08244,0.5956372909698997
grid_08245,0.6388325217391305
grid_08246,0.6360916521739131
grid_08247,0.5823680000000001
grid_08248,0.7105372463768116
grid_08249,0.7391147826086957
grid_08250,0.7643914782608696
grid_08251,0.7109104347826087
grid_08252,0.7215017391304349
grid_08253,0.6980553043478261
grid_08254,0.6359961739130435
grid_08255,0.6830860869565218
grid_08256,0.6625219130434783
grid_08257,0.671388695652174
grid_08258,0.6773310144927535
grid_08259,0.5844411594202898
grid_08260,0.5601998260869565
grid_08261,0.5442175652173913
grid_08262,0.47152747826086966
grid_08263,0.5899433333333334
grid_08264,0.5708926956521739
grid_08265,0.4457876521739131
grid_08266,0.5446382608695653
grid_08267,0.6466907826086957
grid_08268,0.5391194782608696
grid_08269,0.5426886956521739
grid_08270,0.5416118260869566
grid_08271,0.5954227826086956
grid_08272,0.5811317391304347
grid_08273,0.6143589565217391
grid_08274,0.5530773913043479
grid_08275,0.5575624347826087
grid_08276,0.6243361739130434
grid_08277,0.6353904347826087
grid_08278,0.585356
grid_08279,0.7071928695652174
grid_08280,0.631263198757764
grid_08281,0.6016114782608696
grid_08282,0.6349867826086957
grid_08283,0.6922506086956521
grid_08284,0.6587215652173913
grid_08285,0.7339508695652175
grid_08286,0.6364461180124225
grid_08287,0.5480469565217391
grid_08288,0.6821760119940031
grid_08289,0.6919704347826087
grid_08290,0.6746368695652174
grid_08291,0.657695652173913
grid_08292,0.697461391304348
grid_08293,0.6438426086956522
grid_08294,0.6922179910044978
grid_08295,0.6571289855072465
grid_08296,0.70698
grid_08297,0.6911071304347826
grid_08298,0.6782158260869565
grid_08299,0.5651756521739131
grid_08300,0.6206033043478261
grid_08301,0.6393084057971014
grid_08302,0.602972347826087
grid_08303,0.6379979130434783
grid_08304,0.5778652173913045
grid_08305,0.6239622670807454
grid_08306,0.5932958260869565
grid_08307,0.6271079710144928
grid_08308,0.6526897391304348
grid_08309,0.5773882608695653
grid_08310,0.6057059130434783
grid_08311,0.6880542608695653
grid_08312,0.6946709565217393
grid_08313,0.6591206521739129
grid_08314,0.6010553043478262
grid_08315,0.7484726956521739
grid_08316,0.7645970434782609
grid_08317,0.6789186086956522
grid_08318,0.7005921739130436
grid_08319,0.7355975652173913
grid_08320,0.715
grid_08321,0.6651274782608696
grid_08322,0.5919333333333334
grid_08323,0.6555605217391305
grid_08324,0.6570558260869565
grid_08325,0.6063826086956522
grid_08326,0.6944888695652175
grid_08327,0.681134347826087
grid_08328,0.5701840579710146
grid_08329,0.6589511304347826
grid_08330,0.6797180869565218
grid_08331,0.6368756521739132
grid_08332,0.681481739130435
grid_08333,0.6389681739130435
grid_08334,0.6634754782608696
grid_08335,0.6671916521739131
grid_08336,0.6008965217391304
grid_08337,0.6691285217391304
grid_08338,0.6496906086956522
grid_08339,0.5022925925925926
grid_08340,0.5565758454106281
grid_08341,0.6008496894409939
grid_08342,0.6619707826086956
grid_08343,0.5362302898550726
grid_08344,0.6451048695652175
grid_08345,0.7680161739130434
grid_08346,0.7443360708534624
grid_08347,0.6347513586956521
grid_08348,0.7662857391304346
grid_08349,0.581093695652174
grid_08350,0.5885467826086956
grid_08351,0.6364641739130434
grid_08352,0.6002779130434783
grid_08353,0.5648100724637681
grid_08354,0.617136695652174
grid_08355,0.5902730434782609
grid_08356,0.6490099130434782
grid_08357,0.6347245217391305
grid_08358,0.5733113043478262
grid_08359,0.5928187826086957
grid_08360,0.6079848695652175
grid_08361,0.6577379130434784
grid_08362,0.5799644409937889
grid_08363,0.5812528695652175
grid_08364,0.581696
grid_08365,0.5939411490683231
grid_08366,0.5608361739130435
grid_08367,0.5476257648953301
grid_08368,0.5298107826086956
grid_08369,0.5520720568668047
grid_08370,0.4232428392425811
grid_08371,0.3610809578057698
grid_08372,0.6414067826086958
grid_08373,0.5047463954975548
grid_08374,0.6269598363299554
grid_08375,0.43163669977810143
grid_08376,0.6089123478260869
grid_08377,0.5869787276887872
grid_08378,0.6161078260869566
grid_08379,0.5849137681159422
grid_08380,0.5892040000000001
grid_08381,0.5211156832298137
grid_08382,0.5286368695652174
grid_08383,0.546628
grid_08384,0.5366467826086957
grid_08385,0.5615046376811593
grid_08386,0.5591973913043479
grid_08387,0.5328347826086958
grid_08388,0.5026479871175524
grid_08389,0.5567424347826088
grid_08390,0.5523645362318841
grid_08391,0.553352347826087
grid_08392,0.5690170434782609
grid_08393,0.5700491304347826
grid_08394,0.5452549565217392
grid_08395,0.554628695652174
grid_08396,0.5536692173913044
grid_08397,0.5579338164251207
grid_08398,0.5489572173913043
grid_08399,0.3277372836538462
grid_08400,0.3532134635354743
grid_08401,0.15495833333333334
grid_08402,0.39074185146661117
grid_08403,0.1789822005772006
grid_08404,0.17633336124401913
grid_08405,0.35991321588556374
grid_08406,0.1287125
grid_08407,0.5018253992094862
grid_08408,0.4237018252920992
grid_08409,0.5506123993558776
grid_08410,0.5446360869565218
grid_08411,0.5725546583850932
grid_08412,0.5538313043478261
grid_08413,0.58946131934033
grid_08414,0.5888744347826088
grid_08415,0.6045391304347826
grid_08416,0.6137092173913044
grid_08417,0.5863629565217392
grid_08418,0.6076315568022441
grid_08419,0.565267316341829
grid_08420,0.5317215652173913
grid_08421,0.5677347826086957
grid_08422,0.5279864347826088
grid_08423,0.552564
grid_08424,0.549258695652174
grid_08425,0.591924347826087
grid_08426,0.5385521739130436
grid_08427,0.479652
grid_08428,0.5535176811594203
grid_08429,0.6013323671497586
grid_08430,0.5885991304347826
grid_08431,0.5682382608695652
grid_08432,0.5517459815546772
grid_08433,0.5586307826086957
grid_08434,0.5768798260869565
grid_08435,0.5733426086956521
grid_08436,0.5778796521739131
grid_08437,0.5627469565217392
grid_08438,0.5760420869565217
grid_08439,0.6382361801242237
grid_08440,0.6169791304347826
grid_08441,0.6294876521739131
grid_08442,0.5937153043478262
grid_08443,0.5915880837359099
grid_08444,0.6353453623188406
grid_08445,0.616412882447665
grid_08446,0.6123549565217392
grid_08447,0.5672391304347826
grid_08448,0.6017123478260871
grid_08449,0.6810153623188406
grid_08450,0.681113043478261
grid_08451,0.6491219130434783
grid_08452,0.6564210434782609
grid_08453,0.617415652173913
grid_08454,0.5571746376811595
grid_08455,0.671372695652174
grid_08456,0.6634808695652175
grid_08457,0.6533833043478262
grid_08458,0.5894644927536233
grid_08459,0.6970966956521739
grid_08460,0.6431492753623188
grid_08461,0.6669954782608696
grid_08462,0.5987831304347826
grid_08463,0.6777662608695653
grid_08464,0.6391326956521739
grid_08465,0.6647749565217391
grid_08466,0.6318527536231885
grid_08467,0.5875109500805151
grid_08468,0.6262868065967017
grid_08469,0.7342669565217392
grid_08470,0.6261302608695654
grid_08471,0.680845043478261
grid_08472,0.7403060869565218
grid_08473,0.6012690434782609
grid_08474,0.621476347826087
grid_08475,0.6448549565217391
grid_08476,0.724093043478261
grid_08477,0.6296182908545728
grid_08478,0.5763133913043479
grid_08479,0.6322881739130435
grid_08480,0.655307536231884
grid_08481,0.6607958260869566
grid_08482,0.6232542608695653
grid_08483,0.6236634782608695
grid_08484,0.5862797101449275
grid_08485,0.6216397301349325
grid_08486,0.6400433229813665
grid_08487,0.6129537391304347
grid_08488,0.6486104347826089
grid_08489,0.7212115942028986
grid_08490,0.6190255652173914
grid_08491,0.5753113043478261
grid_08492,0.5900354037267082
grid_08493,0.5685442834138487
grid_08494,0.5762029503105591
grid_08495,0.6141874782608696
grid_08496,0.5570631987577641
grid_08497,0.6023727858293076
grid_08498,0.5971133913043478
grid_08499,0.6076401739130435
grid_08500,0.6557495652173913
grid_08501,0.6545327639751554
grid_08502,0.6075380869565218
grid_08503,0.6332034782608695
grid_08504,0.6766376811594201
grid_08505,0.623544695652174
grid_08506,0.6130431884057972
grid_08507,0.6279772173913044
grid_08508,0.60184
grid_08509,0.6145502608695652
grid_08510,0.6283624347826088
grid_08511,0.701723652173913
grid_08512,0.6064709565217392
grid_08513,0.7114407246376812
grid_08514,0.5273740869565217
grid_08515,0.6763650434782609
grid_08516,0.7779759420289855
grid_08517,0.7416410434782609
grid_08518,0.6522608695652174
grid_08519,0.6697410434782608
grid_08520,0.6383551304347826
grid_08521,0.6629347826086956
grid_08522,0.6470093913043479
grid_08523,0.6347575652173912
grid_08524,0.638328
grid_08525,0.6328273043478262
grid_08526,0.6540285507246378
grid_08527,0.644269043478261
grid_08528,0.6394561739130434
grid_08529,0.5744728695652174
grid_08530,0.6068253913043479
grid_08531,0.5960663768115942
grid_08532,0.5885993788819877
grid_08533,0.6159279999999999
grid_08534,0.6464716521739132
grid_08535,0.623812347826087
grid_08536,0.5857062801932368
grid_08537,0.5423304347826087
grid_08538,0.5624978919631095
grid_08539,0.5818076521739131
grid_08540,0.7434495652173915
grid_08541,0.6391004830917875
grid_08542,0.5856385507246377
grid_08543,0.598071652173913
grid_08544,0.649295304347826
grid_08545,0.5742187826086956
grid_08546,0.6255478260869566
grid_08547,0.6543255652173913
grid_08548,0.6130358260869566
grid_08549,0.6229867954911434
grid_08550,0.6100501449275363
grid_08551,0.5969412173913043
grid_08552,0.5816372173913043
grid_08553,0.5586715942028986
grid_08554,0.5726029565217392
grid_08555,0.6258580869565218
grid_08556,0.574148695652174
grid_08557,0.5972340869565217
grid_08558,0.6270092173913043
grid_08559,0.5945631304347827
grid_08560,0.5775710144927537
grid_08561,0.5348986086956522
grid_08562,0.5243819130434783
grid_08563,0.5811521739130435
grid_08564,0.6263584541062803
grid_08565,0.4741873043478261
grid_08566,0.5996845217391304
grid_08567,0.47449460869565224
grid_08568,0.757992
grid_08569,0.6300685217391304
grid_08570,0.6908278260869564
grid_08571,0.7025532173913043
grid_08572,0.6103690434782609
grid_08573,0.626612463768116
grid_08574,0.6335968695652174
grid_08575,0.6129748792270532
grid_08576,0.6863003478260871
grid_08577,0.6205017991004498
grid_08578,0.663624695652174
grid_08579,0.6346055183946487
grid_08580,0.6238669565217392
grid_08581,0.6247128695652175
grid_08582,0.6487223188405796
grid_08583,0.569060695652174
grid_08584,0.6099528695652174
grid_08585,0.5920768695652174
grid_08586,0.5902176811594203
grid_08587,0.5652055652173913
grid_08588,0.5771947826086956
grid_08589,0.5713716521739132
grid_08590,0.6965489855072465
grid_08591,0.7104582608695652
grid_08592,0.6962233333333335
grid_08593,0.5799975652173913
grid_08594,0.6666349565217391
grid_08595,0.6048401739130436
grid_08596,0.7088223188405798
grid_08597,0.5579801739130436
grid_08598,0.678764347826087
grid_08599,0.7372846956521741
grid_08600,0.7037325217391305
grid_08601,0.724084
grid_08602,0.8002379130434782
grid_08603,0.7857546086956522
grid_08604,0.7958113043478262
grid_08605,0.7669575652173914
grid_08606,0.7722662608695652
grid_08607,0.7681779130434784
grid_08608,0.7585386086956524
grid_08609,0.583700695652174
grid_08610,0.5714750724637682
grid_08611,0.5810710144927536
grid_08612,0.5544673043478262
grid_08613,0.5317884615384616
grid_08614,0.5912102608695653
grid_08615,0.6142236521739131
grid_08616,0.5930172463768116
grid_08617,0.5672290434782609
grid_08618,0.6016408695652175
grid_08619,0.6298241739130436
grid_08620,0.5429657391304349
grid_08621,0.6819271304347826
grid_08622,0.7243301003344482
grid_08623,0.6276099130434782
grid_08624,0.5674147826086957
grid_08625,0.5696173913043479
grid_08626,0.5399813913043477
grid_08627,0.583615652173913
grid_08628,0.5464726956521739
grid_08629,0.7475953043478262
grid_08630,0.7202913043478262
grid_08631,0.7364288695652174
grid_08632,0.6881987826086957
grid_08633,0.7497584057971013
grid_08634,0.6851594782608695
grid_08635,0.5873036231884058
grid_08636,0.6343081739130435
grid_08637,0.6792493913043479
grid_08638,0.6537907826086957
grid_08639,0.6252128985507246
grid_08640,0.6209532173913044
grid_08641,0.6108526956521739
grid_08642,0.6151262318840581
grid_08643,0.5998194782608696
grid_08644,0.6143250434782609
grid_08645,0.6200290434782609
grid_08646,0.5871817391304348
grid_08647,0.5938939130434782
grid_08648,0.6376441739130435
grid_08649,0.6234561739130434
grid_08650,0.6116307826086957
grid_08651,0.6508733333333334
grid_08652,0.6186532173913044
grid_08653,0.6256034782608695
grid_08654,0.6285144347826087
grid_08655,0.6025031304347827
grid_08656,0.6299433229813666
grid_08657,0.6574067826086957
grid_08658,0.5913890434782609
grid_08659,0.5891928695652173
grid_08660,0.6357230434782609
grid_08661,0.5732153043478261
grid_08662,0.6266856682769727
grid_08663,0.5783958260869566
grid_08664,0.5646095652173914
grid_08665,0.6031740579710145
grid_08666,0.650756371814093
grid_08667,0.5685093913043479
grid_08668,0.5727640468227426
grid_08669,0.5990989565217392
grid_08670,0.614740347826087
grid_08671,0.5697556521739131
grid_08672,0.6638980869565217
grid_08673,0.5969317841079461
grid_08674,0.5957702898550726
grid_08675,0.640528347826087
grid_08676,0.6551062608695652
grid_08677,0.6057060200668897
grid_08678,0.5493809006211181
grid_08679,0.774034347826087
grid_08680,0.6895344347826087
grid_08681,0.7769645217391304
grid_08682,0.7345900869565217
grid_08683,0.6383911304347827
grid_08684,0.7406023988005996
grid_08685,0.7525813204508858
grid_08686,0.5796126956521739
grid_08687,0.7224017391304348
grid_08688,0.606540695652174
grid_08689,0.6558439440993789
grid_08690,0.634748
grid_08691,0.6210191304347826
grid_08692,0.5866584347826087
grid_08693,0.5975053913043479
grid_08694,0.6308702608695653
grid_08695,0.6122589565217392
grid_08696,0.6301227536231886
grid_08697,0.5640236521739131
grid_08698,0.6163775652173914
grid_08699,0.6428711304347826
grid_08700,0.6562259130434783
grid_08701,0.5901386086956522
grid_08702,0.6006765217391306
grid_08703,0.5714152173913043
grid_08704,0.5743231304347826
grid_08705,0.604120347826087
grid_08706,0.5478598260869565
grid_08707,0.6134033333333332
grid_08708,0.5275714782608696
grid_08709,0.7114579130434784
grid_08710,0.6319295652173913
grid_08711,0.5706752508361205
grid_08712,0.672924927536232
grid_08713,0.6373537391304347
grid_08714,0.6317758260869565
grid_08715,0.6304576811594204
grid_08716,0.5861655279503105
grid_08717,0.5744532173913044
grid_08718,0.6303859130434784
grid_08719,0.5973652173913044
grid_08720,0.6033890434782608
grid_08721,0.6033102608695653
grid_08722,0.5527180869565218
grid_08723,0.5540452173913045
grid_08724,0.49492052173913054
grid_08725,0.5677495652173913
grid_08726,0.5725113043478262
grid_08727,0.569188347826087
grid_08728,0.4826401739130436
grid_08729,0.6180930434782609
grid_08730,0.5608069565217392
grid_08731,0.6253944927536232
grid_08732,0.5840900869565218
grid_08733,0.577648447204969
grid_08734,0.582651652173913
grid_08735,0.5209024844720497
grid_08736,0.5757669565217391
grid_08737,0.507184347826087
grid_08738,0.5415589565217391
grid_08739,0.5881377391304349
grid_08740,0.6463906086956521
grid_08741,0.5898681739130435
grid_08742,0.6377778260869565
grid_08743,0.6036346086956522
grid_08744,0.6209366956521739
grid_08745,0.5672320000000001
grid_08746,0.5956560000000001
grid_08747,0.6056163478260871
grid_08748,0.6264317391304348
grid_08749,0.6259812173913043
grid_08750,0.7458850434782609
grid_08751,0.6207130434782608
grid_08752,0.7328760000000001
grid_08753,0.6460364906832299
grid_08754,0.6072372173913044
grid_08755,0.6101686956521739
grid_08756,0.6186753043478261
grid_08757,0.611531652173913
grid_08758,0.6249144927536231
grid_08759,0.7009643478260871
grid_08760,0.675284
grid_08761,0.6080657391304348
grid_08762,0.6081092173913044
grid_08763,0.6464046956521738
grid_08764,0.6270097391304348
grid_08765,0.6104462608695652
grid_08766,0.5983792753623188
grid_08767,0.6121245217391305
grid_08768,0.6009299130434783
grid_08769,0.5824955072463769
grid_08770,0.5870775652173914
grid_08771,0.5833408026755854
grid_08772,0.5926755072463767
grid_08773,0.57772
grid_08774,0.5677885217391305
grid_08775,0.6044318322981368
grid_08776,0.5446125217391306
grid_08777,0.5597137391304348
grid_08778,0.584136
grid_08779,0.5937234782608696
grid_08780,0.5767088695652174
grid_08781,0.590760347826087
grid_08782,0.6249826086956523
grid_08783,0.5974481739130435
grid_08784,0.601345072463768
grid_08785,0.5859951304347826
grid_08786,0.5946641739130435
grid_08787,0.6049897391304349
grid_08788,0.5736517391304349
grid_08789,0.592164
grid_08790,0.5767881159420288
grid_08791,0.6131759420289856
grid_08792,0.605217857142857
grid_08793,0.5973359531772574
grid_08794,0.5857545727136433
grid_08795,0.5687289355322339
grid_08796,0.5938152173913044
grid_08797,0.5577862608695652
grid_08798,0.6016758260869565
grid_08799,0.6194944347826088
grid_08800,0.6060369565217393
grid_08801,0.6593582608695653
grid_08802,0.5911469565217391
grid_08803,0.5944773913043478
grid_08804,0.6085313043478261
grid_08805,0.6337709565217391
grid_08806,0.5760832528180355
grid_08807,0.5588579130434783
grid_08808,0.5932787826086957
grid_08809,0.5542725217391306
grid_08810,0.5882996521739131
grid_08811,0.5715615652173913
grid_08812,0.5790857391304348
grid_08813,0.5738184057971015
grid_08814,0.5837914782608695
grid_08815,0.6015896321070235
grid_08816,0.5808052173913044
grid_08817,0.5630702608695652
grid_08818,0.5636125217391305
grid_08819,0.5621937888198758
grid_08820,0.5773944347826088
grid_08821,0.568307890499195
grid_08822,0.6071768695652174
grid_08823,0.5564149275362319
grid_08824,0.5643470209339775
grid_08825,0.5449601739130435
grid_08826,0.562376811594203
grid_08827,0.6053756521739131
grid_08828,0.5886963478260869
grid_08829,0.5722840000000001
grid_08830,0.6655252173913044
grid_08831,0.6464795491143318
grid_08832,0.6250405797101449
grid_08833,0.5763827536231886
grid_08834,0.6106173913043478
grid_08835,0.5844100869565217
grid_08836,0.6478981884057972
grid_08837,0.5567253913043478
grid_08838,0.48920579710144935
grid_08839,0.5160016103059581
grid_08840,0.5099834239130434
grid_08841,0.566759652173913
grid_08842,0.5638078260869566
grid_08843,0.549946811594203
grid_08844,0.5887056360708536
grid_08845,0.5865882447665056
grid_08846,0.553160347826087
grid_08847,0.5634107826086957
grid_08848,0.576882298136646
grid_08849,0.5727078260869565
grid_08850,0.5728304347826088
grid_08851,0.49077106446776614
grid_08852,0.4960639291465378
grid_08853,0.5541259130434782
grid_08854,0.5697554782608697
grid_08855,0.5369639130434783
grid_08856,0.5830387826086957
grid_08857,0.5319704347826087
grid_08858,0.5502608695652174
grid_08859,0.5692369565217391
grid_08860,0.5855358260869565
grid_08861,0.5701848695652174
grid_08862,0.5489265886287625
grid_08863,0.5703621739130434
grid_08864,0.5560847020933978
grid_08865,0.5673789565217392
grid_08866,0.539539304347826
grid_08867,0.5931916149068324
grid_08868,0.5249962732919256
grid_08869,0.5400368695652173
grid_08870,0.5320208695652174
grid_08871,0.5383252173913045
grid_08872,0.5243467826086957
grid_08873,0.5062377391304349
grid_08874,0.526656811594203
grid_08875,0.508129192546584
grid_08876,0.5144507763975156
grid_08877,0.5031321739130434
grid_08878,0.5285713043478261
grid_08879,0.5408554347826088
grid_08880,0.5113615652173913
grid_08881,0.5447290372670808
grid_08882,0.5284097391304349
grid_08883,0.5782700000000001
grid_08884,0.5205113043478261
grid_08885,0.5464881739130435
grid_08886,0.5670460869565218
grid_08887,0.5600323188405798
grid_08888,0.5688474782608697
grid_08889,0.4841215652173913
grid_08890,0.49202886956521746
grid_08891,0.5332973913043478
grid_08892,0.5015335652173913
grid_08893,0.5261695652173913
grid_08894,0.5062718260869565
grid_08895,0.4889076521739131
grid_08896,0.5121546086956522
grid_08897,0.5303714782608696
grid_08898,0.5017453804347827
grid_08899,0.5532953177257525
grid_08900,0.5534509565217391
grid_08901,0.5520378260869566
grid_08902,0.5170996521739131
grid_08903,0.5706088695652174
grid_08904,0.5772645217391305
grid_08905,0.5874250434782609
grid_08906,0.5899239935587763
grid_08907,0.5148731884057972
grid_08908,0.5809539130434783
grid_08909,0.5287048695652175
grid_08910,0.49983060869565216
grid_08911,0.5256623745819399
grid_08912,0.513160347826087
grid_08913,0.4991592203898052
grid_08914,0.5139626086956522
grid_08915,0.49473095652173915
grid_08916,0.49510469565217385
grid_08917,0.5037083850931677
grid_08918,0.5351220869565217
grid_08919,0.5647198260869566
grid_08920,0.5912513043478261
grid_08921,0.5542606956521741
grid_08922,0.566544347826087
grid_08923,0.5607140869565217
grid_08924,0.5075544927536232
grid_08925,0.5871224347826087
grid_08926,0.5085031304347826
grid_08927,0.52863
grid_08928,0.6037700869565217
grid_08929,0.598724
grid_08930,0.5574829565217392
grid_08931,0.5496925217391304
grid_08932,0.5578380869565218
grid_08933,0.5755895330112722
grid_08934,0.5503166956521739
grid_08935,0.548496251874063
grid_08936,0.5524457971014493
grid_08937,0.5342206956521739
grid_08938,0.5556495652173914
grid_08939,0.6187893913043478
grid_08940,0.5123149565217392
grid_08941,0.6177062608695653
grid_08942,0.5423633333333334
grid_08943,0.5150714782608695
grid_08944,0.5986300869565218
grid_08945,0.579708695652174
grid_08946,0.48520318840579724
grid_08947,0.5726187826086957
grid_08948,0.6058631304347826
grid_08949,0.6164246376811595
grid_08950,0.6472885217391304
grid_08951,0.6433575652173914
grid_08952,0.5694657391304349
grid_08953,0.6133175652173913
grid_08954,0.609929275362319
grid_08955,0.6575092173913045
grid_08956,0.5893137391304348
grid_08957,0.6165156521739131
grid_08958,0.6114439799331104
grid_08959,0.6016909565217392
grid_08960,0.5595377391304348
grid_08961,0.6130859130434783
grid_08962,0.5376597423510467
grid_08963,0.580441043478261
grid_08964,0.5764445217391304
grid_08965,0.5592801739130435
grid_08966,0.6065513043478261
grid_08967,0.6098840000000001
grid_08968,0.5818915942028986
grid_08969,0.46567016491754126
grid_08970,0.6041921739130435
grid_08971,0.6297149565217391
grid_08972,0.6073846956521739
grid_08973,0.5506046956521738
grid_08974,0.6211406956521739
grid_08975,0.5675154782608696
grid_08976,0.5552358260869565
grid_08977,0.5179772173913044
grid_08978,0.5690794782608696
grid_08979,0.606199652173913
grid_08980,0.620864
grid_08981,0.5812185507246378
grid_08982,0.5786194782608696
grid_08983,0.5783012173913044
grid_08984,0.569204927536232
grid_08985,0.5998940869565217
grid_08986,0.6082793043478262
grid_08987,0.5994062608695652
grid_08988,0.5733617691154423
grid_08989,0.6476663768115943
grid_08990,0.598856695652174
grid_08991,0.6119412173913045
grid_08992,0.6266740869565217
grid_08993,0.6391385507246377
grid_08994,0.5816902608695653
grid_08995,0.6182815652173913
grid_08996,0.6166158260869565
grid_08997,0.6350105797101449
grid_08998,0.5847685217391305
grid_08999,0.48960939130434783
grid_09000,0.6050970434782609
grid_09001,0.5481641739130435
grid_09002,0.5790339130434783
grid_09003,0.5574608695652175
grid_09004,0.5985972173913044
grid_09005,0.5534558260869565
grid_09006,0.6126831304347826
grid_09007,0.5812259420289855
grid_09008,0.5113090434782609
grid_09009,0.5978052173913043
grid_09010,0.6139975845410629
grid_09011,0.5685286956521739
grid_09012,0.6312571014492754
grid_09013,0.6025314782608696
grid_09014,0.5496709565217393
grid_09015,0.6094462608695652
grid_09016,0.5533546086956522
grid_09017,0.5789516521739131
grid_09018,0.6206578260869565
grid_09019,0.5573122073578595
grid_09020,0.6069518260869566
grid_09021,0.594816811594203
grid_09022,0.5453471304347827
grid_09023,0.5844340869565218
grid_09024,0.5540284057971014
grid_09025,0.6109453913043479
grid_09026,0.5887733913043478
grid_09027,0.59296
grid_09028,0.5694495652173913
grid_09029,0.5791735652173914
grid_09030,0.6143394782608695
grid_09031,0.5987829565217392
grid_09032,0.5407057971014493
grid_09033,0.4738499130434783
grid_09034,0.5501180869565219
grid_09035,0.5826841739130435
grid_09036,0.5410737681159421
grid_09037,0.5648453913043479
grid_09038,0.5640862608695653
grid_09039,0.5763507826086957
grid_09040,0.5416178743961353
grid_09041,0.5418874062968515
grid_09042,0.5579354782608695
grid_09043,0.5312497391304348
grid_09044,0.5022441739130434
grid_09045,0.537499652173913
grid_09046,0.5577370434782609
grid_09047,0.5319899130434782
grid_09048,0.5870864347826087
grid_09049,0.6343710144927537
grid_09050,0.5591329192546584
grid_09051,0.6176356521739131
grid_09052,0.6017848575712144
grid_09053,0.6105304347826087
grid_09054,0.6245603478260869
grid_09055,0.5655044795783926
grid_09056,0.5753896321070234
grid_09057,0.5800954782608696
grid_09058,0.5679556521739131
grid_09059,0.5549594782608696
grid_09060,0.5652782608695652
grid_09061,0.5652431304347827
grid_09062,0.551404347826087
grid_09063,0.5235299130434783
grid_09064,0.5515921739130435
grid_09065,0.5617568695652174
grid_09066,0.5598269565217392
grid_09067,0.5228221739130434
grid_09068,0.5538506086956522
grid_09069,0.5545597101449276
grid_09070,0.5440980869565216
grid_09071,0.5379989565217391
grid_09072,0.5417766956521739
grid_09073,0.5852022608695652
grid_09074,0.5459815652173913
grid_09075,0.5756066086956523
grid_09076,0.5684075362318841
grid_09077,0.5498601739130435
grid_09078,0.5227860869565217
grid_09079,0.5831375494071146
grid_09080,0.583852347826087
grid_09081,0.5660165861513689
grid_09082,0.5584915760869564
grid_09083,0.590391652173913
grid_09084,0.5431274782608696
grid_09085,0.5511880059970016
grid_09086,0.5589178571428571
grid_09087,0.5401824347826087
grid_09088,0.5693661835748793
grid_09089,0.5611953043478262
grid_09090,0.5246320000000001
grid_09091,0.5098615652173913
grid_09092,0.5239482608695651
grid_09093,0.5483881270903012
grid_09094,0.48803321739130434
grid_09095,0.56422
grid_09096,0.5256151304347827
grid_09097,0.4999412173913044
grid_09098,0.528954347826087
grid_09099,0.5338897391304349
grid_09100,0.537175652173913
grid_09101,0.5406716521739131
grid_09102,0.510798695652174
grid_09103,0.5572554347826089
grid_09104,0.5288500869565218
grid_09105,0.517036347826087
grid_09106,0.5381756211180124
grid_09107,0.5407645217391305
grid_09108,0.536570956521739
grid_09109,0.5627824347826088
grid_09110,0.5370111304347825
grid_09111,0.5246220869565217
grid_09112,0.5297549565217391
grid_09113,0.5282827826086957
grid_09114,0.5316705797101449
grid_09115,0.5049682608695653
grid_09116,0.5428109565217392
grid_09117,0.5437401739130435
grid_09118,0.5442391304347827
grid_09119,0.5486121739130434
grid_09120,0.5350234782608696
grid_09121,0.5299140579710143
grid_09122,0.5450471304347826
grid_09123,0.5237339130434783
grid_09124,0.5199085217391305
grid_09125,0.5362605217391304
grid_09126,0.5530130434782609
grid_09127,0.5294205217391305
grid_09128,0.5824507826086956
grid_09129,0.5466671304347825
grid_09130,0.5353412173913044
grid_09131,0.5407798260869565
grid_09132,0.5448844927536232
grid_09133,0.5312373913043479
grid_09134,0.5304732173913044
grid_09135,0.5590093913043479
grid_09136,0.548396
grid_09137,0.5389733333333334
grid_09138,0.5513273043478261
grid_09139,0.5916337391304348
grid_09140,0.5640629565217392
grid_09141,0.5883178260869566
grid_09142,0.5672913043478262
grid_09143,0.5783645217391304
grid_09144,0.5766106086956522
grid_09145,0.5599245217391305
grid_09146,0.5827586086956522
grid_09147,0.5499856521739129
grid_09148,0.5574321739130436
grid_09149,0.6174384347826087
grid_09150,0.5054959627329193
grid_09151,0.5453589565217392
grid_09152,0.568288179347826
grid_09153,0.6052295652173914
grid_09154,0.6234596521739131
grid_09155,0.5814048309178745
grid_09156,0.6685415652173914
grid_09157,0.5742829565217391
grid_09158,0.6733012882447665
grid_09159,0.5435639130434783
grid_09160,0.5403358260869565
grid_09161,0.5738591304347826
grid_09162,0.5973234782608696
grid_09163,0.6128424347826087
grid_09164,0.5750702608695651
grid_09165,0.6287314782608696
grid_09166,0.5665695652173913
grid_09167,0.5678111801242236
grid_09168,0.6230313664596273
grid_09169,0.5059803478260869
grid_09170,0.6312577075098815
grid_09171,0.5755014492753623
grid_09172,0.3356971014492754
grid_09173,0.20613526570048307
grid_09174,0.353168115942029
grid_09175,0.482591884057971
grid_09176,0.23102408026755847
grid_09177,0.5459782608695652
grid_09178,0.2556304347826087
grid_09179,0.6912902608695652
grid_09180,0.6258740869565218
grid_09181,0.6977128695652174
grid_09182,0.6487855978260871
grid_09183,0.6155864347826087
grid_09184,0.6962895652173913
grid_09185,0.6783342608695652
grid_09186,0.6966987826086958
grid_09187,0.6953690434782609
grid_09188,0.6721107142857142
grid_09189,0.6611499130434783
grid_09190,0.5544262608695653
grid_09191,0.7085876521739131
grid_09192,0.6142834782608696
grid_09193,0.6942353043478261
grid_09194,0.5787286956521739
grid_09195,0.6690226086956521
grid_09196,0.586664
grid_09197,0.7217297391304348
grid_09198,0.6579669565217392
grid_09199,0.6892633779264213
grid_09200,0.700528
grid_09201,0.7071579710144927
grid_09202,0.7073305797101451
grid_09203,0.705418956521739
grid_09204,0.722275304347826
grid_09205,0.7062722638680661
grid_09206,0.6813730434782609
grid_09207,0.7365730434782608
grid_09208,0.6580535652173914
grid_09209,0.6015455652173913
grid_09210,0.5918485217391304
grid_09211,0.7102897391304349
grid_09212,0.6966955072463769
grid_09213,0.7137291304347825
grid_09214,0.6777186795491145
grid_09215,0.6912453913043478
grid_09216,0.7060017391304347
grid_09217,0.6786991304347826
grid_09218,0.6796826086956522
grid_09219,0.7324577391304348
grid_09220,0.6469127717391304
grid_09221,0.7323103059581321
grid_09222,0.6395413043478262
grid_09223,0.6836921739130435
grid_09224,0.7201218840579708
grid_09225,0.732892695652174
grid_09226,0.6545205533596837
grid_09227,0.746474956521739
grid_09228,0.7136281739130435
grid_09229,0.7438628185907047
grid_09230,0.712848695652174
grid_09231,0.7257977391304348
grid_09232,0.7342685217391305
grid_09233,0.7479151368760065
grid_09234,0.7600549114331725
grid_09235,0.6558170434782609
grid_09236,0.698747233201581
grid_09237,0.6861100869565218
grid_09238,0.6721154782608696
grid_09239,0.321126562413559
grid_09240,0.2880663492063492
grid_09241,0.5649024347826086
grid_09242,0.5182735652173914
grid_09243,0.5368071236338541
grid_09244,0.31140083333333335
grid_09245,0.508289144832945
grid_09246,0.5748685217391305
grid_09247,0.45506215234644587
grid_09248,0.5721213913043478
grid_09249,0.589774645000732
grid_09250,0.5175660717422674
grid_09251,0.579190791876789
grid_09252,0.623796347826087
grid_09253,0.5162697391304348
grid_09254,0.5852457068981743
grid_09255,0.6185824347826088
grid_09256,0.6523559420289854
grid_09257,0.530140347826087
grid_09258,0.5939932173913044
grid_09259,0.48537142857142856
grid_09260,0.4741404983367295
grid_09261,0.26265456766917294
grid_09262,0.6141623436853002
grid_09263,0.2525791666666667
grid_09264,0.45534885752106125
grid_09265,0.3561663725490196
grid_09266,0.49887723320158106
grid_09267,0.517235304347826
grid_09268,0.34121363636363644
grid_09269,0.5992417391304348
grid_09270,0.7095952173913044
grid_09271,0.7047643478260869
grid_09272,0.5952448695652174
grid_09273,0.6567986086956523
grid_09274,0.5582293913043478
grid_09275,0.6127135652173913
grid_09276,0.5676189565217392
grid_09277,0.6076723188405798
grid_09278,0.5824652173913044
grid_09279,0.5236159710144928
grid_09280,0.4584905552026476
grid_09281,0.33136041979010494
grid_09282,0.49164553698475444
grid_09283,0.4543306680789018
grid_09284,0.4007236521739131
grid_09285,0.3466785829307569
grid_09286,0.18769434782608696
grid_09287,0.4326714782608697
grid_09288,0.24858104347826088
grid_09289,0.6109965217391304
grid_09290,0.4649817391304347
grid_09291,0.5588406832298137
grid_09292,0.5635173913043479
grid_09293,0.5440122670807453
grid_09294,0.5241088695652174
grid_09295,0.5617328695652174
grid_09296,0.5230401739130435
grid_09297,0.3998208695652174
grid_09298,0.2358657391304348
grid_09299,0.528692347826087
grid_09300,0.5473231884057971
grid_09301,0.3041612173913044
grid_09302,0.5162596521739131
grid_09303,0.3552090434782609
grid_09304,0.5233176811594202
grid_09305,0.5065467826086957
grid_09306,0.46729565217391306
grid_09307,0.4486135652173913
grid_09308,0.5223704013377926
grid_09309,0.33613286956521743
grid_09310,0.48555861644394255
grid_09311,0.2506557971014493
grid_09312,0.4451394782608695
grid_09313,0.5080923602484472
grid_09314,0.3596956521739131
grid_09315,0.44301182608695655
grid_09316,0.5131697151424288
grid_09317,0.5247053913043479
grid_09318,0.5278005217391304
grid_09319,0.3763247023809524
grid_09320,0.4627373063085187
grid_09321,0.32979576923076925
grid_09322,0.29140710526315794
grid_09323,0.4508350557936343
grid_09324,0.46478037296799307
grid_09325,0.3783994383153826
grid_09326,0.3944842326759174
grid_09327,0.18748031746031746
grid_09328,0.4784198814229249
grid_09329,0.4880280193236715
grid_09330,0.5110972173913043
grid_09331,0.4988029565217391
grid_09332,0.5071907246376812
grid_09333,0.4898033043478261
grid_09334,0.5215665217391304
grid_09335,0.5157566956521739
grid_09336,0.4964659130434783
grid_09337,0.522552347826087
grid_09338,0.486856231884058
grid_09339,0.49336504347826093
grid_09340,0.5176930124223602
grid_09341,0.506641043478261
grid_09342,0.44587275362318846
grid_09343,0.5528690434782608
grid_09344,0.4758605217391304
grid_09345,0.5152975652173913
grid_09346,0.5623393043478261
grid_09347,0.5114128695652174
grid_09348,0.6043726956521739
grid_09349,0.5189309565217392
grid_09350,0.5101357971014493
grid_09351,0.5064728695652174
grid_09352,0.4977573913043479
grid_09353,0.5152142608695652
grid_09354,0.49214710144927526
grid_09355,0.4924017391304348
grid_09356,0.5136448695652175
grid_09357,0.511800347826087
grid_09358,0.5246910144927537
grid_09359,0.5752681739130435
grid_09360,0.5148997101449276
grid_09361,0.5454954782608695
grid_09362,0.6736991304347826
grid_09363,0.5856330434782608
grid_09364,0.629060695652174
grid_09365,0.6036742608695653
grid_09366,0.5558891304347826
grid_09367,0.6047024637681161
grid_09368,0.560971304347826
grid_09369,0.5174525217391304
grid_09370,0.5072410434782609
grid_09371,0.5219937681159421
grid_09372,0.5359878260869566
grid_09373,0.5045613354037267
grid_09374,0.5114256211180124
grid_09375,0.5315495652173914
grid_09376,0.5329500749625189
grid_09377,0.5443697391304348
grid_09378,0.550208
grid_09379,0.4194480869828168
grid_09380,0.502881006135893
grid_09381,0.4558519934640523
grid_09382,0.5014457391304348
grid_09383,0.5325513694711086
grid_09384,0.5163267540257649
grid_09385,0.3544418831168831
grid_09386,0.5800264347826087
grid_09387,0.5300026086956522
grid_09388,0.5778330434782609
grid_09389,0.5681629565217392
grid_09390,0.5255436521739131
grid_09391,0.5463925217391304
grid_09392,0.542072695652174
grid_09393,0.5017285217391304
grid_09394,0.5703163768115942
grid_09395,0.5302834782608695
grid_09396,0.5598347826086957
grid_09397,0.5530252173913044
grid_09398,0.5516693913043479
grid_09399,0.5550582125603866
grid_09400,0.5509801276115189
grid_09401,0.6001579130434783
grid_09402,0.4726936801959131
grid_09403,0.5383366956521739
grid_09404,0.6040615652173913
grid_09405,0.5871940869565218
grid_09406,0.587391304347826
grid_09407,0.5384783297290048
grid_09408,0.5957443229813665
grid_09409,0.5403693913043479
grid_09410,0.5603984347826088
grid_09411,0.5474266086956522
grid_09412,0.5412066666666667
grid_09413,0.5444579130434782
grid_09414,0.5878806956521739
grid_09415,0.5517391304347826
grid_09416,0.6053147826086956
grid_09417,0.5535418840579709
grid_09418,0.5572373913043478
grid_09419,0.5608620869565217
grid_09420,0.5546453623188405
grid_09421,0.5543572173913044
grid_09422,0.5341474782608696
grid_09423,0.5064502608695652
grid_09424,0.5359520186335404
grid_09425,0.5390107826086957
grid_09426,0.5445448757763975
grid_09427,0.5300356521739131
grid_09428,0.5115853913043478
grid_09429,0.20350500000000002
grid_09430,0.3425714285714286
grid_09431,0.4228590462907178
grid_09432,0.485966955901926
grid_09433,0.34346592794460445
grid_09434,0.29936666666666667
grid_09435,0.5571121667876636
grid_09436,0.3447053571428571
grid_09437,0.5360349555917229
grid_09438,0.45106008771929834
grid_09439,0.5138048695652173
grid_09440,0.5307819875776397
grid_09441,0.5406678260869565
grid_09442,0.5142434782608696
grid_09443,0.57265346215781
grid_09444,0.5435351046698872
grid_09445,0.5409682274247491
grid_09446,0.5788196521739131
grid_09447,0.5424198757763975
grid_09448,0.5612847826086956
grid_09449,0.5355773913043478
grid_09450,0.550808347826087
grid_09451,0.5467892173913043
grid_09452,0.5439811594202898
grid_09453,0.5349347826086956
grid_09454,0.5565202445652174
grid_09455,0.5282262608695653
grid_09456,0.5506013913043478
grid_09457,0.5107325217391304
grid_09458,0.546113043478261
grid_09459,0.5380233043478261
grid_09460,0.5214233043478261
grid_09461,0.5121146086956522
grid_09462,0.5392514782608696
grid_09463,0.5208785507246377
grid_09464,0.5310803478260869
grid_09465,0.5379798260869566
grid_09466,0.5059735652173913
grid_09467,0.5376655652173913
grid_09468,0.5231746086956521
grid_09469,0.5334156521739131
grid_09470,0.5298410434782609
grid_09471,0.525276
grid_09472,0.5702353623188406
grid_09473,0.5593640179910045
grid_09474,0.5116855652173914
grid_09475,0.5211509565217392
grid_09476,0.5588071014492754
grid_09477,0.5259351304347827
grid_09478,0.5275995169082127
grid_09479,0.5255789855072464
grid_09480,0.5573481739130434
grid_09481,0.5369473043478261
grid_09482,0.5553899665551839
grid_09483,0.5435493913043478
grid_09484,0.5117940869565217
grid_09485,0.5241342608695653
grid_09486,0.5286860869565218
grid_09487,0.5172055072463767
grid_09488,0.4731444444444445
grid_09489,0.5076786956521739
grid_09490,0.522656
grid_09491,0.49296288819875794
grid_09492,0.5334930124223602
grid_09493,0.5195262608695653
grid_09494,0.5187619130434783
grid_09495,0.5061137391304348
grid_09496,0.5032334782608696
grid_09497,0.5262539130434782
grid_09498,0.5186027826086956
grid_09499,0.5387688695652174
grid_09500,0.5768365217391305
grid_09501,0.5411445217391304
grid_09502,0.5056791304347826
grid_09503,0.5311339130434782
grid_09504,0.5052493913043478
grid_09505,0.5381351046698872
grid_09506,0.5262238260869565
grid_09507,0.46225965217391307
grid_09508,0.48468330434782614
grid_09509,0.48965026086956526
grid_09510,0.5401026086956522
grid_09511,0.4857893913043479
grid_09512,0.5225642028985507
grid_09513,0.46113788819875784
grid_09514,0.4905707826086957
grid_09515,0.45130226086956526
grid_09516,0.512084
grid_09517,0.535444927536232
grid_09518,0.4854086956521739
grid_09519,0.50854
grid_09520,0.4859852173913044
grid_09521,0.4932980869565218
grid_09522,0.5184102608695652
grid_09523,0.4951007246376811
grid_09524,0.48309182608695656
grid_09525,0.4911130434782609
grid_09526,0.4240584347826087
grid_09527,0.4868313343328335
grid_09528,0.4623789049919485
grid_09529,0.4795452773613194
grid_09530,0.45466826086956524
grid_09531,0.3879862608695652
grid_09532,0.43151826086956524
grid_09533,0.408852347826087
grid_09534,0.4339841739130435
grid_09535,0.3225128695652174
grid_09536,0.3927120289855072
grid_09537,0.6206817391304348
grid_09538,0.3536234782608696
grid_09539,0.5390514782608696
grid_09540,0.6032178410794603
grid_09541,0.5747351304347826
grid_09542,0.5169342608695653
grid_09543,0.6026091787439614
grid_09544,0.5776638260869565
grid_09545,0.5823994782608696
grid_09546,0.6015443478260869
grid_09547,0.5743128695652174
grid_09548,0.5125377391304349
grid_09549,0.49533026086956516
grid_09550,0.5227386086956523
grid_09551,0.5169040579710145
grid_09552,0.5311420869565218
grid_09553,0.5394580869565218
grid_09554,0.528168
grid_09555,0.5355966956521739
grid_09556,0.5602365217391305
grid_09557,0.5900238260869566
grid_09558,0.5886001449275363
grid_09559,0.5689168884384048
grid_09560,0.5878003220611917
grid_09561,0.26517142924976256
grid_09562,0.5758088274044796
grid_09563,0.5582086114371898
grid_09564,0.409529051318628
grid_09565,0.5859106666666666
grid_09566,0.5849539130434783
grid_09567,0.579092546583851
grid_09568,0.5853793828892007
grid_09569,0.5456415652173913
grid_09570,0.599787652173913
grid_09571,0.6176709565217391
grid_09572,0.5624507246376812
grid_09573,0.5164775652173913
grid_09574,0.550675652173913
grid_09575,0.572915652173913
grid_09576,0.5680784347826087
grid_09577,0.5952478260869566
grid_09578,0.5368004497751124
grid_09579,0.5521709565217392
grid_09580,0.5220935652173914
grid_09581,0.6146883478260871
grid_09582,0.624943652173913
grid_09583,0.559171304347826
grid_09584,0.6234791304347825
grid_09585,0.5362619130434784
grid_09586,0.5209026086956522
grid_09587,0.617255772113943
grid_09588,0.5767212560386474
grid_09589,0.5578848695652174
grid_09590,0.5642835748792271
grid_09591,0.5617732173913044
grid_09592,0.5775490434782609
grid_09593,0.5851260869565218
grid_09594,0.5318563478260869
grid_09595,0.5439288695652175
grid_09596,0.541152
grid_09597,0.561298115942029
grid_09598,0.5380728695652174
grid_09599,0.5950274782608695
grid_09600,0.43845072925017375
grid_09601,0.5504489565217391
grid_09602,0.5937678260869564
grid_09603,0.5985388405797102
grid_09604,0.6029265700483092
grid_09605,0.5207021541501976
grid_09606,0.614244695652174
grid_09607,0.580336
grid_09608,0.5953897993311036
grid_09609,0.5364104347826086
grid_09610,0.6356893913043479
grid_09611,0.5989333913043479
grid_09612,0.5583972173913044
grid_09613,0.6316300869565218
grid_09614,0.6106771014492755
grid_09615,0.5889306086956522
grid_09616,0.5948347826086957
grid_09617,0.6009747826086956
grid_09618,0.5650827826086957
grid_09619,0.5931666086956523
grid_09620,0.4821817391304347
grid_09621,0.5741156521739131
grid_09622,0.5978502608695652
grid_09623,0.5599702608695653
grid_09624,0.5137426086956522
grid_09625,0.5615179710144927
grid_09626,0.5383827826086957
grid_09627,0.5460554782608696
grid_09628,0.5817457391304348
grid_09629,0.5980438260869565
grid_09630,0.5660937681159421
grid_09631,0.567583652173913
grid_09632,0.6104968695652174
grid_09633,0.6105561739130435
grid_09634,0.5885544347826087
grid_09635,0.5959318260869566
grid_09636,0.5976492173913044
grid_09637,0.5970856682769726
grid_09638,0.6325260869565217
grid_09639,0.2584766928258907
grid_09640,0.1386857142857143
grid_09641,0.352780585981048
grid_09642,0.45734181993390244
grid_09643,0.2884996794871795
grid_09644,0.6197765217391304
grid_09645,0.31387204545454545
grid_09646,0.5609460634524897
grid_09647,0.4384454165531439
grid_09648,0.6203860869565218
grid_09649,0.5356875776397516
grid_09650,0.5757090434782609
grid_09651,0.6057021739130436
grid_09652,0.5531092753623189
grid_09653,0.5277226086956522
grid_09654,0.5730979130434782
grid_09655,0.4866351304347826
grid_09656,0.5406415292353823
grid_09657,0.5200652173913044
grid_09658,0.590941384863124
grid_09659,0.28917000000000004
grid_09660,0.4085047859158386
grid_09661,0.5883204187088275
grid_09662,0.6136837865612649
grid_09663,0.5215354529902881
grid_09664,0.6709900869565217
grid_09665,0.645244
grid_09666,0.6800104743083006
grid_09667,0.6302467826086956
grid_09668,0.5154835044283415
grid_09669,0.6273917541229385
grid_09670,0.5665645217391304
grid_09671,0.5648048695652175
grid_09672,0.48832318840579714
grid_09673,0.6245621739130436
grid_09674,0.6737041739130436
grid_09675,0.5874752012882448
grid_09676,0.46333826086956525
grid_09677,0.5908340579710144
grid_09678,0.5054528695652174
grid_09679,0.6389740567987823
grid_09680,0.4518597402597403
grid_09681,0.345025
grid_09682,0.6211867080368907
grid_09683,0.669879275362319
grid_09684,0.6515772173913044
grid_09685,0.6570245217391304
grid_09686,0.6604358260869566
grid_09687,0.6358500869565218
grid_09688,0.6638054308300396
grid_09689,0.6461297391304348
grid_09690,0.46356226086956526
grid_09691,0.5520813913043479
grid_09692,0.5417177133655394
grid_09693,0.4766700869565218
grid_09694,0.540083623188406
grid_09695,0.5383274782608696
grid_09696,0.5341359820089956
grid_09697,0.5689620869565217
grid_09698,0.6078144347826087
grid_09699,0.484778536133841
grid_09700,0.6410445217391305
grid_09701,0.6182271739130434
grid_09702,0.6213909565217393
grid_09703,0.6080766956521739
grid_09704,0.6151510869565219
grid_09705,0.5874433043478261
grid_09706,0.6554732173913044
grid_09707,0.6278318447918898
grid_09708,0.6053180869565218
grid_09709,0.376458836996337
grid_09710,0.3274437557392103
grid_09711,0.5050523099786688
grid_09712,0.43631556206474675
grid_09713,0.5173117233201582
grid_09714,0.5497629831357049
grid_09715,0.38847668924377055
grid_09716,0.41542508923824717
grid_09717,0.5395091462450593
grid_09718,0.5737546948567006
grid_09719,0.5809541806020067
grid_09720,0.5621985054347827
grid_09721,0.45257356521739134
grid_09722,0.4791641739130435
grid_09723,0.467256
grid_09724,0.5817187826086957
grid_09725,0.5559860869565217
grid_09726,0.49288278260869567
grid_09727,0.5708479813664598
grid_09728,0.5336659130434783
grid_09729,0.6126615652173912
grid_09730,0.6192221739130435
grid_09731,0.5918189565217391
grid_09732,0.614076347826087
grid_09733,0.6219295652173913
grid_09734,0.5971379130434783
grid_09735,0.5911379710144928
grid_09736,0.6264500869565218
grid_09737,0.6221379130434783
grid_09738,0.5989220869565217
grid_09739,0.5398271364317841
grid_09740,0.49116006441223836
grid_09741,0.4910743961352657
grid_09742,0.5807274782608696
grid_09743,0.5711240000000001
grid_09744,0.5300770434782609
grid_09745,0.5564554347826087
grid_09746,0.5154911594202899
grid_09747,0.5972280000000001
grid_09748,0.6892746086956523
grid_09749,0.5119100869565218
grid_09750,0.4026869565217391
grid_09751,0.4608755072463768
grid_09752,0.45826678260869563
grid_09753,0.5208660869565217
grid_09754,0.43889999999999996
grid_09755,0.5273904347826087
grid_09756,0.47040652173913045
grid_09757,0.44705304347826086
grid_09758,0.48127078260869566
grid_09759,0.506954956521739
grid_09760,0.6546443478260869
grid_09761,0.5324365217391305
grid_09762,0.3332481739130435
grid_09763,0.31512313043478263
grid_09764,0.47222623188405805
grid_09765,0.4105029565217391
grid_09766,0.6099968695652174
grid_09767,0.44398090062111806
grid_09768,0.4789619565217391
grid_09769,0.585940347826087
grid_09770,0.6150653913043478
grid_09771,0.5222066666666667
grid_09772,0.5929604037267081
grid_09773,0.7186191304347826
grid_09774,0.5748780869565218
grid_09775,0.5968299130434782
grid_09776,0.5710408967391305
grid_09777,0.6708720735785954
grid_09778,0.7226126956521739
grid_09779,0.7096754782608695
grid_09780,0.49905130434782613
grid_09781,0.38570904347826096
grid_09782,0.5692693913043478
grid_09783,0.4158740579710145
grid_09784,0.6246333913043478
grid_09785,0.4785186086956522
grid_09786,0.5358267826086957
grid_09787,0.5495958260869566
grid_09788,0.5592380869565218
grid_09789,0.7066217391304349
grid_09790,0.5776728695652175
grid_09791,0.5387690434782608
grid_09792,0.6418572713643178
grid_09793,0.6296099130434782
grid_09794,0.5182001739130435
grid_09795,0.6420553623188406
grid_09796,0.4458525217391305
grid_09797,0.6398102484472049
grid_09798,0.6055375652173914
grid_09799,0.5035711304347827
grid_09800,0.5338732173913044
grid_09801,0.5321104347826088
grid_09802,0.5233893913043479
grid_09803,0.543322788605697
grid_09804,0.5520545893719807
grid_09805,0.4589151304347826
grid_09806,0.4906775652173914
grid_09807,0.5433697101449276
grid_09808,0.5363206956521739
grid_09809,0.5078746376811595
grid_09810,0.5382295652173914
grid_09811,0.5754182608695652
grid_09812,0.5543873913043478
grid_09813,0.6011526956521739
grid_09814,0.6267740869565218
grid_09815,0.532419940029985
grid_09816,0.7239627826086956
grid_09817,0.6051702608695652
grid_09818,0.6469600644122385
grid_09819,0.5302038647342996
grid_09820,0.46880765217391307
grid_09821,0.6641949275362318
grid_09822,0.5714754180602007
grid_09823,0.5262090062111802
grid_09824,0.5695774557165861
grid_09825,0.5260911304347826
grid_09826,0.6152643178410796
grid_09827,0.556596
grid_09828,0.6085292753623188
grid_09829,0.5100215652173914
grid_09830,0.5386671304347828
grid_09831,0.5559347826086957
grid_09832,0.537744695652174
grid_09833,0.5482008695652174
grid_09834,0.5643662608695653
grid_09835,0.5484601739130435
grid_09836,0.5106784057971014
grid_09837,0.5415939130434784
grid_09838,0.5129671304347826
grid_09839,0.6157943639291465
grid_09840,0.5359010144927535
grid_09841,0.574887652173913
grid_09842,0.5682693913043478
grid_09843,0.5803106086956522
grid_09844,0.6775779610194903
grid_09845,0.6040534782608695
grid_09846,0.5462019130434783
grid_09847,0.6869057971014494
grid_09848,0.7191033043478262
grid_09849,0.5523961019490256
grid_09850,0.6774293913043478
grid_09851,0.5220744347826087
grid_09852,0.6136308695652174
grid_09853,0.6407857391304347
grid_09854,0.6829234782608695
grid_09855,0.5959090434782609
grid_09856,0.7505986086956523
grid_09857,0.5189076521739131
grid_09858,0.5736352173913044
grid_09859,0.5826427826086956
grid_09860,0.599493188405797
grid_09861,0.7777674782608696
grid_09862,0.7726928985507248
grid_09863,0.6445932173913043
grid_09864,0.7695365217391306
grid_09865,0.7662497391304348
grid_09866,0.6551369565217391
grid_09867,0.6163260869565217
grid_09868,0.7218513043478262
grid_09869,0.6283031304347826
grid_09870,0.709504347826087
grid_09871,0.675801739130435
grid_09872,0.6697187826086958
grid_09873,0.6830773913043479
grid_09874,0.5186246956521738
grid_09875,0.5903256521739131
grid_09876,0.6975874782608696
grid_09877,0.6533728695652173
grid_09878,0.7324639291465377
grid_09879,0.7104582608695652
grid_09880,0.7382420869565219
grid_09881,0.651344827586207
grid_09882,0.6036558776167473
grid_09883,0.6110502608695653
grid_09884,0.7766490434782608
grid_09885,0.6946242878560718
grid_09886,0.5827373913043479
grid_09887,0.6045358260869566
grid_09888,0.6011594782608697
grid_09889,0.6059387826086957
grid_09890,0.5858928571428571
grid_09891,0.6123363478260869
grid_09892,0.6071685217391305
grid_09893,0.5378001552795032
grid_09894,0.6438944927536233
grid_09895,0.5486102898550727
grid_09896,0.7053052173913045
grid_09897,0.6077624347826087
grid_09898,0.5723052173913044
grid_09899,0.5885617391304349
grid_09900,0.5745450434782609
grid_09901,0.5909598260869565
grid_09902,0.557592
grid_09903,0.5526109565217392
grid_09904,0.572972
grid_09905,0.5696144927536231
grid_09906,0.5679034782608696
grid_09907,0.574333043478261
grid_09908,0.5933334332833582
grid_09909,0.6449859130434783
grid_09910,0.6366932173913044
grid_09911,0.6514008695652174
grid_09912,0.7280869565217393
grid_09913,0.5984428985507247
grid_09914,0.6752299130434782
grid_09915,0.7399966956521739
grid_09916,0.5460269565217392
grid_09917,0.6192767080745342
grid_09918,0.6496140869565217
grid_09919,0.563780347826087
grid_09920,0.565887652173913
grid_09921,0.5506756521739131
grid_09922,0.5866713365539453
grid_09923,0.5583046956521739
grid_09924,0.5588991304347827
grid_09925,0.5894761739130435
grid_09926,0.613364
grid_09927,0.6110965217391304
grid_09928,0.5663125217391305
grid_09929,0.636024
grid_09930,0.6099663043478261
grid_09931,0.6195866086956522
grid_09932,0.6880740579710144
grid_09933,0.5585179130434783
grid_09934,0.585647652173913
grid_09935,0.5747911304347827
grid_09936,0.5675290434782609
grid_09937,0.5424079710144927
grid_09938,0.5626861513687602
grid_09939,0.6109293913043479
grid_09940,0.6034787826086956
grid_09941,0.6075864347826087
grid_09942,0.6346442028985508
grid_09943,0.5885815942028987
grid_09944,0.641526231884058
grid_09945,0.6229225752508362
grid_09946,0.5743377391304348
grid_09947,0.5966544347826087
grid_09948,0.6055589565217392
grid_09949,0.37839423304104247
grid_09950,0.6149962105263158
grid_09951,0.2946628207671958
grid_09952,0.5144238260869565
grid_09953,0.6373075177865613
grid_09954,0.5868288695652174
grid_09955,0.4608099391304348
grid_09956,0.6079667826086956
grid_09957,0.6188438127090301
grid_09958,0.36242258133280864
grid_09959,0.5035956521739131
grid_09960,0.5659873043478261
grid_09961,0.5406248695652174
grid_09962,0.5797732173913043
grid_09963,0.5427057971014494
grid_09964,0.5417316521739131
grid_09965,0.5612304347826087
grid_09966,0.5930946376811594
grid_09967,0.5253291465378422
grid_09968,0.5703012882447666
grid_09969,0.600688198757764
grid_09970,0.5941987826086956
grid_09971,0.5876304347826087
grid_09972,0.5997773913043479
grid_09973,0.5548086956521739
grid_09974,0.5714387826086957
grid_09975,0.5858419130434782
grid_09976,0.5978994782608696
grid_09977,0.5752966956521739
grid_09978,0.6112504347826088
grid_09979,0.3602587991592948
grid_09980,0.5804909565217392
grid_09981,0.607085043478261
grid_09982,0.6283605797101449
grid_09983,0.4434449565217392
grid_09984,0.6443092173913044
grid_09985,0.5075484921680574
grid_09986,0.6540706086956521
grid_09987,0.6163187826086957
grid_09988,0.6314731884057972
grid_09989,0.3105327152014652
grid_09990,0.23615714285714287
grid_09991,0.5049655458545079
grid_09992,0.22785000000000002
grid_09993,0.495757941017316
grid_09994,0.33173380952380954
grid_09995,0.4264454749555047
grid_09996,0.35991377777777783
grid_09997,0.4721256695652174
grid_09998,0.6248716032608697
grid_09999,0.5770391304347826
grid_10000,0.5684312399355879
grid_10001,0.5649732173913045
grid_10002,0.551396
grid_10003,0.5749431304347826
grid_10004,0.5527824347826087
grid_10005,0.5753255652173914
grid_10006,0.570577536231884
grid_10007,0.5715462608695652
grid_10008,0.5898908385093168
grid_10009,0.6028295652173914
grid_10010,0.46158382608695653
grid_10011,0.6427982608695654
grid_10012,0.5291965838509317
grid_10013,0.6317191304347826
grid_10014,0.545336
grid_10015,0.6331222608695652
grid_10016,0.6347328985507247
grid_10017,0.6704153043478261
grid_10018,0.6249713043478261
grid_10019,0.6104344347826087
grid_10020,0.5730106086956522
grid_10021,0.5903937391304348
grid_10022,0.5919255652173914
grid_10023,0.5736853623188406
grid_10024,0.5980547826086956
grid_10025,0.5840401739130434
grid_10026,0.5844320289855072
grid_10027,0.6149987826086957
grid_10028,0.5790787826086957
grid_10029,0.43100517826114243
grid_10030,0.6411731304347826
grid_10031,0.6128892347271341
grid_10032,0.60462
grid_10033,0.4101959595959596
grid_10034,0.5862977915804002
grid_10035,0.594908347826087
grid_10036,0.6290175652173914
grid_10037,0.5793652173913044
grid_10038,0.48598050320924613
grid_10039,0.7228286956521741
grid_10040,0.5751289855072463
grid_10041,0.7347186086956522
grid_10042,0.5753509565217392
grid_10043,0.6808038260869564
grid_10044,0.6805514782608697
grid_10045,0.6027228985507246
grid_10046,0.6338248695652173
grid_10047,0.6609020869565218
grid_10048,0.5740125217391304
grid_10049,0.48884154589371986
grid_10050,0.5074209339774557
grid_10051,0.5689168695652174
grid_10052,0.5290836521739131
grid_10053,0.5035238260869564
grid_10054,0.47936103059581325
grid_10055,0.6514831304347827
grid_10056,0.6009628985507247
grid_10057,0.5057485217391305
grid_10058,0.667272
grid_10059,0.5658746086956522
grid_10060,0.5736413913043478
grid_10061,0.5722283478260871
grid_10062,0.5935972173913043
grid_10063,0.5543925217391305
grid_10064,0.59796
grid_10065,0.5653761739130435
grid_10066,0.626688347826087
grid_10067,0.6148707826086958
grid_10068,0.6210836521739131
grid_10069,0.5469337391304349
grid_10070,0.5823934782608695
grid_10071,0.5697883478260869
grid_10072,0.5808342608695652
grid_10073,0.5767361739130435
grid_10074,0.5785869565217391
grid_10075,0.5500967793880838
grid_10076,0.5441834782608695
grid_10077,0.6098389855072465
grid_10078,0.5498784347826087
grid_10079,0.6247659130434783
grid_10080,0.6001456521739131
grid_10081,0.6492476761619191
grid_10082,0.6161693913043479
grid_10083,0.5663205217391305
grid_10084,0.6044149068322983
grid_10085,0.5642057391304348
grid_10086,0.5573610054347826
grid_10087,0.5305445217391305
grid_10088,0.5873533913043478
grid_10089,0.6733419130434782
grid_10090,0.6047632683658172
grid_10091,0.6472961739130434
grid_10092,0.5918918260869566
grid_10093,0.6254773913043479
grid_10094,0.5634502898550725
grid_10095,0.5709606956521739
grid_10096,0.560168695652174
grid_10097,0.5925213913043479
grid_10098,0.5751158260869564
grid_10099,0.5928168695652174
grid_10100,0.5758107826086958
grid_10101,0.5655259130434783
grid_10102,0.5464191304347826
grid_10103,0.5646066086956522
grid_10104,0.5915621739130436
grid_10105,0.5806514492753624
grid_10106,0.5918064347826087
grid_10107,0.5662565217391304
grid_10108,0.5670280000000001
grid_10109,0.564004347826087
grid_10110,0.547003652173913
grid_10111,0.5585344927536232
grid_10112,0.5390648695652174
grid_10113,0.5606012173913044
grid_10114,0.560800347826087
grid_10115,0.5256629565217391
grid_10116,0.5284210144927537
grid_10117,0.5411852173913044
grid_10118,0.5329438260869566
grid_10119,0.5872337391304349
grid_10120,0.6013878260869565
grid_10121,0.5591008051529791
grid_10122,0.5964086956521739
grid_10123,0.5965645217391304
grid_10124,0.5643082458770615
grid_10125,0.6240888695652174
grid_10126,0.6292323478260871
grid_10127,0.5820746086956522
grid_10128,0.6480346086956523
grid_10129,0.534188
grid_10130,0.5824960869565217
grid_10131,0.5439429565217392
grid_10132,0.5829975652173913
grid_10133,0.5956026755852843
grid_10134,0.6351160869565218
grid_10135,0.591055304347826
grid_10136,0.6007998260869565
grid_10137,0.646011304347826
grid_10138,0.6501613913043479
grid_10139,0.5749880837359099
grid_10140,0.5824540869565218
grid_10141,0.5728904347826087
grid_10142,0.5795209895052473
grid_10143,0.5832474782608696
grid_10144,0.556057391304348
grid_10145,0.5870307826086957
grid_10146,0.5561254076086957
grid_10147,0.5618279710144928
grid_10148,0.5658939130434782
grid_10149,0.6034603478260869
grid_10150,0.5906181964573269
grid_10151,0.569028695652174
grid_10152,0.5716968115942028
grid_10153,0.5568900869565218
grid_10154,0.5725782608695653
grid_10155,0.5682452173913044
grid_10156,0.6041533913043479
grid_10157,0.6295725752508362
grid_10158,0.5753899130434782
grid_10159,0.5613318840579711
grid_10160,0.6177724637681159
grid_10161,0.560708695652174
grid_10162,0.5856775112443778
grid_10163,0.589508347826087
grid_10164,0.6355787826086956
grid_10165,0.6186833043478261
grid_10166,0.636724
grid_10167,0.5632207246376811
grid_10168,0.5904900869565217
grid_10169,0.5613747826086957
grid_10170,0.5787895652173912
grid_10171,0.543407729468599
grid_10172,0.5421095652173914
grid_10173,0.5909459130434783
grid_10174,0.5548688405797101
grid_10175,0.5537457391304348
grid_10176,0.5716215652173914
grid_10177,0.567500695652174
grid_10178,0.5457342608695653
grid_10179,0.5913925217391305
grid_10180,0.596584347826087
grid_10181,0.5934328695652175
grid_10182,0.6007749565217392
grid_10183,0.5815836521739131
grid_10184,0.5838536231884058
grid_10185,0.5445168695652175
grid_10186,0.5611317391304349
grid_10187,0.5830565217391305
grid_10188,0.5602401739130436
grid_10189,0.6554948537549408
grid_10190,0.5915023188405796
grid_10191,0.5647120000000001
grid_10192,0.5488726664088904
grid_10193,0.5683156199677939
grid_10194,0.5599913043478262
grid_10195,0.571367304347826
grid_10196,0.5759433283358321
grid_10197,0.5869674718196458
grid_10198,0.5771502608695652
grid_10199,0.5998344605475041
grid_10200,0.5830011994002999
grid_10201,0.6263281739130435
grid_10202,0.6190116521739132
grid_10203,0.6740812173913046
grid_10204,0.5883718260869565
grid_10205,0.6053760869565218
grid_10206,0.5737076521739131
grid_10207,0.6676401739130435
grid_10208,0.6355622608695652
grid_10209,0.6103154782608696
grid_10210,0.6930371699604743
grid_10211,0.585857809983897
grid_10212,0.5644998389694043
grid_10213,0.5912900869565217
grid_10214,0.593185043478261
grid_10215,0.6187156521739131
grid_10216,0.59895
grid_10217,0.5767495652173913
grid_10218,0.6270304347826088
grid_10219,0.5773302898550725
grid_10220,0.5610299130434783
grid_10221,0.5688749565217391
grid_10222,0.5928405217391305
grid_10223,0.5785660869565218
grid_10224,0.614402950310559
grid_10225,0.5757094202898553
grid_10226,0.5678768695652174
grid_10227,0.6114986024844721
grid_10228,0.5563673043478261
grid_10229,0.5060735652173913
grid_10230,0.6214441576086959
grid_10231,0.5754890434782609
grid_10232,0.6085132173913044
grid_10233,0.5497446376811594
grid_10234,0.5434937391304349
grid_10235,0.523988695652174
grid_10236,0.5574833043478261
grid_10237,0.6857546772068512
grid_10238,0.5397634782608696
grid_10239,0.5489481481481482
grid_10240,0.5496933977455717
grid_10241,0.5445923188405798
grid_10242,0.5577212173913044
grid_10243,0.5458565217391304
grid_10244,0.5893551304347826
grid_10245,0.5707956521739131
grid_10246,0.6067158260869566
grid_10247,0.5648552173913044
grid_10248,0.606684347826087
grid_10249,0.6075062608695652
grid_10250,0.5775339130434783
grid_10251,0.6225786086956523
grid_10252,0.5880222608695652
grid_10253,0.597409420289855
grid_10254,0.559023602484472
grid_10255,0.5950374223602485
grid_10256,0.5294027826086957
grid_10257,0.5808786086956522
grid_10258,0.5433140869565218
grid_10259,0.6083617391304348
grid_10260,0.5775714782608695
grid_10261,0.5583071014492754
grid_10262,0.5952895652173913
grid_10263,0.5565721739130435
grid_10264,0.5599158385093169
grid_10265,0.5809721739130435
grid_10266,0.6303071304347827
grid_10267,0.617624347826087
grid_10268,0.537727445652174
grid_10269,0.556129535232384
grid_10270,0.521261191626409
grid_10271,0.5567867826086956
grid_10272,0.556465043478261
grid_10273,0.5819107246376813
grid_10274,0.5415697391304347
grid_10275,0.5537055652173914
grid_10276,0.5989194782608697
grid_10277,0.553828695652174
grid_10278,0.5330549565217392
grid_10279,0.6150753623188406
grid_10280,0.598328347826087
grid_10281,0.5901743961352659
grid_10282,0.5622434782608695
grid_10283,0.5748706086956523
grid_10284,0.582525043478261
grid_10285,0.5785547826086956
grid_10286,0.6426815652173913
grid_10287,0.6326946086956522
grid_10288,0.6127721739130434
grid_10289,0.5795631304347826
grid_10290,0.5633133913043479
grid_10291,0.5979263768115942
grid_10292,0.5557930434782609
grid_10293,0.5691947826086956
grid_10294,0.5531627826086956
grid_10295,0.5908430434782608
grid_10296,0.6156799999999999
grid_10297,0.6041793043478261
grid_10298,0.5447857391304347
grid_10299,0.5753172173913044
grid_10300,0.5934460869565218
grid_10301,0.6128212173913044
grid_10302,0.5848702239789196
grid_10303,0.5661419130434783
grid_10304,0.5502074782608696
grid_10305,0.557119652173913
grid_10306,0.555401902173913
grid_10307,0.5275617391304348
grid_10308,0.5363813913043479
grid_10309,0.5515539130434782
grid_10310,0.5809575652173913
grid_10311,0.5415886956521738
grid_10312,0.5935695652173913
grid_10313,0.5370753623188407
grid_10314,0.5406824347826087
grid_10315,0.5359260869565218
grid_10316,0.5125471014492754
grid_10317,0.5037190635451506
grid_10318,0.5187086956521739
grid_10319,0.5647730434782608
grid_10320,0.6054452173913044
grid_10321,0.5905791304347826
grid_10322,0.5837269565217391
grid_10323,0.557720695652174
grid_10324,0.6029601739130436
grid_10325,0.5351798260869566
grid_10326,0.5779528180354268
grid_10327,0.5877351304347826
grid_10328,0.5944245217391305
grid_10329,0.5550679710144928
grid_10330,0.5640933229813665
grid_10331,0.5438255652173913
grid_10332,0.5531078260869565
grid_10333,0.527952950310559
grid_10334,0.5210474782608696
grid_10335,0.5616636231884057
grid_10336,0.5267351304347827
grid_10337,0.5212873043478261
grid_10338,0.5651504347826087
grid_10339,0.5517798260869565
grid_10340,0.5521334782608697
grid_10341,0.5570546086956522
grid_10342,0.5491288695652174
grid_10343,0.5402629565217392
grid_10344,0.5363040000000001
grid_10345,0.5475457271364318
grid_10346,0.5201970434782609
grid_10347,0.5551959520239881
grid_10348,0.5240382608695653
grid_10349,0.5082153043478261
grid_10350,0.6181659130434782
grid_10351,0.5476499130434783
grid_10352,0.48990289855072466
grid_10353,0.5407191626409018
grid_10354,0.5576160000000001
grid_10355,0.5456278260869566
grid_10356,0.546388695652174
grid_10357,0.6411845577211394
grid_10358,0.5563030434782609
grid_10359,0.5464624347826087
grid_10360,0.522715652173913
grid_10361,0.5316860869565218
grid_10362,0.5879932173913044
grid_10363,0.5343591304347827
grid_10364,0.5327520289855073
grid_10365,0.5354843478260871
grid_10366,0.5627533913043478
grid_10367,0.5049582608695653
grid_10368,0.5562065217391304
grid_10369,0.5409787826086957
grid_10370,0.6637857971014494
grid_10371,0.5807332173913042
grid_10372,0.5479925217391305
grid_10373,0.5452394782608696
grid_10374,0.5816818840579712
grid_10375,0.5562883478260869
grid_10376,0.5581591304347826
grid_10377,0.5624457971014494
grid_10378,0.5603090434782608
grid_10379,0.5817019130434783
grid_10380,0.5201532173913044
grid_10381,0.5448080000000001
grid_10382,0.5452234782608696
grid_10383,0.5625444444444445
grid_10384,0.5250100869565217
grid_10385,0.5624337391304348
grid_10386,0.5463448695652174
grid_10387,0.566184407796102
grid_10388,0.5399045217391304
grid_10389,0.5761210434782609
grid_10390,0.5373668115942029
grid_10391,0.5885871014492755
grid_10392,0.5852848695652174
grid_10393,0.5419393043478261
grid_10394,0.5446149565217392
grid_10395,0.5286430434782609
grid_10396,0.553333110367893
grid_10397,0.554535652173913
grid_10398,0.5436970434782609
grid_10399,0.6373227424749164
grid_10400,0.5571178893280633
grid_10401,0.5771991304347827
grid_10402,0.6138144347826088
grid_10403,0.5425975415019763
grid_10404,0.6585400000000001
grid_10405,0.5510132173913044
grid_10406,0.5914417391304349
grid_10407,0.562955
grid_10408,0.6637782608695652
grid_10409,0.6010579130434782
grid_10410,0.5897019130434783
grid_10411,0.5740121739130435
grid_10412,0.5756733913043479
grid_10413,0.5607269565217392
grid_10414,0.533263652173913
grid_10415,0.6140330434782609
grid_10416,0.6440100869565218
grid_10417,0.5376960000000001
grid_10418,0.6238917391304349
grid_10419,0.510856695652174
grid_10420,0.5727231304347825
grid_10421,0.5808765217391304
grid_10422,0.5883415942028986
grid_10423,0.6337367588932806
grid_10424,0.5912586086956522
grid_10425,0.6002366956521739
grid_10426,0.6358800000000002
grid_10427,0.5871438260869565
grid_10428,0.6392137391304348
grid_10429,0.583219652173913
grid_10430,0.5634121739130435
grid_10431,0.5570078260869565
grid_10432,0.6146114782608696
grid_10433,0.603684695652174
grid_10434,0.5865543478260868
grid_10435,0.5984515527950311
grid_10436,0.610000695652174
grid_10437,0.5732617391304349
grid_10438,0.6297791304347826
grid_10439,0.6832845108695653
grid_10440,0.668108
grid_10441,0.6073128544423441
grid_10442,0.7371624040920717
grid_10443,0.6126177391304348
grid_10444,0.6470862876254182
grid_10445,0.7405244565217391
grid_10446,0.5888045217391304
grid_10447,0.6151933913043479
grid_10448,0.6475184782608696
grid_10449,0.6962608695652174
grid_10450,0.7033069243156199
grid_10451,0.7085857142857143
grid_10452,0.7022496376811596
grid_10453,0.7405154782608695
grid_10454,0.7199712143928039
grid_10455,0.7241146086956524
grid_10456,0.7370031055900622
grid_10457,0.7314934782608696
grid_10458,0.7334102608695653
grid_10459,0.6450057971014493
grid_10460,0.6908472463768116
grid_10461,0.6530904347826088
grid_10462,0.7562826086956522
grid_10463,0.665060671936759
grid_10464,0.6378518260869565
grid_10465,0.7588911304347826
grid_10466,0.7253999999999999
grid_10467,0.6579533180778032
grid_10468,0.7391982608695653
grid_10469,0.6995760869565217
grid_10470,0.7633892857142858
grid_10471,0.7669104347826088
grid_10472,0.7194613193403299
grid_10473,0.7134219130434784
grid_10474,0.7186333333333333
grid_10475,0.6809213768115941
grid_10476,0.7023147826086955
grid_10477,0.7229638260869565
grid_10478,0.7153513043478261
grid_10479,0.6944347826086957
grid_10480,0.7398300869565216
grid_10481,0.7335156521739131
grid_10482,0.6730385093167702
grid_10483,0.7003798711755236
grid_10484,0.7055467826086956
grid_10485,0.7481996521739132
grid_10486,0.7469797826086957
grid_10487,0.6996934782608696
grid_10488,0.7499934782608696
grid_10489,0.6948942608695653
grid_10490,0.7094170568561874
grid_10491,0.7020131884057971
grid_10492,0.7417584347826087
grid_10493,0.7418557971014493
grid_10494,0.7465576086956521
grid_10495,0.6943620869565218
grid_10496,0.7000476521739132
grid_10497,0.6972808695652174
grid_10498,0.7057178053830229
grid_10499,0.6991171014492752
grid_10500,0.6657525691699605
grid_10501,0.7394510869565217
grid_10502,0.7324306086956521
grid_10503,0.756378695652174
grid_10504,0.742892448512586
grid_10505,0.7263244766505637
grid_10506,0.7344565217391303
grid_10507,0.7245608695652174
grid_10508,0.7304526570048311
grid_10509,0.7378296442687747
grid_10510,0.7402375494071147
grid_10511,0.677904347826087
grid_10512,0.6828007246376813
grid_10513,0.6602391304347827
grid_10514,0.7092496894409939
grid_10515,0.531090499194847
grid_10516,0.5484333913043478
grid_10517,0.565068
grid_10518,0.5462769115442281
grid_10519,0.5369973602484472
grid_10520,0.5521909565217392
grid_10521,0.5808626086956522
grid_10522,0.5690975845410629
grid_10523,0.5418449275362319
grid_10524,0.5678833043478262
grid_10525,0.6007794782608696
grid_10526,0.5834727536231885
grid_10527,0.6597053913043479
grid_10528,0.6464930434782609
grid_10529,0.6039450434782608
grid_10530,0.5768979710144929
grid_10531,0.5644864347826087
grid_10532,0.5731422608695652
grid_10533,0.5667676811594203
grid_10534,0.6027361739130435
grid_10535,0.5076775652173914
grid_10536,0.5312161739130435
grid_10537,0.5408146086956522
grid_10538,0.5187342028985508
grid_10539,0.5368005217391305
grid_10540,0.5380895652173913
grid_10541,0.5255513043478262
grid_10542,0.5396833043478261
grid_10543,0.5438594782608696
grid_10544,0.5311526755852843
grid_10545,0.5434113043478261
grid_10546,0.5745597826086957
grid_10547,0.5875707826086957
grid_10548,0.5549638260869565
grid_10549,0.5596067632850242
grid_10550,0.5500747826086958
grid_10551,0.5608847020933978
grid_10552,0.5951608695652174
grid_10553,0.5668740869565219
grid_10554,0.5432168695652174
grid_10555,0.5420709565217391
grid_10556,0.521424695652174
grid_10557,0.5308897391304348
grid_10558,0.5606665217391303
grid_10559,0.4942820869565218
grid_10560,0.5544547826086956
grid_10561,0.5137408695652175
grid_10562,0.5465342608695652
grid_10563,0.5526544347826087
grid_10564,0.5196622608695652
grid_10565,0.5457015652173913
grid_10566,0.5467684057971014
grid_10567,0.5736127536231884
grid_10568,0.549560347826087
grid_10569,0.5519650434782609
grid_10570,0.5568793043478261
grid_10571,0.5617834782608696
grid_10572,0.5359944347826088
grid_10573,0.5612518260869566
grid_10574,0.5562060869565217
grid_10575,0.5652866086956522
grid_10576,0.5154586206896552
grid_10577,0.5876198260869565
grid_10578,0.564485346215781
grid_10579,0.5572433333333334
grid_10580,0.5303170434782609
grid_10581,0.5780142608695652
grid_10582,0.5421314782608696
grid_10583,0.5873036521739131
grid_10584,0.5615123188405798
grid_10585,0.5495689440993788
grid_10586,0.5433859130434783
grid_10587,0.5711083478260869
grid_10588,0.5308257391304348
grid_10589,0.5235817391304348
grid_10590,0.5709549565217391
grid_10591,0.567962157809984
grid_10592,0.5162128695652175
grid_10593,0.531684347826087
grid_10594,0.5654645217391304
grid_10595,0.554632
grid_10596,0.5557633043478262
grid_10597,0.5543627826086958
grid_10598,0.5936383152173914
grid_10599,0.5819902608695653
grid_10600,0.5837229619565218
grid_10601,0.5596880000000001
grid_10602,0.5833092173913044
grid_10603,0.5594907826086958
grid_10604,0.5683579130434783
grid_10605,0.6058820869565218
grid_10606,0.5494024347826089
grid_10607,0.6262633043478261
grid_10608,0.5703598260869566
grid_10609,0.6098646956521739
grid_10610,0.5651766666666668
grid_10611,0.6141266086956522
grid_10612,0.5672448695652175
grid_10613,0.6330192307692308
grid_10614,0.58380884057971
grid_10615,0.6628278260869566
grid_10616,0.6062055652173914
grid_10617,0.6460830434782608
grid_10618,0.6264467826086956
grid_10619,0.6743784420289854
grid_10620,0.6578933913043479
grid_10621,0.6633272463768115
grid_10622,0.654299304347826
grid_10623,0.6445867826086956
grid_10624,0.6459930434782609
grid_10625,0.6011644677661169
grid_10626,0.6180278582930758
grid_10627,0.6025419130434783
grid_10628,0.6155212276214833
grid_10629,0.6194328695652174
grid_10630,0.629467276887872
grid_10631,0.6153146376811596
grid_10632,0.6135577391304349
grid_10633,0.6061144927536232
grid_10634,0.584893043478261
grid_10635,0.6313944347826087
grid_10636,0.6380379446640316
grid_10637,0.6675899130434783
grid_10638,0.6587747826086957
grid_10639,0.6273431784107946
grid_10640,0.566963304347826
grid_10641,0.5832553945249598
grid_10642,0.6585751304347827
grid_10643,0.6640664347826087
grid_10644,0.6103462608695653
grid_10645,0.6614652173913044
grid_10646,0.6043028985507247
grid_10647,0.6461904347826086
grid_10648,0.6360654891304348
grid_10649,0.6415641304347827
grid_10650,0.5917252173913045
grid_10651,0.5816555765595464
grid_10652,0.6018026086956522
grid_10653,0.5697713043478261
grid_10654,0.5819885375494072
grid_10655,0.5611820869565218
grid_10656,0.5549976811594203
grid_10657,0.5256926956521739
grid_10658,0.6373238260869565
grid_10659,0.6540584347826087
grid_10660,0.43245200000000006
grid_10661,0.6748984877126655
grid_10662,0.536971304347826
grid_10663,0.6928769565217393
grid_10664,0.6743095108695654
grid_10665,0.6230863354037266
grid_10666,0.6677384863123993
grid_10667,0.6221026086956523
grid_10668,0.5949855072463769
grid_10669,0.6464205217391304
grid_10670,0.6830133333333333
grid_10671,0.6717534161490684
grid_10672,0.7213447826086957
grid_10673,0.707788198757764
grid_10674,0.6955665217391307
grid_10675,0.7318911304347826
grid_10676,0.7076234782608697
grid_10677,0.6957561739130437
grid_10678,0.6943856521739131
grid_10679,0.6031397993311038
grid_10680,0.684144
grid_10681,0.6060466086956522
grid_10682,0.5860599999999999
grid_10683,0.5964899130434782
grid_10684,0.6420833333333333
grid_10685,0.6653043478260869
grid_10686,0.2381173913043478
grid_10687,0.5625310144927537
grid_10688,0.5074326086956522
grid_10689,0.42614652173913037
grid_10690,0.2341784347826087
grid_10691,0.3966620869565217
grid_10692,0.357669001610306
grid_10693,0.2781444527736132
grid_10694,0.41449227053140103
grid_10695,0.7055624223602486
grid_10696,0.7060463768115942
grid_10697,0.6996719806763285
grid_10698,0.7224371118012424
grid_10699,0.7324200668896322
grid_10700,0.699572049689441
grid_10701,0.7112850931677019
grid_10702,0.6677885869565218
grid_10703,0.7132137391304347
grid_10704,0.6772930434782606
grid_10705,0.7183786956521739
grid_10706,0.6809491304347826
grid_10707,0.7164978260869566
grid_10708,0.5408784057971016
grid_10709,0.5422721739130434
grid_10710,0.55228
grid_10711,0.5542754782608696
grid_10712,0.5481991304347826
grid_10713,0.533392503748126
grid_10714,0.5637325217391305
grid_10715,0.54268
grid_10716,0.5352565217391304
grid_10717,0.5489257391304349
grid_10718,0.5737347826086957
grid_10719,0.5694353043478261
grid_10720,0.5641125217391304
grid_10721,0.5342907826086957
grid_10722,0.5849278582930756
grid_10723,0.5807091454272864
grid_10724,0.5517973913043478
grid_10725,0.508479652173913
grid_10726,0.6289130434782608
grid_10727,0.5976340579710145
grid_10728,0.5577066086956521
grid_10729,0.5290692431561997
grid_10730,0.5579854037267081
grid_10731,0.5957471304347827
grid_10732,0.5660688405797101
grid_10733,0.5739173913043479
grid_10734,0.576121578099839
grid_10735,0.6005060869565217
grid_10736,0.5903411490683231
grid_10737,0.6042995652173914
grid_10738,0.5577855652173913
grid_10739,0.5416387826086957
grid_10740,0.5050939130434783
grid_10741,0.5522400000000001
grid_10742,0.5740184347826086
grid_10743,0.5143213913043478
grid_10744,0.5121695652173913
grid_10745,0.5615850434782608
grid_10746,0.49682330434782607
grid_10747,0.57974
grid_10748,0.5409714782608696
grid_10749,0.6174913043478261
grid_10750,0.5519020869565218
grid_10751,0.5698611594202898
grid_10752,0.5840045217391304
grid_10753,0.6073137391304348
grid_10754,0.5579229565217392
grid_10755,0.5655350724637681
grid_10756,0.6911586086956523
grid_10757,0.6387017391304348
grid_10758,0.5678627826086956
grid_10759,0.5547620869565217
grid_10760,0.6028908695652173
grid_10761,0.5683109565217391
grid_10762,0.6432045217391306
grid_10763,0.6294660869565218
grid_10764,0.5880986956521739
grid_10765,0.6272097391304348
grid_10766,0.5647457391304348
grid_10767,0.5932412173913044
grid_10768,0.6021403478260869
grid_10769,0.6401660869565217
grid_10770,0.5821204347826087
grid_10771,0.6125996779388083
grid_10772,0.5976207729468599
grid_10773,0.6037055652173913
grid_10774,0.6358949025487257
grid_10775,0.6033827586206897
grid_10776,0.6327728695652175
grid_10777,0.5894615652173913
grid_10778,0.48189623188405795
grid_10779,0.45915791304347825
grid_10780,0.5962968695652174
grid_10781,0.6092744347826087
grid_10782,0.5614811594202898
grid_10783,0.5982871304347827
grid_10784,0.5971113043478261
grid_10785,0.6168773913043478
grid_10786,0.5651436231884058
grid_10787,0.6210288695652174
grid_10788,0.6076259130434782
grid_10789,0.6028462450592884
grid_10790,0.6690462608695653
grid_10791,0.5613446956521739
grid_10792,0.6468494363929147
grid_10793,0.5589250434782609
grid_10794,0.6023913043478261
grid_10795,0.5181172173913045
grid_10796,0.5925905279503105
grid_10797,0.5652573913043478
grid_10798,0.6969513043478262
grid_10799,0.5754196457326892
grid_10800,0.5794658170914542
grid_10801,0.6286798260869566
grid_10802,0.5533366956521738
grid_10803,0.5728740869565219
grid_10804,0.5706526086956523
grid_10805,0.6240572173913044
grid_10806,0.5534627536231884
grid_10807,0.5669824347826087
grid_10808,0.6443426086956522
grid_10809,0.6068615652173913
grid_10810,0.5543878260869567
grid_10811,0.5621180869565218
grid_10812,0.5886220735785953
grid_10813,0.577588
grid_10814,0.5964812173913043
grid_10815,0.5749325217391305
grid_10816,0.5745323188405798
grid_10817,0.5918091787439614
grid_10818,0.5521247826086956
grid_10819,0.5280773913043478
grid_10820,0.5273765527950312
grid_10821,0.5667030595813205
grid_10822,0.5347537267080745
grid_10823,0.5274662608695653
grid_10824,0.5339163768115943
grid_10825,0.5389794782608696
grid_10826,0.5282758260869564
grid_10827,0.5255275362318841
grid_10828,0.5569947826086957
grid_10829,0.6185187826086956
grid_10830,0.5581398260869566
grid_10831,0.5559944927536232
grid_10832,0.5363895652173913
grid_10833,0.6251018903591682
grid_10834,0.6064395445134575
grid_10835,0.5114994782608696
grid_10836,0.5626248695652174
grid_10837,0.5618563043478261
grid_10838,0.6116600000000001
grid_10839,0.572008347826087
grid_10840,0.5774714492753624
grid_10841,0.5498034161490684
grid_10842,0.5844086956521739
grid_10843,0.619831884057971
grid_10844,0.6175492173913044
grid_10845,0.5809212560386473
grid_10846,0.5798020869565218
grid_10847,0.570571884057971
grid_10848,0.5618123478260869
grid_10849,0.6300573913043479
grid_10850,0.5537817391304347
grid_10851,0.5995492753623188
grid_10852,0.5623325217391304
grid_10853,0.560443652173913
grid_10854,0.5453518260869565
grid_10855,0.5997826086956521
grid_10856,0.5436693913043479
grid_10857,0.5304097391304348
grid_10858,0.5540643478260869
grid_10859,0.5144690434782608
grid_10860,0.5549617391304349
grid_10861,0.5597860869565218
grid_10862,0.5329824347826088
grid_10863,0.5296076521739131
grid_10864,0.544636347826087
grid_10865,0.5327750000000001
grid_10866,0.52768
grid_10867,0.5811972049689441
grid_10868,0.5761263868065967
grid_10869,0.5734099130434783
grid_10870,0.5265500658761528
grid_10871,0.5517333913043478
grid_10872,0.5436688695652174
grid_10873,0.5957184347826086
grid_10874,0.5279653532608696
grid_10875,0.57286731078905
grid_10876,0.5290930434782609
grid_10877,0.5717194782608696
grid_10878,0.559480347826087
grid_10879,0.5043862608695652
grid_10880,0.5808707246376811
grid_10881,0.5866410434782608
grid_10882,0.5575057391304348
grid_10883,0.5045330434782609
grid_10884,0.5920123188405797
grid_10885,0.5748549565217391
grid_10886,0.5565033043478261
grid_10887,0.5339107826086956
grid_10888,0.5501453913043478
grid_10889,0.5627389565217392
grid_10890,0.5531787826086957
grid_10891,0.540525
grid_10892,0.5811703324808184
grid_10893,0.5642410434782609
grid_10894,0.5555855652173913
grid_10895,0.5727182608695652
grid_10896,0.6602777173913044
grid_10897,0.5534213913043478
grid_10898,0.5643106086956522
grid_10899,0.5658723188405798
grid_10900,0.5439511304347827
grid_10901,0.5620975652173913
grid_10902,0.5716748447204969
grid_10903,0.5807826086956522
grid_10904,0.580284347826087
grid_10905,0.5487215652173912
grid_10906,0.5928881739130436
grid_10907,0.6127212173913044
grid_10908,0.5454328695652175
grid_10909,0.5572408385093167
grid_10910,0.5175744347826088
grid_10911,0.5644832298136647
grid_10912,0.5384514782608697
grid_10913,0.5511950724637681
grid_10914,0.5455659130434782
grid_10915,0.5297114782608696
grid_10916,0.557876347826087
grid_10917,0.5623718260869565
grid_10918,0.5537278260869566
grid_10919,0.5324593043478261
grid_10920,0.5399036521739131
grid_10921,0.5456146086956521
grid_10922,0.5829556521739131
grid_10923,0.54764
grid_10924,0.5476620869565219
grid_10925,0.5575826086956522
grid_10926,0.5533820869565218
grid_10927,0.5444730434782609
grid_10928,0.5957004347826087
grid_10929,0.6301619130434784
grid_10930,0.6353641739130435
grid_10931,0.5934191304347826
grid_10932,0.6184652173913043
grid_10933,0.6040201739130435
grid_10934,0.5561244927536232
grid_10935,0.6217377391304348
grid_10936,0.5650826086956522
grid_10937,0.6074074782608696
grid_10938,0.7065295652173913
grid_10939,0.6507017391304348
grid_10940,0.6422921739130435
grid_10941,0.584072
grid_10942,0.6231525217391305
grid_10943,0.6316947826086956
grid_10944,0.6291201449275363
grid_10945,0.593472347826087
grid_10946,0.5544633043478261
grid_10947,0.5982461769115444
grid_10948,0.5838318260869566
grid_10949,0.5822683946488294
grid_10950,0.5866606956521739
grid_10951,0.5581973913043479
grid_10952,0.5536201739130435
grid_10953,0.5798170434782609
grid_10954,0.5696
grid_10955,0.5682678260869566
grid_10956,0.5594552173913044
grid_10957,0.579234347826087
grid_10958,0.5997532173913044
grid_10959,0.5739175652173913
grid_10960,0.556536
grid_10961,0.5467424347826088
grid_10962,0.5467704347826088
grid_10963,0.563216
grid_10964,0.570612695652174
grid_10965,0.5452570434782609
grid_10966,0.5529034782608696
grid_10967,0.5435988405797102
grid_10968,0.6111004830917875
grid_10969,0.5856686956521739
grid_10970,0.5990800000000001
grid_10971,0.5757932173913044
grid_10972,0.5798014492753623
grid_10973,0.591581391304348
grid_10974,0.5678172173913044
grid_10975,0.553636347826087
grid_10976,0.5658126086956524
grid_10977,0.5912702608695652
grid_10978,0.5159449275362319
grid_10979,0.5430785829307568
grid_10980,0.49645043478260864
grid_10981,0.5536513043478261
grid_10982,0.5033868012422361
grid_10983,0.5960754180602006
grid_10984,0.5199832298136646
grid_10985,0.5879406832298137
grid_10986,0.5199819130434782
grid_10987,0.5895979813664596
grid_10988,0.5498613913043477
grid_10989,0.5802563478260869
grid_10990,0.5522426086956522
grid_10991,0.5534147826086957
grid_10992,0.5527848695652174
grid_10993,0.5739333913043478
grid_10994,0.5523154782608696
grid_10995,0.5757030595813204
grid_10996,0.580736695652174
grid_10997,0.5658619130434783
grid_10998,0.5527655652173914
grid_10999,0.5937928695652173
grid_11000,0.5797975652173913
grid_11001,0.5966457391304348
grid_11002,0.5702298350824588
grid_11003,0.5665305958132044
grid_11004,0.4880033043478261
grid_11005,0.5860453913043479
grid_11006,0.586319652173913
grid_11007,0.5551796521739132
grid_11008,0.5709015122873347
grid_11009,0.6068874141876431
grid_11010,0.5972727272727273
grid_11011,0.6142666666666666
grid_11012,0.28523675889328065
grid_11013,0.4024122463768116
grid_11014,0.6011724637681158
grid_11015,0.5801926086956521
grid_11016,0.6603011441647597
grid_11017,0.5367342710997444
grid_11018,0.6147622529644269
grid_11019,0.6243504347826088
grid_11020,0.6784822134387352
grid_11021,0.6523328695652175
grid_11022,0.6502502608695653
grid_11023,0.6533130434782609
grid_11024,0.7078182608695652
grid_11025,0.7155351449275362
grid_11026,0.5847276521739131
grid_11027,0.634325
grid_11028,0.7056239130434783
grid_11029,0.6906680124223603
grid_11030,0.646335652173913
grid_11031,0.6945728260869566
grid_11032,0.6739372670807454
grid_11033,0.6861939440993791
grid_11034,0.6599811594202899
grid_11035,0.6564829192546586
grid_11036,0.6040650103519669
grid_11037,0.6213062111801243
grid_11038,0.5816118577075099
grid_11039,0.5808355731225296
grid_11040,0.6977589130434783
grid_11041,0.6587015217391304
grid_11042,0.7106187747035574
grid_11043,0.6205030434782609
grid_11044,0.6672095317725752
grid_11045,0.7042391304347827
grid_11046,0.5948170434782609
grid_11047,0.6582489130434783
grid_11048,0.7229413043478261
grid_11049,0.7110159420289855
grid_11050,0.6871684782608696
grid_11051,0.6667649068322982
grid_11052,0.6463101449275362
grid_11053,0.6507418060200668
grid_11054,0.6393426086956522
grid_11055,0.6326433043478261
grid_11056,0.6350815217391305
grid_11057,0.5788194706994328
grid_11058,0.5834637681159419
grid_11059,0.6088339130434783
grid_11060,0.578084
grid_11061,0.5572326086956522
grid_11062,0.560134927536232
grid_11063,0.5575854037267082
grid_11064,0.570441847826087
grid_11065,0.6525179347826087
grid_11066,0.5727660869565218
grid_11067,0.6125253913043479
grid_11068,0.6160815942028985
grid_11069,0.6247193043478261
grid_11070,0.5928036521739131
grid_11071,0.6417222608695653
grid_11072,0.6589271304347827
grid_11073,0.5633337285902502
grid_11074,0.6651937888198758
grid_11075,0.5237030100334449
grid_11076,0.3239610098176719
grid_11077,0.5301636645962733
grid_11078,0.5974142608695652
grid_11079,0.6494680000000002
grid_11080,0.6571130434782609
grid_11081,0.5868091614906834
grid_11082,0.6619961352657006
grid_11083,0.5695427826086956
grid_11084,0.6412639130434781
grid_11085,0.6665286956521739
grid_11086,0.6135940869565217
grid_11087,0.6690972173913045
grid_11088,0.6483892976588629
grid_11089,0.6678917391304349
grid_11090,0.6603260869565218
grid_11091,0.6204506086956522
grid_11092,0.571816811594203
grid_11093,0.5578234782608695
grid_11094,0.5990766956521739
grid_11095,0.5987827826086957
grid_11096,0.5454589565217391
grid_11097,0.5570794782608696
grid_11098,0.5465365217391304
grid_11099,0.5976481366459628
grid_11100,0.5918490683229816
grid_11101,0.5655576086956522
grid_11102,0.5779648695652173
grid_11103,0.5281260869565219
grid_11104,0.6144617391304348
grid_11105,0.5481301242236024
grid_11106,0.5455907826086956
grid_11107,0.5905283478260869
grid_11108,0.6192125217391304
grid_11109,0.5879521739130436
grid_11110,0.5586066086956523
grid_11111,0.5579024347826086
grid_11112,0.5346599999999999
grid_11113,0.5608139130434783
grid_11114,0.5362871304347826
grid_11115,0.5671128695652174
grid_11116,0.5407182608695653
grid_11117,0.5111973013493254
grid_11118,0.5415339130434783
grid_11119,0.5436897391304348
grid_11120,0.5471907246376813
grid_11121,0.5841197101449276
grid_11122,0.523108695652174
grid_11123,0.6073793043478262
grid_11124,0.5659095652173913
grid_11125,0.5501589855072464
grid_11126,0.5222057391304348
grid_11127,0.5582525217391305
grid_11128,0.6268656832298137
grid_11129,0.5501815217391305
grid_11130,0.6055838260869565
grid_11131,0.549188
grid_11132,0.541559652173913
grid_11133,0.5437332173913044
grid_11134,0.568276
grid_11135,0.5744682608695653
grid_11136,0.5497173913043478
grid_11137,0.5351982608695652
grid_11138,0.567152347826087
grid_11139,0.5692810144927537
grid_11140,0.5767231304347825
grid_11141,0.5381208695652174
grid_11142,0.5746007246376812
grid_11143,0.539544
grid_11144,0.5477546086956522
grid_11145,0.5541165217391305
grid_11146,0.5750862608695653
grid_11147,0.526993768115942
grid_11148,0.5362575652173913
grid_11149,0.5379615652173914
grid_11150,0.5819860869565218
grid_11151,0.5505073043478261
grid_11152,0.5685013913043478
grid_11153,0.5764877061469266
grid_11154,0.5586106086956523
grid_11155,0.572219001610306
grid_11156,0.5702709565217392
grid_11157,0.5588795652173915
grid_11158,0.5687667826086957
grid_11159,0.571679652173913
grid_11160,0.5341884057971015
grid_11161,0.5629925217391304
grid_11162,0.5574972463768115
grid_11163,0.5553900869565218
grid_11164,0.5447653913043478
grid_11165,0.5672566770186335
grid_11166,0.5783007763975155
grid_11167,0.5620900869565219
grid_11168,0.5472325217391305
grid_11169,0.538202463768116
grid_11170,0.5655718260869566
grid_11171,0.5428826086956522
grid_11172,0.5589586086956522
grid_11173,0.5538688695652174
grid_11174,0.5608365217391303
grid_11175,0.5466739130434781
grid_11176,0.5791702608695652
grid_11177,0.5306991304347826
grid_11178,0.6082710144927538
grid_11179,0.5895527736131934
grid_11180,0.5596309565217391
grid_11181,0.5457474782608697
grid_11182,0.5694775652173913
grid_11183,0.5756827826086957
grid_11184,0.5307588405797101
grid_11185,0.542368347826087
grid_11186,0.5935521739130435
grid_11187,0.5286636231884059
grid_11188,0.584700347826087
grid_11189,0.5531097391304347
grid_11190,0.5897537267080747
grid_11191,0.5886829565217392
grid_11192,0.6034516521739131
grid_11193,0.5682768695652174
grid_11194,0.5938340579710144
grid_11195,0.5733794782608695
grid_11196,0.5584554782608696
grid_11197,0.5699852173913044
grid_11198,0.562968347826087
grid_11199,0.5564824347826087
grid_11200,0.5580337391304347
grid_11201,0.5948680000000001
grid_11202,0.6050726956521739
grid_11203,0.5698213913043478
grid_11204,0.5898880000000001
grid_11205,0.5989113043478261
grid_11206,0.5914413913043478
grid_11207,0.6281082608695653
grid_11208,0.6021295652173914
grid_11209,0.5966984347826085
grid_11210,0.6327086956521739
grid_11211,0.565956347826087
grid_11212,0.5775831304347826
grid_11213,0.5493333913043478
grid_11214,0.545925652173913
grid_11215,0.5516203478260869
grid_11216,0.563125120772947
grid_11217,0.551603652173913
grid_11218,0.5709689440993788
grid_11219,0.5684953177257526
grid_11220,0.5683139130434782
grid_11221,0.6528926086956521
grid_11222,0.5751353043478261
grid_11223,0.5770867826086956
grid_11224,0.5834057391304348
grid_11225,0.6041516521739131
grid_11226,0.6786341384863124
grid_11227,0.6366509745127437
grid_11228,0.596796347826087
grid_11229,0.6159467826086957
grid_11230,0.6226537391304348
grid_11231,0.5647484949832776
grid_11232,0.5522282608695652
grid_11233,0.5343222608695651
grid_11234,0.551345043478261
grid_11235,0.5537040579710145
grid_11236,0.5346153726708074
grid_11237,0.5677920000000001
grid_11238,0.5923568695652174
grid_11239,0.5612595813204508
grid_11240,0.5639238260869566
grid_11241,0.6044893913043479
grid_11242,0.6223749565217391
grid_11243,0.6601862318840581
grid_11244,0.6032125217391305
grid_11245,0.6577499130434782
grid_11246,0.628546231884058
grid_11247,0.5905097391304348
grid_11248,0.664524695652174
grid_11249,0.6149593043478262
grid_11250,0.6454493913043479
grid_11251,0.5552038260869565
grid_11252,0.5563724637681159
grid_11253,0.5700634782608696
grid_11254,0.5954874782608696
grid_11255,0.5448226086956522
grid_11256,0.5740902898550726
grid_11257,0.5665618357487924
grid_11258,0.54400692431562
grid_11259,0.6004906086956522
grid_11260,0.6048031304347827
grid_11261,0.6129979130434783
grid_11262,0.6310267826086956
grid_11263,0.6328980676328504
grid_11264,0.6191984347826088
grid_11265,0.6012452173913043
grid_11266,0.6143472263868067
grid_11267,0.5993022608695653
grid_11268,0.608539652173913
grid_11269,0.6093210144927537
grid_11270,0.5869026086956521
grid_11271,0.5742709565217391
grid_11272,0.5838387826086957
grid_11273,0.6084809256661992
grid_11274,0.6047052795031057
grid_11275,0.6126066086956522
grid_11276,0.6141495652173914
grid_11277,0.5816947826086956
grid_11278,0.5168949565217391
grid_11279,0.6258083478260871
grid_11280,0.6377589565217392
grid_11281,0.6010829565217393
grid_11282,0.6216506086956524
grid_11283,0.6395048695652173
grid_11284,0.5658013913043479
grid_11285,0.6308626086956521
grid_11286,0.5966561739130435
grid_11287,0.6154165217391305
grid_11288,0.5994060869565219
grid_11289,0.6091469565217391
grid_11290,0.6346765217391305
grid_11291,0.619703125
grid_11292,0.6275168695652174
grid_11293,0.5742408695652174
grid_11294,0.5335179130434784
grid_11295,0.619209500805153
grid_11296,0.47723113043478266
grid_11297,0.5960513586956523
grid_11298,0.5939405217391304
grid_11299,0.555748347826087
grid_11300,0.5693838260869566
grid_11301,0.4199884615384616
grid_11302,0.35471375
grid_11303,0.37689935235507255
grid_11304,0.665320019367589
grid_11305,0.34303333333333336
grid_11306,0.3854266363636364
grid_11307,0.5189145076129058
grid_11308,0.6389339130434784
grid_11309,0.5802913001317522
grid_11310,0.41670372457687244
grid_11311,0.264771322094055
grid_11312,0.6275968695652174
grid_11313,0.5782375659775008
grid_11314,0.5401739130434783
grid_11315,0.5029187826086956
grid_11316,0.46582716558267295
grid_11317,0.4317744347826087
grid_11318,0.5052420869565218
grid_11319,0.5581166956521739
grid_11320,0.5222202898550725
grid_11321,0.5999513687600645
grid_11322,0.6599365217391305
grid_11323,0.6169382608695653
grid_11324,0.5799186086956523
grid_11325,0.5759540869565217
grid_11326,0.6480212173913045
grid_11327,0.5688669565217392
grid_11328,0.6174933229813666
grid_11329,0.5828869565217392
grid_11330,0.614696347826087
grid_11331,0.23546050373868554
grid_11332,0.45006754961939016
grid_11333,0.3543217380952381
grid_11334,0.44195806376032765
grid_11335,0.6831949896480333
grid_11336,0.4422524655745385
grid_11337,0.6024486080187929
grid_11338,0.5956772173913043
grid_11339,0.28535844792462445
grid_11340,0.4428457434034447
grid_11341,0.46293547826086956
grid_11342,0.521507652173913
grid_11343,0.5505947526236883
grid_11344,0.5081328695652174
grid_11345,0.5981991304347826
grid_11346,0.5324662608695653
grid_11347,0.5132142608695652
grid_11348,0.5430234782608696
grid_11349,0.549718695652174
grid_11350,0.5596276521739131
grid_11351,0.6809048695652175
grid_11352,0.6413836521739131
grid_11353,0.5990867826086956
grid_11354,0.6157867787956289
grid_11355,0.2519964743589744
grid_11356,0.40861033105380934
grid_11357,0.6239064347826087
grid_11358,0.5958834782608695
grid_11359,0.5056430284857572
grid_11360,0.6025022608695652
grid_11361,0.573104347826087
grid_11362,0.5450001739130435
grid_11363,0.508228
grid_11364,0.5801140096618359
grid_11365,0.5560617391304348
grid_11366,0.5203168695652174
grid_11367,0.5831535232383808
grid_11368,0.6006652173913043
grid_11369,0.5479492753623189
grid_11370,0.6070416149068324
grid_11371,0.14415
grid_11372,0.3702052088554721
grid_11373,0.40871620630861044
grid_11374,0.47761279599723955
grid_11375,0.5203396796338673
grid_11376,0.4579059639908259
grid_11377,0.36054293300653595
grid_11378,0.4516643630664827
grid_11379,0.6101669387702381
grid_11380,0.3351204320987654
grid_11381,0.4386367245361638
grid_11382,0.488124844720497
grid_11383,0.4006834782608696
grid_11384,0.5907549565217391
grid_11385,0.506233768115942
grid_11386,0.5525099130434783
grid_11387,0.5773991304347826
grid_11388,0.564559304347826
grid_11389,0.5629539130434783
grid_11390,0.5329953043478262
grid_11391,0.5353488695652174
grid_11392,0.5536768695652173
grid_11393,0.5733573913043478
grid_11394,0.5536201449275363
grid_11395,0.593240347826087
grid_11396,0.4931885217391304
grid_11397,0.45329165217391315
grid_11398,0.5267208695652175
grid_11399,0.5655109565217392
grid_11400,0.49817513043478256
grid_11401,0.5736420869565219
grid_11402,0.5963605351170568
grid_11403,0.6303706086956522
grid_11404,0.5697398550724638
grid_11405,0.5679965217391305
grid_11406,0.6101150724637681
grid_11407,0.5759756521739131
grid_11408,0.560660695652174
grid_11409,0.6370408695652174
grid_11410,0.5694038260869565
grid_11411,0.6498815652173913
grid_11412,0.6041186086956521
grid_11413,0.5957326086956523
grid_11414,0.5788605217391305
grid_11415,0.599447652173913
grid_11416,0.586452463768116
grid_11417,0.6128480000000001
grid_11418,0.6936586086956524
grid_11419,0.6701761739130435
grid_11420,0.7079562111801242
grid_11421,0.5579339130434783
grid_11422,0.655652495974235
grid_11423,0.5261515942028985
grid_11424,0.5449130434782609
grid_11425,0.7415085457271364
grid_11426,0.5606370434782608
grid_11427,0.5487128695652175
grid_11428,0.5357081939799332
grid_11429,0.5522445217391305
grid_11430,0.5643460869565218
grid_11431,0.5410241739130435
grid_11432,0.5259648695652174
grid_11433,0.6107749625187406
grid_11434,0.6430434782608695
grid_11435,0.5873954849498328
grid_11436,0.6211133913043478
grid_11437,0.5339172173913044
grid_11438,0.6007779891304348
grid_11439,0.6348130434782608
grid_11440,0.5565850434782609
grid_11441,0.5825382608695653
grid_11442,0.6049586086956522
grid_11443,0.6088017391304349
grid_11444,0.5854968695652174
grid_11445,0.6246015652173914
grid_11446,0.5956462608695652
grid_11447,0.5827039130434781
grid_11448,0.6273610434782608
grid_11449,0.5591474782608696
grid_11450,0.5969652173913044
grid_11451,0.5570135652173913
grid_11452,0.6410776397515529
grid_11453,0.7204660869565217
grid_11454,0.5419669565217391
grid_11455,0.5208469565217392
grid_11456,0.5467610144927536
grid_11457,0.5672288695652175
grid_11458,0.608968
grid_11459,0.5657810434782609
grid_11460,0.5951966183574879
grid_11461,0.6053145427286357
grid_11462,0.6420610434782609
grid_11463,0.579200347826087
grid_11464,0.6735802898550727
grid_11465,0.6488200000000001
grid_11466,0.5900594202898551
grid_11467,0.6149317391304348
grid_11468,0.6208930434782609
grid_11469,0.6434147826086956
grid_11470,0.5743033043478261
grid_11471,0.5572004347826086
grid_11472,0.571764381270903
grid_11473,0.5445177391304349
grid_11474,0.5418959999999999
grid_11475,0.5686113043478261
grid_11476,0.5801273291925467
grid_11477,0.5601561739130435
grid_11478,0.5603436521739131
grid_11479,0.5770776397515528
grid_11480,0.5681871304347826
grid_11481,0.5189046956521739
grid_11482,0.6084613193403299
grid_11483,0.6128291465378424
grid_11484,0.5584909565217392
grid_11485,0.5628082125603865
grid_11486,0.6172328695652174
grid_11487,0.5533874782608695
grid_11488,0.575966231884058
grid_11489,0.6237255652173913
grid_11490,0.5373610434782609
grid_11491,0.5351605217391304
grid_11492,0.607096347826087
grid_11493,0.5397549565217391
grid_11494,0.5371888695652174
grid_11495,0.6116760210803688
grid_11496,0.5821210434782609
grid_11497,0.5318975652173913
grid_11498,0.6441713043478262
grid_11499,0.6137485217391305
grid_11500,0.5277617391304348
grid_11501,0.6132619130434782
grid_11502,0.6304080000000001
grid_11503,0.5969526086956521
grid_11504,0.6242125217391304
grid_11505,0.6199772463768115
grid_11506,0.6011961739130435
grid_11507,0.6048758260869564
grid_11508,0.6164789297658864
grid_11509,0.6151276521739131
grid_11510,0.6315045217391304
grid_11511,0.6061526956521739
grid_11512,0.5729015652173913
grid_11513,0.5860778260869566
grid_11514,0.6431655652173913
grid_11515,0.5786046376811594
grid_11516,0.5900446956521739
grid_11517,0.5735935652173914
grid_11518,0.5936900869565218
grid_11519,0.5662504347826087
grid_11520,0.583656347826087
grid_11521,0.5636913043478261
grid_11522,0.5594620869565218
grid_11523,0.5813380869565217
grid_11524,0.5871763768115944
grid_11525,0.5774789565217391
grid_11526,0.5649551304347826
grid_11527,0.5765652173913044
grid_11528,0.5870212560386473
grid_11529,0.5975801739130435
grid_11530,0.6054064347826088
grid_11531,0.5665810434782609
grid_11532,0.5435136645962733
grid_11533,0.6053044880785414
grid_11534,0.592842351046699
grid_11535,0.6073295986622074
grid_11536,0.6536474782608696
grid_11537,0.6059217391304348
grid_11538,0.5914549565217392
grid_11539,0.5993508695652173
grid_11540,0.5652059420289854
grid_11541,0.5633731884057972
grid_11542,0.6425113043478261
grid_11543,0.5797906086956522
grid_11544,0.6306001449275362
grid_11545,0.5274848695652175
grid_11546,0.6036337391304348
grid_11547,0.5554973602484472
grid_11548,0.5796737577639751
grid_11549,0.6132295652173914
grid_11550,0.5590314782608696
grid_11551,0.5580493913043479
grid_11552,0.5704288695652173
grid_11553,0.5978638260869564
grid_11554,0.6112373590982287
grid_11555,0.6009481739130434
grid_11556,0.5886533913043478
grid_11557,0.5613309565217391
grid_11558,0.6020471467391305
grid_11559,0.6042012173913043
grid_11560,0.5885335403726708
grid_11561,0.6001890499194849
grid_11562,0.5803770434782609
grid_11563,0.5630008695652174
grid_11564,0.5917357142857143
grid_11565,0.5808511304347826
grid_11566,0.5752302608695653
grid_11567,0.5077793043478261
grid_11568,0.5569815652173914
grid_11569,0.567792463768116
grid_11570,0.5479537681159422
grid_11571,0.6045106086956522
grid_11572,0.5654646956521739
grid_11573,0.6077149565217392
grid_11574,0.583340347826087
grid_11575,0.5596834782608696
grid_11576,0.5816533913043479
grid_11577,0.6175571014492753
grid_11578,0.560376347826087
grid_11579,0.5821549565217391
grid_11580,0.5525801242236025
grid_11581,0.6175234782608696
grid_11582,0.6028398260869566
grid_11583,0.5354455652173913
grid_11584,0.581180579710145
grid_11585,0.6247095652173913
grid_11586,0.5470733913043478
grid_11587,0.6466734113712375
grid_11588,0.516228
grid_11589,0.6513172173913044
grid_11590,0.5974527536231883
grid_11591,0.55262
grid_11592,0.5264749163879598
grid_11593,0.5207094720496894
grid_11594,0.5584874396135266
grid_11595,0.4941940869565218
grid_11596,0.5093183229813665
grid_11597,0.5688946376811594
grid_11598,0.5671139130434782
grid_11599,0.5430869565217391
grid_11600,0.5303071014492754
grid_11601,0.6009892109500805
grid_11602,0.6325702608695652
grid_11603,0.6270168115942029
grid_11604,0.611652347826087
grid_11605,0.5966049475262369
grid_11606,0.5881098550724638
grid_11607,0.6190542608695653
grid_11608,0.6179053913043479
grid_11609,0.6107939130434782
grid_11610,0.5959580869565219
grid_11611,0.6232418840579711
grid_11612,0.6142059130434784
grid_11613,0.6044533913043478
grid_11614,0.600336695652174
grid_11615,0.6122618012422361
grid_11616,0.6153979130434784
grid_11617,0.6344295031055901
grid_11618,0.6158845217391304
grid_11619,0.5719480000000001
grid_11620,0.5881354782608696
grid_11621,0.5742524959742351
grid_11622,0.5286212173913044
grid_11623,0.5673382608695652
grid_11624,0.5907455652173913
grid_11625,0.6026826086956522
grid_11626,0.5830084057971014
grid_11627,0.554365050167224
grid_11628,0.5496060559006211
grid_11629,0.5666302675585284
grid_11630,0.5856944347826087
grid_11631,0.6296488695652174
grid_11632,0.5919650724637682
grid_11633,0.6007084057971015
grid_11634,0.607808695652174
grid_11635,0.616152695652174
grid_11636,0.6160149565217392
grid_11637,0.6133
grid_11638,0.6300344347826088
grid_11639,0.6067521739130435
grid_11640,0.6600928985507245
grid_11641,0.6060880000000001
grid_11642,0.6378885507246377
grid_11643,0.6064587826086957
grid_11644,0.606948
grid_11645,0.5993161739130435
grid_11646,0.6497081739130435
grid_11647,0.6078652173913043
grid_11648,0.594040347826087
grid_11649,0.6068222608695653
grid_11650,0.5922027826086957
grid_11651,0.5714302608695653
grid_11652,0.5896453623188406
grid_11653,0.5191402173913043
grid_11654,0.5977553043478261
grid_11655,0.5835646956521738
grid_11656,0.5325351304347826
grid_11657,0.5910526086956522
grid_11658,0.5810438260869565
grid_11659,0.5580745571658615
grid_11660,0.5754603478260869
grid_11661,0.6270942028985508
grid_11662,0.5997667826086956
grid_11663,0.6179295652173913
grid_11664,0.6069951304347826
grid_11665,0.6100356521739131
grid_11666,0.5719121739130436
grid_11667,0.6239860869565218
grid_11668,0.6026274782608696
grid_11669,0.6327570434782609
grid_11670,0.5547909565217392
grid_11671,0.6189439280359822
grid_11672,0.6130325217391305
grid_11673,0.5770678260869566
grid_11674,0.6083553043478261
grid_11675,0.543720695652174
grid_11676,0.5299391304347827
grid_11677,0.5807130434782608
grid_11678,0.5833195652173913
grid_11679,0.6021876521739131
grid_11680,0.534036347826087
grid_11681,0.5842507826086957
grid_11682,0.5478257525083612
grid_11683,0.5748229565217391
grid_11684,0.5687341614906832
grid_11685,0.5921066022544283
grid_11686,0.5612413043478262
grid_11687,0.555727304347826
grid_11688,0.5646254076086957
grid_11689,0.5637478260869565
grid_11690,0.5658652173913044
grid_11691,0.5829255652173914
grid_11692,0.5716259130434783
grid_11693,0.6187742608695652
grid_11694,0.570524347826087
grid_11695,0.6031251207729469
grid_11696,0.6000992503748125
grid_11697,0.6133445217391305
grid_11698,0.5887177391304348
grid_11699,0.5490281739130434
grid_11700,0.6317474782608696
grid_11701,0.4993565217391305
grid_11702,0.524576923076923
grid_11703,0.571394951723298
grid_11704,0.3853436913813685
grid_11705,0.45829895416802885
grid_11706,0.543157809983897
grid_11707,0.6369166956521739
grid_11708,0.5723878260869566
grid_11709,0.5833880224857269
grid_11710,0.6030457391304348
grid_11711,0.5097012882447666
grid_11712,0.48824333333333325
grid_11713,0.49365913043478266
grid_11714,0.550026254180602
grid_11715,0.5077582930756844
grid_11716,0.5177895652173914
grid_11717,0.49942878560719645
grid_11718,0.5360996521739131
grid_11719,0.5323600000000002
grid_11720,0.5702408695652175
grid_11721,0.42735060869565217
grid_11722,0.5126328985507247
grid_11723,0.5104431304347827
grid_11724,0.5265178929765886
grid_11725,0.5363615652173914
grid_11726,0.4140528695652174
grid_11727,0.36210313043478265
grid_11728,0.5221502608695653
grid_11729,0.518166231884058
grid_11730,0.5147810434782609
grid_11731,0.5050321739130436
grid_11732,0.5070966666666668
grid_11733,0.4969375652173913
grid_11734,0.4969173913043479
grid_11735,0.5165445217391305
grid_11736,0.5313556521739131
grid_11737,0.5229916521739131
grid_11738,0.5460457391304349
grid_11739,0.505421043478261
grid_11740,0.5069939130434783
grid_11741,0.6092400000000001
grid_11742,0.5973339130434783
grid_11743,0.5849488695652174
grid_11744,0.5371024347826087
grid_11745,0.5485295652173913
grid_11746,0.5738639291465378
grid_11747,0.5245282919254659
grid_11748,0.5493201863354038
grid_11749,0.5753949025487256
grid_11750,0.5047756211180124
grid_11751,0.5214476521739131
grid_11752,0.508378695652174
grid_11753,0.36283495652173914
grid_11754,0.33839652173913043
grid_11755,0.5140085217391305
grid_11756,0.5069234782608696
grid_11757,0.4413893913043478
grid_11758,0.37689252173913046
grid_11759,0.4874313043478261
grid_11760,0.36904800000000004
grid_11761,0.5367739130434783
grid_11762,0.5172662608695652
grid_11763,0.5273038980509746
grid_11764,0.5038940869565218
grid_11765,0.5121398260869566
grid_11766,0.5116530434782609
grid_11767,0.5294204508856682
grid_11768,0.5055379130434783
grid_11769,0.519674347826087
grid_11770,0.4911593043478261
grid_11771,0.49272713043478267
grid_11772,0.5102525217391305
grid_11773,0.44652107023411375
grid_11774,0.4614845217391304
grid_11775,0.44495460869565223
grid_11776,0.34986591304347825
grid_11777,0.47354556521739133
grid_11778,0.4819749565217391
grid_11779,0.5101055072463768
grid_11780,0.4910325217391304
grid_11781,0.500748695652174
grid_11782,0.5052989565217392
grid_11783,0.49346747826086956
grid_11784,0.5103819130434784
grid_11785,0.5180621578099839
grid_11786,0.5006467826086957
grid_11787,0.4794622608695653
grid_11788,0.48246365217391307
grid_11789,0.4784244927536232
grid_11790,0.4912497391304349
grid_11791,0.5087056360708535
grid_11792,0.5466613913043479
grid_11793,0.5178005434782609
grid_11794,0.5186102608695652
grid_11795,0.5140457391304348
grid_11796,0.5808179130434783
grid_11797,0.4728012882447666
grid_11798,0.5068265217391305
grid_11799,0.4439975652173913
grid_11800,0.5906036521739131
grid_11801,0.4806285507246378
grid_11802,0.5612700869565217
grid_11803,0.5555332173913045
grid_11804,0.5195833333333334
grid_11805,0.5463513043478262
grid_11806,0.5575535714285714
grid_11807,0.5143860869565218
grid_11808,0.544308347826087
grid_11809,0.5282711304347827
grid_11810,0.5501610367892977
grid_11811,0.5673523478260869
grid_11812,0.5342373913043478
grid_11813,0.5697379130434783
grid_11814,0.5420379130434783
grid_11815,0.5496105797101449
grid_11816,0.5308763478260871
grid_11817,0.585861956521739
grid_11818,0.5731854137447406
grid_11819,0.5378186086956522
grid_11820,0.5803373913043478
grid_11821,0.5696658170914544
grid_11822,0.565804347826087
grid_11823,0.5667605217391305
grid_11824,0.5867949565217391
grid_11825,0.5668827826086957
grid_11826,0.5911568115942029
grid_11827,0.6558005217391305
grid_11828,0.5605984347826087
grid_11829,0.5704526086956523
grid_11830,0.541031652173913
grid_11831,0.626293043478261
grid_11832,0.5318699130434783
grid_11833,0.6126107826086956
grid_11834,0.5637262608695652
grid_11835,0.5160253913043479
grid_11836,0.6765685507246377
grid_11837,0.7055907826086957
grid_11838,0.5511358260869565
grid_11839,0.5359509565217391
grid_11840,0.5327987826086956
grid_11841,0.5474768695652174
grid_11842,0.5496893913043478
grid_11843,0.5480158260869565
grid_11844,0.49663880837359103
grid_11845,0.6032200000000001
grid_11846,0.5869057391304348
grid_11847,0.5487213913043479
grid_11848,0.5552434782608696
grid_11849,0.6781754782608697
grid_11850,0.6320937391304349
grid_11851,0.5714281739130435
grid_11852,0.6761026086956524
grid_11853,0.5684180869565217
grid_11854,0.5608418840579711
grid_11855,0.6232128695652174
grid_11856,0.5698386086956522
grid_11857,0.5929408385093168
grid_11858,0.5635946086956523
grid_11859,0.5767269565217391
grid_11860,0.5678444099378883
grid_11861,0.5632302608695653
grid_11862,0.5719874782608695
grid_11863,0.5737069293478262
grid_11864,0.5735401739130435
grid_11865,0.6221093645484951
grid_11866,0.5774565217391304
grid_11867,0.5980801054018445
grid_11868,0.5993837681159422
grid_11869,0.5710849378881987
grid_11870,0.5506478260869566
grid_11871,0.5826817391304349
grid_11872,0.5918131884057972
grid_11873,0.5891874782608696
grid_11874,0.7442763478260871
grid_11875,0.555639304347826
grid_11876,0.5665676521739131
grid_11877,0.5907776397515528
grid_11878,0.5628951304347827
grid_11879,0.697288198757764
grid_11880,0.5525220869565218
grid_11881,0.5643502608695653
grid_11882,0.628744695652174
grid_11883,0.5605968695652174
grid_11884,0.6716264347826087
grid_11885,0.6285975652173914
grid_11886,0.6068596701649175
grid_11887,0.6099905797101449
grid_11888,0.5698634782608696
grid_11889,0.6236415652173913
grid_11890,0.6469276521739131
grid_11891,0.6014947826086956
grid_11892,0.5795927536231884
grid_11893,0.572892347826087
grid_11894,0.5939968695652174
grid_11895,0.5684864347826087
grid_11896,0.5881290434782609
grid_11897,0.5542342028985506
grid_11898,0.5583742608695652
grid_11899,0.5790930434782608
grid_11900,0.593417043478261
grid_11901,0.6173841739130435
grid_11902,0.5609097391304348
grid_11903,0.6183200000000001
grid_11904,0.5862489855072465
grid_11905,0.5874952173913042
grid_11906,0.5851144927536233
grid_11907,0.5940372909698998
grid_11908,0.5646588405797102
grid_11909,0.5812422608695652
grid_11910,0.5464130434782608
grid_11911,0.599180347826087
grid_11912,0.5338784347826087
grid_11913,0.5347956521739131
grid_11914,0.6079641739130435
grid_11915,0.6433426086956523
grid_11916,0.5656413913043479
grid_11917,0.5878175652173914
grid_11918,0.610977043478261
grid_11919,0.5948109565217391
grid_11920,0.5790604197901049
grid_11921,0.6307999999999999
grid_11922,0.6303587826086957
grid_11923,0.625764695652174
grid_11924,0.6306360000000001
grid_11925,0.6224500805152979
grid_11926,0.6205507826086957
grid_11927,0.645528695652174
grid_11928,0.6533673043478261
grid_11929,0.610000695652174
grid_11930,0.6301837681159419
grid_11931,0.617156
grid_11932,0.6121446956521739
grid_11933,0.5951760869565219
grid_11934,0.5993657391304348
grid_11935,0.5892730434782609
grid_11936,0.5765600000000001
grid_11937,0.5786003478260869
grid_11938,0.5798679710144927
grid_11939,0.5956101449275363
grid_11940,0.586175
grid_11941,0.5579965217391305
grid_11942,0.4959530434782609
grid_11943,0.5522427536231883
grid_11944,0.5325020186335404
grid_11945,0.5694135652173913
grid_11946,0.5492852173913044
grid_11947,0.49345231884057966
grid_11948,0.5715259420289855
grid_11949,0.5755615652173913
grid_11950,0.44213686956521747
grid_11951,0.6169819645732689
grid_11952,0.5999579130434783
grid_11953,0.6043650434782609
grid_11954,0.5948930434782609
grid_11955,0.6180953043478261
grid_11956,0.5864744347826086
grid_11957,0.5893420869565218
grid_11958,0.5940252173913043
grid_11959,0.5951133913043478
grid_11960,0.579889043478261
grid_11961,0.6030233333333332
grid_11962,0.5930078260869565
grid_11963,0.5996301449275363
grid_11964,0.5762264347826088
grid_11965,0.6097582608695652
grid_11966,0.6161186086956522
grid_11967,0.5878754782608696
grid_11968,0.5887746086956522
grid_11969,0.579848
grid_11970,0.5897356521739131
grid_11971,0.5711642512077295
grid_11972,0.5814467826086956
grid_11973,0.5378859130434783
grid_11974,0.6261290434782609
grid_11975,0.5130370314842579
grid_11976,0.4403650434782609
grid_11977,0.6315423188405798
grid_11978,0.5334862068965517
grid_11979,0.5890951690821257
grid_11980,0.6057410434782609
grid_11981,0.5953347826086957
grid_11982,0.5934217391304349
grid_11983,0.5775219130434782
grid_11984,0.5752620401337794
grid_11985,0.571876695652174
grid_11986,0.6043031884057971
grid_11987,0.6025954782608696
grid_11988,0.625680347826087
grid_11989,0.5695134782608695
grid_11990,0.5737293913043477
grid_11991,0.5844479710144929
grid_11992,0.6435586086956522
grid_11993,0.5536104347826086
grid_11994,0.5599740869565217
grid_11995,0.6081473244147158
grid_11996,0.5898713043478261
grid_11997,0.6175933913043479
grid_11998,0.5603160419790106
grid_11999,0.5369794782608696
grid_12000,0.5535084057971015
grid_12001,0.5592759420289856
grid_12002,0.5757132173913043
grid_12003,0.5725907826086957
grid_12004,0.5769460597826087
grid_12005,0.571120347826087
grid_12006,0.5363057391304348
grid_12007,0.5802975652173914
grid_12008,0.5309678260869566
grid_12009,0.5852920289855074
grid_12010,0.6025678524374176
grid_12011,0.5969071304347826
grid_12012,0.568234927536232
grid_12013,0.5716566956521739
grid_12014,0.5838953043478261
grid_12015,0.5636570434782608
grid_12016,0.5883316341829087
grid_12017,0.5834340869565218
grid_12018,0.5673709565217392
grid_12019,0.5947652173913044
grid_12020,0.5990298550724638
grid_12021,0.5399586086956522
grid_12022,0.6071913043478262
grid_12023,0.5927626086956522
grid_12024,0.5974513043478261
grid_12025,0.6280464347826087
grid_12026,0.5572641739130435
grid_12027,0.585290579710145
grid_12028,0.6179441739130436
grid_12029,0.5673372173913044
grid_12030,0.5716733913043478
grid_12031,0.5723471304347827
grid_12032,0.5927323838080959
grid_12033,0.5734814492753624
grid_12034,0.6038961019490254
grid_12035,0.559964695652174
grid_12036,0.562312347826087
grid_12037,0.6128685507246376
grid_12038,0.6325008695652174
grid_12039,0.5623685217391305
grid_12040,0.5882436521739131
grid_12041,0.6207361739130435
grid_12042,0.6274782608695653
grid_12043,0.6072961739130435
grid_12044,0.5882408695652174
grid_12045,0.5682793043478261
grid_12046,0.5854436521739131
grid_12047,0.5722445217391305
grid_12048,0.6065594782608695
grid_12049,0.6318666086956521
grid_12050,0.5971780869565219
grid_12051,0.6188179130434783
grid_12052,0.6169967793880837
grid_12053,0.6136530434782609
grid_12054,0.5988158260869565
grid_12055,0.6677634782608696
grid_12056,0.6201905797101449
grid_12057,0.6424213913043479
grid_12058,0.6820850241545894
grid_12059,0.6356099130434782
grid_12060,0.7110003105590063
grid_12061,0.5950486956521739
grid_12062,0.562026731078905
grid_12063,0.6785109565217391
grid_12064,0.5939549565217391
grid_12065,0.6336886956521739
grid_12066,0.6008321739130434
grid_12067,0.5545196521739131
grid_12068,0.6261063768115942
grid_12069,0.6213779264214049
grid_12070,0.602692695652174
grid_12071,0.6109550724637681
grid_12072,0.5934962518740631
grid_12073,0.5915427826086957
grid_12074,0.5988031304347827
grid_12075,0.6104365217391304
grid_12076,0.6238095652173914
grid_12077,0.5990772173913045
grid_12078,0.6023944347826087
grid_12079,0.6008204347826088
grid_12080,0.6041918260869565
grid_12081,0.6683140869565218
grid_12082,0.6357037681159422
grid_12083,0.6634064347826087
grid_12084,0.6118937391304349
grid_12085,0.6746770434782609
grid_12086,0.6985553511705687
grid_12087,0.6458602254428342
grid_12088,0.6539830917874396
grid_12089,0.6281145427286356
grid_12090,0.634844347826087
grid_12091,0.5964798260869565
grid_12092,0.5947546086956522
grid_12093,0.6532534782608697
grid_12094,0.7009206956521739
grid_12095,0.6477253913043478
grid_12096,0.6683361739130435
grid_12097,0.6124660869565217
grid_12098,0.5803401739130435
grid_12099,0.6044516521739131
grid_12100,0.570411304347826
grid_12101,0.657686956521739
grid_12102,0.5708102608695652
grid_12103,0.5679067826086956
grid_12104,0.6587180869565218
grid_12105,0.5893730769230769
grid_12106,0.5746737681159421
grid_12107,0.5848737520128826
grid_12108,0.5802001739130435
grid_12109,0.5824168695652174
grid_12110,0.6235584707646177
grid_12111,0.5733013913043479
grid_12112,0.5751949565217391
grid_12113,0.5859682608695652
grid_12114,0.5797482608695652
grid_12115,0.6245500869565217
grid_12116,0.5605133913043479
grid_12117,0.5663057391304348
grid_12118,0.5834330745341616
grid_12119,0.5850850434782608
grid_12120,0.5817503105590063
grid_12121,0.5513000000000001
grid_12122,0.635792
grid_12123,0.5347947826086956
grid_12124,0.49924330434782604
grid_12125,0.6241370434782609
grid_12126,0.5404476811594203
grid_12127,0.5277953623188406
grid_12128,0.5648431884057971
grid_12129,0.5096979130434782
grid_12130,0.5884932173913043
grid_12131,0.5421046956521739
grid_12132,0.5743029565217391
grid_12133,0.5193605475040258
grid_12134,0.49978485757121444
grid_12135,0.5454052173913043
grid_12136,0.5309340869565218
grid_12137,0.5230812173913044
grid_12138,0.5197657391304348
grid_12139,0.42056038647342997
grid_12140,0.5072826086956522
grid_12141,0.5904137391304348
grid_12142,0.5766528532608695
grid_12143,0.622608
grid_12144,0.574861872909699
grid_12145,0.5538502898550725
grid_12146,0.5615097391304348
grid_12147,0.5721104347826088
grid_12148,0.5778681739130436
grid_12149,0.5662131752305666
grid_12150,0.5840328695652174
grid_12151,0.5912191304347826
grid_12152,0.517327304347826
grid_12153,0.518239652173913
grid_12154,0.5141551304347827
grid_12155,0.5126453913043477
grid_12156,0.5166346376811595
grid_12157,0.5013149565217392
grid_12158,0.504395652173913
grid_12159,0.5079184782608696
grid_12160,0.5083606956521739
grid_12161,0.49754798136645967
grid_12162,0.5476274782608695
grid_12163,0.5321406956521739
grid_12164,0.545196695652174
grid_12165,0.4804633333333333
grid_12166,0.5109321739130435
grid_12167,0.4906709565217391
grid_12168,0.5377677661169415
grid_12169,0.509173268921095
grid_12170,0.5148036521739131
grid_12171,0.594024695652174
grid_12172,0.5326219001610307
grid_12173,0.5531126956521739
grid_12174,0.5523080000000001
grid_12175,0.5597526956521739
grid_12176,0.5501013043478262
grid_12177,0.5580284057971014
grid_12178,0.5641365217391304
grid_12179,0.5390631304347826
grid_12180,0.591460419790105
grid_12181,0.4906749565217391
grid_12182,0.5121715942028986
grid_12183,0.5023657391304348
grid_12184,0.4545068965517242
grid_12185,0.4967998260869566
grid_12186,0.5202452173913044
grid_12187,0.49880573913043486
grid_12188,0.520759304347826
grid_12189,0.5525441223832528
grid_12190,0.4872589565217392
grid_12191,0.5733380869565218
grid_12192,0.5694723188405798
grid_12193,0.550868695652174
grid_12194,0.5478372173913044
grid_12195,0.547288347826087
grid_12196,0.523968347826087
grid_12197,0.49872057971014505
grid_12198,0.5075513687600645
grid_12199,0.5389426086956522
grid_12200,0.5511932173913043
grid_12201,0.3666669264069264
grid_12202,0.4146307975911557
grid_12203,0.48576990082262156
grid_12204,0.43783503061993867
grid_12205,0.5029812718983915
grid_12206,0.36223999999999995
grid_12207,0.4831226086956522
grid_12208,0.46881243603963324
grid_12209,0.47376000000000007
grid_12210,0.3996232216799764
grid_12211,0.5442547826086956
grid_12212,0.6334495652173913
grid_12213,0.557028347826087
grid_12214,0.6037640000000001
grid_12215,0.5319255652173913
grid_12216,0.500607391304348
grid_12217,0.5619380434782609
grid_12218,0.6274048494983278
grid_12219,0.5712262608695652
grid_12220,0.5061220869565218
grid_12221,0.5243107246376811
grid_12222,0.4792673043478261
grid_12223,0.5340347826086957
grid_12224,0.466223976284585
grid_12225,0.4744155546454925
grid_12226,0.4599481481481482
grid_12227,0.4821328695652174
grid_12228,0.4410278860569715
grid_12229,0.44897177997441157
grid_12230,0.5552295652173913
grid_12231,0.5862584347826088
grid_12232,0.555392695652174
grid_12233,0.518050579710145
grid_12234,0.5540264347826088
grid_12235,0.5575954782608696
grid_12236,0.5633180354267311
grid_12237,0.5279444927536232
grid_12238,0.5326937391304348
grid_12239,0.49210134932533733
grid_12240,0.5665111304347827
grid_12241,0.5590304347826087
grid_12242,0.5198692431561996
grid_12243,0.5714746626686656
grid_12244,0.5325181964573269
grid_12245,0.5179546086956522
grid_12246,0.4518829565217392
grid_12247,0.5694248695652174
grid_12248,0.5798238260869565
grid_12249,0.4767125776397516
grid_12250,0.5915134782608696
grid_12251,0.3960117725885861
grid_12252,0.4887220289855072
grid_12253,0.5386899130434782
grid_12254,0.408843652173913
grid_12255,0.3955539130434783
grid_12256,0.4088456284584981
grid_12257,0.5752507826086957
grid_12258,0.47785947826086966
grid_12259,0.5695624347826087
grid_12260,0.5204065217391305
grid_12261,0.3642822608695652
grid_12262,0.47724939130434785
grid_12263,0.30300520867385855
grid_12264,0.5693175652173914
grid_12265,0.5397751304347826
grid_12266,0.563376347826087
grid_12267,0.6217533913043478
grid_12268,0.5454388305847077
grid_12269,0.41564892601067893
grid_12270,0.5071321739130434
grid_12271,0.5290012173913045
grid_12272,0.5479071304347827
grid_12273,0.5053615652173913
grid_12274,0.5571359531772575
grid_12275,0.5452594782608696
grid_12276,0.5053260869565218
grid_12277,0.5894252173913044
grid_12278,0.545227536231884
grid_12279,0.5309710144927536
grid_12280,0.4946233043478261
grid_12281,0.5413455716586152
grid_12282,0.5173398339920948
grid_12283,0.6407330434782608
grid_12284,0.5245365296442689
grid_12285,0.6947135652173912
grid_12286,0.308607396946158
grid_12287,0.46912658498023724
grid_12288,0.46844573913043486
grid_12289,0.6473101449275364
grid_12290,0.4258517154150197
grid_12291,0.6453231304347827
grid_12292,0.4730721417069244
grid_12293,0.6929629565217391
grid_12294,0.5896386473429952
grid_12295,0.47808455772113945
grid_12296,0.46572918577075106
grid_12297,0.5664485217391304
grid_12298,0.6147580869565217
grid_12299,0.6275683229813664
grid_12300,0.6540295652173913
grid_12301,0.4937372463768117
grid_12302,0.4572721739130436
grid_12303,0.35697182608695655
grid_12304,0.4732810434782609
grid_12305,0.4770427826086957
grid_12306,0.4798532173913043
grid_12307,0.4252205217391304
grid_12308,0.4657177391304348
grid_12309,0.49027234782608703
grid_12310,0.5050047826086957
grid_12311,0.46179376811594197
grid_12312,0.480244099378882
grid_12313,0.496820347826087
grid_12314,0.4666248447204969
grid_12315,0.4846179130434783
grid_12316,0.49729669565217394
grid_12317,0.4407669565217391
grid_12318,0.4808869565217392
grid_12319,0.4510963768115942
grid_12320,0.48467704347826085
grid_12321,0.48230539130434785
grid_12322,0.480863652173913
grid_12323,0.5002761674718197
grid_12324,0.47689060869565225
grid_12325,0.48051826086956523
grid_12326,0.47284643478260874
grid_12327,0.50307976011994
grid_12328,0.49686800000000003
grid_12329,0.4528998260869565
grid_12330,0.46416086956521746
grid_12331,0.4432314782608696
grid_12332,0.48798626086956526
grid_12333,0.49196746626686666
grid_12334,0.4619745571658615
grid_12335,0.46708695652173915
grid_12336,0.4681479710144929
grid_12337,0.4770514782608696
grid_12338,0.47919736024844717
grid_12339,0.4557972173913044
grid_12340,0.5001553623188406
grid_12341,0.5213234782608697
grid_12342,0.511285043478261
grid_12343,0.4880878260869565
grid_12344,0.4941424347826087
grid_12345,0.5288988727858294
grid_12346,0.4805378421900161
grid_12347,0.4162026086956521
grid_12348,0.5167187826086956
grid_12349,0.48811321739130437
grid_12350,0.5417702093397746
grid_12351,0.5125320000000001
grid_12352,0.5105742028985507
grid_12353,0.4999669565217391
grid_12354,0.46667008695652173
grid_12355,0.45721304347826086
grid_12356,0.5033931884057972
grid_12357,0.4692798136645963
grid_12358,0.5110182608695653
grid_12359,0.48127669565217396
grid_12360,0.49611147826086965
grid_12361,0.6346133913043479
grid_12362,0.656455072463768
grid_12363,0.6618220869565218
grid_12364,0.6726688695652173
grid_12365,0.617204347826087
grid_12366,0.6231196521739131
grid_12367,0.605353668478261
grid_12368,0.5416744147157191
grid_12369,0.6020591304347827
grid_12370,0.5520445217391304
grid_12371,0.5134154782608696
grid_12372,0.44482400000000005
grid_12373,0.46816086956521746
grid_12374,0.47076747826086957
grid_12375,0.5134984347826088
grid_12376,0.4973393043478261
grid_12377,0.5000879710144928
grid_12378,0.4789893913043478
grid_12379,0.4775302608695653
grid_12380,0.46923913043478266
grid_12381,0.5533307346326837
grid_12382,0.5158552334943639
grid_12383,0.5122737681159422
grid_12384,0.4459695652173913
grid_12385,0.5027311304347826
grid_12386,0.5501883152173912
grid_12387,0.511516
grid_12388,0.5171311594202899
grid_12389,0.5177874782608697
grid_12390,0.5023619130434783
grid_12391,0.5901528695652174
grid_12392,0.5381804347826088
grid_12393,0.5814669565217392
grid_12394,0.5656523291925466
grid_12395,0.5435535652173913
grid_12396,0.4801911304347826
grid_12397,0.5957356521739131
grid_12398,0.5243365217391305
grid_12399,0.545763304347826
grid_12400,0.47401043478260874
grid_12401,0.485563138339921
grid_12402,0.4826993164995557
grid_12403,0.6136930434782609
grid_12404,0.3429035269078748
grid_12405,0.5877566956521739
grid_12406,0.3553524649557579
grid_12407,0.4443843873517787
grid_12408,0.525592695652174
grid_12409,0.5755361801242237
grid_12410,0.5624920000000001
grid_12411,0.5706026038416199
grid_12412,0.6008577391304348
grid_12413,0.48594246376811595
grid_12414,0.5599908385093167
grid_12415,0.5290060815477429
grid_12416,0.552338115942029
grid_12417,0.5013744347826087
grid_12418,0.531908
grid_12419,0.5563697391304349
grid_12420,0.48380594202898547
grid_12421,0.5628149565217392
grid_12422,0.45449391304347836
grid_12423,0.5204652173913042
grid_12424,0.5466278260869566
grid_12425,0.48759385307346337
grid_12426,0.4672314782608696
grid_12427,0.5253036231884058
grid_12428,0.5251099130434783
grid_12429,0.5421361739130435
grid_12430,0.43691530434782605
grid_12431,0.5937995423340962
grid_12432,0.5841952923254282
grid_12433,0.5465836060200668
grid_12434,0.6108481199719134
grid_12435,0.4485885217391305
grid_12436,0.5846630353992139
grid_12437,0.5433751033505804
grid_12438,0.4136565217391304
grid_12439,0.5786160299422799
grid_12440,0.5568341591902463
grid_12441,0.5108853623188406
grid_12442,0.40711200000000014
grid_12443,0.4334104347826087
grid_12444,0.46857860869565215
grid_12445,0.5273412173913044
grid_12446,0.5106776397515528
grid_12447,0.5231248695652174
grid_12448,0.5195100869565217
grid_12449,0.5227434782608696
grid_12450,0.37633182608695653
grid_12451,0.5487697391304348
grid_12452,0.5291944347826087
grid_12453,0.5431328695652174
grid_12454,0.4765356521739132
grid_12455,0.5507102608695652
grid_12456,0.48309234782608695
grid_12457,0.5076619190404797
grid_12458,0.45959095652173915
grid_12459,0.4987248695652174
grid_12460,0.5395553043478262
grid_12461,0.5091398550724638
grid_12462,0.4914333913043479
grid_12463,0.36212840579710137
grid_12464,0.5005404029304029
grid_12465,0.5034037983091788
grid_12466,0.46541555183946487
grid_12467,0.48484086956521744
grid_12468,0.44304449275362323
grid_12469,0.3660733110119047
grid_12470,0.4946979455327281
grid_12471,0.5297590982286634
grid_12472,0.5446304347826088
grid_12473,0.5598906086956522
grid_12474,0.5161026086956522
grid_12475,0.5191993043478261
grid_12476,0.5294594782608696
grid_12477,0.5252245217391305
grid_12478,0.5041546086956522
grid_12479,0.5038191304347827
grid_12480,0.5195245217391306
grid_12481,0.4619624347826087
grid_12482,0.44252927202226117
grid_12483,0.5061219130434783
grid_12484,0.501948347826087
grid_12485,0.5113374581939799
grid_12486,0.37962997076023397
grid_12487,0.4864125401403707
grid_12488,0.49568507246376814
grid_12489,0.4747766956521739
grid_12490,0.5241063490181317
grid_12491,0.5280879710144929
grid_12492,0.5345657391304348
grid_12493,0.5131513043478262
grid_12494,0.5251956521739131
grid_12495,0.5010831304347827
grid_12496,0.5414979710144928
grid_12497,0.5071283478260871
grid_12498,0.5017535652173913
grid_12499,0.5296965217391305
grid_12500,0.5207309565217391
grid_12501,0.5161900161030596
grid_12502,0.4586248695652174
grid_12503,0.4952314782608696
grid_12504,0.454311544227886
grid_12505,0.4528633043478261
grid_12506,0.4176486956521739
grid_12507,0.46554869565217394
grid_12508,0.5054373913043478
grid_12509,0.48602191304347836
grid_12510,0.4381393043478261
grid_12511,0.5043932173913044
grid_12512,0.5202908967391304
grid_12513,0.4954046698872785
grid_12514,0.5373535652173913
grid_12515,0.4997493253373313
grid_12516,0.5467973913043478
grid_12517,0.5381413913043479
grid_12518,0.5344316521739131
grid_12519,0.508649420289855
grid_12520,0.5059173913043479
grid_12521,0.5167872463768116
grid_12522,0.49671408695652175
grid_12523,0.5327565217391306
grid_12524,0.5135222222222222
grid_12525,0.48967113043478266
grid_12526,0.5101292173913043
grid_12527,0.4963051242236025
grid_12528,0.48019930434782615
grid_12529,0.49390927536231893
grid_12530,0.5027817391304349
grid_12531,0.4309060869565217
grid_12532,0.4672417391304349
grid_12533,0.5058775652173914
grid_12534,0.5010434782608697
grid_12535,0.6527013043478262
grid_12536,0.48343217391304344
grid_12537,0.5502241739130435
grid_12538,0.45079448160535124
grid_12539,0.5208361739130435
grid_12540,0.5109953043478261
grid_12541,0.5110950310559007
grid_12542,0.5044066086956522
grid_12543,0.47564013377926434
grid_12544,0.511747491638796
grid_12545,0.4702728985507247
grid_12546,0.507813043478261
grid_12547,0.5006128985507245
grid_12548,0.504828347826087
grid_12549,0.4774276521739131
grid_12550,0.47803043478260876
grid_12551,0.49453318840579713
grid_12552,0.5235775652173913
grid_12553,0.5252450434782608
grid_12554,0.536768
grid_12555,0.490121578099839
grid_12556,0.5125846376811595
grid_12557,0.5232594782608696
grid_12558,0.5057027826086957
grid_12559,0.4919635451505017
grid_12560,0.49646799999999996
grid_12561,0.41632504347826094
grid_12562,0.4533013913043478
grid_12563,0.5192266666666667
grid_12564,0.4805126086956522
grid_12565,0.4957067826086957
grid_12566,0.4797855652173913
grid_12567,0.40562086956521737
grid_12568,0.49237704347826095
grid_12569,0.3562471304347827
grid_12570,0.49289130434782613
grid_12571,0.5094978260869565
grid_12572,0.46838956521739133
grid_12573,0.45744898550724644
grid_12574,0.4325497584541064
grid_12575,0.4959415652173913
grid_12576,0.49556799999999995
grid_12577,0.5017545031055901
grid_12578,0.5048873043478261
grid_12579,0.42726489533011275
grid_12580,0.4792086956521739
grid_12581,0.5579684380032206
grid_12582,0.5285016491754123
grid_12583,0.49446556521739127
grid_12584,0.46379194847020944
grid_12585,0.5623041739130435
grid_12586,0.42686730434782605
grid_12587,0.5066023188405797
grid_12588,0.4754918260869565
grid_12589,0.49375669565217384
grid_12590,0.5084762422360248
grid_12591,0.47408382608695654
grid_12592,0.5031060869565218
grid_12593,0.5331168695652174
grid_12594,0.5033464347826087
grid_12595,0.4853414492753623
grid_12596,0.5087153846153847
grid_12597,0.5090434782608696
grid_12598,0.47893739130434787
grid_12599,0.5947161739130435
grid_12600,0.4881612173913043
grid_12601,0.5263975652173913
grid_12602,0.4931161739130435
grid_12603,0.5299965217391304
grid_12604,0.4356283478260869
grid_12605,0.5393362318840581
grid_12606,0.4929057971014493
grid_12607,0.5016062608695653
grid_12608,0.5592596989966556
grid_12609,0.5276549275362319
grid_12610,0.5611565217391304
grid_12611,0.4845085217391305
grid_12612,0.4599343167701864
grid_12613,0.49582278260869567
grid_12614,0.516876011994003
grid_12615,0.5160577391304347
grid_12616,0.5049338164251208
grid_12617,0.49837971014492766
grid_12618,0.47237105978260874
grid_12619,0.5006659130434783
grid_12620,0.48263383152173917
grid_12621,0.49047710144927537
grid_12622,0.5421973913043479
grid_12623,0.4972742608695652
grid_12624,0.4928989565217392
grid_12625,0.4603827826086957
grid_12626,0.4670109565217392
grid_12627,0.458140579710145
grid_12628,0.4433288405797101
grid_12629,0.5087452173913044
grid_12630,0.5403182608695652
grid_12631,0.5064521739130435
grid_12632,0.47556991304347834
grid_12633,0.5143132173913044
grid_12634,0.5111714782608696
grid_12635,0.5069605217391304
grid_12636,0.5043702608695653
grid_12637,0.5186379710144927
grid_12638,0.48737256371814086
grid_12639,0.5087088695652174
grid_12640,0.5274702608695653
grid_12641,0.5208054347826087
grid_12642,0.5039662608695652
grid_12643,0.45119165217391305
grid_12644,0.5368570434782609
grid_12645,0.5154725217391305
grid_12646,0.5203921195652174
grid_12647,0.5174916521739131
grid_12648,0.5552024347826088
grid_12649,0.5103502608695653
grid_12650,0.5379579130434783
grid_12651,0.5194184347826087
grid_12652,0.5185653913043479
grid_12653,0.501787556221889
grid_12654,0.492356347826087
grid_12655,0.5093029565217392
grid_12656,0.4862296296296297
grid_12657,0.48780161030595814
grid_12658,0.49944927536231887
grid_12659,0.49397269565217394
grid_12660,0.5172888695652174
grid_12661,0.4298234782608696
grid_12662,0.46947426086956523
grid_12663,0.48925252173913053
grid_12664,0.4624488695652174
grid_12665,0.46618507246376806
grid_12666,0.4927416791604198
grid_12667,0.5426753043478262
grid_12668,0.5219860869565218
grid_12669,0.5057812173913043
grid_12670,0.49641060869565223
grid_12671,0.5127420289855072
grid_12672,0.5223276521739131
grid_12673,0.48442104347826087
grid_12674,0.5396732173913044
grid_12675,0.4697288695652174
grid_12676,0.5038582930756844
grid_12677,0.5211918060200669
grid_12678,0.5582854137447406
grid_12679,0.48276086956521735
grid_12680,0.5250473043478262
grid_12681,0.4847993043478261
grid_12682,0.4684626086956521
grid_12683,0.4366451505016722
grid_12684,0.5009071014492754
grid_12685,0.5429389565217392
grid_12686,0.5153186086956523
grid_12687,0.40810420289855076
grid_12688,0.5467893913043479
grid_12689,0.49604800000000004
grid_12690,0.4820544927536232
grid_12691,0.4813433043478261
grid_12692,0.5112897391304349
grid_12693,0.5143881739130435
grid_12694,0.513284347826087
grid_12695,0.5106256038647343
grid_12696,0.49336469565217395
grid_12697,0.46313729096989964
grid_12698,0.5041045217391305
grid_12699,0.4934227826086957
grid_12700,0.5081162640901772
grid_12701,0.5135760869565218
grid_12702,0.5527816355315166
grid_12703,0.47950331118849954
grid_12704,0.42531964285714285
grid_12705,0.5191594782608696
grid_12706,0.5171575652173914
grid_12707,0.5649776021080369
grid_12708,0.5067466086956522
grid_12709,0.49910208695652175
grid_12710,0.5178363768115942
grid_12711,0.5079843478260869
grid_12712,0.5166995169082126
grid_12713,0.48816104347826084
grid_12714,0.5316365217391305
grid_12715,0.4803942608695653
grid_12716,0.5239299850074963
grid_12717,0.5167645217391305
grid_12718,0.5609716521739131
grid_12719,0.48805408695652175
grid_12720,0.4856907826086957
grid_12721,0.43582443956405914
grid_12722,0.5303553043478262
grid_12723,0.5043655652173914
grid_12724,0.5482779130434783
grid_12725,0.5314751304347827
grid_12726,0.2823914088628763
grid_12727,0.5607095108695652
grid_12728,0.5096358426501035
grid_12729,0.5690749163879599
grid_12730,0.519907796101949
grid_12731,0.5285092173913043
grid_12732,0.5313239130434783
grid_12733,0.5650817391304347
grid_12734,0.5462700869565218
grid_12735,0.5319320000000001
grid_12736,0.5121114331723027
grid_12737,0.5177733333333333
grid_12738,0.5060857391304349
grid_12739,0.5164012173913044
grid_12740,0.5289627826086957
grid_12741,0.5137214170692432
grid_12742,0.49478800000000006
grid_12743,0.5815497391304348
grid_12744,0.5064030434782609
grid_12745,0.5408292173913044
grid_12746,0.5273546997929607
grid_12747,0.40734297881857956
grid_12748,0.5064297658862876
grid_12749,0.5326300869565217
grid_12750,0.5058845217391305
grid_12751,0.4599494708994709
grid_12752,0.35846622802197803
grid_12753,0.4743287081960913
grid_12754,0.37117696356275304
grid_12755,0.518791883763262
grid_12756,0.4479661216169674
grid_12757,0.4976820263975155
grid_12758,0.538099304347826
grid_12759,0.5231259562938969
grid_12760,0.5216537832327856
grid_12761,0.5021204508856684
grid_12762,0.47433508245877065
grid_12763,0.47577113043478264
grid_12764,0.5041476521739131
grid_12765,0.5249740579710145
grid_12766,0.48969356521739127
grid_12767,0.5260137391304348
grid_12768,0.4835104347826087
grid_12769,0.5214950724637681
grid_12770,0.5167549565217392
grid_12771,0.5031351968965012
grid_12772,0.47900052173913044
grid_12773,0.5230975652173914
grid_12774,0.5138071304347827
grid_12775,0.47688438003220623
grid_12776,0.5100827826086957
grid_12777,0.5225231304347826
grid_12778,0.5121408695652174
grid_12779,0.48890556521739126
grid_12780,0.5167182608695652
grid_12781,0.4917551304347827
grid_12782,0.5178462608695652
grid_12783,0.5372742608695653
grid_12784,0.4989410628019324
grid_12785,0.49203530434782605
grid_12786,0.5466337792642142
grid_12787,0.4983489533011272
grid_12788,0.4928335832083958
grid_12789,0.5250833333333335
grid_12790,0.49783095652173914
grid_12791,0.4715480000000001
grid_12792,0.5270488695652173
grid_12793,0.4929031304347826
grid_12794,0.5400824347826088
grid_12795,0.508695652173913
grid_12796,0.49917339130434785
grid_12797,0.5455490434782609
grid_12798,0.514224587706147
grid_12799,0.4998048309178744
grid_12800,0.5073994782608695
grid_12801,0.4742751304347826
grid_12802,0.5273950724637682
grid_12803,0.5851198260869566
grid_12804,0.5425259259259259
grid_12805,0.48478765217391306
grid_12806,0.47999182608695656
grid_12807,0.45695686956521747
grid_12808,0.4721733913043478
grid_12809,0.4965579130434783
grid_12810,0.5019556521739131
grid_12811,0.5046499130434783
grid_12812,0.49443215810276686
grid_12813,0.4874763118440781
grid_12814,0.47800232919254665
grid_12815,0.493320347826087
grid_12816,0.5155593043478262
grid_12817,0.5122933913043478
grid_12818,0.5161518260869566
grid_12819,0.4844017391304348
grid_12820,0.5125173913043478
grid_12821,0.5069012173913043
grid_12822,0.4902163478260869
grid_12823,0.46508005997001506
grid_12824,0.47213075684380035
grid_12825,0.5626542608695653
grid_12826,0.5423311304347826
grid_12827,0.5159165217391305
grid_12828,0.5447359098228663
grid_12829,0.4525250434782609
grid_12830,0.5433553043478262
grid_12831,0.49711614906832297
grid_12832,0.49370188405797094
grid_12833,0.46026852173913047
grid_12834,0.4912619967793881
grid_12835,0.45328626086956525
grid_12836,0.465081884057971
grid_12837,0.5119088695652174
grid_12838,0.49386382608695656
grid_12839,0.5272157421289355
grid_12840,0.5057685618729097
grid_12841,0.49103687600644125
grid_12842,0.5170693913043478
grid_12843,0.5242080000000001
grid_12844,0.5123652173913045
grid_12845,0.5220313043478262
grid_12846,0.47142800000000007
grid_12847,0.49631721739130436
grid_12848,0.48947069243156205
grid_12849,0.5363834782608696
grid_12850,0.5212049475262369
grid_12851,0.46697860869565216
grid_12852,0.5112260869565217
grid_12853,0.4671285507246378
grid_12854,0.46648
grid_12855,0.4531147826086957
grid_12856,0.4795073043478261
grid_12857,0.4990775652173914
grid_12858,0.46129405797101447
grid_12859,0.5148073043478261
grid_12860,0.46242323838080956
grid_12861,0.536204927536232
grid_12862,0.5119798260869566
grid_12863,0.5238259197324415
grid_12864,0.47865990338164255
grid_12865,0.4389007246376812
grid_12866,0.5026829192546584
grid_12867,0.5320605217391305
grid_12868,0.495380347826087
grid_12869,0.5210149275362318
grid_12870,0.509868
grid_12871,0.4645485217391305
grid_12872,0.5191085217391305
grid_12873,0.5131478260869565
grid_12874,0.4942382608695653
grid_12875,0.47767742474916397
grid_12876,0.5312335652173913
grid_12877,0.5590711304347827
grid_12878,0.5223619130434782
grid_12879,0.5262594202898552
grid_12880,0.5377504347826089
grid_12881,0.4744893913043478
grid_12882,0.4719829565217391
grid_12883,0.45064879227053145
grid_12884,0.4675984347826087
grid_12885,0.4209739130434783
grid_12886,0.5245793043478261
grid_12887,0.5353942608695652
grid_12888,0.5140412173913043
grid_12889,0.4459810434782609
grid_12890,0.43149286956521743
grid_12891,0.523020347826087
grid_12892,0.47997843478260876
grid_12893,0.518856
grid_12894,0.539911652173913
grid_12895,0.4786561739130435
grid_12896,0.49118869565217405
grid_12897,0.5164803478260871
grid_12898,0.5395095652173915
grid_12899,0.4798802795031056
grid_12900,0.5295656832298137
grid_12901,0.5088128695652174
grid_12902,0.4916166666666666
grid_12903,0.5246749565217391
grid_12904,0.5309539130434782
grid_12905,0.4910610434782609
grid_12906,0.5034753043478262
grid_12907,0.5117640579710145
grid_12908,0.4945673913043478
grid_12909,0.5107739130434782
grid_12910,0.48565202898550736
grid_12911,0.5398502608695652
grid_12912,0.524476347826087
grid_12913,0.5105756521739131
grid_12914,0.5045412173913044
grid_12915,0.5102148425787106
grid_12916,0.4963743961352656
grid_12917,0.5048593043478262
grid_12918,0.5259095652173913
grid_12919,0.5470864347826087
grid_12920,0.4758820869565217
grid_12921,0.4734055652173914
grid_12922,0.41615079365079366
grid_12923,0.5624244241515606
grid_12924,0.5115615033293498
grid_12925,0.5073085217391304
grid_12926,0.6191151895553723
grid_12927,0.5687506389986825
grid_12928,0.4874561973495612
grid_12929,0.43455168972109764
grid_12930,0.4262798260869565
grid_12931,0.5400584347826087
grid_12932,0.5147721417069243
grid_12933,0.5349885217391305
grid_12934,0.522296347826087
grid_12935,0.5432354782608697
grid_12936,0.44453721739130436
grid_12937,0.4866158260869565
grid_12938,0.49712811594202905
grid_12939,0.5476679999999999
grid_12940,0.5246389694041869
grid_12941,0.5211231884057971
grid_12942,0.48995773913043483
grid_12943,0.4735743206521739
grid_12944,0.503663652173913
grid_12945,0.5053737391304348
grid_12946,0.5028116521739131
grid_12947,0.49808904347826094
grid_12948,0.5274880000000001
grid_12949,0.5284873043478261
grid_12950,0.5005133433283359
grid_12951,0.5408733913043479
grid_12952,0.47659967793880836
grid_12953,0.5593267826086957
grid_12954,0.5504586086956522
grid_12955,0.49783192934782616
grid_12956,0.5060495652173913
grid_12957,0.5086455772113944
grid_12958,0.4698624347826087
grid_12959,0.5380036521739131
grid_12960,0.477179304347826
grid_12961,0.4299984347826087
grid_12962,0.46707773913043477
grid_12963,0.4719112015810277
grid_12964,0.45460292891319204
grid_12965,0.3764092358366271
grid_12966,0.48747397067570114
grid_12967,0.49604496109839813
grid_12968,0.38854313043478256
grid_12969,0.36045460869565216
grid_12970,0.35710671372106156
grid_12971,0.4679594782608696
grid_12972,0.5604182608695655
grid_12973,0.5142168695652175
grid_12974,0.5075187826086957
grid_12975,0.5187215652173913
grid_12976,0.5962255652173915
grid_12977,0.49251399456521733
grid_12978,0.5056363478260869
grid_12979,0.5120772173913043
grid_12980,0.49674000000000007
grid_12981,0.4787943346508564
grid_12982,0.5049346215780999
grid_12983,0.5014989565217391
grid_12984,0.5192706086956522
grid_12985,0.5152499130434783
grid_12986,0.5513759420289854
grid_12987,0.536428
grid_12988,0.501464347826087
grid_12989,0.4989356521739131
grid_12990,0.4904148829431438
grid_12991,0.49135818219461697
grid_12992,0.44206591304347825
grid_12993,0.3482888888888889
grid_12994,0.41289784432106685
grid_12995,0.48178227667984186
grid_12996,0.27061730769230774
grid_12997,0.27353403298350826
grid_12998,0.44857521739130435
grid_12999,0.39093884700929815
grid_13000,0.411372
grid_13001,0.5040218840579711
grid_13002,0.4839601683029453
grid_13003,0.4916935652173913
grid_13004,0.4612502608695652
grid_13005,0.5001695652173913
grid_13006,0.49892069565217395
grid_13007,0.4755891304347826
grid_13008,0.4857467826086957
grid_13009,0.5107095008051529
grid_13010,0.5299970434782609
grid_13011,0.3899902608695653
grid_13012,0.5161714782608695
grid_13013,0.48951832037527687
grid_13014,0.3986900869565217
grid_13015,0.29535527777777776
grid_13016,0.4804189565217392
grid_13017,0.35009608695652167
grid_13018,0.5618833043478262
grid_13019,0.27991282850241544
grid_13020,0.45198462111801246
grid_13021,0.5064307246376811
grid_13022,0.4836504025764896
grid_13023,0.5063238260869565
grid_13024,0.5136958260869565
grid_13025,0.5211982608695652
grid_13026,0.5212547826086956
grid_13027,0.5202808695652175
grid_13028,0.5664289855072464
grid_13029,0.5397092173913044
grid_13030,0.5046947526236882
grid_13031,0.5030222608695653
grid_13032,0.5024495652173913
grid_13033,0.5232415652173913
grid_13034,0.4893890434782609
grid_13035,0.48035188405797097
grid_13036,0.5068923913043478
grid_13037,0.5488852173913044
grid_13038,0.5732810434782608
grid_13039,0.49863965217391304
grid_13040,0.5567377391304349
grid_13041,0.5196469565217392
grid_13042,0.555365539452496
grid_13043,0.5000135652173914
grid_13044,0.4661107890499195
grid_13045,0.4829653913043479
grid_13046,0.5038290854572713
grid_13047,0.49470347826086963
grid_13048,0.4505493913043479
grid_13049,0.5063059130434782
grid_13050,0.59106
grid_13051,0.5083677938808374
grid_13052,0.5230678260869566
grid_13053,0.515291652173913
grid_13054,0.5458072463768118
grid_13055,0.5733412173913045
grid_13056,0.5276532173913044
grid_13057,0.5179760869565218
grid_13058,0.5096394524959743
grid_13059,0.5939485217391305
grid_13060,0.5247081739130435
grid_13061,0.3675139993325705
grid_13062,0.4335953043478261
grid_13063,0.5005516521739131
grid_13064,0.4921546822742477
grid_13065,0.422980265010352
grid_13066,0.40067608695652174
grid_13067,0.3939795986622073
grid_13068,0.45550260869565223
grid_13069,0.5408596521739131
grid_13070,0.293212
grid_13071,0.5059011594202899
grid_13072,0.48746247987117547
grid_13073,0.46438434782608695
grid_13074,0.6138305797101449
grid_13075,0.49558834782608696
grid_13076,0.5067739130434783
grid_13077,0.5065504347826087
grid_13078,0.4743274782608697
grid_13079,0.5271591304347826
grid_13080,0.6013848695652174
grid_13081,0.26978877314814814
grid_13082,0.47747373913043484
grid_13083,0.2360993992094862
grid_13084,0.49309840579710146
grid_13085,0.34818422818893585
grid_13086,0.49820536231884055
grid_13087,0.47069582608695654
grid_13088,0.23448486956521739
grid_13089,0.30843426086956527
grid_13090,0.4640481739130435
grid_13091,0.5448959742351046
grid_13092,0.5079255652173914
grid_13093,0.5138427826086958
grid_13094,0.506192347826087
grid_13095,0.5607823188405797
grid_13096,0.4892052173913044
grid_13097,0.5023092173913044
grid_13098,0.4942433283358321
grid_13099,0.49694412238325286
grid_13100,0.5382347826086956
grid_13101,0.5210395652173914
grid_13102,0.5344794782608697
grid_13103,0.4847612903225807
grid_13104,0.49358313043478264
grid_13105,0.49182623188405805
grid_13106,0.5105424347826087
grid_13107,0.5067753623188407
grid_13108,0.5523680000000001
grid_13109,0.489640625
grid_13110,0.5116965217391304
grid_13111,0.4688134782608696
grid_13112,0.5572629565217392
grid_13113,0.5095366956521739
grid_13114,0.4656429565217392
grid_13115,0.3926982608695653
grid_13116,0.4773433043478261
grid_13117,0.4778715942028986
grid_13118,0.503101391304348
grid_13119,0.4752830745341615
grid_13120,0.48993078260869566
grid_13121,0.48191234782608694
grid_13122,0.527794847020934
grid_13123,0.478145652173913
grid_13124,0.49214217391304355
grid_13125,0.5070205217391304
grid_13126,0.5662197101449276
grid_13127,0.5844695652173914
grid_13128,0.5414019762845851
grid_13129,0.4773645962732919
grid_13130,0.5012009661835749
grid_13131,0.5205253913043478
grid_13132,0.4735911304347826
grid_13133,0.4677787267080746
grid_13134,0.4777794782608696
grid_13135,0.48041144927536233
grid_13136,0.48828765217391307
grid_13137,0.4662224347826088
grid_13138,0.4643707826086957
grid_13139,0.424163652173913
grid_13140,0.45735289855072464
grid_13141,0.487941884057971
grid_13142,0.5363039999999999
grid_13143,0.5273747826086956
grid_13144,0.5183874782608696
grid_13145,0.5794626086956522
grid_13146,0.668368347826087
grid_13147,0.6517608695652174
grid_13148,0.5582108695652175
grid_13149,0.5199640579710145
grid_13150,0.5330613354037267
grid_13151,0.5321829085457271
grid_13152,0.57777
grid_13153,0.4948919484702094
grid_13154,0.49947115942028986
grid_13155,0.5739948960302458
grid_13156,0.4816966956521739
grid_13157,0.6403304347826088
grid_13158,0.481375845410628
grid_13159,0.5182178260869564
grid_13160,0.501001391304348
grid_13161,0.541786801242236
grid_13162,0.5505372173913043
grid_13163,0.5939970434782609
grid_13164,0.5751071304347826
grid_13165,0.5256398550724638
grid_13166,0.5211939130434783
grid_13167,0.5231606956521739
grid_13168,0.5410527536231886
grid_13169,0.539145043478261
grid_13170,0.5655753043478261
grid_13171,0.5012405217391305
grid_13172,0.49324643478260877
grid_13173,0.4587282608695652
grid_13174,0.4727827826086957
grid_13175,0.4474492173913044
grid_13176,0.5005499130434783
grid_13177,0.48888819875776407
grid_13178,0.4874495974235105
grid_13179,0.5242751304347827
grid_13180,0.4644532608695653
grid_13181,0.511648695652174
grid_13182,0.5255514782608696
grid_13183,0.4652441739130435
grid_13184,0.5412885217391304
grid_13185,0.488362463768116
grid_13186,0.5160008695652174
grid_13187,0.49852111801242244
grid_13188,0.5657604037267081
grid_13189,0.48202591304347825
grid_13190,0.498880998389694
grid_13191,0.5763971014492753
grid_13192,0.5409583850931676
grid_13193,0.49003843478260867
grid_13194,0.6807712560386474
grid_13195,0.48754452173913054
grid_13196,0.6038527950310558
grid_13197,0.48421634782608697
grid_13198,0.49397547826086957
grid_13199,0.6044223602484473
grid_13200,0.5365565217391305
grid_13201,0.5813403478260871
grid_13202,0.6137401449275363
grid_13203,0.553744
grid_13204,0.5653852173913044
grid_13205,0.5808892173913044
grid_13206,0.5734394782608696
grid_13207,0.5863457391304349
grid_13208,0.5814643478260869
grid_13209,0.5552612173913043
grid_13210,0.5967867826086957
grid_13211,0.5810027826086958
grid_13212,0.5546458937198068
grid_13213,0.5661683478260869
grid_13214,0.5818979130434783
grid_13215,0.5485307453416148
grid_13216,0.5477427826086957
grid_13217,0.5682639291465379
grid_13218,0.5836789565217392
grid_13219,0.5569816053511706
grid_13220,0.5576678260869565
grid_13221,0.6177441739130435
grid_13222,0.5964667826086957
grid_13223,0.6213156521739133
grid_13224,0.5749010494752624
grid_13225,0.6218368695652174
grid_13226,0.6005083478260871
grid_13227,0.5923213913043479
grid_13228,0.5600697101449277
grid_13229,0.6058400966183576
grid_13230,0.6337683478260869
grid_13231,0.5631695652173914
grid_13232,0.551966811594203
grid_13233,0.5745461769115443
grid_13234,0.55988
grid_13235,0.5681481739130434
grid_13236,0.5776793043478262
grid_13237,0.5656123993558777
grid_13238,0.582315652173913
grid_13239,0.5755582608695653
grid_13240,0.5656486956521739
grid_13241,0.5584732173913044
grid_13242,0.5681193043478262
grid_13243,0.5899182608695653
grid_13244,0.5656342028985507
grid_13245,0.5765509565217392
grid_13246,0.548408347826087
grid_13247,0.576515304347826
grid_13248,0.5433224637681159
grid_13249,0.5436471304347826
grid_13250,0.5463775652173912
grid_13251,0.5698187888198759
grid_13252,0.5641320000000001
grid_13253,0.5708170434782608
grid_13254,0.5440549565217392
grid_13255,0.5754272141706925
grid_13256,0.5775502103786815
grid_13257,0.5726081739130435
grid_13258,0.5381930434782609
grid_13259,0.5545142608695653
grid_13260,0.5943252717391305
grid_13261,0.5940848695652174
grid_13262,0.6104339130434783
grid_13263,0.621119652173913
grid_13264,0.6083556521739131
grid_13265,0.6191099999999998
grid_13266,0.6020921404682273
grid_13267,0.6007706086956521
grid_13268,0.6049528695652174
grid_13269,0.6064499130434783
grid_13270,0.611923304347826
grid_13271,0.6056808695652175
grid_13272,0.5867772173913043
grid_13273,0.6058604347826084
grid_13274,0.6437368695652175
grid_13275,0.583115652173913
grid_13276,0.5405855652173913
grid_13277,0.6480977391304349
grid_13278,0.5940429565217391
grid_13279,0.6322321739130435
grid_13280,0.6520202341137125
grid_13281,0.5337427286356822
grid_13282,0.5385334943639293
grid_13283,0.5250074782608695
grid_13284,0.5478959420289855
grid_13285,0.5386368695652174
grid_13286,0.5537801739130436
grid_13287,0.5256382608695652
grid_13288,0.5397020869565218
grid_13289,0.526176347826087
grid_13290,0.5414482608695652
grid_13291,0.562096347826087
grid_13292,0.5562575652173912
grid_13293,0.5292490434782608
grid_13294,0.5544752305665349
grid_13295,0.5258620869565217
grid_13296,0.5586817391304348
grid_13297,0.5446315217391303
grid_13298,0.5429579130434782
grid_13299,0.5635929765886287
grid_13300,0.5699196521739129
grid_13301,0.5902076521739131
grid_13302,0.5797062608695652
grid_13303,0.5945584057971014
grid_13304,0.5754428341384864
grid_13305,0.5596304347826088
grid_13306,0.5675568695652174
grid_13307,0.6078671304347826
grid_13308,0.6076542608695652
grid_13309,0.5703365217391305
grid_13310,0.55975884057971
grid_13311,0.6628631884057969
grid_13312,0.6661060559006211
grid_13313,0.6580252173913044
grid_13314,0.6557130434782609
grid_13315,0.6322688858695653
grid_13316,0.5965848695652174
grid_13317,0.6500871175523351
grid_13318,0.6014452173913044
grid_13319,0.6267050434782608
grid_13320,0.6390815652173913
grid_13321,0.593932347826087
grid_13322,0.5947973913043479
grid_13323,0.5936116521739131
grid_13324,0.6766852173913044
grid_13325,0.6335088405797102
grid_13326,0.6471544347826088
grid_13327,0.6751382608695651
grid_13328,0.602844
grid_13329,0.6866921739130433
grid_13330,0.6909493913043478
grid_13331,0.5824862608695652
grid_13332,0.5384972173913044
grid_13333,0.6246154589371982
grid_13334,0.6054376311844079
grid_13335,0.5895860869565217
grid_13336,0.5547587826086956
grid_13337,0.589276347826087
grid_13338,0.644693768115942
grid_13339,0.5536467826086957
grid_13340,0.5630240579710145
grid_13341,0.6095991304347826
grid_13342,0.6394394782608697
grid_13343,0.5651794782608696
grid_13344,0.6295271014492754
grid_13345,0.5558913043478261
grid_13346,0.5579936231884057
grid_13347,0.559004
grid_13348,0.5569158260869564
grid_13349,0.6493633043478262
grid_13350,0.514889391304348
grid_13351,0.6368718260869566
grid_13352,0.6602055652173914
grid_13353,0.6489920807453416
grid_13354,0.6004200000000001
grid_13355,0.731379304347826
grid_13356,0.7244228260869565
grid_13357,0.6032638260869566
grid_13358,0.6477074782608696
grid_13359,0.6242067826086957
grid_13360,0.6908837681159422
grid_13361,0.6191731884057973
grid_13362,0.5996180869565217
grid_13363,0.6297349378881988
grid_13364,0.6332144347826086
grid_13365,0.6014747826086958
grid_13366,0.5963751552795031
grid_13367,0.6256244927536232
grid_13368,0.6362726956521739
grid_13369,0.6368400000000001
grid_13370,0.5838513043478261
grid_13371,0.5666866086956522
grid_13372,0.6187865217391305
grid_13373,0.5593227886056971
grid_13374,0.5449550724637681
grid_13375,0.5762565217391304
grid_13376,0.6074384347826087
grid_13377,0.545620695652174
grid_13378,0.5655215652173913
grid_13379,0.5671029565217391
grid_13380,0.5694608695652174
grid_13381,0.6042787826086956
grid_13382,0.6975681739130435
grid_13383,0.738160347826087
grid_13384,0.6469079999999999
grid_13385,0.7303869565217391
grid_13386,0.7094045217391303
grid_13387,0.6683041739130435
grid_13388,0.6796191304347826
grid_13389,0.6397502608695652
grid_13390,0.6544702608695653
grid_13391,0.5644326086956523
grid_13392,0.6179536231884059
grid_13393,0.5896553945249597
grid_13394,0.6256780869565218
grid_13395,0.5985631304347827
grid_13396,0.5638111801242237
grid_13397,0.5668573913043479
grid_13398,0.617312463768116
grid_13399,0.6336993043478261
grid_13400,0.5897351304347827
grid_13401,0.5513521739130436
grid_13402,0.5735815652173913
grid_13403,0.5551692173913043
grid_13404,0.5581504347826087
grid_13405,0.5530685618729096
grid_13406,0.5278791304347826
grid_13407,0.5641638260869565
grid_13408,0.57762
grid_13409,0.5516595813204509
grid_13410,0.5624600000000001
grid_13411,0.46815410628019327
grid_13412,0.5140492173913043
grid_13413,0.5100262608695653
grid_13414,0.43447130434782616
grid_13415,0.5123367149758453
grid_13416,0.4738205217391305
grid_13417,0.4614086956521739
grid_13418,0.5043933913043478
grid_13419,0.49130521739130445
grid_13420,0.5236770434782609
grid_13421,0.5548960869565217
grid_13422,0.5716206956521739
grid_13423,0.5683751304347826
grid_13424,0.4984085457271365
grid_13425,0.5206692753623188
grid_13426,0.5120250000000001
grid_13427,0.5297307826086957
grid_13428,0.5422076521739131
grid_13429,0.5195321739130435
grid_13430,0.5496385093167702
grid_13431,0.5595419130434783
grid_13432,0.5665026086956523
grid_13433,0.56244
grid_13434,0.5621366666666668
grid_13435,0.5460802675585286
grid_13436,0.5601544347826087
grid_13437,0.547333043478261
grid_13438,0.5909958260869566
grid_13439,0.5818306086956522
grid_13440,0.5908920000000001
grid_13441,0.5551351304347826
grid_13442,0.5709198550724639
grid_13443,0.5293262422360249
grid_13444,0.5535473043478261
grid_13445,0.5637768695652174
grid_13446,0.5725187406296852
grid_13447,0.5784853913043478
grid_13448,0.5525525217391304
grid_13449,0.5796372173913045
grid_13450,0.5656243156199678
grid_13451,0.536659304347826
grid_13452,0.5093295652173913
grid_13453,0.5025761739130434
grid_13454,0.4803401739130435
grid_13455,0.43935
grid_13456,0.4725182608695652
grid_13457,0.41421860869565214
grid_13458,0.5422241739130435
grid_13459,0.5000313343328335
grid_13460,0.4932401739130434
grid_13461,0.5771029565217392
grid_13462,0.521852695652174
grid_13463,0.5456097101449274
grid_13464,0.52662
grid_13465,0.5684895652173912
grid_13466,0.5313146086956523
grid_13467,0.5393410144927537
grid_13468,0.5413746086956521
grid_13469,0.49694782608695653
grid_13470,0.563148777173913
grid_13471,0.42198753623188406
grid_13472,0.467928
grid_13473,0.48355530434782606
grid_13474,0.4553274782608696
grid_13475,0.43375026086956525
grid_13476,0.5182281739130434
grid_13477,0.4604771014492754
grid_13478,0.5403139130434783
grid_13479,0.4588326956521739
grid_13480,0.4517069565217391
grid_13481,0.5424578099838969
grid_13482,0.5617499130434783
grid_13483,0.538971884057971
grid_13484,0.5457693913043479
grid_13485,0.5439841739130435
grid_13486,0.5430848695652175
grid_13487,0.553608347826087
grid_13488,0.5259340869565219
grid_13489,0.5730624798711755
grid_13490,0.5759386473429952
grid_13491,0.5445789565217392
grid_13492,0.5493051839464883
grid_13493,0.5527300869565218
grid_13494,0.5598168695652174
grid_13495,0.5084356521739131
grid_13496,0.5547743478260868
grid_13497,0.5015433043478261
grid_13498,0.5543897615708274
grid_13499,0.5722400000000001
grid_13500,0.5798855652173913
grid_13501,0.6202264347826086
grid_13502,0.6123395652173914
grid_13503,0.5972391304347827
grid_13504,0.6111073043478261
grid_13505,0.5898315619967794
grid_13506,0.5920248695652175
grid_13507,0.5645448695652173
grid_13508,0.5994952173913043
grid_13509,0.6036655279503107
grid_13510,0.6239911304347827
grid_13511,0.6121471304347826
grid_13512,0.6115081739130435
grid_13513,0.6477539130434784
grid_13514,0.6076886956521739
grid_13515,0.6339256521739132
grid_13516,0.6056681739130435
grid_13517,0.6074966956521739
grid_13518,0.6313507826086957
grid_13519,0.6241398260869565
grid_13520,0.6278297391304348
grid_13521,0.5851619130434783
grid_13522,0.5503037681159421
grid_13523,0.5443236521739131
grid_13524,0.5982368695652174
grid_13525,0.5380624347826087
grid_13526,0.5485020869565217
grid_13527,0.5627107246376811
grid_13528,0.5428805217391305
grid_13529,0.5728859420289856
grid_13530,0.5722888695652173
grid_13531,0.5980269565217392
grid_13532,0.600760347826087
grid_13533,0.5966784057971015
grid_13534,0.6129254428341385
grid_13535,0.6421441739130436
grid_13536,0.6222339464882943
grid_13537,0.5875278260869565
grid_13538,0.602692270531401
grid_13539,0.6103074962518741
grid_13540,0.6388580869565218
grid_13541,0.6288985507246376
grid_13542,0.6024170434782609
grid_13543,0.6165335652173913
grid_13544,0.6251224347826088
grid_13545,0.6072222608695652
grid_13546,0.5753985507246379
grid_13547,0.6084808095952025
grid_13548,0.6136690434782609
grid_13549,0.6222554782608697
grid_13550,0.5603840579710144
grid_13551,0.5084448695652174
grid_13552,0.5125991304347827
grid_13553,0.5104552173913044
grid_13554,0.5423215652173914
grid_13555,0.5293276811594204
grid_13556,0.5274351170568562
grid_13557,0.5359902608695654
grid_13558,0.5396629565217392
grid_13559,0.478408
grid_13560,0.5343464347826088
grid_13561,0.6010534161490684
grid_13562,0.6104022608695653
grid_13563,0.6185160000000001
grid_13564,0.6881153043478261
grid_13565,0.5906228985507247
grid_13566,0.6272624223602484
grid_13567,0.621450679347826
grid_13568,0.6251886956521739
grid_13569,0.6029262608695654
grid_13570,0.7011020869565218
grid_13571,0.5209908695652173
grid_13572,0.5295561739130435
grid_13573,0.5414495652173913
grid_13574,0.5300288695652174
grid_13575,0.5294726086956523
grid_13576,0.5370492173913043
grid_13577,0.547136695652174
grid_13578,0.5469904682274247
grid_13579,0.5401255072463769
grid_13580,0.5615921739130435
grid_13581,0.5751704347826088
grid_13582,0.5335572173913044
grid_13583,0.6299570434782609
grid_13584,0.5942034782608696
grid_13585,0.6110377391304348
grid_13586,0.5618752173913043
grid_13587,0.5204140869565217
grid_13588,0.6235330434782609
grid_13589,0.5670311304347826
grid_13590,0.5808655652173913
grid_13591,0.5908306086956522
grid_13592,0.5359730434782608
grid_13593,0.5701815592203898
grid_13594,0.5364919484702093
grid_13595,0.6405518260869566
grid_13596,0.5400833043478261
grid_13597,0.5561335652173913
grid_13598,0.52944
grid_13599,0.6135563478260869
grid_13600,0.5465739130434784
grid_13601,0.4521518260869565
grid_13602,0.4638055652173913
grid_13603,0.48666521739130436
grid_13604,0.5308008695652174
grid_13605,0.5776182608695652
grid_13606,0.474776
grid_13607,0.49752420289855076
grid_13608,0.4933398260869565
grid_13609,0.45648452173913046
grid_13610,0.4722904347826087
grid_13611,0.5682746086956522
grid_13612,0.5521468115942029
grid_13613,0.5719170434782609
grid_13614,0.5511149565217391
grid_13615,0.5545337391304348
grid_13616,0.554244347826087
grid_13617,0.5454064347826086
grid_13618,0.5375475262368816
grid_13619,0.5359580869565218
grid_13620,0.5534365539452496
grid_13621,0.5390499130434783
grid_13622,0.5254144347826087
grid_13623,0.5765871304347826
grid_13624,0.5412634782608695
grid_13625,0.5845433043478261
grid_13626,0.5554459420289856
grid_13627,0.5196264347826087
grid_13628,0.5566563607085346
grid_13629,0.5735306086956522
grid_13630,0.5632147826086957
grid_13631,0.4675237681159421
grid_13632,0.46875062111801247
grid_13633,0.531512
grid_13634,0.4758055652173913
grid_13635,0.49160191304347833
grid_13636,0.4942683478260869
grid_13637,0.4454315942028986
grid_13638,0.5483269565217391
grid_13639,0.46477608695652173
grid_13640,0.4769984057971015
grid_13641,0.563116347826087
grid_13642,0.5524493913043478
grid_13643,0.5350050434782608
grid_13644,0.5750153043478261
grid_13645,0.5688358260869566
grid_13646,0.5499805217391305
grid_13647,0.5816001449275363
grid_13648,0.5875358260869565
grid_13649,0.5624732173913043
grid_13650,0.560967304347826
grid_13651,0.5434819645732689
grid_13652,0.49460434782608703
grid_13653,0.4953685217391305
grid_13654,0.4720885217391305
grid_13655,0.46023043478260867
grid_13656,0.5180599700149926
grid_13657,0.4828279999999999
grid_13658,0.5196601739130435
grid_13659,0.5152547826086956
grid_13660,0.5352815652173913
grid_13661,0.5836273043478262
grid_13662,0.5637686956521739
grid_13663,0.507892695652174
grid_13664,0.5761057391304348
grid_13665,0.5644291304347827
grid_13666,0.5844214285714286
grid_13667,0.5907073913043478
grid_13668,0.5280798260869566
grid_13669,0.5931346086956522
grid_13670,0.5900330434782609
grid_13671,0.525980695652174
grid_13672,0.5864146086956522
grid_13673,0.599783043478261
grid_13674,0.5843034782608696
grid_13675,0.5527424347826088
grid_13676,0.5559095652173913
grid_13677,0.5996036521739131
grid_13678,0.5869606956521739
grid_13679,0.6097257391304348
grid_13680,0.5883276811594204
grid_13681,0.4780737391304348
grid_13682,0.48932886956521743
grid_13683,0.5789882608695652
grid_13684,0.5309721739130435
grid_13685,0.520468695652174
grid_13686,0.48209095652173917
grid_13687,0.5397231366459627
grid_13688,0.4918213913043478
grid_13689,0.4819660869565218
grid_13690,0.527682463768116
grid_13691,0.5659462157809985
grid_13692,0.6011165551839465
grid_13693,0.5677652173913045
grid_13694,0.4682895652173913
grid_13695,0.5486928695652173
grid_13696,0.5872753623188407
grid_13697,0.586548347826087
grid_13698,0.5955583612040134
grid_13699,0.5702944927536232
grid_13700,0.5741655652173913
grid_13701,0.5584500869565219
grid_13702,0.5481455072463768
grid_13703,0.576172563718141
grid_13704,0.5974165861513688
grid_13705,0.5590713043478261
grid_13706,0.5797528695652174
grid_13707,0.5549966666666666
grid_13708,0.5649977391304347
grid_13709,0.5625775652173912
grid_13710,0.5452473043478261
grid_13711,0.6514711594202898
grid_13712,0.6556652173913045
grid_13713,0.6815631304347824
grid_13714,0.6748177391304349
grid_13715,0.6496041739130435
grid_13716,0.6904570434782609
grid_13717,0.6330365217391305
grid_13718,0.6000398260869565
grid_13719,0.6438886956521739
grid_13720,0.6633490254872565
grid_13721,0.5553917874396136
grid_13722,0.635661204013378
grid_13723,0.6735634782608695
grid_13724,0.5681516521739131
grid_13725,0.574080695652174
grid_13726,0.6596893913043478
grid_13727,0.5733040257648954
grid_13728,0.579417230273752
grid_13729,0.6920510144927536
grid_13730,0.5489681739130435
grid_13731,0.5368526956521741
grid_13732,0.5346544927536232
grid_13733,0.5671090434782609
grid_13734,0.5673169082125604
grid_13735,0.593711304347826
grid_13736,0.546912743628186
grid_13737,0.5854965217391305
grid_13738,0.5246834782608696
grid_13739,0.5712532173913043
grid_13740,0.5344365217391304
grid_13741,0.6314975845410628
grid_13742,0.6785455652173914
grid_13743,0.6264210434782609
grid_13744,0.6507243478260869
grid_13745,0.6114575652173913
grid_13746,0.5923718260869566
grid_13747,0.6568011594202899
grid_13748,0.6495478260869565
grid_13749,0.554668
grid_13750,0.6166822608695652
grid_13751,0.5591624347826086
grid_13752,0.5158187826086956
grid_13753,0.5206082458770614
grid_13754,0.5595431304347825
grid_13755,0.5583819130434783
grid_13756,0.48179930434782614
grid_13757,0.5143827826086956
grid_13758,0.5239542608695652
grid_13759,0.4952531884057972
grid_13760,0.45677130434782603
grid_13761,0.5776427826086957
grid_13762,0.5831372173913043
grid_13763,0.5590317841079461
grid_13764,0.6339600000000001
grid_13765,0.5651902608695653
grid_13766,0.593716
grid_13767,0.633788155922039
grid_13768,0.6265862608695653
grid_13769,0.5317438735177866
grid_13770,0.5479441739130436
grid_13771,0.5992483478260869
grid_13772,0.558652
grid_13773,0.5815508695652173
grid_13774,0.6397755233494363
grid_13775,0.6050692173913044
grid_13776,0.5475855652173913
grid_13777,0.5495640901771337
grid_13778,0.5385652173913045
grid_13779,0.5365550224887558
grid_13780,0.6068028985507249
grid_13781,0.5039678260869566
grid_13782,0.5053033043478261
grid_13783,0.5089059130434783
grid_13784,0.5438429565217392
grid_13785,0.5476757971014493
grid_13786,0.49625791304347827
grid_13787,0.4993813913043479
grid_13788,0.5352841739130436
grid_13789,0.5404404186795492
grid_13790,0.5241650434782609
grid_13791,0.6150285217391304
grid_13792,0.5397191576086957
grid_13793,0.6254474782608697
grid_13794,0.6016290434782608
grid_13795,0.5696801739130436
grid_13796,0.5585892173913044
grid_13797,0.531057536231884
grid_13798,0.5822589565217392
grid_13799,0.5667462608695653
grid_13800,0.5603106086956522
grid_13801,0.5946210434782608
grid_13802,0.5880233333333335
grid_13803,0.5695166956521739
grid_13804,0.5758881739130435
grid_13805,0.6128210434782609
grid_13806,0.5872718260869565
grid_13807,0.5836371014492754
grid_13808,0.5921304347826087
grid_13809,0.5857100869565217
grid_13810,0.5434319999999999
grid_13811,0.5411401739130435
grid_13812,0.5446306086956522
grid_13813,0.5917452173913044
grid_13814,0.5802579192546584
grid_13815,0.6056276521739131
grid_13816,0.5846417391304348
grid_13817,0.5510410434782609
grid_13818,0.5920344347826088
grid_13819,0.5511951304347826
grid_13820,0.5292610434782609
grid_13821,0.5247406832298137
grid_13822,0.513416347826087
grid_13823,0.5450914782608696
grid_13824,0.5307434782608695
grid_13825,0.548155652173913
grid_13826,0.5147149565217393
grid_13827,0.5185918260869565
grid_13828,0.52211
grid_13829,0.5059286956521739
grid_13830,0.4774335403726709
grid_13831,0.6058908212560387
grid_13832,0.5983020869565219
grid_13833,0.5464455820476858
grid_13834,0.5698060559006212
grid_13835,0.5855441739130436
grid_13836,0.5314050434782609
grid_13837,0.5429838260869566
grid_13838,0.570531652173913
grid_13839,0.5497013913043479
grid_13840,0.5734249163879599
grid_13841,0.5267422608695652
grid_13842,0.5057109565217391
grid_13843,0.5188392753623189
grid_13844,0.509708695652174
grid_13845,0.5613165217391305
grid_13846,0.48842637681159423
grid_13847,0.49787808695652175
grid_13848,0.5024027826086956
grid_13849,0.5136379130434783
grid_13850,0.49139057971014494
grid_13851,0.5899293913043478
grid_13852,0.5698814492753622
grid_13853,0.5618798260869565
grid_13854,0.574106956521739
grid_13855,0.5630819130434782
grid_13856,0.549711652173913
grid_13857,0.550425652173913
grid_13858,0.566044347826087
grid_13859,0.5732194782608696
grid_13860,0.5227754658385093
grid_13861,0.5344787826086957
grid_13862,0.49274191304347825
grid_13863,0.4864230884557722
grid_13864,0.508055652173913
grid_13865,0.48543607085346213
grid_13866,0.5177660869565218
grid_13867,0.504716347826087
grid_13868,0.5103208395802098
grid_13869,0.5017076521739131
grid_13870,0.4757382608695652
grid_13871,0.5728909565217392
grid_13872,0.5189313043478262
grid_13873,0.553271304347826
grid_13874,0.5573621118012423
grid_13875,0.5441693913043479
grid_13876,0.556592695652174
grid_13877,0.4955226086956522
grid_13878,0.517532347826087
grid_13879,0.5364343167701865
grid_13880,0.5438457391304348
grid_13881,0.5659451086956523
grid_13882,0.559728695652174
grid_13883,0.5534671304347827
grid_13884,0.5608139130434783
grid_13885,0.5787071304347826
grid_13886,0.5740245217391305
grid_13887,0.576520347826087
grid_13888,0.5715646956521739
grid_13889,0.49301062801932366
grid_13890,0.5225384347826088
grid_13891,0.5636575652173914
grid_13892,0.5786158260869566
grid_13893,0.5885260869565218
grid_13894,0.5568619130434782
grid_13895,0.5762299130434783
grid_13896,0.5734220108695652
grid_13897,0.5794927068723702
grid_13898,0.5238891304347826
grid_13899,0.5712923478260871
grid_13900,0.5657005217391304
grid_13901,0.5890396521739131
grid_13902,0.5325099130434783
grid_13903,0.5321062608695653
grid_13904,0.585405652173913
grid_13905,0.5634384347826088
grid_13906,0.5989053623188406
grid_13907,0.5334415652173913
grid_13908,0.5625448695652174
grid_13909,0.5542340869565219
grid_13910,0.5424691304347825
grid_13911,0.5230977391304348
grid_13912,0.5388473043478261
grid_13913,0.5313989505247377
grid_13914,0.5264013913043478
grid_13915,0.5393167471819645
grid_13916,0.531817230273752
grid_13917,0.5079405217391304
grid_13918,0.4974198260869565
grid_13919,0.5038501449275363
grid_13920,0.5198902608695652
grid_13921,0.49781102484472056
grid_13922,0.49750660869565216
grid_13923,0.5034886956521738
grid_13924,0.48544886956521743
grid_13925,0.5012565217391305
grid_13926,0.47240234113712376
grid_13927,0.49883634782608705
grid_13928,0.47531481481481486
grid_13929,0.5079007246376812
grid_13930,0.4975704347826087
grid_13931,0.6088300869565217
grid_13932,0.58922
grid_13933,0.5619890554722639
grid_13934,0.5212284057971014
grid_13935,0.531580347826087
grid_13936,0.5812507246376811
grid_13937,0.5297869565217391
grid_13938,0.545800695652174
grid_13939,0.512988695652174
grid_13940,0.5192085403726708
grid_13941,0.5423910144927536
grid_13942,0.564012347826087
grid_13943,0.4995785953177257
grid_13944,0.5681055652173913
grid_13945,0.535532
grid_13946,0.5049972463768116
grid_13947,0.49104260869565214
grid_13948,0.5394980869565217
grid_13949,0.5364740869565218
grid_13950,0.506588
grid_13951,0.5060940993788821
grid_13952,0.5080782608695652
grid_13953,0.4890481739130435
grid_13954,0.49320901771336556
grid_13955,0.5143777391304348
grid_13956,0.507576347826087
grid_13957,0.4980568695652174
grid_13958,0.5150337391304349
grid_13959,0.5042006441223832
grid_13960,0.4901499130434783
grid_13961,0.5371897391304348
grid_13962,0.5035530434782608
grid_13963,0.5364504347826088
grid_13964,0.5675584347826087
grid_13965,0.5465684057971014
grid_13966,0.5595749565217392
grid_13967,0.5608278260869565
grid_13968,0.5356380869565218
grid_13969,0.5349288695652173
grid_13970,0.5586626086956522
grid_13971,0.49760939130434784
grid_13972,0.4896344347826087
grid_13973,0.5147526956521739
grid_13974,0.4956075362318841
grid_13975,0.5245896551724137
grid_13976,0.525467652173913
grid_13977,0.5080031304347827
grid_13978,0.5011248695652174
grid_13979,0.5076185185185186
grid_13980,0.5323340869565217
grid_13981,0.5001544927536232
grid_13982,0.5336403478260869
grid_13983,0.5146544347826086
grid_13984,0.4825610434782609
grid_13985,0.5262006956521739
grid_13986,0.5115640468227425
grid_13987,0.5020040000000001
grid_13988,0.5109406956521739
grid_13989,0.5193807641633729
grid_13990,0.49101617391304353
grid_13991,0.530396231884058
grid_13992,0.5230173913043479
grid_13993,0.508088347826087
grid_13994,0.5251446956521739
grid_13995,0.5321733333333334
grid_13996,0.5148478260869566
grid_13997,0.4992210434782609
grid_13998,0.5167874782608696
grid_13999,0.5298815652173913
grid_14000,0.5103537391304348
grid_14001,0.5655374223602485
grid_14002,0.5088280000000001
grid_14003,0.5370966666666667
grid_14004,0.49779043478260876
grid_14005,0.5061290434782609
grid_14006,0.5393088405797102
grid_14007,0.5409755072463768
grid_14008,0.5454539130434783
grid_14009,0.5141133913043479
grid_14010,0.549452347826087
grid_14011,0.5055222608695652
grid_14012,0.5205728695652174
grid_14013,0.4838906086956522
grid_14014,0.5117890434782609
grid_14015,0.5124506086956522
grid_14016,0.5188582608695653
grid_14017,0.49478834782608694
grid_14018,0.5043020869565218
grid_14019,0.47444417391304355
grid_14020,0.4963459130434783
grid_14021,0.5086509565217392
grid_14022,0.47322275362318833
grid_14023,0.5600427826086957
grid_14024,0.4986064347826087
grid_14025,0.5083474782608696
grid_14026,0.4827266086956522
grid_14027,0.5079638260869566
grid_14028,0.5773829565217392
grid_14029,0.5075493913043478
grid_14030,0.487060579710145
grid_14031,0.5580493913043479
grid_14032,0.4934170434782609
grid_14033,0.5565602254428341
grid_14034,0.5912827697262479
grid_14035,0.6103857391304348
grid_14036,0.5821142608695653
grid_14037,0.5370640579710145
grid_14038,0.5527372173913044
grid_14039,0.5236086956521739
grid_14040,0.5232684057971014
grid_14041,0.46810973913043474
grid_14042,0.583331884057971
grid_14043,0.4832401739130435
grid_14044,0.5731358260869566
grid_14045,0.5670776811594204
grid_14046,0.5701540869565218
grid_14047,0.573135248447205
grid_14048,0.49411333333333346
grid_14049,0.5625653913043479
grid_14050,0.5817217391304349
grid_14051,0.5375780869565218
grid_14052,0.5188238260869565
grid_14053,0.5238925925925927
grid_14054,0.5459964017991005
grid_14055,0.5548036521739131
grid_14056,0.5298331884057972
grid_14057,0.5828779130434782
grid_14058,0.5660523478260869
grid_14059,0.602544695652174
grid_14060,0.5862184347826087
grid_14061,0.5796827826086957
grid_14062,0.5528751304347828
grid_14063,0.5341146086956521
grid_14064,0.5085422608695652
grid_14065,0.4968965217391304
grid_14066,0.5257156521739131
grid_14067,0.5985166956521739
grid_14068,0.5255545150501674
grid_14069,0.5644881739130435
grid_14070,0.5021307826086957
grid_14071,0.5438897391304348
grid_14072,0.5472391304347827
grid_14073,0.528323043478261
grid_14074,0.5645827536231884
grid_14075,0.5696288695652174
grid_14076,0.5850537391304348
grid_14077,0.5548398260869566
grid_14078,0.5442805217391304
grid_14079,0.5806956521739131
grid_14080,0.5189619130434783
grid_14081,0.5595091304347827
grid_14082,0.49389227053140095
grid_14083,0.4921667224080268
grid_14084,0.5511816053511706
grid_14085,0.5686355072463767
grid_14086,0.5628443478260869
grid_14087,0.5806325217391304
grid_14088,0.5550631304347826
grid_14089,0.5410513377926421
grid_14090,0.5250009661835748
grid_14091,0.5340495652173913
grid_14092,0.5624723478260869
grid_14093,0.525736
grid_14094,0.5653699130434783
grid_14095,0.5379078260869565
grid_14096,0.4764862608695652
grid_14097,0.5004064347826087
grid_14098,0.5088419130434784
grid_14099,0.549656347826087
grid_14100,0.5009288695652174
grid_14101,0.5130938127090301
grid_14102,0.5627801739130436
grid_14103,0.5197860869565217
grid_14104,0.544668347826087
grid_14105,0.5454840579710145
grid_14106,0.5366137391304348
grid_14107,0.5349047258979206
grid_14108,0.5088809782608695
grid_14109,0.498158695652174
grid_14110,0.5080434782608695
grid_14111,0.5337566666666668
grid_14112,0.5285233043478261
grid_14113,0.5203605217391305
grid_14114,0.5301845217391304
grid_14115,0.5062933913043478
grid_14116,0.5231420869565218
grid_14117,0.5323159420289856
grid_14118,0.5359180869565218
grid_14119,0.5197645217391306
grid_14120,0.5416807453416148
grid_14121,0.557004347826087
grid_14122,0.5405211720226843
grid_14123,0.49576156521739134
grid_14124,0.5232212173913043
grid_14125,0.5274245217391305
grid_14126,0.5276422360248448
grid_14127,0.506083652173913
grid_14128,0.5335630434782609
grid_14129,0.5628507826086957
grid_14130,0.5469991304347827
grid_14131,0.5020744147157191
grid_14132,0.504707652173913
grid_14133,0.5417610144927536
grid_14134,0.5231451863354037
grid_14135,0.5247634182908546
grid_14136,0.5369323671497584
grid_14137,0.5211189565217391
grid_14138,0.5539546086956522
grid_14139,0.5501566770186336
grid_14140,0.5437110144927537
grid_14141,0.5677205217391306
grid_14142,0.4988913043478261
grid_14143,0.5451586086956521
grid_14144,0.5111316770186336
grid_14145,0.48994782608695653
grid_14146,0.5139539130434783
grid_14147,0.5287262608695652
grid_14148,0.5297111531190926
grid_14149,0.5087597826086957
grid_14150,0.5022
grid_14151,0.5478942028985507
grid_14152,0.5445556521739131
grid_14153,0.5492142608695653
grid_14154,0.5361052173913043
grid_14155,0.550254347826087
grid_14156,0.5303650563607085
grid_14157,0.5208798260869566
grid_14158,0.5434972826086957
grid_14159,0.5619513043478261
grid_14160,0.5701769565217393
grid_14161,0.5130989130434783
grid_14162,0.5335385869565217
grid_14163,0.5358652173913044
grid_14164,0.5085652173913043
grid_14165,0.5505756521739131
grid_14166,0.5031330434782608
grid_14167,0.5363573913043479
grid_14168,0.4988524456521739
grid_14169,0.48474094202898543
grid_14170,0.46792753623188404
grid_14171,0.5947550724637681
grid_14172,0.5614245217391305
grid_14173,0.5687368695652174
grid_14174,0.5343088846880909
grid_14175,0.5762903381642512
grid_14176,0.5638893719806765
grid_14177,0.5701551304347826
grid_14178,0.5323856521739131
grid_14179,0.545940664961637
grid_14180,0.6109226086956522
grid_14181,0.5405052795031057
grid_14182,0.4915213913043479
grid_14183,0.48383757763975155
grid_14184,0.4748857142857143
grid_14185,0.592299844720497
grid_14186,0.5269341137123746
grid_14187,0.5421014492753624
grid_14188,0.46763130434782607
grid_14189,0.5202826086956522
grid_14190,0.5101160183066362
grid_14191,0.5075235507246377
grid_14192,0.5332311304347827
grid_14193,0.5111787439613527
grid_14194,0.5204393478260869
grid_14195,0.5100486956521739
grid_14196,0.5183777391304348
grid_14197,0.48786956521739133
grid_14198,0.5119965217391305
grid_14199,0.49610037807183377
grid_14200,0.5001152173913044
grid_14201,0.653270652173913
grid_14202,0.6251367892976589
grid_14203,0.6072021739130435
grid_14204,0.6518619130434783
grid_14205,0.6751288695652174
grid_14206,0.6486031884057971
grid_14207,0.6193626086956522
grid_14208,0.6433406832298136
grid_14209,0.566895652173913
grid_14210,0.6511406649616369
grid_14211,0.5457867826086957
grid_14212,0.594776347826087
grid_14213,0.6199773913043478
grid_14214,0.6158290434782608
grid_14215,0.5913681739130435
grid_14216,0.5939092173913044
grid_14217,0.6204426877470356
grid_14218,0.6055961739130435
grid_14219,0.6402013913043478
grid_14220,0.591244
grid_14221,0.6259744565217392
grid_14222,0.6744605217391304
grid_14223,0.6500243788819876
grid_14224,0.650922463768116
grid_14225,0.6700173913043478
grid_14226,0.6313409698996656
grid_14227,0.679517391304348
grid_14228,0.6711630434782607
grid_14229,0.6548884057971015
grid_14230,0.6617869565217391
grid_14231,0.6490591973244147
grid_14232,0.6077309565217391
grid_14233,0.6176375652173913
grid_14234,0.6183869565217391
grid_14235,0.6179330434782608
grid_14236,0.6521334943639293
grid_14237,0.622708
grid_14238,0.6723662055335968
grid_14239,0.6770370434782609
grid_14240,0.6089867826086958
grid_14241,0.6587367588932808
grid_14242,0.6306973913043479
grid_14243,0.655473757763975
grid_14244,0.6231667826086956
grid_14245,0.6400784347826086
grid_14246,0.6694722408026755
grid_14247,0.6505646757429366
grid_14248,0.648573623188406
grid_14249,0.6665683229813665
grid_14250,0.6154739130434783
grid_14251,0.653024347826087
grid_14252,0.5827304347826087
grid_14253,0.5237347826086957
grid_14254,0.639239751552795
grid_14255,0.6081633043478261
grid_14256,0.6000628985507247
grid_14257,0.5942687888198758
grid_14258,0.5914534782608695
grid_14259,0.5792789473684211
grid_14260,0.5767274782608696
grid_14261,0.5505991718426502
grid_14262,0.5731532608695652
grid_14263,0.5422490118577077
grid_14264,0.584095652173913
grid_14265,0.6171888586956522
grid_14266,0.590533043478261
grid_14267,0.598617230273752
grid_14268,0.6310217391304349
grid_14269,0.5767495652173913
grid_14270,0.5848110144927536
grid_14271,0.5763747035573122
grid_14272,0.5639289855072463
grid_14273,0.5626453913043479
grid_14274,0.55209375
grid_14275,0.51316905370844
grid_14276,0.5453772463768115
grid_14277,0.5017212560386474
grid_14278,0.5446646956521739
grid_14279,0.563708
grid_14280,0.5364270186335404
grid_14281,0.5300739130434783
grid_14282,0.5542309565217391
grid_14283,0.5553417069243157
grid_14284,0.5655445217391304
grid_14285,0.5597497391304348
grid_14286,0.5700618012422359
grid_14287,0.5592478260869566
grid_14288,0.5921846376811594
grid_14289,0.5687643478260871
grid_14290,0.551595652173913
grid_14291,0.5780565217391304
grid_14292,0.6161640579710145
grid_14293,0.5781714782608696
grid_14294,0.5741118260869565
grid_14295,0.566344
grid_14296,0.5533689855072463
grid_14297,0.5892832083958021
grid_14298,0.5901809983896941
grid_14299,0.5064252173913044
grid_14300,0.5852201739130435
grid_14301,0.579050579710145
grid_14302,0.553636347826087
grid_14303,0.6116276521739131
grid_14304,0.5682568695652175
grid_14305,0.5979438260869565
grid_14306,0.6015186086956522
grid_14307,0.5733133333333332
grid_14308,0.5764215652173913
grid_14309,0.5817140869565217
grid_14310,0.604368695652174
grid_14311,0.5815175652173913
grid_14312,0.5659791925465838
grid_14313,0.5713245217391304
grid_14314,0.6294153043478261
grid_14315,0.5785513043478262
grid_14316,0.559700695652174
grid_14317,0.5769787826086957
grid_14318,0.6014580869565218
grid_14319,0.5767386086956522
grid_14320,0.5373601739130435
grid_14321,0.5742921739130435
grid_14322,0.5654121739130435
grid_14323,0.5417982286634461
grid_14324,0.5958330434782608
grid_14325,0.5998805217391304
grid_14326,0.5706231304347826
grid_14327,0.5919481739130436
grid_14328,0.5723121739130436
grid_14329,0.5781721739130434
grid_14330,0.5909735652173914
grid_14331,0.5980619130434782
grid_14332,0.5510190404797602
grid_14333,0.567864347826087
grid_14334,0.5395191304347827
grid_14335,0.5552213913043479
grid_14336,0.5507413913043478
grid_14337,0.5165033043478262
grid_14338,0.5405827826086956
grid_14339,0.5252786086956522
grid_14340,0.5218231304347826
grid_14341,0.5218384615384616
grid_14342,0.5349911304347826
grid_14343,0.5389648695652174
grid_14344,0.5587040000000001
grid_14345,0.5786393043478261
grid_14346,0.5655076811594204
grid_14347,0.5615773156899811
grid_14348,0.5850907826086957
grid_14349,0.6418664596273292
grid_14350,0.5259227536231885
grid_14351,0.5692434782608696
grid_14352,0.6104612173913043
grid_14353,0.5756571658615137
grid_14354,0.5475601739130436
grid_14355,0.5301028985507247
grid_14356,0.5621353043478261
grid_14357,0.554784
grid_14358,0.5524309565217391
grid_14359,0.5319431884057972
grid_14360,0.5734994782608696
grid_14361,0.5549697391304348
grid_14362,0.5651241739130435
grid_14363,0.5460749565217392
grid_14364,0.5481766666666668
grid_14365,0.5903180869565218
grid_14366,0.5877324414715719
grid_14367,0.5529521739130434
grid_14368,0.5452361319340331
grid_14369,0.5916282608695652
grid_14370,0.5681926956521739
grid_14371,0.559851304347826
grid_14372,0.567692695652174
grid_14373,0.585760559006211
grid_14374,0.5416187826086957
grid_14375,0.5888020869565217
grid_14376,0.5679253623188406
grid_14377,0.578144695652174
grid_14378,0.5695317725752508
grid_14379,0.5861333913043478
grid_14380,0.5605395652173913
grid_14381,0.5733462608695653
grid_14382,0.5751802898550724
grid_14383,0.5471993043478262
grid_14384,0.6923479933110368
grid_14385,0.6220431304347827
grid_14386,0.7203278260869566
grid_14387,0.6067342608695653
grid_14388,0.6886527009222662
grid_14389,0.638872695652174
grid_14390,0.6460130434782609
grid_14391,0.693456671664168
grid_14392,0.7074142028985508
grid_14393,0.6061300869565218
grid_14394,0.5547297101449277
grid_14395,0.5882212173913044
grid_14396,0.5434446956521739
grid_14397,0.5772575652173912
grid_14398,0.6113655652173913
grid_14399,0.592679304347826
grid_14400,0.5811492753623189
grid_14401,0.5800427826086957
grid_14402,0.5787862068965517
grid_14403,0.568787304347826
grid_14404,0.5419420869565217
grid_14405,0.5306384347826087
grid_14406,0.5516186956521739
grid_14407,0.5459321739130435
grid_14408,0.5580102608695653
grid_14409,0.5654248695652173
grid_14410,0.554743304347826
grid_14411,0.5599843167701863
grid_14412,0.5585715838509316
grid_14413,0.5460888695652174
grid_14414,0.5422827826086956
grid_14415,0.5199695652173913
grid_14416,0.5397805217391304
grid_14417,0.550544347826087
grid_14418,0.511473623188406
grid_14419,0.5113285217391305
grid_14420,0.528876
grid_14421,0.5480975652173913
grid_14422,0.5154525217391305
grid_14423,0.5137911304347826
grid_14424,0.6457841739130435
grid_14425,0.6504853913043478
grid_14426,0.6556123993558777
grid_14427,0.6195813913043478
grid_14428,0.6195944927536232
grid_14429,0.5830191304347827
grid_14430,0.58797950310559
grid_14431,0.5906514782608696
grid_14432,0.5620846956521739
grid_14433,0.5625679710144929
grid_14434,0.5407516521739131
grid_14435,0.5854497391304349
grid_14436,0.582501884057971
grid_14437,0.5853206956521739
grid_14438,0.5368349565217391
grid_14439,0.5048502608695652
grid_14440,0.5383563478260869
grid_14441,0.5337179710144928
grid_14442,0.5681353043478262
grid_14443,0.5185340869565218
grid_14444,0.5113701449275363
grid_14445,0.5449370434782609
grid_14446,0.491436347826087
grid_14447,0.49118243478260865
grid_14448,0.5156620289855074
grid_14449,0.5353998260869565
grid_14450,0.494353043478261
grid_14451,0.5101608695652174
grid_14452,0.5077434782608696
grid_14453,0.509672347826087
grid_14454,0.554119652173913
grid_14455,0.5303982608695652
grid_14456,0.529368
grid_14457,0.5230944927536232
grid_14458,0.5647659130434782
grid_14459,0.4911010144927536
grid_14460,0.5057732173913044
grid_14461,0.5612523478260869
grid_14462,0.5299878260869566
grid_14463,0.49543536231884056
grid_14464,0.5714857391304348
grid_14465,0.5688285507246378
grid_14466,0.5468204508856682
grid_14467,0.5501238260869565
grid_14468,0.5757608695652174
grid_14469,0.5550579710144928
grid_14470,0.5625143317230273
grid_14471,0.5383212173913043
grid_14472,0.5539634782608696
grid_14473,0.5649904047976013
grid_14474,0.5375565217391305
grid_14475,0.5326775652173914
grid_14476,0.5328565217391305
grid_14477,0.5274831304347827
grid_14478,0.524088115942029
grid_14479,0.519248347826087
grid_14480,0.5317412173913044
grid_14481,0.5202172240802676
grid_14482,0.5315309565217392
grid_14483,0.5466598260869565
grid_14484,0.5316682769726249
grid_14485,0.53626115942029
grid_14486,0.5230274782608696
grid_14487,0.5412633043478261
grid_14488,0.5155492173913044
grid_14489,0.5467802795031055
grid_14490,0.5106976811594203
grid_14491,0.5093263868065967
grid_14492,0.49987721739130436
grid_14493,0.49956573913043484
grid_14494,0.5359187826086957
grid_14495,0.49948504347826095
grid_14496,0.5071038260869566
grid_14497,0.5256158385093168
grid_14498,0.5341713043478261
grid_14499,0.521764347826087
grid_14500,0.5007838260869565
grid_14501,0.5309947826086957
grid_14502,0.5501445217391304
grid_14503,0.5330067826086957
grid_14504,0.5064855652173913
grid_14505,0.47504017391304354
grid_14506,0.5047027826086956
grid_14507,0.48951269565217387
grid_14508,0.5103894409937888
grid_14509,0.5125306086956521
grid_14510,0.5444396521739131
grid_14511,0.5590899130434782
grid_14512,0.5525841739130435
grid_14513,0.5480049275362319
grid_14514,0.5115154782608695
grid_14515,0.547938956521739
grid_14516,0.5265747826086957
grid_14517,0.5290860869565218
grid_14518,0.514635652173913
grid_14519,0.5522405279503106
grid_14520,0.5261471304347826
grid_14521,0.5291789565217391
grid_14522,0.5292330434782608
grid_14523,0.5022015427769987
grid_14524,0.5560648695652174
grid_14525,0.5835330434782608
grid_14526,0.5825744347826087
grid_14527,0.5778422608695652
grid_14528,0.5547579130434783
grid_14529,0.5481742028985508
grid_14530,0.5314721739130435
grid_14531,0.5185572173913043
grid_14532,0.5405462608695653
grid_14533,0.5275709565217391
grid_14534,0.5056246956521739
grid_14535,0.5295359999999999
grid_14536,0.5160585507246377
grid_14537,0.553252347826087
grid_14538,0.5144280000000001
grid_14539,0.5062757971014493
grid_14540,0.5520493913043478
grid_14541,0.5432257391304348
grid_14542,0.545032347826087
grid_14543,0.5418180602006688
grid_14544,0.5422156521739131
grid_14545,0.5434735652173914
grid_14546,0.5356714782608695
grid_14547,0.5367333913043479
grid_14548,0.5376975652173913
grid_14549,0.5646968115942029
grid_14550,0.5344733913043479
grid_14551,0.5470940869565217
grid_14552,0.5435991304347827
grid_14553,0.5437787826086956
grid_14554,0.5371639130434783
grid_14555,0.551033188405797
grid_14556,0.5979078260869565
grid_14557,0.5633620869565218
grid_14558,0.5669019130434783
grid_14559,0.578884347826087
grid_14560,0.5811147826086956
grid_14561,0.583864596273292
grid_14562,0.5758283478260869
grid_14563,0.6129038260869566
grid_14564,0.5532535652173913
grid_14565,0.535240347826087
grid_14566,0.5585523188405798
grid_14567,0.5030546086956521
grid_14568,0.5458040579710145
grid_14569,0.5505095652173914
grid_14570,0.5390161739130435
grid_14571,0.5091071304347827
grid_14572,0.4964354782608696
grid_14573,0.525819967793881
grid_14574,0.6146687888198759
grid_14575,0.5650663768115943
grid_14576,0.5271895652173914
grid_14577,0.5457074782608696
grid_14578,0.5335946086956522
grid_14579,0.5844815652173914
grid_14580,0.5291518840579711
grid_14581,0.5291417391304347
grid_14582,0.5464429565217391
grid_14583,0.5230062608695653
grid_14584,0.5800707826086956
grid_14585,0.6015451910408434
grid_14586,0.5582271304347826
grid_14587,0.5794489966555184
grid_14588,0.5954106086956521
grid_14589,0.5566559947299078
grid_14590,0.5910707826086958
grid_14591,0.5947598260869565
grid_14592,0.5421641739130435
grid_14593,0.577328335832084
grid_14594,0.5763528695652175
grid_14595,0.5524951304347826
grid_14596,0.5764826086956523
grid_14597,0.565508
grid_14598,0.5678859130434782
grid_14599,0.5463689855072464
grid_14600,0.5845673043478261
grid_14601,0.5817728695652175
grid_14602,0.5252320289855072
grid_14603,0.5438877926421406
grid_14604,0.5571693913043478
grid_14605,0.5511384782608696
grid_14606,0.5586660869565218
grid_14607,0.5850574275362319
grid_14608,0.5692821256038647
grid_14609,0.5861935652173913
grid_14610,0.5831555555555555
grid_14611,0.5925837429111531
grid_14612,0.5944090301003345
grid_14613,0.5856840579710145
grid_14614,0.5790721139430286
grid_14615,0.581227304347826
grid_14616,0.560264573268921
grid_14617,0.5913963768115943
grid_14618,0.6153574879227053
grid_14619,0.631397043478261
grid_14620,0.6056171739130435
grid_14621,0.577542956521739
grid_14622,0.5840142292490118
grid_14623,0.5774105590062112
grid_14624,0.5173453416149069
grid_14625,0.4451106086956522
grid_14626,0.5171636645962734
grid_14627,0.46597095652173914
grid_14628,0.5127918260869566
grid_14629,0.5100355072463769
grid_14630,0.49174817391304343
grid_14631,0.4599172173913044
grid_14632,0.4497278260869566
grid_14633,0.5161279710144927
grid_14634,0.5545700668896321
grid_14635,0.4790582608695652
grid_14636,0.5634810559006213
grid_14637,0.539154927536232
grid_14638,0.5748503105590063
grid_14639,0.4779761739130435
grid_14640,0.5649710144927537
grid_14641,0.5979968379446641
grid_14642,0.5680005217391305
grid_14643,0.6075247491638796
grid_14644,0.4769932173913044
grid_14645,0.4923709565217392
grid_14646,0.5210205217391305
grid_14647,0.4801909565217391
grid_14648,0.5470424637681159
grid_14649,0.5008899130434784
grid_14650,0.49280904347826093
grid_14651,0.4048678571428571
grid_14652,0.455654347826087
grid_14653,0.5120506086956522
grid_14654,0.5468588100686499
grid_14655,0.5687878260869565
grid_14656,0.5560135652173913
grid_14657,0.5060266086956523
grid_14658,0.5295547826086957
grid_14659,0.5552552334943639
grid_14660,0.5154678260869566
grid_14661,0.5525267310789049
grid_14662,0.6145306324110672
grid_14663,0.6366666086956522
grid_14664,0.5896507246376812
grid_14665,0.6212623188405798
grid_14666,0.61047049689441
grid_14667,0.5964445217391304
grid_14668,0.6115177391304348
grid_14669,0.6502857391304349
grid_14670,0.6530590579710145
grid_14671,0.6374325217391306
grid_14672,0.6671245217391305
grid_14673,0.7144617391304348
grid_14674,0.6159907246376813
grid_14675,0.6905394782608697
grid_14676,0.6775787826086956
grid_14677,0.5011730434782609
grid_14678,0.5210683658170916
grid_14679,0.48134904347826096
grid_14680,0.5084276521739131
grid_14681,0.51387
grid_14682,0.5194048695652175
grid_14683,0.5152626086956522
grid_14684,0.49048521739130435
grid_14685,0.5063544347826088
grid_14686,0.485288115942029
grid_14687,0.6284194782608696
grid_14688,0.5111220869565217
grid_14689,0.5116481739130435
grid_14690,0.5136579130434783
grid_14691,0.5119414492753623
grid_14692,0.6050446956521739
grid_14693,0.5031704347826087
grid_14694,0.5055874782608696
grid_14695,0.4998892109500805
grid_14696,0.510432083958021
grid_14697,0.4891224347826087
grid_14698,0.41988608695652174
grid_14699,0.4767335652173913
grid_14700,0.44332486956521744
grid_14701,0.5038297391304347
grid_14702,0.4962972463768116
grid_14703,0.4917088695652174
grid_14704,0.49243078260869566
grid_14705,0.5074429565217392
grid_14706,0.508848347826087
grid_14707,0.5239271304347826
grid_14708,0.49583217391304346
grid_14709,0.507692347826087
grid_14710,0.516836231884058
grid_14711,0.5324396521739131
grid_14712,0.49263008695652166
grid_14713,0.5282038260869566
grid_14714,0.5129965217391305
grid_14715,0.5392415942028986
grid_14716,0.48265147826086957
grid_14717,0.5107320839580209
grid_14718,0.49517130434782614
grid_14719,0.5175223832528182
grid_14720,0.4922805217391304
grid_14721,0.4979871304347826
grid_14722,0.5016312252964427
grid_14723,0.49205985507246375
grid_14724,0.5165066252587992
grid_14725,0.48161270903010034
grid_14726,0.4908350241545894
grid_14727,0.5173033043478261
grid_14728,0.5618547826086957
grid_14729,0.4996130434782609
grid_14730,0.5098281739130435
grid_14731,0.4620881739130435
grid_14732,0.49789826086956523
grid_14733,0.47633260869565214
grid_14734,0.4722099378881988
grid_14735,0.49634886956521745
grid_14736,0.44954555765595466
grid_14737,0.4975369565217391
grid_14738,0.48882137681159427
grid_14739,0.4586333333333334
grid_14740,0.5079412173913043
grid_14741,0.45120000000000005
grid_14742,0.4570906354515051
grid_14743,0.44837391304347834
grid_14744,0.5005598465473144
grid_14745,0.47253645484949836
grid_14746,0.5095306086956523
grid_14747,0.4573610434782609
grid_14748,0.4782826086956522
grid_14749,0.4977114782608696
grid_14750,0.529156347826087
grid_14751,0.5453048695652174
grid_14752,0.4982946086956522
grid_14753,0.5486130434782609
grid_14754,0.5091991304347826
grid_14755,0.5112827826086956
grid_14756,0.6047865357643758
grid_14757,0.5645441739130435
grid_14758,0.5921956521739131
grid_14759,0.5372454849498327
grid_14760,0.6040559420289856
grid_14761,0.5748827639751554
grid_14762,0.6434811594202898
grid_14763,0.5582555900621119
grid_14764,0.5881038260869565
grid_14765,0.5766386086956523
grid_14766,0.5271621739130435
grid_14767,0.49365860869565226
grid_14768,0.5242685217391304
grid_14769,0.5364852173913044
grid_14770,0.49607950310559007
grid_14771,0.5325327032136106
grid_14772,0.5337724137931035
grid_14773,0.5526293075684381
grid_14774,0.5255878260869565
grid_14775,0.5415794202898551
grid_14776,0.582837299771167
grid_14777,0.7251413913043478
grid_14778,0.7072565217391307
grid_14779,0.6507575652173914
grid_14780,0.6984302608695653
grid_14781,0.6442423913043478
grid_14782,0.6578841209829868
grid_14783,0.6807921739130436
grid_14784,0.5957502835538753
grid_14785,0.6161429347826086
grid_14786,0.630308695652174
grid_14787,0.514295652173913
grid_14788,0.5334798418972333
grid_14789,0.5601142857142858
grid_14790,0.6217760869565219
grid_14791,0.5219510033444816
grid_14792,0.6001329835082458
grid_14793,0.530031652173913
grid_14794,0.5408648393194707
grid_14795,0.5969666666666668
grid_14796,0.5687953043478261
grid_14797,0.575621195652174
grid_14798,0.6223963768115942
grid_14799,0.5324371541501977
grid_14800,0.5712478260869566
grid_14801,0.5916063664596274
grid_14802,0.5306987922705315
grid_14803,0.5749278532608696
grid_14804,0.6231676328502416
grid_14805,0.5378277591973245
grid_14806,0.6279659420289855
grid_14807,0.587197049689441
grid_14808,0.5697976588628763
grid_14809,0.6364103260869566
grid_14810,0.6265208695652175
grid_14811,0.6300565217391304
grid_14812,0.6103817391304348
grid_14813,0.6127572463768116
grid_14814,0.5760086956521739
grid_14815,0.5365768695652174
grid_14816,0.506074347826087
grid_14817,0.49570313043478265
grid_14818,0.4810968695652174
grid_14819,0.5620793478260869
grid_14820,0.5473391304347827
grid_14821,0.6294546086956523
grid_14822,0.559979652173913
grid_14823,0.49429286956521734
grid_14824,0.5405238260869566
grid_14825,0.3973570241354374
grid_14826,0.40627125154911187
grid_14827,0.4770485217391305
grid_14828,0.34093202898550723
grid_14829,0.17609113574846208
grid_14830,0.4785715719063545
grid_14831,0.4675594782608697
grid_14832,0.21796365217391306
grid_14833,0.4893430434782609
grid_14834,0.3192081739130435
grid_14835,0.5377590704647676
grid_14836,0.4857448695652174
grid_14837,0.5282092173913043
grid_14838,0.4851165217391305
grid_14839,0.50284364548495
grid_14840,0.48372946859903376
grid_14841,0.5237805217391304
grid_14842,0.5415199677938809
grid_14843,0.5218991304347826
grid_14844,0.5496130434782609
grid_14845,0.4671994782608696
grid_14846,0.2567329349394567
grid_14847,0.47637136431784116
grid_14848,0.3235553043478261
grid_14849,0.31127127122153214
grid_14850,0.43022608695652176
grid_14851,0.48077318840579714
grid_14852,0.1583662608695652
grid_14853,0.3717797101449276
grid_14854,0.4825982608695653
grid_14855,0.5071026986506747
grid_14856,0.48042817391304354
grid_14857,0.612293143812709
grid_14858,0.5031311304347826
grid_14859,0.6000873043478261
grid_14860,0.5356091454272863
grid_14861,0.4935302608695653
grid_14862,0.5151130434782609
grid_14863,0.4992427826086957
grid_14864,0.6114944347826087
grid_14865,0.516664695652174
grid_14866,0.4870440000000001
grid_14867,0.4959308695652174
grid_14868,0.5302332173913044
grid_14869,0.4805631304347826
grid_14870,0.48364971014492764
grid_14871,0.5013208695652175
grid_14872,0.5573340869565218
grid_14873,0.5142333913043479
grid_14874,0.5008595652173914
grid_14875,0.4199709565217391
grid_14876,0.48818643478260876
grid_14877,0.48147078260869564
grid_14878,0.24848635682158923
grid_14879,0.4922460869565217
grid_14880,0.4436342608695652
grid_14881,0.46625037481259374
grid_14882,0.4702019130434783
grid_14883,0.47870000000000007
grid_14884,0.3692149565217392
grid_14885,0.5406100869565217
grid_14886,0.5171412173913044
grid_14887,0.49152556521739127
grid_14888,0.5154206521739131
grid_14889,0.5329532173913043
grid_14890,0.5722481739130435
grid_14891,0.6238198260869566
grid_14892,0.5406153043478261
grid_14893,0.5738161739130434
grid_14894,0.5480725217391305
grid_14895,0.5372690434782609
grid_14896,0.4836899130434783
grid_14897,0.5003182065217392
grid_14898,0.537145043478261
grid_14899,0.5612918260869565
grid_14900,0.5005721739130435
grid_14901,0.5423754658385093
grid_14902,0.49781972049689444
grid_14903,0.48463582608695654
grid_14904,0.4978332298136646
grid_14905,0.5124406832298137
grid_14906,0.5494523097826087
grid_14907,0.6115930434782608
grid_14908,0.580552347826087
grid_14909,0.6023266086956522
grid_14910,0.6624013913043478
grid_14911,0.616588455772114
grid_14912,0.5315024637681158
grid_14913,0.6878836521739131
grid_14914,0.5755631304347826
grid_14915,0.544431739130435
grid_14916,0.533188
grid_14917,0.5141420807453416
grid_14918,0.5237179130434783
grid_14919,0.5343208074534161
grid_14920,0.49789808695652177
grid_14921,0.5486739130434783
grid_14922,0.5197219130434783
grid_14923,0.559311304347826
grid_14924,0.5362535652173913
grid_14925,0.5828605217391305
grid_14926,0.5386888695652174
grid_14927,0.4844728985507247
grid_14928,0.6184031884057971
grid_14929,0.5183700869565218
grid_14930,0.4963442278860569
grid_14931,0.5651749565217391
grid_14932,0.510412
grid_14933,0.47215434782608695
grid_14934,0.5302102608695652
grid_14935,0.551768347826087
grid_14936,0.5230505797101449
grid_14937,0.5360653726708074
grid_14938,0.5898026086956523
grid_14939,0.5683372173913043
grid_14940,0.5988850434782609
grid_14941,0.550395304347826
grid_14942,0.6013704347826088
grid_14943,0.5089421739130434
grid_14944,0.7189810434782609
grid_14945,0.551917739130435
grid_14946,0.4889720000000001
grid_14947,0.49176521739130435
grid_14948,0.5098539130434783
grid_14949,0.5372217391304348
grid_14950,0.5268105797101449
grid_14951,0.52758033126294
grid_14952,0.48883686956521744
grid_14953,0.538489596273292
grid_14954,0.48055026086956515
grid_14955,0.45376594202898546
grid_14956,0.5640965217391305
grid_14957,0.510696
grid_14958,0.4796906832298136
grid_14959,0.6313197101449275
grid_14960,0.4841806763285025
grid_14961,0.49047773913043485
grid_14962,0.5679930124223603
grid_14963,0.5419970434782609
grid_14964,0.5020992753623188
grid_14965,0.49079669565217393
grid_14966,0.5481496894409938
grid_14967,0.5179843167701863
grid_14968,0.4734554782608696
grid_14969,0.4772081739130435
grid_14970,0.5141733913043479
grid_14971,0.5663708074534162
grid_14972,0.48126800000000003
grid_14973,0.5296939130434783
grid_14974,0.5015064347826087
grid_14975,0.6349700869565218
grid_14976,0.6835944347826087
grid_14977,0.5140854037267081
grid_14978,0.7153634782608695
grid_14979,0.5599739130434782
grid_14980,0.7103580869565217
grid_14981,0.5991088695652175
grid_14982,0.6194068115942029
grid_14983,0.5246539130434783
grid_14984,0.730416347826087
grid_14985,0.6503439440993789
grid_14986,0.6044394202898552
grid_14987,0.512997049689441
grid_14988,0.6319229565217392
grid_14989,0.48563913043478263
grid_14990,0.4918648695652174
grid_14991,0.4899471819645733
grid_14992,0.6699227826086956
grid_14993,0.48453391304347826
grid_14994,0.535485346215781
grid_14995,0.7322109565217392
grid_14996,0.7268570434782609
grid_14997,0.7236417391304348
grid_14998,0.669701043478261
grid_14999,0.6658260869565218
grid_15000,0.6960533913043478
grid_15001,0.5721219130434783
grid_15002,0.7224695652173913
grid_15003,0.7397890434782609
grid_15004,0.6081156521739131
grid_15005,0.4628970434782609
grid_15006,0.5050133913043477
grid_15007,0.5765673913043479
grid_15008,0.5198534782608696
grid_15009,0.48213078260869563
grid_15010,0.5055659937888198
grid_15011,0.5425475262368816
grid_15012,0.5161918260869566
grid_15013,0.4972401739130435
grid_15014,0.5185457971014493
grid_15015,0.502132695652174
grid_15016,0.5034622608695652
grid_15017,0.5168500869565218
grid_15018,0.5199822608695652
grid_15019,0.5267027826086956
grid_15020,0.5456923188405797
grid_15021,0.5412554347826087
grid_15022,0.5429033043478261
grid_15023,0.5386396521739131
grid_15024,0.5364852173913044
grid_15025,0.34001579710144925
grid_15026,0.4750271304347827
grid_15027,0.4740764895330113
grid_15028,0.4727688695652174
grid_15029,0.4400078260869565
grid_15030,0.4646201739130435
grid_15031,0.23975816600790517
grid_15032,0.23066747826086953
grid_15033,0.48110121739130435
grid_15034,0.47341182608695653
grid_15035,0.44276028985507254
grid_15036,0.473677536231884
grid_15037,0.391556347826087
grid_15038,0.4080396521739131
grid_15039,0.4149558260869566
grid_15040,0.5009763478260869
grid_15041,0.4845733913043479
grid_15042,0.5375608695652174
grid_15043,0.4866808695652174
grid_15044,0.5008333913043479
grid_15045,0.513856347826087
grid_15046,0.5327217391304349
grid_15047,0.5309698550724637
grid_15048,0.5288798550724638
grid_15049,0.49815139751552806
grid_15050,0.5002264347826088
grid_15051,0.5151476521739131
grid_15052,0.5244874782608696
grid_15053,0.5274434782608697
grid_15054,0.5785996521739131
grid_15055,0.6617181159420291
grid_15056,0.7023613913043478
grid_15057,0.6625013913043477
grid_15058,0.7338628762541807
grid_15059,0.7097354782608696
grid_15060,0.6249891304347828
grid_15061,0.7240850241545894
grid_15062,0.5421385507246377
grid_15063,0.5834290434782609
grid_15064,0.6520027826086957
grid_15065,0.4737907826086956
grid_15066,0.45993000000000006
grid_15067,0.4813940869565218
grid_15068,0.5157510869565218
grid_15069,0.512581043478261
grid_15070,0.4919254658385093
grid_15071,0.4238252173913043
grid_15072,0.45898904347826097
grid_15073,0.48333687600644126
grid_15074,0.5037624347826086
grid_15075,0.5131977391304349
grid_15076,0.5938656832298136
grid_15077,0.6128189565217391
grid_15078,0.4198577391304348
grid_15079,0.5199239130434783
grid_15080,0.4964890434782609
grid_15081,0.5080890434782609
grid_15082,0.6188918260869566
grid_15083,0.4778053623188406
grid_15084,0.6326580869565217
grid_15085,0.5102208695652175
grid_15086,0.447544695652174
grid_15087,0.5012121739130435
grid_15088,0.4330206956521739
grid_15089,0.5081128695652174
grid_15090,0.4847038819875777
grid_15091,0.5092679710144928
grid_15092,0.4637604037267081
grid_15093,0.4911775652173913
grid_15094,0.4224743961352658
grid_15095,0.6460336553945252
grid_15096,0.6711876521739132
grid_15097,0.5549763975155279
grid_15098,0.6846664347826086
grid_15099,0.6896987826086958
grid_15100,0.5204027950310559
grid_15101,0.6720992753623188
grid_15102,0.6467506086956522
grid_15103,0.6061186795491144
grid_15104,0.5845028485757122
grid_15105,0.3929852173913044
grid_15106,0.4988873043478261
grid_15107,0.4640578260869565
grid_15108,0.5480966956521739
grid_15109,0.47621617391304355
grid_15110,0.47229669565217397
grid_15111,0.49262852173913046
grid_15112,0.5962295652173915
grid_15113,0.48442550724637684
grid_15114,0.558312695652174
grid_15115,0.49545913043478257
grid_15116,0.4909739130434783
grid_15117,0.4846132173913045
grid_15118,0.45013808695652174
grid_15119,0.16652517157914548
grid_15120,0.4650934782608696
grid_15121,0.35720121739130434
grid_15122,0.3684662079176863
grid_15123,0.48057165217391307
grid_15124,0.4304433043478261
grid_15125,0.39888023526077104
grid_15126,0.3779368518518519
grid_15127,0.4004398207864528
grid_15128,0.31811673634174564
grid_15129,0.3643378120949136
grid_15130,0.3635906527682844
grid_15131,0.33141978406490535
grid_15132,0.23348846153846156
grid_15133,0.4101429834224334
grid_15134,0.3617420807453416
grid_15135,0.35102441158841163
grid_15136,0.5128662500918298
grid_15137,0.5310950724637682
grid_15138,0.4462688695652174
grid_15139,0.40281637731481484
grid_15140,0.5607346545754971
grid_15141,0.6036342995169082
grid_15142,0.4807576811594203
grid_15143,0.45720779610194906
grid_15144,0.5663868778436324
grid_15145,0.4664886956521739
grid_15146,0.4626876521739131
grid_15147,0.49415652173913044
grid_15148,0.4708864347826087
grid_15149,0.4314575652173913
grid_15150,0.4583986086956522
grid_15151,0.5120885217391306
grid_15152,0.48830313043478263
grid_15153,0.4997265217391305
grid_15154,0.4744184347826087
grid_15155,0.6612741967640519
grid_15156,0.5969881739130435
grid_15157,0.4142663955342903
grid_15158,0.4623919484702093
grid_15159,0.541917155972332
grid_15160,0.6923370370370371
grid_15161,0.4690476521739131
grid_15162,0.7068281739130435
grid_15163,0.5617092173913043
grid_15164,0.4679407246376812
grid_15165,0.34605911172161175
grid_15166,0.708392733755777
grid_15167,0.7379160419790104
grid_15168,0.5931888537609734
grid_15169,0.4881394782608696
grid_15170,0.4750540579710145
grid_15171,0.5111427826086957
grid_15172,0.6802913043478261
grid_15173,0.42631152813852824
grid_15174,0.5034177257525084
grid_15175,0.7071948458498025
grid_15176,0.507647304347826
grid_15177,0.6084962962962963
grid_15178,0.5767640507116357
grid_15179,0.3673851055194806
grid_15180,0.5029511304347826
grid_15181,0.7176356521739131
grid_15182,0.7330911640953717
grid_15183,0.5416622608695653
grid_15184,0.5110556521739131
grid_15185,0.4960215652173913
grid_15186,0.7219131936758894
grid_15187,0.6097147227313378
grid_15188,0.7381566956521739
grid_15189,0.7437052173913044
grid_15190,0.5135064412238326
grid_15191,0.46787492982456147
grid_15192,0.6811180925666199
grid_15193,0.48105669565217396
grid_15194,0.7199013913043479
grid_15195,0.3223884941476591
grid_15196,0.5047339130434783
grid_15197,0.7468655652173914
grid_15198,0.7113544347826086
grid_15199,0.47689217391304345
grid_15200,0.7121780167810833
grid_15201,0.47845304347826095
grid_15202,0.5789200035538451
grid_15203,0.6100096273291926
grid_15204,0.4849050434782608
grid_15205,0.4723751304347826
grid_15206,0.4737115715102976
grid_15207,0.42079839593450025
grid_15208,0.685245739130435
grid_15209,0.46861339130434787
grid_15210,0.552629307568438
grid_15211,0.6205322061191625
grid_15212,0.25124444444444444
grid_15213,0.4913533333333333
grid_15214,0.5236663810439278
grid_15215,0.5629391304347826
grid_15216,0.5847111304347826
grid_15217,0.5024866666666666
grid_15218,0.5700200000000001
grid_15219,0.5189834782608697
grid_15220,0.5849245217391305
grid_15221,0.7031605217391305
grid_15222,0.6334377391304348
grid_15223,0.5235585507246376
grid_15224,0.5896681159420291
grid_15225,0.49955130434782613
grid_15226,0.4472914653784219
grid_15227,0.47616478260869566
grid_15228,0.45369113043478265
grid_15229,0.4556918260869566
grid_15230,0.4554627826086957
grid_15231,0.4581579130434783
grid_15232,0.496963712374582
grid_15233,0.48798072463768116
grid_15234,0.5063033043478261
grid_15235,0.5138386086956521
grid_15236,0.4914608695652174
grid_15237,0.4354093397745571
grid_15238,0.5170134782608695
grid_15239,0.4775824587706147
grid_15240,0.5591206956521738
grid_15241,0.44237026086956527
grid_15242,0.5280175652173913
grid_15243,0.5456299130434783
grid_15244,0.5585525217391304
grid_15245,0.6191666086956523
grid_15246,0.5456890499194846
grid_15247,0.5625729096989966
grid_15248,0.5384873043478261
grid_15249,0.470308115942029
grid_15250,0.5662111304347826
grid_15251,0.677103652173913
grid_15252,0.6475563478260871
grid_15253,0.550616695652174
grid_15254,0.47295248447204974
grid_15255,0.5993902608695653
grid_15256,0.48450695652173914
grid_15257,0.5442993558776168
grid_15258,0.5553601739130435
grid_15259,0.5278201739130435
grid_15260,0.6414826086956522
grid_15261,0.444172
grid_15262,0.5402812593703149
grid_15263,0.6189093913043479
grid_15264,0.660301391304348
grid_15265,0.5023137391304349
grid_15266,0.415024695652174
grid_15267,0.47453880837359097
grid_15268,0.4799462608695652
grid_15269,0.48861844077961025
grid_15270,0.4972136876006441
grid_15271,0.527481043478261
grid_15272,0.5140323478260869
grid_15273,0.49548921739130436
grid_15274,0.49233275362318835
grid_15275,0.49392678260869566
grid_15276,0.5303182608695652
grid_15277,0.4649255652173913
grid_15278,0.46625843478260875
grid_15279,0.5059286956521739
grid_15280,0.5431125
grid_15281,0.4780954782608696
grid_15282,0.5106404186795492
grid_15283,0.6579862608695654
grid_15284,0.48258678260869564
grid_15285,0.5719521739130435
grid_15286,0.6374222608695653
grid_15287,0.7219140869565217
grid_15288,0.6288127536231886
grid_15289,0.5755822608695652
grid_15290,0.6132465217391304
grid_15291,0.5312970434782609
grid_15292,0.6882250434782609
grid_15293,0.6615005217391305
grid_15294,0.7116437781109446
grid_15295,0.5053636521739131
grid_15296,0.5011975362318842
grid_15297,0.4690819130434783
grid_15298,0.5205292173913043
grid_15299,0.4789137391304349
grid_15300,0.5824405217391305
grid_15301,0.5112198260869565
grid_15302,0.5938552989130435
grid_15303,0.4815057971014493
grid_15304,0.518544
grid_15305,0.5398710144927537
grid_15306,0.6287548725637181
grid_15307,0.5591278260869565
grid_15308,0.6007770434782609
grid_15309,0.5363853913043478
grid_15310,0.5767315619967793
grid_15311,0.532965744400527
grid_15312,0.653041043478261
grid_15313,0.6894791304347828
grid_15314,0.6837753623188405
grid_15315,0.552413768115942
grid_15316,0.4841499130434783
grid_15317,0.4628586086956521
grid_15318,0.5056759420289855
grid_15319,0.5106772113943029
grid_15320,0.6805001739130435
grid_15321,0.5467438003220612
grid_15322,0.4730405217391304
grid_15323,0.5334638198757765
grid_15324,0.5063438260869565
grid_15325,0.48655182608695663
grid_15326,0.5653137391304348
grid_15327,0.617351304347826
grid_15328,0.6866186335403727
grid_15329,0.5371549565217391
grid_15330,0.5005598260869566
grid_15331,0.49608034782608695
grid_15332,0.6038991304347827
grid_15333,0.4928688695652174
grid_15334,0.5568180869565217
grid_15335,0.7483834782608696
grid_15336,0.5595770434782608
grid_15337,0.6430521739130436
grid_15338,0.6881121739130436
grid_15339,0.7065560869565218
grid_15340,0.5458706086956522
grid_15341,0.7297692173913045
grid_15342,0.6057165217391305
grid_15343,0.5445413913043479
grid_15344,0.6334224347826087
grid_15345,0.6027339130434783
grid_15346,0.6840840579710146
grid_15347,0.6346928695652174
grid_15348,0.6252387826086957
grid_15349,0.5514495652173914
grid_15350,0.5167681739130434
grid_15351,0.6207223602484474
grid_15352,0.7394732173913044
grid_15353,0.6962330745341615
grid_15354,0.6711175652173914
grid_15355,0.6712427826086957
grid_15356,0.4811339130434783
grid_15357,0.48184396135265706
grid_15358,0.5748553623188405
grid_15359,0.48411669565217397
grid_15360,0.6396650501672242
grid_15361,0.3346959420289855
grid_15362,0.6011885217391305
grid_15363,0.261652347826087
grid_15364,0.4727979130434783
grid_15365,0.6181629565217391
grid_15366,0.6160292173913043
grid_15367,0.5552904991948471
grid_15368,0.4956787106446778
grid_15369,0.46831043478260864
grid_15370,0.6276047826086957
grid_15371,0.5211940869565218
grid_15372,0.4913095652173914
grid_15373,0.6994554347826085
grid_15374,0.5038405217391305
grid_15375,0.7393652173913045
grid_15376,0.7344697542533081
grid_15377,0.7305235507246377
grid_15378,0.7139085217391304
grid_15379,0.7425060869565219
grid_15380,0.7488554782608696
grid_15381,0.7677276679841897
grid_15382,0.7075711304347827
grid_15383,0.7303186086956522
grid_15384,0.7285347826086956
grid_15385,0.6119645484949833
grid_15386,0.4622121739130435
grid_15387,0.7388817391304349
grid_15388,0.7393933913043478
grid_15389,0.5204554782608696
grid_15390,0.4531379130434782
grid_15391,0.3301973913043479
grid_15392,0.5646557453416149
grid_15393,0.6921336605890603
grid_15394,0.7327678260869566
grid_15395,0.5706620869565218
grid_15396,0.6200526956521739
grid_15397,0.7094079710144926
grid_15398,0.5435234782608696
grid_15399,0.47265982608695656
grid_15400,0.7285509565217392
grid_15401,0.538255652173913
grid_15402,0.5559147826086956
grid_15403,0.6642742608695652
grid_15404,0.6503922360248449
grid_15405,0.661138115942029
grid_15406,0.121988
grid_15407,0.7129805217391305
grid_15408,0.6860981159420291
grid_15409,0.3930246956521739
grid_15410,0.14004188405797102
grid_15411,0.6133351304347826
grid_15412,0.17255575318401406
grid_15413,0.691992347826087
grid_15414,0.7236178260869564
grid_15415,0.7460883478260869
grid_15416,0.6945186956521741
grid_15417,0.6243685217391305
grid_15418,0.701080347826087
grid_15419,0.6602605217391304
grid_15420,0.6960101449275363
grid_15421,0.727108695652174
grid_15422,0.7244757971014493
grid_15423,0.6370986086956522
grid_15424,0.7263640179910047
grid_15425,0.49257811594202905
grid_15426,0.5101346086956522
grid_15427,0.512621884057971
grid_15428,0.47306800000000004
grid_15429,0.5645674782608695
grid_15430,0.49112274247491644
grid_15431,0.6143881793478261
grid_15432,0.5052935652173913
grid_15433,0.5006429565217391
grid_15434,0.5546151304347826
grid_15435,0.6398471304347827
grid_15436,0.6290460869565218
grid_15437,0.737920695652174
grid_15438,0.725948309178744
grid_15439,0.6829393043478259
grid_15440,0.6482633043478262
grid_15441,0.765936347826087
grid_15442,0.741753623188406
grid_15443,0.7144902608695654
grid_15444,0.7491417391304348
grid_15445,0.616692347826087
grid_15446,0.621924
grid_15447,0.6763982608695652
grid_15448,0.5776978260869565
grid_15449,0.6042612173913043
grid_15450,0.5719852173913044
grid_15451,0.5500415652173914
grid_15452,0.6222039130434783
grid_15453,0.6191139430284858
grid_15454,0.4939154782608696
grid_15455,0.5791492173913044
grid_15456,0.5697634782608695
grid_15457,0.6152255652173914
grid_15458,0.5481671304347826
grid_15459,0.5796385093167702
grid_15460,0.49778869565217393
grid_15461,0.5419728695652174
grid_15462,0.5082539130434783
grid_15463,0.507680059970015
grid_15464,0.5060805217391305
grid_15465,0.5883353823088456
grid_15466,0.6691575652173912
grid_15467,0.5724882943143813
grid_15468,0.5037561739130435
grid_15469,0.5742457391304349
grid_15470,0.6785833850931677
grid_15471,0.6506758260869566
grid_15472,0.5467848695652174
grid_15473,0.5388940869565217
grid_15474,0.5315388405797102
grid_15475,0.5455852173913044
grid_15476,0.7139220869565217
grid_15477,0.7514536231884058
grid_15478,0.6571841739130435
grid_15479,0.661811304347826
grid_15480,0.7024495652173913
grid_15481,0.6830582608695651
grid_15482,0.7454337792642141
grid_15483,0.7486163478260869
grid_15484,0.7409817391304349
grid_15485,0.6251220289855073
grid_15486,0.4812281739130435
grid_15487,0.5194776167471821
grid_15488,0.6090443143812709
grid_15489,0.6075601739130435
grid_15490,0.45890852173913044
grid_15491,0.6325064347826087
grid_15492,0.519761204013378
grid_15493,0.5485057391304348
grid_15494,0.5106766956521739
grid_15495,0.6916476521739131
grid_15496,0.5811069565217392
grid_15497,0.6969984347826086
grid_15498,0.7400473913043479
grid_15499,0.7020318260869566
grid_15500,0.7223984347826089
grid_15501,0.712404
grid_15502,0.7385984347826089
grid_15503,0.7290599033816426
grid_15504,0.6970788605697154
grid_15505,0.6056833043478261
grid_15506,0.6420582608695652
grid_15507,0.6112104669887279
grid_15508,0.7458481739130436
grid_15509,0.6320676328502417
grid_15510,0.6722860869565217
grid_15511,0.6086660869565216
grid_15512,0.5538926956521739
grid_15513,0.6998441739130434
grid_15514,0.6473852173913044
grid_15515,0.6264984057971016
grid_15516,0.4806759420289855
grid_15517,0.5042972173913044
grid_15518,0.4637561739130435
grid_15519,0.4869889855072464
grid_15520,0.6409088566827698
grid_15521,0.49599495652173914
grid_15522,0.457632695652174
grid_15523,0.5611264347826087
grid_15524,0.5658235104669888
grid_15525,0.6056991948470212
grid_15526,0.4868949275362319
grid_15527,0.451995652173913
grid_15528,0.6006754782608696
grid_15529,0.44382852173913045
grid_15530,0.49921113043478266
grid_15531,0.6415923538230884
grid_15532,0.45745333333333327
grid_15533,0.4607478260869566
grid_15534,0.46100434782608696
grid_15535,0.7051434782608698
grid_15536,0.6231040000000001
grid_15537,0.7080391304347826
grid_15538,0.7000793043478261
grid_15539,0.7197520000000002
grid_15540,0.6850137391304348
grid_15541,0.7540201739130435
grid_15542,0.7322095652173912
grid_15543,0.7537905797101451
grid_15544,0.6311221739130434
grid_15545,0.49733710144927545
grid_15546,0.7075833043478262
grid_15547,0.5436948470209341
grid_15548,0.5161349565217391
grid_15549,0.6475588405797101
grid_15550,0.48233495652173913
grid_15551,0.45106139130434786
grid_15552,0.455603652173913
grid_15553,0.6385384347826087
grid_15554,0.45705104669887286
grid_15555,0.5894502608695653
grid_15556,0.6866874782608696
grid_15557,0.7227579710144928
grid_15558,0.6416949565217392
grid_15559,0.5903830584707647
grid_15560,0.5458786086956522
grid_15561,0.7166057391304348
grid_15562,0.6744916149068324
grid_15563,0.6893622608695652
grid_15564,0.5445593043478261
grid_15565,0.6518126956521739
grid_15566,0.6056386086956522
grid_15567,0.7695873043478261
grid_15568,0.7386252173913044
grid_15569,0.7159526956521739
grid_15570,0.6541488695652175
grid_15571,0.6701163478260871
grid_15572,0.7475059130434782
grid_15573,0.7686021739130436
grid_15574,0.693448115942029
grid_15575,0.5010840000000001
grid_15576,0.6958895652173914
grid_15577,0.47893791304347827
grid_15578,0.4659464347826088
grid_15579,0.5183768695652174
grid_15580,0.5423884057971015
grid_15581,0.49416832298136654
grid_15582,0.5882532173913044
grid_15583,0.5009058470764619
grid_15584,0.5023476811594203
grid_15585,0.5223895652173912
grid_15586,0.6965666086956523
grid_15587,0.7130523411371238
grid_15588,0.517752
grid_15589,0.6116346376811596
grid_15590,0.741486312399356
grid_15591,0.7558366956521739
grid_15592,0.6354494202898551
grid_15593,0.7096815652173915
grid_15594,0.7420586086956521
grid_15595,0.6703067826086957
grid_15596,0.500744347826087
grid_15597,0.7227050974512743
grid_15598,0.7005547826086956
grid_15599,0.5304673043478261
grid_15600,0.6245256521739132
grid_15601,0.6158337391304348
grid_15602,0.6120354782608696
grid_15603,0.5017860869565218
grid_15604,0.5808300869565217
grid_15605,0.7305587826086958
grid_15606,0.6224848695652174
grid_15607,0.6290674718196457
grid_15608,0.600816695652174
grid_15609,0.6414490434782608
grid_15610,0.7392537391304347
grid_15611,0.7216631239935588
grid_15612,0.756692
grid_15613,0.7525371014492753
grid_15614,0.659887304347826
grid_15615,0.6519147826086957
grid_15616,0.4836182608695653
grid_15617,0.5119169082125605
grid_15618,0.29968353579601176
grid_15619,0.15700312520035267
grid_15620,0.4896448757763975
grid_15621,0.34333642730096
grid_15622,0.5729914782608696
grid_15623,0.5219877329192547
grid_15624,0.472534927536232
grid_15625,0.22471797348484848
grid_15626,0.5474890434782609
grid_15627,0.47080208695652176
grid_15628,0.511180579710145
grid_15629,0.37791486318150447
grid_15630,0.5104332173913043
grid_15631,0.24314817391304352
grid_15632,0.16381516205533597
grid_15633,0.48383227424749164
grid_15634,0.42484014492753625
grid_15635,0.4575135652173914
grid_15636,0.5492029565217391
grid_15637,0.5431299130434782
grid_15638,0.5162115942028985
grid_15639,0.32767097977053145
grid_15640,0.49124086956521745
grid_15641,0.5592631239935588
grid_15642,0.5127761739130435
grid_15643,0.5754827536231883
grid_15644,0.4757893913043479
grid_15645,0.4281750039525692
grid_15646,0.374588
grid_15647,0.4757931677018634
grid_15648,0.49900437840076883
grid_15649,0.28163565217391306
grid_15650,0.5982180869565217
grid_15651,0.6024155279503105
grid_15652,0.48268643478260875
grid_15653,0.5894739130434784
grid_15654,0.6093272141706925
grid_15655,0.5492382608695653
grid_15656,0.45468243478260867
grid_15657,0.48509739130434787
grid_15658,0.4388346086956522
grid_15659,0.6305604197901051
grid_15660,0.48977200000000004
grid_15661,0.39589704347826093
grid_15662,0.6130355955105155
grid_15663,0.6196139130434785
grid_15664,0.5560341137123745
grid_15665,0.22364107142857145
grid_15666,0.36019
grid_15667,0.510786184178744
grid_15668,0.4644101534700823
grid_15669,0.6328439573353674
grid_15670,0.46344772947640595
grid_15671,0.6522350569169961
grid_15672,0.6252752768387198
grid_15673,0.4979712484993998
grid_15674,0.6450142608695653
grid_15675,0.526284695652174
grid_15676,0.5604057971014493
grid_15677,0.6323961739130436
grid_15678,0.45632799999999996
grid_15679,0.4579665217391304
grid_15680,0.5075805217391305
grid_15681,0.6225695652173914
grid_15682,0.59153115942029
grid_15683,0.5017958260869565
grid_15684,0.45269408695652175
grid_15685,0.5170551304347826
grid_15686,0.5075558260869566
grid_15687,0.4971603478260869
grid_15688,0.4578721739130435
grid_15689,0.49070173913043474
grid_15690,0.5010727536231884
grid_15691,0.5002673043478261
grid_15692,0.49709721739130436
grid_15693,0.45982573913043473
grid_15694,0.5818687888198759
grid_15695,0.4837586086956522
grid_15696,0.44734449275362315
grid_15697,0.5500897615708275
grid_15698,0.4747283478260871
grid_15699,0.5057033043478261
grid_15700,0.48931652173913043
grid_15701,0.45096054750402575
grid_15702,0.46407286956521737
grid_15703,0.4967980869565218
grid_15704,0.5037284280936454
grid_15705,0.4840328695652174
grid_15706,0.5156417069243155
grid_15707,0.5173501449275363
grid_15708,0.5082584057971015
grid_15709,0.45182488755622185
grid_15710,0.5454008695652175
grid_15711,0.4945848695652174
grid_15712,0.4634347826086957
grid_15713,0.45535026086956537
grid_15714,0.5052212173913044
grid_15715,0.5289393043478261
grid_15716,0.5209532173913044
grid_15717,0.5416919836956521
grid_15718,0.5851120000000001
grid_15719,0.7332031304347825
grid_15720,0.6199542608695653
grid_15721,0.5341883478260869
grid_15722,0.5170710144927536
grid_15723,0.6250055900621118
grid_15724,0.6991498447204971
grid_15725,0.6584949565217392
grid_15726,0.5283137391304349
grid_15727,0.5482586086956522
grid_15728,0.5157619130434783
grid_15729,0.7663040673211783
grid_15730,0.711244347826087
grid_15731,0.7138644122383253
grid_15732,0.5127373913043478
grid_15733,0.6751537391304347
grid_15734,0.613173043478261
grid_15735,0.7355626409017715
grid_15736,0.73776011994003
grid_15737,0.6218824347826089
grid_15738,0.6160226086956522
grid_15739,0.7548591304347826
grid_15740,0.7577003478260871
grid_15741,0.6191415942028987
grid_15742,0.7458991304347826
grid_15743,0.5425020289855073
grid_15744,0.6169586086956522
grid_15745,0.5667464347826087
grid_15746,0.7763384510869565
grid_15747,0.5484106446776612
grid_15748,0.5479184347826087
grid_15749,0.6877893913043478
grid_15750,0.6151318260869565
grid_15751,0.6977563607085345
grid_15752,0.7501785413744742
grid_15753,0.6096968695652174
grid_15754,0.544326231884058
grid_15755,0.5028457391304348
grid_15756,0.5419690434782608
grid_15757,0.5200311304347826
grid_15758,0.5379332173913043
grid_15759,0.6896128695652175
grid_15760,0.4881933913043479
grid_15761,0.6525826086956522
grid_15762,0.5437898050974513
grid_15763,0.5796613913043479
grid_15764,0.608928695652174
grid_15765,0.5571201739130435
grid_15766,0.5085111304347827
grid_15767,0.5093586206896552
grid_15768,0.5650031304347827
grid_15769,0.5716397101449275
grid_15770,0.5291031304347826
grid_15771,0.5105666086956522
grid_15772,0.5355088695652174
grid_15773,0.5649587826086957
grid_15774,0.5818452173913043
grid_15775,0.581084
grid_15776,0.7068907826086958
grid_15777,0.6694782608695653
grid_15778,0.723553768115942
grid_15779,0.7233693913043479
grid_15780,0.7361064347826087
grid_15781,0.6058993043478261
grid_15782,0.6619026755852843
grid_15783,0.5760799999999999
grid_15784,0.5576481739130434
grid_15785,0.5932759999999999
grid_15786,0.5468175652173914
grid_15787,0.5223140869565218
grid_15788,0.6181713043478261
grid_15789,0.5937957971014494
grid_15790,0.5571669565217392
grid_15791,0.5305154782608696
grid_15792,0.672013043478261
grid_15793,0.564590579710145
grid_15794,0.5476418290854572
grid_15795,0.5532163478260871
grid_15796,0.5066921739130436
grid_15797,0.610804695652174
grid_15798,0.5689515942028986
grid_15799,0.5332659130434783
grid_15800,0.487943652173913
grid_15801,0.5458872785829308
grid_15802,0.6259085217391305
grid_15803,0.48011478260869567
grid_15804,0.4997697101449276
grid_15805,0.5629754782608696
grid_15806,0.6208090062111801
grid_15807,0.5661603478260869
grid_15808,0.575349844720497
grid_15809,0.633052347826087
grid_15810,0.6395794202898553
grid_15811,0.629361043478261
grid_15812,0.5456139130434783
grid_15813,0.6925230434782609
grid_15814,0.6008890434782609
grid_15815,0.578038115942029
grid_15816,0.5196227826086957
grid_15817,0.5493170434782609
grid_15818,0.5542333913043478
grid_15819,0.5393734782608696
grid_15820,0.5600502608695652
grid_15821,0.5152347826086956
grid_15822,0.5444739130434784
grid_15823,0.5473202398800601
grid_15824,0.5552168695652174
grid_15825,0.5827166351606806
grid_15826,0.5695994782608695
grid_15827,0.49737234782608697
grid_15828,0.5573657971014493
grid_15829,0.5687988005997002
grid_15830,0.6274166351606806
grid_15831,0.6065958695652174
grid_15832,0.6088869565217392
grid_15833,0.6574636521739131
grid_15834,0.5354674782608696
grid_15835,0.5411892173913044
grid_15836,0.5362127536231883
grid_15837,0.5658128695652174
grid_15838,0.5391846376811595
grid_15839,0.5622860869565217
grid_15840,0.591957391304348
grid_15841,0.5452057391304348
grid_15842,0.5517702898550725
grid_15843,0.5321434782608696
grid_15844,0.5126445217391304
grid_15845,0.5000693913043479
grid_15846,0.5296288695652174
grid_15847,0.5802310789049919
grid_15848,0.5648316521739131
grid_15849,0.5563570434782609
grid_15850,0.6293105797101449
grid_15851,0.5629220869565218
grid_15852,0.5125533913043478
grid_15853,0.602048347826087
grid_15854,0.5265850434782609
grid_15855,0.5456100869565218
grid_15856,0.5255219130434783
grid_15857,0.5129414492753623
grid_15858,0.5929045217391304
grid_15859,0.46854047976012
grid_15860,0.5352389855072465
grid_15861,0.5859090434782609
grid_15862,0.549372347826087
grid_15863,0.5418563478260869
grid_15864,0.5567378260869565
grid_15865,0.5813296583850932
grid_15866,0.511836
grid_15867,0.5792850931677018
grid_15868,0.6457952173913044
grid_15869,0.6802434782608696
grid_15870,0.6520414715719064
grid_15871,0.5803925217391305
grid_15872,0.6330837944664033
grid_15873,0.5387902608695653
grid_15874,0.6001260869565218
grid_15875,0.5155686956521739
grid_15876,0.5101961739130434
grid_15877,0.5462954782608697
grid_15878,0.5717478260869565
grid_15879,0.583396851574213
grid_15880,0.5041775652173913
grid_15881,0.5698754782608696
grid_15882,0.5779797101449275
grid_15883,0.5522181677018635
grid_15884,0.569564695652174
grid_15885,0.5688779130434782
grid_15886,0.5662445217391304
grid_15887,0.6184901449275363
grid_15888,0.6066208695652174
grid_15889,0.5652194782608696
grid_15890,0.5264024347826087
grid_15891,0.5779403478260869
grid_15892,0.6101171936758893
grid_15893,0.5586855652173913
grid_15894,0.5266442028985507
grid_15895,0.5188919254658385
grid_15896,0.5978791304347826
grid_15897,0.5839845217391305
grid_15898,0.5867945249597424
grid_15899,0.5540965973534971
grid_15900,0.5252260869565218
grid_15901,0.48130217391304353
grid_15902,0.5279496894409939
grid_15903,0.5602269565217392
grid_15904,0.5617382608695652
grid_15905,0.5918780632411068
grid_15906,0.602748347826087
grid_15907,0.5874439130434783
grid_15908,0.5185217391304349
grid_15909,0.5845188405797103
grid_15910,0.4848507246376812
grid_15911,0.5490266666666667
grid_15912,0.4812873345935728
grid_15913,0.5695673913043477
grid_15914,0.5902464882943144
grid_15915,0.49184347826086966
grid_15916,0.5675645217391305
grid_15917,0.47262417391304345
grid_15918,0.5600204347826087
grid_15919,0.5384057453416149
grid_15920,0.529671304347826
grid_15921,0.512083043478261
grid_15922,0.5059963478260869
grid_15923,0.5767660869565217
grid_15924,0.5535970434782608
grid_15925,0.5922084886128365
grid_15926,0.5335888888888889
grid_15927,0.609429043478261
grid_15928,0.5557000000000001
grid_15929,0.6263347826086957
grid_15930,0.5963179130434783
grid_15931,0.6254961739130435
grid_15932,0.5891623188405797
grid_15933,0.5369011342155009
grid_15934,0.5145239130434782
grid_15935,0.5163866086956522
grid_15936,0.48261304347826095
grid_15937,0.5790692173913043
grid_15938,0.5484942608695652
grid_15939,0.5266898550724638
grid_15940,0.5169841739130434
grid_15941,0.4856043478260869
grid_15942,0.46631113043478256
grid_15943,0.5086182608695653
grid_15944,0.5954523715415019
grid_15945,0.5207586086956522
grid_15946,0.48040260869565216
grid_15947,0.5478013913043479
grid_15948,0.5529108695652174
grid_15949,0.5932826086956522
grid_15950,0.44154373913043476
grid_15951,0.5602655652173913
grid_15952,0.44598483794466404
grid_15953,0.617429347826087
grid_15954,0.5052187826086957
grid_15955,0.5605372670807454
grid_15956,0.4642015942028986
grid_15957,0.49305478260869573
grid_15958,0.5724765217391304
grid_15959,0.5750808695652174
grid_15960,0.5513430434782608
grid_15961,0.5316845577211395
grid_15962,0.2999996539933497
grid_15963,0.46665234782608694
grid_15964,0.5761660869565217
grid_15965,0.5647758260869565
grid_15966,0.5211630434782609
grid_15967,0.550864347826087
grid_15968,0.48379518633540375
grid_15969,0.5310355072463768
grid_15970,0.5765292173913044
grid_15971,0.506840579710145
grid_15972,0.5292026086956522
grid_15973,0.4948452495974236
grid_15974,0.4769324534161492
grid_15975,0.5003179710144928
grid_15976,0.5985911304347826
grid_15977,0.5591466086956521
grid_15978,0.38312713043478264
grid_15979,0.4691467391304348
grid_15980,0.59158
grid_15981,0.1305349107776282
grid_15982,0.5279891304347827
grid_15983,0.4847993043478261
grid_15984,0.5945168695652174
grid_15985,0.26777664383698146
grid_15986,0.2921247296568167
grid_15987,0.575235072463768
grid_15988,0.5869509565217392
grid_15989,0.5851375
grid_15990,0.1895281803264264
grid_15991,0.3818263636363637
grid_15992,0.12991397681786812
grid_15993,0.530205533596838
grid_15994,0.41009304347826087
grid_15995,0.5043049689440995
grid_15996,0.5114111111111111
grid_15997,0.5220222608695653
grid_15998,0.49870776397515526
grid_15999,0.4842992753623189
grid_16000,0.4648633333333334
grid_16001,0.4934020869565217
grid_16002,0.47575265700483094
grid_16003,0.46512727272727267
grid_16004,0.4832161739130435
grid_16005,0.2074496956521739
grid_16006,0.4229582298136646
grid_16007,0.5427104743083004
grid_16008,0.17838427708764662
grid_16009,0.5130998260869565
grid_16010,0.6115452173913044
grid_16011,0.27518757952192735
grid_16012,0.4800681739130435
grid_16013,0.617121391304348
grid_16014,0.45051119424054203
grid_16015,0.33170246903820816
grid_16016,0.572123652173913
grid_16017,0.5287417391304348
grid_16018,0.49315652173913044
grid_16019,0.5655669565217392
grid_16020,0.551989391304348
grid_16021,0.538063768115942
grid_16022,0.548439652173913
grid_16023,0.5408314009661835
grid_16024,0.5864062608695652
grid_16025,0.501882573404856
grid_16026,0.5778464347826088
grid_16027,0.5672539130434783
grid_16028,0.5671919040479759
grid_16029,0.5317693913043479
grid_16030,0.5717509565217391
grid_16031,0.5513124637681159
grid_16032,0.5317172173913044
grid_16033,0.5510697391304348
grid_16034,0.5833139588100686
grid_16035,0.5352561436672968
grid_16036,0.5398565217391305
grid_16037,0.5451891304347827
grid_16038,0.5831217391304349
grid_16039,0.5724760869565217
grid_16040,0.5107934782608696
grid_16041,0.49285728900255754
grid_16042,0.5614746086956522
grid_16043,0.6019708695652175
grid_16044,0.569694927536232
grid_16045,0.5746542443064182
grid_16046,0.5905255652173913
grid_16047,0.5508634782608695
grid_16048,0.5069492173913043
grid_16049,0.5215773913043479
grid_16050,0.4854307826086957
grid_16051,0.539055533596838
grid_16052,0.5830752964426877
grid_16053,0.5971940579710147
grid_16054,0.5428139130434784
grid_16055,0.5441963768115943
grid_16056,0.5854100869565217
grid_16057,0.5121521739130435
grid_16058,0.5188139130434782
grid_16059,0.5259260869565218
grid_16060,0.4972647826086957
grid_16061,0.5233992753623189
grid_16062,0.5405077803203661
grid_16063,0.528217701863354
grid_16064,0.5321660869565218
grid_16065,0.5037365217391304
grid_16066,0.5315434782608696
grid_16067,0.5278789565217391
grid_16068,0.526743043478261
grid_16069,0.4850713043478261
grid_16070,0.5555377717391304
grid_16071,0.516852795031056
grid_16072,0.5408815652173913
grid_16073,0.49834710144927546
grid_16074,0.5588788043478261
grid_16075,0.5429695652173913
grid_16076,0.5452653985507246
grid_16077,0.5318478260869566
grid_16078,0.5032450434782608
grid_16079,0.4996540372670807
grid_16080,0.5131888198757765
grid_16081,0.6088347826086957
grid_16082,0.6281826086956522
grid_16083,0.5690010869565219
grid_16084,0.5925649758454106
grid_16085,0.6601630434782608
grid_16086,0.5572789565217391
grid_16087,0.6581130434782609
grid_16088,0.5866356979405034
grid_16089,0.5858405217391305
grid_16090,0.6419800000000001
grid_16091,0.6554180869565218
grid_16092,0.7291547826086956
grid_16093,0.7150299130434783
grid_16094,0.5694013729977118
grid_16095,0.5488467391304349
grid_16096,0.5504225442834139
grid_16097,0.5328170807453415
grid_16098,0.5068476588628763
grid_16099,0.6384680124223602
grid_16100,0.5480982608695651
grid_16101,0.40425652173913046
grid_16102,0.5569766116941529
grid_16103,0.5816605217391305
grid_16104,0.48073913043478256
grid_16105,0.45740807453416155
grid_16106,0.4355663043478261
grid_16107,0.579067304347826
grid_16108,0.4021048913043479
grid_16109,0.5445990683229814
grid_16110,0.6880553043478261
grid_16111,0.7037104669887277
grid_16112,0.5551260869565218
grid_16113,0.600344695652174
grid_16114,0.6872514782608696
grid_16115,0.7182776167471819
grid_16116,0.5306554347826087
grid_16117,0.5850020703933748
grid_16118,0.6718765217391304
grid_16119,0.7199318260869566
grid_16120,0.5377157608695653
grid_16121,0.577880306905371
grid_16122,0.5656730434782609
grid_16123,0.717949527410208
grid_16124,0.7183013913043479
grid_16125,0.6414875000000001
grid_16126,0.6722721739130435
grid_16127,0.7645177536231885
grid_16128,0.7283251207729466
grid_16129,0.7642482837528606
grid_16130,0.7469950911640953
grid_16131,0.7598250329380765
grid_16132,0.7805675889328064
grid_16133,0.5636521739130436
grid_16134,0.7260760869565218
grid_16135,0.6169478260869566
grid_16136,0.7196726708074535
grid_16137,0.6590635451505017
grid_16138,0.6872102766798419
grid_16139,0.6082695652173913
grid_16140,0.7209688695652174
grid_16141,0.7303136645962734
grid_16142,0.6891827826086957
grid_16143,0.678664695652174
grid_16144,0.7041935652173913
grid_16145,0.7375550724637682
grid_16146,0.6659822608695652
grid_16147,0.7072652173913044
grid_16148,0.615947976011994
grid_16149,0.7203332298136645
grid_16150,0.6878862608695653
grid_16151,0.6599276397515529
grid_16152,0.6177675465838508
grid_16153,0.7039946859903381
grid_16154,0.6908311304347826
grid_16155,0.6799751304347826
grid_16156,0.5261191304347826
grid_16157,0.6036644927536233
grid_16158,0.6879913043478261
grid_16159,0.6973660535117058
grid_16160,0.7287406956521739
grid_16161,0.45205791304347825
grid_16162,0.3090575652173913
grid_16163,0.5080958260869566
grid_16164,0.7487433043478261
grid_16165,0.7161276972624799
grid_16166,0.7500111304347827
grid_16167,0.6326036231884059
grid_16168,0.4425565217391305
grid_16169,0.6622311036789299
grid_16170,0.5926078260869566
grid_16171,0.7509591304347826
grid_16172,0.6943959420289855
grid_16173,0.704772347826087
grid_16174,0.6241121739130435
grid_16175,0.6114189565217392
grid_16176,0.7365128935532238
grid_16177,0.7338089855072464
grid_16178,0.779353623188406
grid_16179,0.7540252173913043
grid_16180,0.5733440000000001
grid_16181,0.5249935652173913
grid_16182,0.138321173504157
grid_16183,0.2385585309617918
grid_16184,0.6677041739130435
grid_16185,0.7217530434782611
grid_16186,0.6058935652173912
grid_16187,0.5776506086956522
grid_16188,0.2513411304347826
grid_16189,0.6415660869565218
grid_16190,0.4486909565217392
grid_16191,0.4911876521739131
grid_16192,0.6981689855072464
grid_16193,0.7667841739130435
grid_16194,0.6477325281803543
grid_16195,0.6519246956521739
grid_16196,0.6137306086956521
grid_16197,0.7617779130434782
grid_16198,0.533744827586207
grid_16199,0.4336574879227054
grid_16200,0.7306005217391304
grid_16201,0.6524220869565218
grid_16202,0.6112822608695653
grid_16203,0.688075652173913
grid_16204,0.7297572463768116
grid_16205,0.6249343167701864
grid_16206,0.7224150621118012
grid_16207,0.5850589565217391
grid_16208,0.608291652173913
grid_16209,0.7450866666666668
grid_16210,0.6412539452495976
grid_16211,0.6175864347826088
grid_16212,0.574268695652174
grid_16213,0.5164418260869565
grid_16214,0.33428003293807634
grid_16215,0.5516092173913044
grid_16216,0.4961320000000001
grid_16217,0.5690189565217392
grid_16218,0.6225398260869565
grid_16219,0.6329772173913044
grid_16220,0.7395786086956521
grid_16221,0.66402
grid_16222,0.7133690821256038
grid_16223,0.6627525691699605
grid_16224,0.6786857971014493
grid_16225,0.7046434782608696
grid_16226,0.6840584347826087
grid_16227,0.6829759420289857
grid_16228,0.705192546583851
grid_16229,0.6815313043478262
grid_16230,0.7237523349436394
grid_16231,0.5144328695652174
grid_16232,0.6546459130434783
grid_16233,0.4428365217391304
grid_16234,0.5450890434782609
grid_16235,0.7773860869565218
grid_16236,0.486087304347826
grid_16237,0.7107917701863354
grid_16238,0.510636
grid_16239,0.6177819130434783
grid_16240,0.45585159420289856
grid_16241,0.5790874782608696
grid_16242,0.6652897391304348
grid_16243,0.5526547826086957
grid_16244,0.513124695652174
grid_16245,0.5735829431438128
grid_16246,0.47967260869565226
grid_16247,0.5625208695652175
grid_16248,0.5962133913043478
grid_16249,0.6960093913043479
grid_16250,0.7079215652173914
grid_16251,0.659748875562219
grid_16252,0.5358735652173913
grid_16253,0.6011747826086957
grid_16254,0.5357040579710145
grid_16255,0.5781678260869565
grid_16256,0.5054822608695653
grid_16257,0.5398886956521739
grid_16258,0.564772695652174
grid_16259,0.5023911304347827
grid_16260,0.5018130434782608
grid_16261,0.669151690821256
grid_16262,0.46548452173913046
grid_16263,0.4646679710144928
grid_16264,0.6526946859903383
grid_16265,0.5162746086956521
grid_16266,0.5651584347826087
grid_16267,0.6042752717391303
grid_16268,0.643427424749164
grid_16269,0.4826505247376312
grid_16270,0.48716956521739135
grid_16271,0.48660278260869566
grid_16272,0.47040885668276977
grid_16273,0.5155539130434782
grid_16274,0.5044921739130435
grid_16275,0.591788179347826
grid_16276,0.46556052173913043
grid_16277,0.534943652173913
grid_16278,0.597581391304348
grid_16279,0.4607660869565217
grid_16280,0.498682463768116
grid_16281,0.5600685217391305
grid_16282,0.5490984347826087
grid_16283,0.5416892857142858
grid_16284,0.5338723478260871
grid_16285,0.5277796521739131
grid_16286,0.5901278260869565
grid_16287,0.5357704968944099
grid_16288,0.5368433043478261
grid_16289,0.49893275362318845
grid_16290,0.5064026086956521
grid_16291,0.5311471304347826
grid_16292,0.590669043478261
grid_16293,0.5706987826086958
grid_16294,0.5356400000000001
grid_16295,0.5701980869565219
grid_16296,0.4905523478260869
grid_16297,0.5315441739130435
grid_16298,0.6487125217391305
grid_16299,0.5098813913043478
grid_16300,0.49317895652173915
grid_16301,0.5483253913043478
grid_16302,0.5247189565217392
grid_16303,0.5108198260869565
grid_16304,0.5417862608695652
grid_16305,0.5140444927536233
grid_16306,0.5099631304347827
grid_16307,0.5239175652173913
grid_16308,0.5728902608695652
grid_16309,0.5218398260869566
grid_16310,0.4895014492753623
grid_16311,0.49122191304347823
grid_16312,0.4992139430284858
grid_16313,0.5194321739130434
grid_16314,0.5761598260869565
grid_16315,0.5239674782608695
grid_16316,0.5729921739130435
grid_16317,0.5477481739130435
grid_16318,0.46845756521739124
grid_16319,0.5142855072463768
grid_16320,0.6965895330112722
grid_16321,0.6911645217391306
grid_16322,0.5258844990548203
grid_16323,0.5326033333333334
grid_16324,0.6886788819875777
grid_16325,0.6521144164759726
grid_16326,0.6742582608695653
grid_16327,0.5896739130434784
grid_16328,0.5690459627329193
grid_16329,0.5208012173913044
grid_16330,0.4855086956521739
grid_16331,0.4942224347826087
grid_16332,0.5150713043478261
grid_16333,0.46741275362318835
grid_16334,0.5157525946704068
grid_16335,0.5218855590062111
grid_16336,0.47733495652173913
grid_16337,0.5226876254180601
grid_16338,0.5765037681159421
grid_16339,0.47781623188405803
grid_16340,0.46711130434782605
grid_16341,0.4788485217391305
grid_16342,0.4911153043478261
grid_16343,0.5613030595813205
grid_16344,0.6517092753623187
grid_16345,0.4911038260869565
grid_16346,0.6725259197324415
grid_16347,0.47658452173913046
grid_16348,0.5078220869565218
grid_16349,0.5016193043478261
grid_16350,0.5165777391304348
grid_16351,0.512858850931677
grid_16352,0.6126795491143318
grid_16353,0.509152
grid_16354,0.5294191304347826
grid_16355,0.5420099378881987
grid_16356,0.6281674782608697
grid_16357,0.5530820869565217
grid_16358,0.6764758260869566
grid_16359,0.5775665217391306
grid_16360,0.5359506086956521
grid_16361,0.5112443478260871
grid_16362,0.5042669565217391
grid_16363,0.496916811594203
grid_16364,0.492204
grid_16365,0.5445420869565217
grid_16366,0.5758659130434782
grid_16367,0.3727779130434783
grid_16368,0.509176347826087
grid_16369,0.566168
grid_16370,0.5161526086956523
grid_16371,0.5077913043478262
grid_16372,0.598078421900161
grid_16373,0.5439453623188406
grid_16374,0.4882436521739131
grid_16375,0.7258326836581711
grid_16376,0.45426852173913057
grid_16377,0.5145511304347825
grid_16378,0.7307671304347827
grid_16379,0.6325671014492754
grid_16380,0.6112493788819876
grid_16381,0.5779546195652174
grid_16382,0.5505449275362319
grid_16383,0.544595652173913
grid_16384,0.4848833043478261
grid_16385,0.5634541501976286
grid_16386,0.5395561996779389
grid_16387,0.5751580209895052
grid_16388,0.5663814229249011
grid_16389,0.5051260869565217
grid_16390,0.5357653913043479
grid_16391,0.5190086956521739
grid_16392,0.7368502415458938
grid_16393,0.7503718260869566
grid_16394,0.6532455652173913
grid_16395,0.7541260869565217
grid_16396,0.6067255652173913
grid_16397,0.5561761739130435
grid_16398,0.6550820289855073
grid_16399,0.7520323478260871
grid_16400,0.5101119565217391
grid_16401,0.4754913043478261
grid_16402,0.5358027826086957
grid_16403,0.474097536231884
grid_16404,0.47320904347826087
grid_16405,0.49537895652173924
grid_16406,0.4679928695652174
grid_16407,0.49700886956521734
grid_16408,0.4762643478260869
grid_16409,0.4876659130434783
grid_16410,0.5490014492753622
grid_16411,0.5943939130434783
grid_16412,0.5343916264090177
grid_16413,0.5025859531772576
grid_16414,0.5615772173913043
grid_16415,0.5943254872563719
grid_16416,0.6242155279503107
grid_16417,0.5705028985507247
grid_16418,0.5400604743083004
grid_16419,0.5596682971014493
grid_16420,0.479816347826087
grid_16421,0.6101423188405798
grid_16422,0.5431582608695652
grid_16423,0.4864634782608695
grid_16424,0.6322591304347827
grid_16425,0.5162194782608696
grid_16426,0.5416676521739131
grid_16427,0.5564734782608696
grid_16428,0.535380193236715
grid_16429,0.5074619130434783
grid_16430,0.7250593043478262
grid_16431,0.7161004658385093
grid_16432,0.6204364130434783
grid_16433,0.7299954849498328
grid_16434,0.733642956521739
grid_16435,0.6846306086956521
grid_16436,0.6344584347826087
grid_16437,0.6906653623188406
grid_16438,0.7092883478260871
grid_16439,0.6824570434782609
grid_16440,0.4646977391304348
grid_16441,0.49243147826086964
grid_16442,0.45992923538230884
grid_16443,0.4790073043478262
grid_16444,0.4922246376811594
grid_16445,0.45943347826086955
grid_16446,0.4799492173913044
grid_16447,0.5244772173913044
grid_16448,0.5232377391304349
grid_16449,0.5175135265700482
grid_16450,0.545019806763285
grid_16451,0.5426208395802099
grid_16452,0.4461036521739131
grid_16453,0.44185913043478264
grid_16454,0.6044895652173913
grid_16455,0.45891113043478254
grid_16456,0.505291884057971
grid_16457,0.5919673043478261
grid_16458,0.6088227826086957
grid_16459,0.500132
grid_16460,0.6186805217391305
grid_16461,0.6221936454849499
grid_16462,0.5062450885668278
grid_16463,0.5305905547226386
grid_16464,0.7277033043478259
grid_16465,0.4927281739130435
grid_16466,0.5651031304347827
grid_16467,0.7539629565217392
grid_16468,0.6495483091787441
grid_16469,0.5326267826086957
grid_16470,0.5051686956521739
grid_16471,0.7395630434782609
grid_16472,0.6084041739130435
grid_16473,0.7069946859903382
grid_16474,0.7293771336553946
grid_16475,0.6265549114331724
grid_16476,0.7532667826086957
grid_16477,0.6338895652173914
grid_16478,0.5756295652173913
grid_16479,0.7177314842578709
grid_16480,0.6925878260869566
grid_16481,0.4913869565217392
grid_16482,0.6843165217391304
grid_16483,0.544559652173913
grid_16484,0.5390535652173913
grid_16485,0.499904
grid_16486,0.5536727858293076
grid_16487,0.5352700000000001
grid_16488,0.5027386806596702
grid_16489,0.6074236521739131
grid_16490,0.56076
grid_16491,0.6332055472263868
grid_16492,0.5568521739130435
grid_16493,0.5566246894409937
grid_16494,0.608909391304348
grid_16495,0.6354344347826087
grid_16496,0.4834445217391304
grid_16497,0.5495879710144927
grid_16498,0.5282808695652174
grid_16499,0.5838178260869565
grid_16500,0.7019093913043478
grid_16501,0.5596940579710146
grid_16502,0.6169582608695652
grid_16503,0.6684099130434784
grid_16504,0.6387987826086957
grid_16505,0.7418617391304348
grid_16506,0.6941330434782609
grid_16507,0.6070966666666666
grid_16508,0.6990834782608695
grid_16509,0.7585115942028985
grid_16510,0.5199177133655395
grid_16511,0.5108819130434783
grid_16512,0.4941031304347826
grid_16513,0.6249831304347826
grid_16514,0.5668375201288245
grid_16515,0.5454742608695653
grid_16516,0.6342217391304348
grid_16517,0.5979826086956522
grid_16518,0.47511930434782607
grid_16519,0.5222849378881987
grid_16520,0.7411015652173912
grid_16521,0.49151130434782614
grid_16522,0.6136769726247986
grid_16523,0.5005149565217392
grid_16524,0.5017810434782609
grid_16525,0.5070556521739131
grid_16526,0.5474264347826087
grid_16527,0.5201826086956522
grid_16528,0.5493232608695653
grid_16529,0.5561368530020704
grid_16530,0.5875660869565217
grid_16531,0.6128221967963388
grid_16532,0.5224031055900621
grid_16533,0.5295391304347826
grid_16534,0.6147158102766799
grid_16535,0.5053000000000001
grid_16536,0.6455695652173913
grid_16537,0.5070775919732442
grid_16538,0.6076304347826087
grid_16539,0.6014178410794602
grid_16540,0.7590158260869565
grid_16541,0.7092121739130435
grid_16542,0.6990518394648829
grid_16543,0.6922289855072463
grid_16544,0.6123869565217391
grid_16545,0.5334066086956522
grid_16546,0.7238076811594202
grid_16547,0.6553893913043478
grid_16548,0.778336231884058
grid_16549,0.5503604347826087
grid_16550,0.5441944927536233
grid_16551,0.5658518260869566
grid_16552,0.6432951863354038
grid_16553,0.5193175652173914
grid_16554,0.5577856071964018
grid_16555,0.5325279264214047
grid_16556,0.4834085217391304
grid_16557,0.6254346086956521
grid_16558,0.5527628185907045
grid_16559,0.49411234782608693
grid_16560,0.6862107621483376
grid_16561,0.6111250421117064
grid_16562,0.35673200000000005
grid_16563,0.5868937862782164
grid_16564,0.6361641739130435
grid_16565,0.7223389565217392
grid_16566,0.7128343067503682
grid_16567,0.7229608695652174
grid_16568,0.5430480165289256
grid_16569,0.6631787250894035
grid_16570,0.46774104347826095
grid_16571,0.49288631239935593
grid_16572,0.49288776167471826
grid_16573,0.5069102608695651
grid_16574,0.4781721139430285
grid_16575,0.4774641739130436
grid_16576,0.45671797101449274
grid_16577,0.47064260869565216
grid_16578,0.47551478260869556
grid_16579,0.47895517241379315
grid_16580,0.5258370434782609
grid_16581,0.4812153043478261
grid_16582,0.4901008695652173
grid_16583,0.47503494363929155
grid_16584,0.4550260869565218
grid_16585,0.4750911594202899
grid_16586,0.4896493913043478
grid_16587,0.4878019130434783
grid_16588,0.4781071304347826
grid_16589,0.48707895652173916
grid_16590,0.45218409090909095
grid_16591,0.6407187826086956
grid_16592,0.7035056067925635
grid_16593,0.684158996047431
grid_16594,0.7265438260869566
grid_16595,0.6307499130434784
grid_16596,0.7084892545454545
grid_16597,0.7260727536231885
grid_16598,0.572676469380422
grid_16599,0.5214941666666666
grid_16600,0.5603646956521738
grid_16601,0.48935391304347825
grid_16602,0.5037542608695652
grid_16603,0.493844347826087
grid_16604,0.48653391304347837
grid_16605,0.48264782608695644
grid_16606,0.48435877616747186
grid_16607,0.5183422608695651
grid_16608,0.49495450310559
grid_16609,0.4843580745341615
grid_16610,0.5139953043478261
grid_16611,0.4866928695652174
grid_16612,0.5335377391304348
grid_16613,0.5244062608695652
grid_16614,0.5665309006211181
grid_16615,0.4958859130434783
grid_16616,0.4176714492753622
grid_16617,0.5756234782608697
grid_16618,0.522240347826087
grid_16619,0.5042125603864732
grid_16620,0.5336928571428572
grid_16621,0.5064118729096989
grid_16622,0.5767293913043477
grid_16623,0.47977130434782617
grid_16624,0.5725201449275362
grid_16625,0.513124347826087
grid_16626,0.498328695652174
grid_16627,0.527716695652174
grid_16628,0.5838060869565218
grid_16629,0.4232630434782609
grid_16630,0.6881374190664409
grid_16631,0.7277180869565217
grid_16632,0.5713956521739132
grid_16633,0.7276093913043479
grid_16634,0.5523147685185186
grid_16635,0.7325796521739132
grid_16636,0.6781904347826085
grid_16637,0.6217922285603066
grid_16638,0.5748491304347827
grid_16639,0.7434615942028985
grid_16640,0.7205271304347828
grid_16641,0.7473092173913044
grid_16642,0.7572471225296443
grid_16643,0.5080732565789473
grid_16644,0.7438845217391306
grid_16645,0.6505289174316102
grid_16646,0.6697550167224081
grid_16647,0.5415205873658507
grid_16648,0.7085826086956521
grid_16649,0.7243323478260869
grid_16650,0.4859895652173914
grid_16651,0.479364
grid_16652,0.4183732689210951
grid_16653,0.5901853913043479
grid_16654,0.4579264347826087
grid_16655,0.48488765217391305
grid_16656,0.5135593043478262
grid_16657,0.46643617391304354
grid_16658,0.5065061191626409
grid_16659,0.4822309565217392
grid_16660,0.6218554782608696
grid_16661,0.7502539130434783
grid_16662,0.5020613913043479
grid_16663,0.7230551304347824
grid_16664,0.6626895652173913
grid_16665,0.717356347826087
grid_16666,0.5870288405797103
grid_16667,0.4983699130434783
grid_16668,0.7036052173913044
grid_16669,0.5003678571428571
grid_16670,0.5191233333333334
grid_16671,0.589564347826087
grid_16672,0.54602889200561
grid_16673,0.5070005217391305
grid_16674,0.5766252173913045
grid_16675,0.510964402173913
grid_16676,0.49902449275362326
grid_16677,0.6099043478260869
grid_16678,0.5350031304347826
grid_16679,0.48790765217391313
grid_16680,0.5181521739130435
grid_16681,0.5056065217391305
grid_16682,0.5823306324110672
grid_16683,0.5350386287625419
grid_16684,0.5650841739130434
grid_16685,0.6750429565217391
grid_16686,0.5514281055900622
grid_16687,0.7417986622073579
grid_16688,0.5959398260869565
grid_16689,0.6950954782608695
grid_16690,0.7323492173913045
grid_16691,0.7305824728260869
grid_16692,0.6008926086956521
grid_16693,0.5145310144927537
grid_16694,0.7280880000000001
grid_16695,0.6994892976588629
grid_16696,0.568242474916388
grid_16697,0.4606464347826087
grid_16698,0.7157944347826088
grid_16699,0.6514954782608696
grid_16700,0.5768713958810069
grid_16701,0.7404127536231884
grid_16702,0.6500922360248448
grid_16703,0.5648502608695652
grid_16704,0.5299026086956522
grid_16705,0.4947019323671497
grid_16706,0.6138884057971016
grid_16707,0.5477956521739131
grid_16708,0.49201304347826086
grid_16709,0.5566919732441472
grid_16710,0.5507363354037267
grid_16711,0.557490513833992
grid_16712,0.5151425120772948
grid_16713,0.6871488755622188
grid_16714,0.6381805217391304
grid_16715,0.6340945179584121
grid_16716,0.7136252173913044
grid_16717,0.5095859213250518
grid_16718,0.5583490118577074
grid_16719,0.7056760869565216
grid_16720,0.591063516068053
grid_16721,0.48907582608695654
grid_16722,0.6402069565217391
grid_16723,0.4856913043478261
grid_16724,0.5496990118577074
grid_16725,0.5197902173913044
grid_16726,0.6798939958592132
grid_16727,0.5955985507246376
grid_16728,0.5947873188405798
grid_16729,0.506131884057971
grid_16730,0.588548115942029
grid_16731,0.6577296442687746
grid_16732,0.5755115942028985
grid_16733,0.5939000000000001
grid_16734,0.674397391304348
grid_16735,0.602008115942029
grid_16736,0.6230572890025576
grid_16737,0.7355335652173913
grid_16738,0.7307252173913044
grid_16739,0.6833735652173913
grid_16740,0.6976248641304349
grid_16741,0.6849816576086957
grid_16742,0.7468547826086958
grid_16743,0.6728100189035917
grid_16744,0.5442182608695653
grid_16745,0.6284373913043478
grid_16746,0.4965895052473764
grid_16747,0.5202139130434783
grid_16748,0.459480695652174
grid_16749,0.5152587826086957
grid_16750,0.5070140869565217
grid_16751,0.5247275919732441
grid_16752,0.5197180869565217
grid_16753,0.4725684380032207
grid_16754,0.4992822608695653
grid_16755,0.45741078260869567
grid_16756,0.5068
grid_16757,0.5242665760869566
grid_16758,0.5912195652173914
grid_16759,0.469976
grid_16760,0.45305130434782614
grid_16761,0.5167262608695653
grid_16762,0.4725110144927536
grid_16763,0.4670214833759591
grid_16764,0.5067172173913044
grid_16765,0.4891646376811594
grid_16766,0.4864973913043479
grid_16767,0.46943782608695656
grid_16768,0.49120869565217395
grid_16769,0.7319328695652174
grid_16770,0.7143801739130434
grid_16771,0.7389469565217394
grid_16772,0.5859483695652175
grid_16773,0.6585173913043478
grid_16774,0.7055049919484704
grid_16775,0.6571904347826087
grid_16776,0.6985539130434781
grid_16777,0.5322915760869565
grid_16778,0.6744217391304347
grid_16779,0.5190378260869566
grid_16780,0.49883448275862075
grid_16781,0.467528
grid_16782,0.5054243478260869
grid_16783,0.470881074168798
grid_16784,0.48788156521739123
grid_16785,0.4873852173913044
grid_16786,0.5017612476370511
grid_16787,0.5340684380032206
grid_16788,0.48197665903890163
grid_16789,0.45404637681159427
grid_16790,0.48127588932806337
grid_16791,0.49695341614906835
grid_16792,0.5778985507246378
grid_16793,0.703751811594203
grid_16794,0.7139504830917874
grid_16795,0.4801285326086957
grid_16796,0.49364541062801937
grid_16797,0.534718115942029
grid_16798,0.5488359420289856
grid_16799,0.730773602484472
grid_16800,0.6591644575643069
grid_16801,0.7222043411691285
grid_16802,0.6379273043478261
grid_16803,0.7287450310559007
grid_16804,0.747636
grid_16805,0.7179010434782609
grid_16806,0.7193944347826087
grid_16807,0.7354566666666668
grid_16808,0.47571895652173923
grid_16809,0.5223579130434782
grid_16810,0.543428
grid_16811,0.5058509565217392
grid_16812,0.4956968695652175
grid_16813,0.47431065918653575
grid_16814,0.5157914492753624
grid_16815,0.4845006956521739
grid_16816,0.48388485757121436
grid_16817,0.5176224347826087
grid_16818,0.6200353043478262
grid_16819,0.6832996521739131
grid_16820,0.5198833583208397
grid_16821,0.7104307826086956
grid_16822,0.6282577084614588
grid_16823,0.5196324915824916
grid_16824,0.6774259130434782
grid_16825,0.6709259906848808
grid_16826,0.706162412342216
grid_16827,0.5692302608695653
grid_16828,0.49248400000000003
grid_16829,0.5279949565217392
grid_16830,0.5574015652173914
grid_16831,0.5080076521739131
grid_16832,0.5273475040257649
grid_16833,0.5205932367149758
grid_16834,0.5084153532608696
grid_16835,0.5068139130434783
grid_16836,0.5274095652173914
grid_16837,0.5829308300395257
grid_16838,0.6010194202898552
grid_16839,0.5659553043478261
grid_16840,0.6347100869565218
grid_16841,0.5388817391304347
grid_16842,0.5994933977455716
grid_16843,0.5337147826086958
grid_16844,0.6167180925666199
grid_16845,0.5192753043478261
grid_16846,0.5788479933110369
grid_16847,0.5469465217391304
grid_16848,0.597841043478261
grid_16849,0.5432780869565217
grid_16850,0.6494274782608696
grid_16851,0.6321647826086956
grid_16852,0.5987692307692307
grid_16853,0.6904132173913042
grid_16854,0.6151391304347826
grid_16855,0.6519836521739131
grid_16856,0.6290752173913045
grid_16857,0.5278772173913044
grid_16858,0.6843069565217392
grid_16859,0.7101813913043479
grid_16860,0.6702746086956521
grid_16861,0.7025274532767288
grid_16862,0.56512082860847
grid_16863,0.7443304347826086
grid_16864,0.7203674782608696
grid_16865,0.6473149565217392
grid_16866,0.7456048695652174
grid_16867,0.7187558260869565
grid_16868,0.7125113943028486
grid_16869,0.6526881739130436
grid_16870,0.5194379130434783
grid_16871,0.7288751358695652
grid_16872,0.5883589565217392
grid_16873,0.7312353043478261
grid_16874,0.6841283478260869
grid_16875,0.7203138486312398
grid_16876,0.5910404558410798
grid_16877,0.7460187826086957
grid_16878,0.5394233333333334
grid_16879,0.5253255652173914
grid_16880,0.5676829710144927
grid_16881,0.6329821739130436
grid_16882,0.7082662608695652
grid_16883,0.726248447204969
grid_16884,0.5348553043478261
grid_16885,0.5026742128935532
grid_16886,0.6726549114331724
grid_16887,0.712992695652174
grid_16888,0.6398042384638308
grid_16889,0.660572
grid_16890,0.7029516908212562
grid_16891,0.6214427826086957
grid_16892,0.44650033068783074
grid_16893,0.6307008695652174
grid_16894,0.7102667826086957
grid_16895,0.6363419130434782
grid_16896,0.6838864734299518
grid_16897,0.5899422608695652
grid_16898,0.5244354347826086
grid_16899,0.7009557453416152
grid_16900,0.5632480000000001
grid_16901,0.6079855652173913
grid_16902,0.5235749565217391
grid_16903,0.7184933913043479
grid_16904,0.7067045088566828
grid_16905,0.5998831304347827
grid_16906,0.6748158260869566
grid_16907,0.5373666086956522
grid_16908,0.6904902898550724
grid_16909,0.7153285217391304
grid_16910,0.6313245217391305
grid_16911,0.6082144347826087
grid_16912,0.6749941780538303
grid_16913,0.7164958260869565
grid_16914,0.7282756521739131
grid_16915,0.6103384347826087
grid_16916,0.5843565217391304
grid_16917,0.7335360869565216
grid_16918,0.691138115942029
grid_16919,0.5249416149068323
grid_16920,0.6498620869565217
grid_16921,0.7101094720496893
grid_16922,0.6320413913043478
grid_16923,0.7303498447204968
grid_16924,0.6600678260869566
grid_16925,0.7109412173913043
grid_16926,0.5713304347826087
grid_16927,0.5974991304347826
grid_16928,0.5720300916531387
grid_16929,0.7004183574879228
grid_16930,0.550066889632107
grid_16931,0.6925626086956521
grid_16932,0.7025673043478261
grid_16933,0.5171174242424242
grid_16934,0.723596231884058
grid_16935,0.6057968695652175
grid_16936,0.5649062608695652
grid_16937,0.669427304347826
grid_16938,0.6515133913043479
grid_16939,0.6452096618357488
grid_16940,0.5986704347826087
grid_16941,0.7392573913043479
grid_16942,0.6861413913043479
grid_16943,0.7300596521739132
grid_16944,0.6163115489130435
grid_16945,0.5576128695652174
grid_16946,0.6045674782608697
grid_16947,0.7022720289855074
grid_16948,0.6802029754415999
grid_16949,0.6597001739130435
grid_16950,0.7161311304347826
grid_16951,0.6314344347826087
grid_16952,0.6899829307568438
grid_16953,0.5557494202898551
grid_16954,0.6163401739130435
grid_16955,0.5233833043478261
grid_16956,0.539919652173913
grid_16957,0.5366132173913044
grid_16958,0.5546015942028986
grid_16959,0.7045161739130436
grid_16960,0.6428398260869566
grid_16961,0.6870115384615384
grid_16962,0.6236706641391735
grid_16963,0.7049694450718366
grid_16964,0.7143586086956522
grid_16965,0.5723017391304349
grid_16966,0.6353982008995502
grid_16967,0.6924173913043478
grid_16968,0.5981793043478261
grid_16969,0.6972354782608696
grid_16970,0.6090986086956522
grid_16971,0.722308152173913
grid_16972,0.5873088695652174
grid_16973,0.6746325051759834
grid_16974,0.6048704013377927
grid_16975,0.5566371237458194
grid_16976,0.7114487414187642
grid_16977,0.5457942608695653
grid_16978,0.6169881739130435
grid_16979,0.6027577391304348
grid_16980,0.6494393043478262
grid_16981,0.5354707646176912
grid_16982,0.5999537842190016
grid_16983,0.6165201739130435
grid_16984,0.5354052173913044
grid_16985,0.6229133913043478
grid_16986,0.6563043478260869
grid_16987,0.664032
grid_16988,0.534067652173913
grid_16989,0.6782982608695652
grid_16990,0.6839723027375201
grid_16991,0.5635049275362317
grid_16992,0.6325749565217392
grid_16993,0.6694586086956521
grid_16994,0.5303900869565217
grid_16995,0.5351124223602485
grid_16996,0.5378156521739131
grid_16997,0.7034547504025765
grid_16998,0.5439249999999999
grid_16999,0.5229144347826088
grid_17000,0.6034295652173914
grid_17001,0.5958153043478261
grid_17002,0.6487960000000002
grid_17003,0.4958819130434783
grid_17004,0.6519171195652175
grid_17005,0.48578927536231886
grid_17006,0.5056328695652175
grid_17007,0.6050264347826088
grid_17008,0.6973294896030247
grid_17009,0.630027536231884
grid_17010,0.5660069565217392
grid_17011,0.5261754782608696
grid_17012,0.5636594782608696
grid_17013,0.7269699130434784
grid_17014,0.5714243788819876
grid_17015,0.5553262318840579
grid_17016,0.5945903726708074
grid_17017,0.5664480000000001
grid_17018,0.6972173913043477
grid_17019,0.5824403478260869
grid_17020,0.7315100869565218
grid_17021,0.6262814381270903
grid_17022,0.6120961739130434
grid_17023,0.6067361739130436
grid_17024,0.7078228663446055
grid_17025,0.6881086956521739
grid_17026,0.6619709565217391
grid_17027,0.7024202898550724
grid_17028,0.5259295652173913
grid_17029,0.5217746086956523
grid_17030,0.5611040579710145
grid_17031,0.5174148829431439
grid_17032,0.4993535652173913
grid_17033,0.4911815652173913
grid_17034,0.5690546086956523
grid_17035,0.5556742608695653
grid_17036,0.5315653913043479
grid_17037,0.5662422608695653
grid_17038,0.5172753615785182
grid_17039,0.27223309523809525
grid_17040,0.542182480331263
grid_17041,0.3099645610119048
grid_17042,0.5364179565217391
grid_17043,0.41930713768115946
grid_17044,0.27578541666666667
grid_17045,0.553196347826087
grid_17046,0.45103307167325435
grid_17047,0.2610188888888889
grid_17048,0.7501703557312254
grid_17049,0.6291721739130434
grid_17050,0.5511506086956522
grid_17051,0.7307623188405797
grid_17052,0.706894685990338
grid_17053,0.6583599033816425
grid_17054,0.6948472826086958
grid_17055,0.5886845217391304
grid_17056,0.7124648829431438
grid_17057,0.6246443478260869
grid_17058,0.4768113043478261
grid_17059,0.4900250434782608
grid_17060,0.5695061141304348
grid_17061,0.5052066086956521
grid_17062,0.5394507246376813
grid_17063,0.5426000000000001
grid_17064,0.5448004497751124
grid_17065,0.49345826086956524
grid_17066,0.5598464347826088
grid_17067,0.5721513043478261
grid_17068,0.7076739130434783
grid_17069,0.7433195652173913
grid_17070,0.6997434782608696
grid_17071,0.6146865217391304
grid_17072,0.635704347826087
grid_17073,0.6777482608695654
grid_17074,0.6742125217391306
grid_17075,0.6572852173913043
grid_17076,0.6256708695652173
grid_17077,0.703961352657005
grid_17078,0.5964187826086956
grid_17079,0.6648321739130436
grid_17080,0.6393160000000001
grid_17081,0.49732869565217397
grid_17082,0.5065090434782609
grid_17083,0.5472277361319341
grid_17084,0.5702263868065968
grid_17085,0.5291780998389695
grid_17086,0.5472184347826087
grid_17087,0.5296388405797102
grid_17088,0.5753532173913043
grid_17089,0.5514093913043479
grid_17090,0.6906928695652175
grid_17091,0.5798876811594204
grid_17092,0.5256728695652174
grid_17093,0.496547049689441
grid_17094,0.556409500805153
grid_17095,0.5224862608695653
grid_17096,0.6399859420289855
grid_17097,0.5774947826086957
grid_17098,0.5181547826086956
grid_17099,0.6396744347826088
grid_17100,0.5397950310559007
grid_17101,0.3826165662970282
grid_17102,0.5401507826086956
grid_17103,0.5590685618729098
grid_17104,0.4881327260420739
grid_17105,0.621408166420663
grid_17106,0.5409281739130435
grid_17107,0.6226553686403112
grid_17108,0.5540979710144928
grid_17109,0.6533685217391304
grid_17110,0.44217824825256125
grid_17111,0.5894700483091787
grid_17112,0.588243628185907
grid_17113,0.6483406956521739
grid_17114,0.6304926086956522
grid_17115,0.6433641943734016
grid_17116,0.6131572082379864
grid_17117,0.6175447204968945
grid_17118,0.59354099378882
grid_17119,0.6366906086956522
grid_17120,0.6960599033816425
grid_17121,0.7333468115942028
grid_17122,0.7435401739130435
grid_17123,0.6588657391304348
grid_17124,0.5145902608695653
grid_17125,0.5435671014492753
grid_17126,0.5484794782608695
grid_17127,0.5403945249597425
grid_17128,0.5464227826086957
grid_17129,0.6301993043478261
grid_17130,0.6771692173913044
grid_17131,0.6609085507246378
grid_17132,0.5184362876254182
grid_17133,0.6148788405797102
grid_17134,0.5634045150501673
grid_17135,0.5130114782608696
grid_17136,0.6101846956521739
grid_17137,0.5142013913043478
grid_17138,0.5623255652173913
grid_17139,0.5224594202898551
grid_17140,0.6031521739130435
grid_17141,0.7029555183946488
grid_17142,0.611910485933504
grid_17143,0.6585521739130435
grid_17144,0.5888226843100189
grid_17145,0.6217967793880836
grid_17146,0.6778034782608696
grid_17147,0.6025408026755853
grid_17148,0.625843043478261
grid_17149,0.5863548494983278
grid_17150,0.6231864130434782
grid_17151,0.5548491304347827
grid_17152,0.7402213913043478
grid_17153,0.5393064347826086
grid_17154,0.6955627826086956
grid_17155,0.5380527736131934
grid_17156,0.5628601739130434
grid_17157,0.5826229565217392
grid_17158,0.5162234782608696
grid_17159,0.5298627826086956
grid_17160,0.5300513687600644
grid_17161,0.5188259130434784
grid_17162,0.6557304584980237
grid_17163,0.537976231884058
grid_17164,0.6086450434782609
grid_17165,0.3711421925851767
grid_17166,0.5806436868131234
grid_17167,0.5441003105590063
grid_17168,0.2923271929824562
grid_17169,0.5641032608695653
grid_17170,0.6958260869565217
grid_17171,0.5320553043478261
grid_17172,0.5283426086956523
grid_17173,0.5243427826086957
grid_17174,0.5184895330112722
grid_17175,0.5214553043478262
grid_17176,0.5058584347826087
grid_17177,0.5737678260869565
grid_17178,0.5439928695652173
grid_17179,0.5954597101449275
grid_17180,0.5584921739130435
grid_17181,0.4935427147986158
grid_17182,0.6118546086956522
grid_17183,0.7308347826086957
grid_17184,0.3099114528508772
grid_17185,0.703581739130435
grid_17186,0.45548609085708347
grid_17187,0.6629579710144928
grid_17188,0.5298857971014492
grid_17189,0.5758486643042116
grid_17190,0.6690900869565217
grid_17191,0.5789796521739131
grid_17192,0.48862208695652176
grid_17193,0.5301701863354037
grid_17194,0.5685337391304348
grid_17195,0.5868830745341614
grid_17196,0.5280838260869565
grid_17197,0.5272020933977456
grid_17198,0.5559266086956522
grid_17199,0.5223613043478262
grid_17200,0.5289441739130435
grid_17201,0.6027280000000002
grid_17202,0.5638373455377576
grid_17203,0.6206638260869566
grid_17204,0.5352676811594202
grid_17205,0.577308347826087
grid_17206,0.6086577391304347
grid_17207,0.42370301154834555
grid_17208,0.569099652173913
grid_17209,0.610605652173913
grid_17210,0.31216666666666665
grid_17211,0.612040579710145
grid_17212,0.6447778985507246
grid_17213,0.6497114492753624
grid_17214,0.6797415217391305
grid_17215,0.6722472826086957
grid_17216,0.7305068322981365
grid_17217,0.6081663768115942
grid_17218,0.6377745571658615
grid_17219,0.7128739130434782
grid_17220,0.5670521739130435
grid_17221,0.5399845217391304
grid_17222,0.5468777391304348
grid_17223,0.607764695652174
grid_17224,0.5234049919484702
grid_17225,0.5817918260869566
grid_17226,0.6117491304347825
grid_17227,0.5407673043478262
grid_17228,0.5115262608695652
grid_17229,0.67458127090301
grid_17230,0.5923760000000001
grid_17231,0.6114750402576489
grid_17232,0.5599169565217392
grid_17233,0.5700459130434783
grid_17234,0.5089800841514726
grid_17235,0.5669588405797102
grid_17236,0.6370078260869565
grid_17237,0.5753366666666667
grid_17238,0.6355885217391305
grid_17239,0.5777982608695652
grid_17240,0.5771191304347826
grid_17241,0.5308863354037267
grid_17242,0.6386652173913044
grid_17243,0.5401260434782609
grid_17244,0.449900319746996
grid_17245,0.6206490434782609
grid_17246,0.5669573913043479
grid_17247,0.35125875420875424
grid_17248,0.49957269565217394
grid_17249,0.6276720289855072
grid_17250,0.6410307826086956
grid_17251,0.5978855072463768
grid_17252,0.5534500869565218
grid_17253,0.5478500869565217
grid_17254,0.5423271304347825
grid_17255,0.6101389565217391
grid_17256,0.6711573268921094
grid_17257,0.5680556521739131
grid_17258,0.5191473913043478
grid_17259,0.6957815652173913
grid_17260,0.629383652173913
grid_17261,0.5493120772946859
grid_17262,0.44783006336658504
grid_17263,0.6692551304347826
grid_17264,0.6659346086956524
grid_17265,0.5015500869565218
grid_17266,0.587780695652174
grid_17267,0.6100899068322981
grid_17268,0.6314037267080747
grid_17269,0.6665979130434784
grid_17270,0.58066325428195
grid_17271,0.3870680848861284
grid_17272,0.533239774557166
grid_17273,0.3561606025576678
grid_17274,0.28915099206349204
grid_17275,0.5750431304347826
grid_17276,0.6428995502248875
grid_17277,0.6429391304347827
grid_17278,0.6060224347826088
grid_17279,0.6009571014492754
grid_17280,0.6761407407407409
grid_17281,0.6393043478260869
grid_17282,0.6544509565217392
grid_17283,0.567719304347826
grid_17284,0.5447285217391306
grid_17285,0.6147612173913043
grid_17286,0.611680998389694
grid_17287,0.5959842028985507
grid_17288,0.6868589565217391
grid_17289,0.7084887278582932
grid_17290,0.5371086956521739
grid_17291,0.6681400000000001
grid_17292,0.6973857859531775
grid_17293,0.5065076086956521
grid_17294,0.5177324534161492
grid_17295,0.6915459130434783
grid_17296,0.6985935652173914
grid_17297,0.6568246956521739
grid_17298,0.6546764617691154
grid_17299,0.5439142608695653
grid_17300,0.7216119162640902
grid_17301,0.5160180553359685
grid_17302,0.672636
grid_17303,0.6652885217391306
grid_17304,0.5295161030595813
grid_17305,0.2917359526032635
grid_17306,0.6782740869565218
grid_17307,0.586029097884213
grid_17308,0.34829608298845227
grid_17309,0.6475194782608696
grid_17310,0.6362361739130435
grid_17311,0.702588695652174
grid_17312,0.5859248695652174
grid_17313,0.6735749565217393
grid_17314,0.7405486956521741
grid_17315,0.504352
grid_17316,0.509248115942029
grid_17317,0.7117732173913044
grid_17318,0.7112911304347826
grid_17319,0.6780334448160534
grid_17320,0.6199750724637682
grid_17321,0.5638605217391305
grid_17322,0.7025148148148149
grid_17323,0.6119875362318842
grid_17324,0.5343326956521739
grid_17325,0.6407504347826086
grid_17326,0.7553315217391304
grid_17327,0.5023511594202899
grid_17328,0.6774735652173913
grid_17329,0.7234186086956522
grid_17330,0.5968045217391305
grid_17331,0.5741500869565218
grid_17332,0.18224039215686272
grid_17333,0.6260839464882942
grid_17334,0.6229239130434784
grid_17335,0.6290005217391306
grid_17336,0.6689882608695652
grid_17337,0.5016639291465379
grid_17338,0.5143744347826087
grid_17339,0.6424606956521738
grid_17340,0.6538078260869565
grid_17341,0.6845048695652176
grid_17342,0.5660412161315999
grid_17343,0.4419048718417631
grid_17344,0.6685561739130434
grid_17345,0.6216553623188407
grid_17346,0.606792
grid_17347,0.6430226086956522
grid_17348,0.6711150724637682
grid_17349,0.6279315693581782
grid_17350,0.49667391304347824
grid_17351,0.6567207509881423
grid_17352,0.6812215652173913
grid_17353,0.6946802371541502
grid_17354,0.7150953804347827
grid_17355,0.7378739130434783
grid_17356,0.7316386473429952
grid_17357,0.6977547826086957
grid_17358,0.7000154347826086
grid_17359,0.690916205533597
grid_17360,0.6546776397515528
grid_17361,0.684433043478261
grid_17362,0.5992492173913044
grid_17363,0.5714610434782608
grid_17364,0.605312347826087
grid_17365,0.6540148148148148
grid_17366,0.582131304347826
grid_17367,0.5047706086956523
grid_17368,0.722871652173913
grid_17369,0.5986392976588629
grid_17370,0.6077146086956522
grid_17371,0.6990607246376811
grid_17372,0.6488653913043478
grid_17373,0.5338986506746627
grid_17374,0.563130615942029
grid_17375,0.48746904347826087
grid_17376,0.7204659130434783
grid_17377,0.6488549565217392
grid_17378,0.4908906602254429
grid_17379,0.6279373071528753
grid_17380,0.6306859130434783
grid_17381,0.6551956521739132
grid_17382,0.5905050434782609
grid_17383,0.6603497391304347
grid_17384,0.49967056856187286
grid_17385,0.6739718260869567
grid_17386,0.6870535652173915
grid_17387,0.6865763118440779
grid_17388,0.6826064347826087
grid_17389,0.6574292173913043
grid_17390,0.5340773913043478
grid_17391,0.6949516908212561
grid_17392,0.5997816173425893
grid_17393,0.3988528571428572
grid_17394,0.68708
grid_17395,0.6546777722567287
grid_17396,0.5132883058470765
grid_17397,0.7005233043478262
grid_17398,0.5204839580209896
grid_17399,0.7086657391304348
grid_17400,0.6699559006211179
grid_17401,0.6533947826086957
grid_17402,0.629504347826087
grid_17403,0.7211680124223602
grid_17404,0.6475982608695652
grid_17405,0.6117742028985508
grid_17406,0.5733576811594203
grid_17407,0.6604306418219462
grid_17408,0.7081363354037267
grid_17409,0.6360570048309179
grid_17410,0.66706
grid_17411,0.3850913084795322
grid_17412,0.6110650434782608
grid_17413,0.7004197101449275
grid_17414,0.6811231366459628
grid_17415,0.48121078260869576
grid_17416,0.5278130199536433
grid_17417,0.6616796521739131
grid_17418,0.6952897391304349
grid_17419,0.6779876811594204
grid_17420,0.5016702608695652
grid_17421,0.4872975652173913
grid_17422,0.46367339130434787
grid_17423,0.6623104347826088
grid_17424,0.6912652173913044
grid_17425,0.703368347826087
grid_17426,0.5286205217391304
grid_17427,0.6597326086956523
grid_17428,0.7190404347826086
grid_17429,0.7123846956521739
grid_17430,0.717299604743083
grid_17431,0.5005870646173718
grid_17432,0.6387596521739131
grid_17433,0.6165167459106703
grid_17434,0.6813380869565218
grid_17435,0.5555257391304348
grid_17436,0.7181230273752014
grid_17437,0.7280485217391305
grid_17438,0.6965646956521739
grid_17439,0.7035886956521741
grid_17440,0.5154169705469845
grid_17441,0.6621025171624715
grid_17442,0.6897101449275364
grid_17443,0.669754347826087
grid_17444,0.719185391304348
grid_17445,0.716379304347826
grid_17446,0.6441631184407797
grid_17447,0.4937944347826086
grid_17448,0.6472259130434783
grid_17449,0.718734347826087
grid_17450,0.7152942608695652
grid_17451,0.5171584347826087
grid_17452,0.6610101449275362
grid_17453,0.5926307826086956
grid_17454,0.6669226086956521
grid_17455,0.7071092953523239
grid_17456,0.7250398260869566
grid_17457,0.680816
grid_17458,0.7046521739130435
grid_17459,0.6721145220319135
grid_17460,0.7400859130434783
grid_17461,0.7157608695652176
grid_17462,0.6874002898550725
grid_17463,0.4266963924963926
grid_17464,0.7373711304347828
grid_17465,0.6856373913043479
grid_17466,0.6293238260869566
grid_17467,0.6726151304347826
grid_17468,0.6866620772946861
grid_17469,0.6444394782608696
grid_17470,0.6820847020933977
grid_17471,0.6357271304347827
grid_17472,0.5020339130434782
grid_17473,0.6019768115942028
grid_17474,0.5058742608695652
grid_17475,0.7475069565217392
grid_17476,0.5184229619565218
grid_17477,0.580028695652174
grid_17478,0.7361853913043478
grid_17479,0.6492118260869566
grid_17480,0.6934895652173912
grid_17481,0.6039026086956523
grid_17482,0.5434336036527191
grid_17483,0.5854742608695652
grid_17484,0.5230417769376181
grid_17485,0.7013280000000002
grid_17486,0.7184702608695653
grid_17487,0.7096747181964573
grid_17488,0.6621294202898551
grid_17489,0.6858080267558528
grid_17490,0.6138364088085828
grid_17491,0.511673076923077
grid_17492,0.7164684057971016
grid_17493,0.7353262608695652
grid_17494,0.5013309565217392
grid_17495,0.5352499130434782
grid_17496,0.6458158260869565
grid_17497,0.6705710144927538
grid_17498,0.5345895652173913
grid_17499,0.7148358695652175
grid_17500,0.6544702608695653
grid_17501,0.5361620869565218
grid_17502,0.6895678743961354
grid_17503,0.5586229565217391
grid_17504,0.7247405217391305
grid_17505,0.33812797619047624
grid_17506,0.4495073373751761
grid_17507,0.7041097391304347
grid_17508,0.6028064347826088
grid_17509,0.5045360869565217
grid_17510,0.6944566956521738
grid_17511,0.7149330434782609
grid_17512,0.5409070652173913
grid_17513,0.49972906048022736
grid_17514,0.6977730134932535
grid_17515,0.6611584347826087
grid_17516,0.6973963768115943
grid_17517,0.6233278920324528
grid_17518,0.7083252173913043
grid_17519,0.7275453913043478
grid_17520,0.5988192546583851
grid_17521,0.7116570434782608
grid_17522,0.5130789855072464
grid_17523,0.5690644409937888
grid_17524,0.550751606805293
grid_17525,0.6433231304347826
grid_17526,0.5675516304347827
grid_17527,0.5812744347826088
grid_17528,0.5411288405797102
grid_17529,0.597936
grid_17530,0.6130346273291927
grid_17531,0.6590408695652175
grid_17532,0.6374954968944099
grid_17533,0.708240347826087
grid_17534,0.5464475155279503
grid_17535,0.5554622670807453
grid_17536,0.7166907826086956
grid_17537,0.7066363354037267
grid_17538,0.5177535652173912
grid_17539,0.53402
grid_17540,0.5296427826086956
grid_17541,0.6230401449275361
grid_17542,0.545344254658385
grid_17543,0.5727236521739131
grid_17544,0.6857688695652173
grid_17545,0.7145396521739131
grid_17546,0.7208335652173914
grid_17547,0.5423996655518396
grid_17548,0.5392864347826087
grid_17549,0.7093424637681162
grid_17550,0.7016950080515298
grid_17551,0.6194445334307637
grid_17552,0.5272796843434343
grid_17553,0.5678840579710145
grid_17554,0.6061673043478261
grid_17555,0.6834454106280193
grid_17556,0.5450864347826088
grid_17557,0.3299799175970229
grid_17558,0.5475615652173913
grid_17559,0.713948309178744
grid_17560,0.7038425787106446
grid_17561,0.5968457971014495
grid_17562,0.5410760869565218
grid_17563,0.6872768695652175
grid_17564,0.6177341897233202
grid_17565,0.6952922360248447
grid_17566,0.5533824347826086
grid_17567,0.529261304347826
grid_17568,0.7289847826086957
grid_17569,0.7232513043478261
grid_17570,0.5963445652173913
grid_17571,0.6771739130434783
grid_17572,0.6820826086956522
grid_17573,0.534019420289855
grid_17574,0.633756695652174
grid_17575,0.5552942608695652
grid_17576,0.4698143557312253
grid_17577,0.614963768115942
grid_17578,0.5287626409017714
grid_17579,0.5186366658955269
grid_17580,0.690392695652174
grid_17581,0.5486459130434783
grid_17582,0.5830710144927537
grid_17583,0.654549275362319
grid_17584,0.5325676521739131
grid_17585,0.18013125000000002
grid_17586,0.5663186956521741
grid_17587,0.544888347826087
grid_17588,0.5535577639751553
grid_17589,0.6410655652173913
grid_17590,0.400807906937747
grid_17591,0.6514631304347825
grid_17592,0.5778365217391305
grid_17593,0.5489600000000001
grid_17594,0.5701210434782609
grid_17595,0.3969490796655671
grid_17596,0.530928347826087
grid_17597,0.44711652173913036
grid_17598,0.6257053511705686
grid_17599,0.5320780632411067
grid_17600,0.5451811594202899
grid_17601,0.5403130434782609
grid_17602,0.5345926086956523
grid_17603,0.5209693913043479
grid_17604,0.5529491304347826
grid_17605,0.5320385093167702
grid_17606,0.5669402173913044
grid_17607,0.5375677938808373
grid_17608,0.5236834782608696
grid_17609,0.5887605217391304
grid_17610,0.5482452173913044
grid_17611,0.5162911371237459
grid_17612,0.5624112778467909
grid_17613,0.5522945652173913
grid_17614,0.5755521739130435
grid_17615,0.550878043478261
grid_17616,0.5935782608695652
grid_17617,0.3767002313447422
grid_17618,0.558568347826087
grid_17619,0.5099322134387352
grid_17620,0.5436304347826086
grid_17621,0.5307130434782609
grid_17622,0.5551819130434783
grid_17623,0.5584070853462157
grid_17624,0.3343159874044085
grid_17625,0.5847369565217391
grid_17626,0.6258753043478261
grid_17627,0.5376246376811594
grid_17628,0.5251097451274362
grid_17629,0.5282713768115942
grid_17630,0.5827494363929147
grid_17631,0.5233334549619589
grid_17632,0.5518318260869566
grid_17633,0.5650417391304348
grid_17634,0.44483750000000005
grid_17635,0.5369963768115942
grid_17636,0.5117214492753623
grid_17637,0.5525864906832298
grid_17638,0.5109776397515527
grid_17639,0.557550579710145
grid_17640,0.5818319875776397
grid_17641,0.5153511304347826
grid_17642,0.5515787859181881
grid_17643,0.6395714782608696
grid_17644,0.5048306020066889
grid_17645,0.5354893913043478
grid_17646,0.440223751552795
grid_17647,0.4987633043478262
grid_17648,0.2310781272494477
grid_17649,0.5753931677018633
grid_17650,0.3303525900797572
grid_17651,0.5075475703324809
grid_17652,0.5882886287625418
grid_17653,0.21891964955169996
grid_17654,0.5609742608695653
grid_17655,0.6113431001890359
grid_17656,0.2825975224989718
grid_17657,0.5904141706924316
grid_17658,0.5146626086956522
grid_17659,0.5519076086956523
grid_17660,0.575297151424288
grid_17661,0.4816677233201581
grid_17662,0.5579716521739132
grid_17663,0.5357927536231885
grid_17664,0.5131043478260869
grid_17665,0.5131464347826087
grid_17666,0.5190032608695653
grid_17667,0.2611799240315321
grid_17668,0.10402194444444446
grid_17669,0.40243964001645166
grid_17670,0.5702893913043477
grid_17671,0.5290507246376811
grid_17672,0.5224245217391305
grid_17673,0.18057558984335798
grid_17674,0.5151561739130436
grid_17675,0.5295315217391305
grid_17676,0.5540644927536232
grid_17677,0.554671652173913
grid_17678,0.3263786055586925
grid_17679,0.07624704184704184
grid_17680,0.5375647676161919
grid_17681,0.5146328695652174
grid_17682,0.47736052173913035
grid_17683,0.5221668276972624
grid_17684,0.5133909565217392
grid_17685,0.5154577391304348
grid_17686,0.5025424347826086
grid_17687,0.49189197628458503
grid_17688,0.5056820289855072
grid_17689,0.5873486956521741
grid_17690,0.5332097391304348
grid_17691,0.5658244147157191
grid_17692,0.5252229565217391
grid_17693,0.5358449275362318
grid_17694,0.5230819130434783
grid_17695,0.5201212893553224
grid_17696,0.5725502608695653
grid_17697,0.29092029220779225
grid_17698,0.5209098228663446
grid_17699,0.5143349565217392
grid_17700,0.5359372173913044
grid_17701,0.4756910822981366
grid_17702,0.5471413043478262
grid_17703,0.5178508695652174
grid_17704,0.5535055652173912
grid_17705,0.5855241739130436
grid_17706,0.5482474431818182
grid_17707,0.5597733333333335
grid_17708,0.5288915331807781
grid_17709,0.5288030690537084
grid_17710,0.5208988294314382
grid_17711,0.533823602484472
grid_17712,0.551148447204969
grid_17713,0.5231885217391304
grid_17714,0.5244705533596838
grid_17715,0.5186595463137997
grid_17716,0.5402994782608697
grid_17717,0.5273911304347826
grid_17718,0.5090347826086957
grid_17719,0.5197311304347826
grid_17720,0.5305921739130434
grid_17721,0.5321086956521739
grid_17722,0.5233078260869566
grid_17723,0.5264428093645486
grid_17724,0.5248033043478262
grid_17725,0.5282727788279773
grid_17726,0.5589166666666666
grid_17727,0.5624685618729097
grid_17728,0.5379156521739131
grid_17729,0.5170173913043479
grid_17730,0.5323164461247637
grid_17731,0.5520060869565216
grid_17732,0.575564347826087
grid_17733,0.5640945652173914
grid_17734,0.5283913043478261
grid_17735,0.5510340961098399
grid_17736,0.5719797101449275
grid_17737,0.545
