grid_id,population_sum,population_mean,population_min,population_max,population_pixel_count
grid_00001,294.22,147.11,88.84,205.38,2
grid_00002,147.92,73.96,59.08,88.84,2
grid_00003,3664.25,610.71,205.74,931.01,6
grid_00004,264.82,132.41,59.08,205.74,2
grid_00005,718.03,718.03,718.03,718.03,1
grid_00006,2492.17,830.72,718.03,931.01,3
grid_00007,1577.06,525.69,414.92,718.03,3
grid_00008,756.8,189.2,88.84,248.14,4
grid_00009,392.57,98.14,38.25,205.74,4
grid_00010,2300.91,383.49,38.25,843.14,6
grid_00011,728.45,364.23,205.38,523.08,2
grid_00012,1228.04,614.02,523.08,704.96,2
grid_00013,459.38,229.69,215.37,244.01,2
grid_00014,1002.37,250.59,59.47,523.08,4
grid_00015,571.59,285.79,274.6,296.99,2
grid_00016,859.45,286.48,59.47,523.08,3
grid_00017,551.5,275.75,274.6,276.9,2
grid_00018,834.34,208.59,91.1,276.9,4
grid_00019,1508.94,251.49,191.74,296.99,6
grid_00020,900.65,225.16,203.73,244.01,4
grid_00021,388.1,194.05,172.73,215.37,2
grid_00022,479.11,479.11,479.11,479.11,1
grid_00023,1535.83,767.91,479.11,1056.72,2
grid_00024,354.43,177.21,172.73,181.7,2
grid_00025,778.19,389.1,309.6,468.59,2
grid_00026,491.3,245.65,181.7,309.6,2
grid_00027,960.36,240.09,172.73,339.99,4
grid_00028,1106.38,276.6,181.7,339.99,4
grid_00029,1427.26,356.82,145.8,479.11,4
grid_00030,2660.21,665.05,333.77,1056.72,4
grid_00031,485.55,121.39,59.08,248.14,4
grid_00032,444.12,444.12,444.12,444.12,1
grid_00033,2391.12,597.78,414.92,843.14,4
grid_00034,1480.24,370.06,273.63,444.12,4
grid_00035,944.0,236.0,214.44,248.14,4
grid_00036,806.53,201.63,89.49,248.14,4
grid_00037,907.16,226.79,38.25,547.04,4
grid_00038,3781.74,472.72,161.18,1323.53,8
grid_00039,1777.16,355.43,38.25,547.04,5
grid_00040,323.49,161.74,84.03,239.45,2
grid_00041,538.45,134.61,19.65,244.89,4
grid_00042,447.13,111.78,19.65,276.9,4
grid_00043,1353.37,169.17,86.65,264.06,8
grid_00044,962.9,160.48,19.65,272.42,6
grid_00045,521.42,86.9,19.65,181.96,6
grid_00046,704.19,117.36,68.89,191.74,6
grid_00047,891.57,178.31,103.05,237.55,5
grid_00048,466.84,93.37,25.02,147.54,5
grid_00049,1172.89,293.22,181.96,377.87,4
grid_00050,553.55,138.39,78.89,246.49,4
grid_00051,857.77,214.44,172.73,265.94,4
grid_00052,1199.08,299.77,145.8,468.59,4
grid_00053,1091.14,181.86,49.62,333.77,6
grid_00054,1124.04,187.34,89.63,339.99,6
grid_00055,1047.4,174.57,36.41,339.99,6
grid_00056,1047.19,174.53,99.36,265.94,6
grid_00057,1663.12,415.78,142.93,790.62,4
grid_00058,942.77,157.13,36.41,275.09,6
grid_00059,757.49,189.37,36.41,322.95,4
grid_00060,395.48,98.87,18.12,184.81,4
grid_00061,1610.05,268.34,183.59,475.32,6
grid_00062,2707.91,451.32,232.37,869.74,6
grid_00063,1765.78,294.3,197.3,475.32,6
grid_00064,4309.32,718.22,434.5,1323.53,6
grid_00065,3866.62,644.44,414.1,1323.53,6
grid_00066,414.1,414.1,414.1,414.1,1
grid_00067,1674.06,418.51,362.43,509.02,4
grid_00068,255.15,255.15,255.15,255.15,1
grid_00069,638.21,159.55,59.81,255.15,4
grid_00070,652.53,163.13,84.03,239.22,4
grid_00071,1506.61,376.65,219.49,464.73,4
grid_00072,2874.93,479.16,346.79,612.95,6
grid_00073,1589.83,397.46,272.42,475.32,4
grid_00074,1756.67,439.17,346.79,612.95,4
grid_00075,1816.67,454.17,368.11,509.02,4
grid_00076,2616.63,436.11,346.79,477.71,6
grid_00077,1891.0,472.75,377.87,605.14,4
grid_00078,2095.57,523.89,464.22,605.14,4
grid_00079,1648.94,412.23,380.59,464.73,4
grid_00080,1685.01,421.25,346.79,502.2,4
grid_00081,846.56,169.31,12.31,395.8,5
grid_00082,950.91,237.73,103.05,317.43,4
grid_00083,943.01,235.75,89.63,322.95,4
grid_00084,412.65,103.16,18.12,308.51,4
grid_00085,1579.78,394.95,308.51,586.84,4
grid_00086,1491.29,372.82,305.93,500.92,4
grid_00087,1359.94,453.31,18.12,766.87,3
grid_00088,1651.82,412.95,305.93,527.53,4
grid_00089,1680.34,420.09,18.12,766.87,4
grid_00090,1257.73,419.24,12.31,670.47,3
grid_00091,568.03,189.34,103.05,317.43,3
grid_00092,868.52,217.13,99.43,340.64,4
grid_00093,1437.69,359.42,246.49,451.3,4
grid_00094,1358.45,226.41,25.02,382.49,6
grid_00095,1561.54,390.38,340.64,443.77,4
grid_00096,1159.17,289.79,78.89,451.3,4
grid_00097,1365.11,341.28,147.54,527.53,4
grid_00098,1834.56,458.64,399.25,542.04,4
grid_00099,1696.73,424.18,382.49,464.34,4
grid_00100,2358.53,393.09,351.91,441.25,6
grid_00101,1298.17,649.08,614.94,683.23,2
grid_00102,1108.88,554.44,493.94,614.94,2
grid_00103,1629.03,407.26,142.33,683.23,4
grid_00104,466.26,466.26,466.26,466.26,1
grid_00105,1766.37,353.27,48.91,614.94,5
grid_00106,2434.8,608.7,203.59,1111.38,4
grid_00107,3066.4,766.6,203.59,1285.18,4
grid_00108,4666.21,777.7,142.33,1729.72,6
grid_00109,2233.97,558.49,366.88,752.95,4
grid_00110,4873.13,696.16,48.91,1367.56,7
grid_00111,683.23,683.23,683.23,683.23,1
grid_00112,11.48,11.48,11.48,11.48,1
grid_00113,34.78,17.39,11.48,23.3,2
grid_00114,23.3,23.3,23.3,23.3,1
grid_00115,1586.5,528.83,188.53,714.74,3
grid_00116,1166.98,388.99,11.48,925.11,3
grid_00117,230.4,230.4,230.4,230.4,1
grid_00118,2395.5,598.88,11.48,1435.62,4
grid_00119,5149.9,1029.98,23.3,2215.53,5
grid_00120,5877.01,1175.4,188.53,2215.53,5
grid_00121,2724.28,908.09,790.62,1056.72,3
grid_00122,292.87,292.87,292.87,292.87,1
grid_00123,2734.44,546.89,292.87,876.94,5
grid_00124,1816.09,454.02,23.48,731.06,4
grid_00125,2028.53,225.39,12.31,395.8,9
grid_00126,991.12,330.37,23.48,678.47,3
grid_00127,432.63,144.21,18.32,289.17,3
grid_00128,834.8,166.96,18.32,292.87,5
grid_00129,2800.63,933.54,18.32,2064.77,3
grid_00130,1881.04,470.26,18.32,893.68,4
grid_00131,5506.47,1376.62,752.95,2013.18,4
grid_00132,2996.53,749.13,327.31,1367.56,4
grid_00133,5998.06,999.68,352.21,1367.56,6
grid_00134,6867.02,1716.76,383.09,3717.8,4
grid_00135,5012.84,1253.21,987.32,1628.96,4
grid_00136,3695.87,923.97,440.18,1628.96,4
grid_00137,11135.87,2783.97,1340.07,4064.82,4
grid_00138,5621.62,1405.41,639.41,2013.18,4
grid_00139,1150.69,287.67,212.04,352.21,4
grid_00140,2988.92,498.15,212.04,987.32,6
grid_00141,5420.92,1084.18,551.14,1958.71,5
grid_00142,1860.86,372.17,230.4,620.09,5
grid_00143,6996.13,1166.02,595.31,1958.71,6
grid_00144,2621.67,655.42,327.31,949.45,4
grid_00145,4199.43,699.9,230.4,1399.7,6
grid_00146,5289.4,1322.35,484.73,2294.82,4
grid_00147,2428.45,607.11,267.04,1180.75,4
grid_00148,1622.31,405.58,259.13,551.14,4
grid_00149,8012.43,2003.11,1399.7,2359.21,4
grid_00150,5368.48,1342.12,428.82,2359.21,4
grid_00151,8785.37,2928.46,23.48,6697.12,3
grid_00152,10821.49,2705.37,23.48,6697.12,4
grid_00153,2980.94,496.82,12.31,893.68,6
grid_00154,3558.32,889.58,717.54,1028.75,4
grid_00155,18601.52,4650.38,2064.77,6839.36,4
grid_00156,6700.92,1675.23,717.54,3000.27,4
grid_00157,21319.1,5329.77,3717.8,6839.36,4
grid_00158,4598.77,766.46,519.66,1028.75,6
grid_00159,2557.5,639.37,283.17,1028.75,4
grid_00160,4845.02,1211.26,327.23,3000.27,4
grid_00161,8594.73,2148.68,1202.29,2738.42,4
grid_00162,1303.64,325.91,259.13,484.73,4
grid_00163,8548.46,2137.12,1180.75,2738.42,4
grid_00164,4469.52,1117.38,466.86,2270.08,4
grid_00165,4278.53,1069.63,296.7,2294.82,4
grid_00166,7502.48,1875.62,1022.43,2738.42,4
grid_00167,4208.49,1402.83,466.86,2270.08,3
grid_00168,5444.36,1361.09,481.23,2738.42,4
grid_00169,1133.77,283.44,221.63,352.36,4
grid_00170,2332.57,583.14,296.7,1202.29,4
grid_00171,1591.41,397.85,240.84,639.41,4
grid_00172,925.86,231.47,191.61,263.08,4
grid_00173,6877.52,1719.38,521.3,4064.82,4
grid_00174,2771.76,692.94,270.98,1340.07,4
grid_00175,1545.2,257.53,191.61,440.18,6
grid_00176,978.42,244.6,233.24,270.98,4
grid_00177,886.62,221.65,191.61,263.08,4
grid_00178,2431.31,607.83,331.16,951.33,4
grid_00179,1356.8,339.2,233.35,521.3,4
grid_00180,1272.14,212.02,191.61,240.84,6
grid_00181,12896.27,3224.07,951.33,6839.36,4
grid_00182,11479.56,2869.89,599.18,6839.36,4
grid_00183,2930.97,488.49,191.82,1028.75,6
grid_00184,1193.98,298.5,283.17,327.23,4
grid_00185,1495.35,373.84,281.5,599.18,4
grid_00186,3196.32,799.08,576.71,1040.75,4
grid_00187,2498.15,624.54,281.5,1040.75,4
grid_00188,1761.89,293.65,191.82,373.67,6
grid_00189,2544.24,424.04,296.14,598.16,6
grid_00190,1724.28,431.07,251.13,627.52,4
grid_00191,1031.75,257.94,233.24,283.49,4
grid_00192,985.82,246.45,210.29,325.52,4
grid_00193,1481.88,370.47,254.28,627.52,4
grid_00194,1378.81,229.8,201.28,283.49,6
grid_00195,1100.46,275.11,233.35,331.16,4
grid_00196,1316.73,329.18,228.38,446.49,4
grid_00197,1051.82,262.96,227.14,288.74,4
grid_00198,1061.93,265.48,227.14,283.49,4
grid_00199,1044.51,261.13,232.58,288.74,4
grid_00200,1530.04,255.01,210.04,316.34,6
grid_00201,1264.13,316.03,145.44,483.68,4
grid_00202,1890.84,472.71,362.43,517.19,4
grid_00203,1413.32,353.33,239.22,483.68,4
grid_00204,1479.31,369.83,255.15,435.27,4
grid_00205,879.47,439.73,395.78,483.68,2
grid_00206,1510.82,377.7,303.25,435.27,4
grid_00207,1838.68,459.67,303.25,759.52,4
grid_00208,1689.52,422.38,378.87,483.68,4
grid_00209,3667.16,611.19,395.32,867.84,6
grid_00210,2207.45,551.86,504.39,605.14,4
grid_00211,2517.19,629.3,529.46,766.87,4
grid_00212,1953.25,488.31,361.48,586.84,4
grid_00213,1941.83,485.46,446.79,527.53,4
grid_00214,2432.21,608.05,456.37,766.87,4
grid_00215,1784.66,446.17,361.48,500.92,4
grid_00216,2221.45,555.36,456.37,670.47,4
grid_00217,2124.86,531.21,405.41,634.02,4
grid_00218,1813.17,453.29,402.84,529.46,4
grid_00219,1929.22,482.31,282.86,634.02,4
grid_00220,1450.72,362.68,191.82,519.66,4
grid_00221,2176.68,544.17,502.2,580.73,4
grid_00222,2002.8,500.7,443.77,605.14,4
grid_00223,2245.53,561.38,473.59,693.19,4
grid_00224,1060.9,353.63,327.99,391.7,3
grid_00225,1408.14,352.03,303.25,391.7,4
grid_00226,2031.35,507.84,303.25,759.52,4
grid_00227,2091.11,522.78,359.92,693.19,4
grid_00228,3676.6,612.77,359.92,867.84,6
grid_00229,2408.1,602.03,461.45,789.36,4
grid_00230,2274.26,568.57,399.77,789.36,4
grid_00231,1856.93,464.23,399.25,542.04,4
grid_00232,1807.97,451.99,372.61,527.53,4
grid_00233,2455.31,409.22,380.4,441.25,6
grid_00234,1685.33,421.33,394.71,464.34,4
grid_00235,1755.58,438.9,380.4,467.34,4
grid_00236,1932.75,483.19,427.68,542.04,4
grid_00237,1858.36,464.59,368.12,542.04,4
grid_00238,2335.69,389.28,333.22,428.67,6
grid_00239,1708.17,427.04,394.71,484.85,4
grid_00240,1651.39,412.85,333.22,470.43,4
grid_00241,1721.79,430.45,368.12,504.39,4
grid_00242,2681.5,670.38,385.19,1125.61,4
grid_00243,2750.12,687.53,327.99,1486.38,4
grid_00244,2458.42,614.6,399.77,789.36,4
grid_00245,2280.67,570.17,383.7,789.36,4
grid_00246,3325.17,831.29,327.99,1486.38,4
grid_00247,2762.84,460.47,351.13,587.32,6
grid_00248,1746.59,436.65,355.57,623.13,4
grid_00249,935.74,467.87,341.21,594.53,2
grid_00250,1556.21,389.05,351.13,461.45,4
grid_00251,1839.59,459.9,446.79,467.34,4
grid_00252,1783.95,445.99,402.84,475.46,4
grid_00253,1717.41,429.35,347.27,555.97,4
grid_00254,1259.42,314.85,191.82,411.07,4
grid_00255,1785.9,446.47,389.27,470.43,4
grid_00256,1546.71,386.68,347.27,405.41,4
grid_00257,1658.66,414.66,282.86,555.97,4
grid_00258,1642.15,410.54,389.27,458.86,4
grid_00259,1633.58,408.39,347.27,462.03,4
grid_00260,1614.24,403.56,347.27,462.03,4
grid_00261,1785.35,446.34,374.13,498.7,4
grid_00262,1596.51,399.13,355.57,498.7,4
grid_00263,2330.76,388.46,333.22,471.39,6
grid_00264,1549.84,387.46,333.22,470.43,4
grid_00265,1820.23,455.06,400.93,484.85,4
grid_00266,1661.53,415.38,339.5,484.85,4
grid_00267,1464.42,366.11,339.5,395.22,4
grid_00268,1652.46,413.11,356.15,460.7,4
grid_00269,2667.08,444.51,356.15,588.29,6
grid_00270,1827.68,456.92,339.5,559.99,4
grid_00271,1245.65,622.82,510.65,734.99,2
grid_00272,1929.6,482.4,383.7,646.15,4
grid_00273,2322.99,580.75,488.69,646.15,4
grid_00274,1591.43,397.86,351.13,445.54,4
grid_00275,4484.6,1121.15,560.05,1486.38,4
grid_00276,4391.12,1097.78,594.53,1486.38,4
grid_00277,2327.17,775.72,594.53,997.65,3
grid_00278,1543.71,514.57,355.57,623.13,3
grid_00279,2656.01,664.0,383.03,1125.61,4
grid_00280,2528.37,421.4,293.02,587.32,6
grid_00281,1848.28,462.07,373.67,598.16,4
grid_00282,1676.66,419.16,389.27,470.43,4
grid_00283,1700.72,425.18,408.75,465.38,4
grid_00284,1621.11,405.28,389.27,426.92,4
grid_00285,1957.1,489.28,415.52,577.6,4
grid_00286,1868.31,467.08,415.52,501.95,4
grid_00287,1868.73,467.18,390.05,606.2,4
grid_00288,2122.29,530.57,465.38,598.16,4
grid_00289,1963.8,490.95,413.74,577.6,4
grid_00290,1957.29,489.32,413.74,606.2,4
grid_00291,510.65,510.65,510.65,510.65,1
grid_00292,1517.84,379.46,286.68,560.05,4
grid_00293,445.54,445.54,445.54,445.54,1
grid_00294,2518.49,629.62,288.08,1312.56,4
grid_00295,2454.41,613.6,314.47,997.65,4
grid_00296,510.65,510.65,510.65,510.65,1
grid_00297,1836.77,367.35,286.68,445.54,5
grid_00298,2030.41,507.6,377.46,734.99,4
grid_00299,2982.48,745.62,314.47,1312.56,4
grid_00300,286.68,286.68,286.68,286.68,1
grid_00301,270.06,135.03,132.64,137.42,2
grid_00302,30.23,30.23,30.23,30.23,1
grid_00303,162.87,81.44,30.23,132.64,2
grid_00304,778.34,194.59,81.97,426.31,4
grid_00305,213.58,71.19,16.68,166.67,3
grid_00306,411.51,102.88,30.23,166.67,4
grid_00307,1024.62,256.16,81.97,426.31,4
grid_00308,459.66,114.91,16.68,228.1,4
grid_00309,616.35,154.09,81.97,228.1,4
grid_00310,313.88,78.47,7.04,228.1,4
grid_00311,572.7,190.9,56.36,376.73,3
grid_00312,56.36,56.36,56.36,56.36,1
grid_00313,367.72,183.86,139.61,228.1,2
grid_00314,196.81,98.4,16.06,180.74,2
grid_00315,30.53,30.53,30.53,30.53,1
grid_00316,366.71,183.36,180.74,185.97,2
grid_00317,16.06,16.06,16.06,16.06,1
grid_00318,908.01,227.0,180.74,299.09,4
grid_00319,22.15,11.08,6.09,16.06,2
grid_00320,501.99,125.5,6.09,299.09,4
grid_00321,0.0,0.0,0.0,0.0,0
grid_00322,993.38,248.35,212.68,299.09,4
grid_00323,12.95,6.48,6.09,6.87,2
grid_00324,551.45,137.86,6.09,299.09,4
grid_00325,865.45,216.36,205.78,239.4,4
grid_00326,50.76,25.38,6.87,43.9,2
grid_00327,497.76,124.44,6.87,239.4,4
grid_00328,417.99,208.99,195.81,222.18,2
grid_00329,105.25,52.63,43.9,61.36,2
grid_00330,1167.54,194.59,164.44,222.18,6
grid_00331,477.29,119.32,43.9,207.59,4
grid_00332,105.08,52.54,43.72,61.36,2
grid_00333,522.94,174.31,154.39,195.81,3
grid_00334,934.13,155.69,107.52,195.81,6
grid_00335,377.04,94.26,43.72,164.44,4
grid_00336,132.43,44.14,5.48,83.23,3
grid_00337,548.51,137.13,95.89,172.74,4
grid_00338,5.48,5.48,5.48,5.48,1
grid_00339,620.92,103.49,55.51,154.39,6
grid_00340,289.98,72.5,43.72,107.52,4
grid_00341,195.33,48.83,5.48,83.6,4
grid_00342,265.23,66.31,42.88,83.6,4
grid_00343,312.16,78.04,41.26,125.49,4
grid_00344,347.18,57.86,41.26,95.89,6
grid_00345,28.5,14.25,5.48,23.02,2
grid_00346,236.68,39.45,32.77,44.25,6
grid_00347,195.2,48.8,23.02,83.6,4
grid_00348,160.74,40.19,32.77,49.51,4
grid_00349,60.71,30.35,23.02,37.69,2
grid_00350,219.23,54.81,41.85,83.6,4
grid_00351,48.21,48.21,48.21,48.21,1
grid_00352,109.32,21.86,1.58,48.21,5
grid_00353,32.11,16.06,1.58,30.53,2
grid_00354,2.93,2.93,2.93,2.93,1
grid_00355,4.88,2.44,1.94,2.93,2
grid_00356,6.6,3.3,1.94,4.66,2
grid_00357,5.5,2.75,0.85,4.66,2
grid_00358,1.3,0.65,0.46,0.85,2
grid_00359,1.14,0.57,0.46,0.68,2
grid_00360,4.45,2.22,0.68,3.77,2
grid_00361,191.52,31.92,25.24,41.85,6
grid_00362,126.36,31.59,27.0,37.2,4
grid_00363,60.14,30.07,22.45,37.69,2
grid_00364,176.77,44.19,30.99,53.03,4
grid_00365,164.08,41.02,22.45,53.03,4
grid_00366,160.34,26.72,21.25,33.62,6
grid_00367,173.38,43.34,30.99,55.73,4
grid_00368,51.71,25.86,22.45,29.26,2
grid_00369,160.48,40.12,22.45,55.73,4
grid_00370,106.53,26.63,22.23,29.39,4
grid_00371,174.23,24.89,20.81,33.62,7
grid_00372,250.96,41.83,22.16,64.1,6
grid_00373,219.0,24.33,20.81,31.82,9
grid_00374,271.81,45.3,29.26,64.1,6
grid_00375,109.17,36.39,29.26,40.43,3
grid_00376,107.41,26.85,21.61,35.5,4
grid_00377,187.63,46.91,40.43,59.52,4
grid_00378,159.09,26.51,21.61,33.74,6
grid_00379,145.33,36.33,22.16,44.87,4
grid_00380,102.89,34.3,2.93,59.52,3
grid_00381,120.75,30.19,10.38,44.87,4
grid_00382,109.86,27.46,16.22,35.5,4
grid_00383,128.28,21.38,4.44,33.74,6
grid_00384,123.54,30.89,8.77,59.52,4
grid_00385,73.17,18.29,1.94,59.52,4
grid_00386,40.78,13.59,4.44,20.12,3
grid_00387,19.15,9.57,8.77,10.38,2
grid_00388,46.22,23.11,16.22,30.0,2
grid_00389,40.38,20.19,10.38,30.0,2
grid_00390,15.37,5.12,1.94,8.77,3
grid_00391,0.0,0.0,0.0,0.0,0
grid_00392,0.0,0.0,0.0,0.0,0
grid_00393,0.0,0.0,0.0,0.0,0
grid_00394,0.0,0.0,0.0,0.0,0
grid_00395,5.5,2.75,0.85,4.66,2
grid_00396,0.0,0.0,0.0,0.0,0
grid_00397,0.0,0.0,0.0,0.0,0
grid_00398,0.0,0.0,0.0,0.0,0
grid_00399,1.3,0.65,0.46,0.85,2
grid_00400,0.0,0.0,0.0,0.0,0
grid_00401,1124.63,281.16,218.47,322.59,4
grid_00402,1036.28,259.07,218.47,287.44,4
grid_00403,1358.22,339.55,248.87,576.71,4
grid_00404,3005.82,500.97,322.59,598.16,6
grid_00405,1177.14,294.28,218.47,390.51,4
grid_00406,971.22,242.81,218.6,268.91,4
grid_00407,930.3,232.58,211.7,251.13,4
grid_00408,924.61,231.15,211.7,248.87,4
grid_00409,877.62,219.4,184.25,242.19,4
grid_00410,983.38,245.84,184.25,368.83,4
grid_00411,3019.86,754.97,252.96,1471.55,4
grid_00412,1471.55,1471.55,1471.55,1471.55,1
grid_00413,2064.57,516.14,272.92,1022.43,4
grid_00414,1526.31,381.58,287.99,481.23,4
grid_00415,1304.24,326.06,221.63,404.73,4
grid_00416,1496.35,374.09,319.61,446.49,4
grid_00417,951.93,237.98,194.34,272.92,4
grid_00418,1017.68,254.42,225.06,287.99,4
grid_00419,1237.4,309.35,225.06,404.73,4
grid_00420,347.1,173.55,172.74,174.36,2
grid_00421,2039.23,509.81,316.34,760.48,4
grid_00422,1471.61,367.9,227.14,480.6,4
grid_00423,1220.1,305.03,227.14,475.13,4
grid_00424,2113.79,352.3,210.04,760.48,6
grid_00425,1244.11,311.03,232.58,480.6,4
grid_00426,1799.82,449.96,406.92,480.6,4
grid_00427,1955.96,488.99,228.54,760.48,4
grid_00428,1452.13,363.03,248.19,475.13,4
grid_00429,1377.05,344.26,217.08,480.6,4
grid_00430,2597.59,432.93,248.19,760.48,6
grid_00431,1379.09,344.77,211.7,552.99,4
grid_00432,1667.27,416.82,245.57,552.99,4
grid_00433,3013.19,502.2,390.51,573.29,6
grid_00434,1932.92,483.23,368.83,574.55,4
grid_00435,3514.86,585.81,478.19,741.79,6
grid_00436,1332.51,333.13,184.25,436.55,4
grid_00437,2157.83,539.46,478.19,574.55,4
grid_00438,986.4,246.6,184.25,342.88,4
grid_00439,1881.73,470.43,421.72,574.55,4
grid_00440,5285.4,880.9,493.49,1426.23,6
grid_00441,788.42,197.1,174.36,231.71,4
grid_00442,1491.07,372.77,209.05,515.92,4
grid_00443,836.65,209.16,188.01,231.71,4
grid_00444,945.6,236.4,191.87,319.61,4
grid_00445,691.09,172.77,153.29,191.87,4
grid_00446,1127.91,281.98,174.39,515.92,4
grid_00447,645.65,161.41,130.0,188.01,4
grid_00448,733.23,183.31,157.91,209.05,4
grid_00449,602.59,150.65,125.49,174.36,4
grid_00450,381.51,95.38,49.51,130.0,4
grid_00451,1111.83,277.96,204.33,451.02,4
grid_00452,1339.09,334.77,295.13,406.92,4
grid_00453,2118.24,353.04,227.95,506.92,6
grid_00454,1386.52,346.63,247.3,437.17,4
grid_00455,1092.42,273.11,190.87,437.17,4
grid_00456,765.98,191.5,114.71,227.95,4
grid_00457,1773.16,443.29,295.13,727.57,4
grid_00458,2375.97,395.99,219.0,727.57,6
grid_00459,924.25,231.06,190.87,285.05,4
grid_00460,1262.78,315.7,247.3,435.3,4
grid_00461,1438.41,359.6,237.26,436.55,4
grid_00462,2069.05,517.26,448.91,574.55,4
grid_00463,988.09,247.02,190.87,342.88,4
grid_00464,5313.05,885.51,493.49,1426.23,6
grid_00465,1228.38,307.09,174.62,421.72,4
grid_00466,1716.31,429.08,394.79,450.9,4
grid_00467,803.77,200.94,174.62,237.26,4
grid_00468,1892.04,473.01,448.91,498.74,4
grid_00469,1929.06,482.27,450.9,526.36,4
grid_00470,1089.16,272.29,149.93,394.79,4
grid_00471,515.6,128.9,78.68,157.91,4
grid_00472,438.47,109.62,76.51,153.29,4
grid_00473,774.44,193.61,167.18,228.54,4
grid_00474,625.21,156.3,125.72,174.39,4
grid_00475,230.17,57.54,37.17,78.68,4
grid_00476,200.39,50.1,37.17,76.51,4
grid_00477,287.5,71.87,37.82,125.72,4
grid_00478,573.9,143.47,87.68,204.33,4
grid_00479,425.86,106.46,45.28,167.18,4
grid_00480,135.34,33.83,29.39,37.2,4
grid_00481,2464.25,410.71,157.89,727.57,6
grid_00482,910.52,227.63,178.06,285.05,4
grid_00483,557.96,139.49,66.35,219.0,4
grid_00484,2190.56,547.64,433.96,727.57,4
grid_00485,1560.46,390.11,246.37,593.73,4
grid_00486,1378.51,229.75,178.06,270.66,6
grid_00487,1931.23,321.87,101.08,593.73,6
grid_00488,1921.04,320.17,228.73,593.73,6
grid_00489,1523.14,169.24,50.05,433.96,9
grid_00490,405.75,67.62,34.86,157.89,6
grid_00491,209.88,52.47,34.79,87.68,4
grid_00492,310.88,77.72,42.13,114.71,4
grid_00493,141.51,35.38,31.58,37.82,4
grid_00494,152.83,38.21,34.79,45.28,4
grid_00495,247.72,41.29,32.04,66.35,6
grid_00496,199.42,33.24,29.81,34.94,6
grid_00497,206.26,34.38,29.81,42.13,6
grid_00498,114.68,28.67,25.8,31.58,4
grid_00499,192.85,32.14,25.8,34.94,6
grid_00500,137.66,34.42,30.69,38.34,4
grid_00501,2217.41,554.35,501.95,633.55,4
grid_00502,2143.64,535.91,485.46,633.55,4
grid_00503,1900.92,475.23,391.1,606.2,4
grid_00504,2033.21,508.3,440.87,577.6,4
grid_00505,2131.49,532.87,485.46,573.29,4
grid_00506,2015.55,503.89,440.87,606.2,4
grid_00507,1879.51,469.88,440.87,504.32,4
grid_00508,2190.52,547.63,508.92,633.55,4
grid_00509,2133.64,533.41,470.39,633.55,4
grid_00510,1828.18,457.05,391.1,510.03,4
grid_00511,734.73,367.36,339.5,395.22,2
grid_00512,2082.72,520.68,463.05,588.29,4
grid_00513,2895.76,482.63,419.25,588.29,6
grid_00514,1669.27,556.42,521.0,588.29,3
grid_00515,1727.15,431.79,391.1,460.7,4
grid_00516,559.99,559.99,559.99,559.99,1
grid_00517,3006.46,501.08,429.78,567.61,6
grid_00518,1088.61,544.3,521.0,567.61,2
grid_00519,1851.76,462.94,391.1,520.85,4
grid_00520,1910.4,477.6,432.56,520.85,4
grid_00521,2291.18,572.8,508.92,709.52,4
grid_00522,1831.85,457.96,440.87,469.01,4
grid_00523,2122.92,530.73,470.39,595.89,4
grid_00524,3175.92,793.98,508.92,1426.23,4
grid_00525,1840.3,460.07,414.3,510.03,4
grid_00526,2096.81,524.2,508.92,531.26,4
grid_00527,1966.91,491.73,436.7,595.89,4
grid_00528,1783.94,445.98,414.3,469.01,4
grid_00529,1905.7,476.43,414.3,549.92,4
grid_00530,2079.23,519.81,427.96,618.69,4
grid_00531,2348.94,587.24,531.26,618.69,4
grid_00532,2180.87,545.22,515.24,603.11,4
grid_00533,3287.79,821.95,515.24,1426.23,4
grid_00534,1773.48,443.37,414.3,494.52,4
grid_00535,3162.15,527.03,427.96,694.83,6
grid_00536,3198.36,533.06,463.33,618.69,6
grid_00537,3004.56,500.76,427.96,618.69,6
grid_00538,3075.05,512.51,443.96,603.11,6
grid_00539,3301.34,550.22,443.96,815.07,6
grid_00540,3671.23,611.87,494.52,763.22,6
grid_00541,2000.77,500.19,432.56,556.9,4
grid_00542,895.49,447.74,404.28,491.21,2
grid_00543,1833.72,458.43,404.28,549.92,4
grid_00544,3216.38,536.06,404.28,763.22,6
grid_00545,3083.61,513.93,404.28,712.11,6
grid_00546,2252.22,563.05,380.03,763.22,4
grid_00547,1451.26,483.75,380.03,558.11,3
grid_00548,1730.81,432.7,360.87,595.85,4
grid_00549,991.4,495.7,417.58,573.82,2
grid_00550,1669.16,417.29,360.87,497.6,4
grid_00551,1875.67,468.92,410.4,502.03,4
grid_00552,2476.39,619.1,521.81,733.86,4
grid_00553,1960.13,490.03,410.4,525.88,4
grid_00554,1871.37,467.84,443.96,499.91,4
grid_00555,1828.83,457.21,443.96,468.84,4
grid_00556,2787.76,696.94,595.85,763.22,4
grid_00557,2240.93,560.23,462.57,733.86,4
grid_00558,2114.07,528.52,410.4,659.17,4
grid_00559,2223.35,555.84,464.17,641.87,4
grid_00560,2211.35,552.84,410.4,659.17,4
grid_00561,2098.7,524.68,464.17,617.41,4
grid_00562,2153.15,538.29,360.87,733.86,4
grid_00563,4644.73,1161.18,548.28,1745.84,4
grid_00564,2060.14,515.04,462.57,556.47,4
grid_00565,1796.55,449.14,360.87,556.47,4
grid_00566,3276.11,819.03,641.87,1165.41,4
grid_00567,2509.94,627.48,518.62,809.67,4
grid_00568,4170.52,1042.63,617.41,1745.84,4
grid_00569,3269.52,817.38,603.14,1165.41,4
grid_00570,4929.21,1232.3,691.31,1745.84,4
grid_00571,2067.28,516.82,417.58,573.82,4
grid_00572,2481.72,496.34,417.58,583.48,5
grid_00573,2099.95,524.99,416.64,610.06,4
grid_00574,1059.36,529.68,506.3,553.06,2
grid_00575,2228.66,557.16,506.3,646.48,4
grid_00576,3386.37,564.4,497.6,646.48,6
grid_00577,3831.3,957.82,575.65,1672.53,4
grid_00578,5807.0,967.83,560.35,1672.53,6
grid_00579,506.3,506.3,506.3,506.3,1
grid_00580,2323.35,774.45,506.3,1170.57,3
grid_00581,2205.03,551.26,416.64,621.86,4
grid_00582,2248.03,562.01,522.48,621.86,4
grid_00583,2482.51,620.63,522.48,809.67,4
grid_00584,2416.62,604.16,552.63,691.31,4
grid_00585,2251.07,562.77,547.21,603.14,4
grid_00586,2779.76,694.94,574.79,973.05,4
grid_00587,2291.95,572.99,547.21,621.86,4
grid_00588,3104.98,776.25,517.47,1326.66,4
grid_00589,3706.7,926.67,574.79,1170.23,4
grid_00590,2268.02,567.01,486.05,659.79,4
grid_00591,2446.6,611.65,548.09,686.09,4
grid_00592,2797.59,699.4,548.09,988.62,4
grid_00593,1969.03,492.26,395.96,569.55,4
grid_00594,3641.31,910.33,486.05,1614.72,4
grid_00595,2132.43,533.11,369.67,880.75,4
grid_00596,3758.06,939.52,659.79,1614.72,4
grid_00597,3272.65,818.16,548.69,1170.23,4
grid_00598,3020.86,755.22,548.69,988.62,4
grid_00599,2671.4,667.85,369.67,880.75,4
grid_00600,2121.22,530.31,407.95,599.48,4
grid_00601,1668.57,417.14,369.82,453.06,4
grid_00602,4954.7,550.52,437.24,815.07,9
grid_00603,703.64,175.91,149.93,201.03,4
grid_00604,3449.43,492.78,437.24,582.85,7
grid_00605,2857.92,476.32,437.24,526.36,6
grid_00606,1098.29,183.05,137.1,233.76,6
grid_00607,1466.22,244.37,137.1,369.82,6
grid_00608,2370.11,395.02,265.63,464.54,6
grid_00609,2096.79,524.2,451.83,634.0,4
grid_00610,1381.5,345.37,177.96,486.08,4
grid_00611,732.86,183.22,101.08,231.17,4
grid_00612,936.65,234.16,215.68,270.66,4
grid_00613,522.11,87.02,50.05,184.94,6
grid_00614,906.8,226.7,183.24,270.66,4
grid_00615,178.58,44.65,34.86,55.34,4
grid_00616,831.16,207.79,170.73,225.6,4
grid_00617,171.52,42.88,35.38,55.34,4
grid_00618,452.6,90.52,42.46,184.94,5
grid_00619,972.32,162.05,66.59,225.6,6
grid_00620,744.06,186.01,170.73,219.15,4
grid_00621,118.76,29.69,24.48,33.77,4
grid_00622,120.13,30.03,24.48,32.95,4
grid_00623,167.02,33.4,25.8,41.03,5
grid_00624,186.37,31.06,25.46,41.03,6
grid_00625,133.78,33.44,29.36,38.34,4
grid_00626,104.95,26.24,20.42,30.69,4
grid_00627,124.26,31.07,22.46,41.03,4
grid_00628,128.05,32.01,25.46,41.03,4
grid_00629,100.31,25.08,20.42,32.95,4
grid_00630,84.15,21.04,19.84,22.46,4
grid_00631,784.2,196.05,178.51,233.76,4
grid_00632,3430.21,571.7,468.84,671.34,6
grid_00633,810.8,202.7,177.96,265.63,4
grid_00634,1436.61,359.15,177.96,558.88,4
grid_00635,2243.42,560.85,486.08,634.0,4
grid_00636,739.23,184.81,170.94,196.35,4
grid_00637,776.7,194.18,177.96,213.69,4
grid_00638,5029.0,838.17,548.28,1733.2,6
grid_00639,7707.04,1284.51,564.46,2113.21,6
grid_00640,1332.37,333.09,213.69,558.88,4
grid_00641,154.02,38.5,34.0,42.46,4
grid_00642,293.23,73.31,42.17,105.32,4
grid_00643,774.59,193.65,170.73,249.46,4
grid_00644,1000.41,166.74,103.29,225.66,6
grid_00645,871.45,217.86,170.73,249.46,4
grid_00646,1013.12,253.28,225.66,293.22,4
grid_00647,274.37,68.59,42.17,105.32,4
grid_00648,160.86,40.21,34.0,45.66,4
grid_00649,974.42,162.4,81.22,244.78,6
grid_00650,936.54,234.14,183.47,293.22,4
grid_00651,2189.56,547.39,345.9,720.32,4
grid_00652,757.86,189.47,170.94,207.1,4
grid_00653,6918.91,1729.73,1326.66,2113.21,4
grid_00654,831.05,207.76,196.35,213.9,4
grid_00655,1320.4,330.1,213.9,515.12,4
grid_00656,2459.3,614.83,345.9,877.97,4
grid_00657,922.06,230.51,207.1,255.56,4
grid_00658,856.54,214.13,183.47,255.56,4
grid_00659,6750.44,1350.09,720.32,2113.21,5
grid_00660,7969.98,1328.33,517.47,2113.21,6
grid_00661,98.31,24.58,19.84,29.36,4
grid_00662,127.44,31.86,28.69,35.38,4
grid_00663,105.54,26.39,21.43,33.83,4
grid_00664,115.51,28.88,20.12,33.83,4
grid_00665,88.31,22.08,19.84,23.79,4
grid_00666,130.91,32.73,28.69,39.02,4
grid_00667,101.52,25.38,19.84,29.19,4
grid_00668,91.89,22.97,13.38,33.83,4
grid_00669,67.33,22.44,13.38,33.83,3
grid_00670,70.89,17.72,6.51,23.79,4
grid_00671,179.35,44.84,39.02,52.1,4
grid_00672,1007.7,167.95,81.22,262.97,6
grid_00673,275.34,68.83,45.66,96.36,4
grid_00674,1120.92,280.23,244.78,319.94,4
grid_00675,1137.6,284.4,210.4,319.94,4
grid_00676,187.72,46.93,23.64,69.41,4
grid_00677,1225.94,306.48,254.78,337.18,4
grid_00678,1134.48,283.62,254.78,319.94,4
grid_00679,1195.63,199.27,96.36,296.79,6
grid_00680,363.93,90.98,52.1,146.06,4
grid_00681,4316.96,719.49,395.96,1340.82,6
grid_00682,1180.66,295.16,245.49,366.79,4
grid_00683,1668.31,417.08,245.49,594.89,4
grid_00684,1146.79,286.7,210.4,366.79,4
grid_00685,2817.98,704.5,515.12,877.97,4
grid_00686,3679.9,919.98,631.11,1340.82,4
grid_00687,4002.65,667.11,369.67,1396.07,6
grid_00688,1478.23,369.56,314.04,460.22,4
grid_00689,3729.23,932.31,631.11,1396.07,4
grid_00690,1500.06,375.02,312.82,460.22,4
grid_00691,43.15,14.38,6.51,23.25,3
grid_00692,146.06,36.52,29.19,42.56,4
grid_00693,105.61,26.4,17.34,35.29,4
grid_00694,13.38,13.38,13.38,13.38,1
grid_00695,25.02,8.34,1.16,17.34,3
grid_00696,112.95,28.24,11.45,42.56,4
grid_00697,65.24,16.31,1.16,35.29,4
grid_00698,6.51,6.51,6.51,6.51,1
grid_00699,0.0,0.0,0.0,0.0,0
grid_00700,12.62,6.31,1.16,11.45,2
grid_00701,880.57,880.57,880.57,880.57,1
grid_00702,6536.18,1307.24,880.57,1732.01,5
grid_00703,5547.82,1386.95,973.05,1732.01,4
grid_00704,4675.74,935.15,428.68,1732.01,5
grid_00705,4032.17,1008.04,564.82,1732.01,4
grid_00706,2863.34,715.83,428.68,1069.65,4
grid_00707,1793.35,448.34,365.3,564.82,4
grid_00708,2636.41,439.4,365.3,560.84,6
grid_00709,2163.96,540.99,434.55,599.48,4
grid_00710,429.64,429.64,429.64,429.64,1
grid_00711,4163.08,1040.77,802.35,1614.72,4
grid_00712,3785.44,946.36,507.99,1614.72,4
grid_00713,2262.09,565.52,407.95,797.46,4
grid_00714,2938.44,734.61,502.55,1014.9,4
grid_00715,2515.47,628.87,345.3,865.27,4
grid_00716,1985.06,496.27,407.95,615.37,4
grid_00717,2172.31,543.08,345.3,865.27,4
grid_00718,2062.49,515.62,407.95,615.37,4
grid_00719,2436.2,609.05,453.76,790.67,4
grid_00720,2021.56,505.39,390.09,615.37,4
grid_00721,1387.06,462.35,396.58,560.84,3
grid_00722,1843.55,460.89,369.84,599.48,4
grid_00723,1954.78,488.69,396.58,566.89,4
grid_00724,1387.29,462.43,395.98,561.67,3
grid_00725,1525.35,381.34,355.67,434.55,4
grid_00726,2470.78,411.8,355.67,566.89,6
grid_00727,2182.52,545.63,473.34,580.62,4
grid_00728,1640.55,410.14,355.67,468.45,4
grid_00729,2628.35,438.06,355.67,566.89,6
grid_00730,1646.21,411.55,369.84,446.59,4
grid_00731,784.76,392.38,377.46,407.3,2
grid_00732,673.06,336.53,296.68,376.38,2
grid_00733,772.36,386.18,376.38,395.98,2
grid_00734,1445.73,361.43,296.68,436.36,4
grid_00735,1793.65,597.88,436.36,753.72,3
grid_00736,603.56,603.56,603.56,603.56,1
grid_00737,410.61,410.61,410.61,410.61,1
grid_00738,410.61,410.61,410.61,410.61,1
grid_00739,644.89,322.44,313.91,330.98,2
grid_00740,615.91,205.3,196.4,220.16,3
grid_00741,1651.99,413.0,376.38,443.27,4
grid_00742,1981.54,495.39,395.98,580.62,4
grid_00743,3604.45,600.74,443.27,704.86,6
grid_00744,1978.73,494.68,390.09,695.94,4
grid_00745,3522.9,587.15,436.36,753.72,6
grid_00746,2385.11,596.28,446.59,774.13,4
grid_00747,2480.88,620.22,473.34,722.06,4
grid_00748,3384.56,564.09,378.24,774.13,6
grid_00749,2966.1,741.52,564.99,1138.03,4
grid_00750,6416.2,712.91,567.4,888.89,9
grid_00751,2296.46,574.11,345.3,790.67,4
grid_00752,2480.52,620.13,345.3,925.94,4
grid_00753,3576.31,894.08,502.55,1132.92,4
grid_00754,2639.23,659.81,485.58,790.67,4
grid_00755,3184.17,796.04,698.93,925.94,4
grid_00756,1898.18,474.55,390.09,576.4,4
grid_00757,3136.55,784.14,706.73,852.57,4
grid_00758,3263.57,815.89,505.78,1132.92,4
grid_00759,3511.02,585.17,429.59,878.6,6
grid_00760,2923.8,487.3,344.0,786.58,6
grid_00761,4899.07,816.51,589.71,1457.31,6
grid_00762,4153.94,692.32,567.4,888.89,6
grid_00763,4549.43,909.89,589.71,1457.31,5
grid_00764,3282.33,547.06,437.45,695.94,6
grid_00765,3643.89,910.97,421.88,1519.0,4
grid_00766,5143.11,1285.78,779.74,1952.42,4
grid_00767,2163.57,540.89,475.26,602.85,4
grid_00768,6066.75,1516.69,1138.03,1952.42,4
grid_00769,2307.18,576.8,565.49,602.85,4
grid_00770,4182.88,697.15,567.4,953.64,6
grid_00771,2645.79,440.96,344.0,485.58,6
grid_00772,3545.4,590.9,418.68,852.57,6
grid_00773,3569.5,594.92,414.26,852.57,6
grid_00774,3470.32,867.58,429.59,1442.29,4
grid_00775,2017.78,504.44,418.68,719.84,4
grid_00776,2180.9,545.23,435.99,712.78,4
grid_00777,2165.42,541.35,457.39,712.78,4
grid_00778,1879.07,469.77,418.68,574.74,4
grid_00779,4704.8,1176.2,719.84,1623.48,4
grid_00780,3635.32,908.83,449.66,1623.48,4
grid_00781,2930.74,732.69,359.88,1519.0,4
grid_00782,5841.69,1460.42,953.64,1952.42,4
grid_00783,2186.98,546.75,502.72,571.45,4
grid_00784,5680.72,1420.18,629.99,1952.42,4
grid_00785,2331.96,582.99,502.72,743.76,4
grid_00786,4801.17,800.2,547.32,1356.31,6
grid_00787,1323.22,441.07,333.35,629.99,3
grid_00788,2430.53,607.63,381.31,802.74,4
grid_00789,3248.54,812.14,333.35,1579.32,4
grid_00790,4254.89,1063.72,613.38,1579.32,4
grid_00791,3157.35,789.34,519.99,1180.82,4
grid_00792,2619.42,654.86,449.66,842.34,4
grid_00793,3221.03,805.26,574.74,1180.82,4
grid_00794,3914.36,978.59,557.74,1623.48,4
grid_00795,3957.47,989.37,677.71,1623.48,4
grid_00796,4641.44,1160.36,743.76,1914.12,4
grid_00797,5296.58,1324.15,752.68,1914.12,4
grid_00798,3721.69,930.42,677.71,1448.96,4
grid_00799,3911.82,977.95,417.05,1914.12,4
grid_00800,2302.58,575.64,396.24,813.95,4
grid_00801,1754.61,438.65,312.82,594.89,4
grid_00802,2783.6,695.9,486.67,872.03,4
grid_00803,4796.87,799.48,369.67,1396.07,6
grid_00804,1746.57,436.64,337.18,514.25,4
grid_00805,3949.22,987.3,725.26,1396.07,4
grid_00806,1564.33,391.08,259.2,486.67,4
grid_00807,1593.91,398.48,259.2,514.25,4
grid_00808,2542.19,635.55,458.23,872.03,4
grid_00809,5346.78,891.13,618.64,1388.04,6
grid_00810,1815.32,453.83,319.0,547.16,4
grid_00811,1414.57,235.76,146.06,345.73,6
grid_00812,126.74,31.69,1.11,69.41,4
grid_00813,1323.49,330.87,254.78,434.91,4
grid_00814,421.64,105.41,32.58,173.58,4
grid_00815,1193.92,298.48,254.78,345.73,4
grid_00816,1526.54,254.42,173.58,358.29,6
grid_00817,393.51,98.38,1.64,185.7,4
grid_00818,35.33,11.78,1.11,32.58,3
grid_00819,1614.49,403.62,296.62,547.16,4
grid_00820,1336.44,334.11,296.62,358.29,4
grid_00821,0.0,0.0,0.0,0.0,0
grid_00822,1.16,1.16,1.16,1.16,1
grid_00823,36.2,12.07,1.11,23.64,3
grid_00824,0.0,0.0,0.0,0.0,0
grid_00825,0.0,0.0,0.0,0.0,0
grid_00826,1.11,1.11,1.11,1.11,1
grid_00827,0.0,0.0,0.0,0.0,0
grid_00828,0.0,0.0,0.0,0.0,0
grid_00829,0.0,0.0,0.0,0.0,0
grid_00830,0.0,0.0,0.0,0.0,0
grid_00831,2911.68,727.92,565.94,955.86,4
grid_00832,1597.59,399.4,259.2,580.09,4
grid_00833,1392.53,348.13,259.2,514.25,4
grid_00834,2329.52,582.38,458.23,725.26,4
grid_00835,7852.5,1308.75,664.62,2132.71,6
grid_00836,3908.89,977.22,565.94,1547.0,4
grid_00837,3965.72,991.43,565.94,1519.3,4
grid_00838,1628.77,407.19,236.71,772.99,4
grid_00839,3200.15,800.04,300.08,1547.0,4
grid_00840,1448.25,362.06,236.71,547.16,4
grid_00841,1566.37,391.59,335.8,547.16,4
grid_00842,1675.56,418.89,335.8,643.44,4
grid_00843,1905.69,317.62,90.61,643.44,6
grid_00844,1.64,1.64,1.64,1.64,1
grid_00845,277.96,92.65,1.64,185.7,3
grid_00846,2542.28,635.57,338.03,961.33,4
grid_00847,1556.73,389.18,273.84,599.48,4
grid_00848,3143.4,523.9,74.42,980.98,6
grid_00849,165.04,82.52,74.42,90.61,2
grid_00850,0.0,0.0,0.0,0.0,0
grid_00851,0.0,0.0,0.0,0.0,0
grid_00852,0.0,0.0,0.0,0.0,0
grid_00853,0.0,0.0,0.0,0.0,0
grid_00854,0.0,0.0,0.0,0.0,0
grid_00855,0.0,0.0,0.0,0.0,0
grid_00856,0.0,0.0,0.0,0.0,0
grid_00857,0.0,0.0,0.0,0.0,0
grid_00858,0.0,0.0,0.0,0.0,0
grid_00859,0.0,0.0,0.0,0.0,0
grid_00860,0.0,0.0,0.0,0.0,0
grid_00861,7346.96,1224.49,505.78,2132.71,6
grid_00862,4174.5,1043.63,578.88,1519.3,4
grid_00863,4907.77,1226.94,772.99,1547.0,4
grid_00864,3103.08,775.77,236.71,1447.07,4
grid_00865,4482.46,1120.61,578.88,1547.0,4
grid_00866,1502.25,375.56,236.71,646.32,4
grid_00867,2920.83,486.81,306.3,860.46,6
grid_00868,4358.91,1089.73,646.32,1447.07,4
grid_00869,4956.54,826.09,351.33,1447.07,6
grid_00870,6160.0,684.44,365.02,1195.79,9
grid_00871,3313.87,828.47,273.84,1449.03,4
grid_00872,264.64,132.32,74.42,190.22,2
grid_00873,0.0,0.0,0.0,0.0,0
grid_00874,5790.1,1447.53,599.48,2780.27,4
grid_00875,7595.43,1265.9,74.42,2780.27,6
grid_00876,37205.52,4133.95,190.22,11172.06,9
grid_00877,4810.57,1202.64,190.22,2575.59,4
grid_00878,36194.83,6032.47,1449.03,11172.06,6
grid_00879,20902.0,3483.67,991.52,7731.28,6
grid_00880,2275.84,1137.92,469.14,1806.7,2
grid_00881,3163.8,527.3,306.3,1140.72,6
grid_00882,3079.13,769.78,273.84,1167.44,4
grid_00883,1461.07,365.27,306.3,468.88,4
grid_00884,1374.26,343.56,306.3,368.38,4
grid_00885,4552.02,758.67,365.02,1442.29,6
grid_00886,5486.73,914.45,468.49,1417.97,6
grid_00887,2863.32,572.66,351.33,1098.08,5
grid_00888,10244.98,1707.5,858.2,3436.34,6
grid_00889,2684.41,671.1,468.49,858.2,4
grid_00890,1678.46,419.62,334.55,517.69,4
grid_00891,0.0,0.0,0.0,0.0,0
grid_00892,0.0,0.0,0.0,0.0,0
grid_00893,0.0,0.0,0.0,0.0,0
grid_00894,0.0,0.0,0.0,0.0,0
grid_00895,469.14,469.14,469.14,469.14,1
grid_00896,0.0,0.0,0.0,0.0,0
grid_00897,0.0,0.0,0.0,0.0,0
grid_00898,0.0,0.0,0.0,0.0,0
grid_00899,0.0,0.0,0.0,0.0,0
grid_00900,4639.53,2319.76,469.14,4170.39,2
grid_00901,10768.25,2692.06,469.14,4322.03,4
grid_00902,15138.17,3784.54,1806.7,6433.86,4
grid_00903,16503.55,4125.89,1645.77,7731.28,4
grid_00904,37536.27,9384.07,4753.0,13879.93,4
grid_00905,48287.65,8047.94,2575.59,13879.93,6
grid_00906,14942.96,3735.74,2106.63,4343.92,4
grid_00907,23924.02,5981.0,4322.03,8824.22,4
grid_00908,18008.09,4502.02,1645.77,8926.85,4
grid_00909,46253.45,11563.36,4753.0,18693.67,4
grid_00910,69398.88,11566.48,6433.86,18693.67,6
grid_00911,4425.15,737.52,368.38,1442.29,6
grid_00912,1491.35,372.84,334.55,431.07,4
grid_00913,1986.84,496.71,468.49,531.78,4
grid_00914,5703.41,1425.85,825.93,2373.5,4
grid_00915,3424.77,856.19,531.78,1402.58,4
grid_00916,2150.21,537.55,357.34,721.26,4
grid_00917,3614.92,602.49,431.07,919.19,6
grid_00918,2008.82,502.21,357.34,666.49,4
grid_00919,2435.21,608.8,517.69,721.26,4
grid_00920,6556.75,1639.19,825.93,2682.47,4
grid_00921,0.0,0.0,0.0,0.0,0
grid_00922,0.0,0.0,0.0,0.0,0
grid_00923,0.0,0.0,0.0,0.0,0
grid_00924,0.0,0.0,0.0,0.0,0
grid_00925,0.0,0.0,0.0,0.0,0
grid_00926,0.0,0.0,0.0,0.0,0
grid_00927,0.0,0.0,0.0,0.0,0
grid_00928,6277.02,3138.51,2106.63,4170.39,2
grid_00929,0.0,0.0,0.0,0.0,0
grid_00930,6436.94,3218.47,2106.63,4330.31,2
grid_00931,2550.62,637.66,553.92,666.64,4
grid_00932,3248.07,812.02,553.92,1306.25,4
grid_00933,6217.98,1554.49,664.48,2703.15,4
grid_00934,3632.61,605.44,552.19,666.49,6
grid_00935,4139.76,1034.94,664.48,1447.77,4
grid_00936,14863.97,3715.99,1402.58,8075.77,4
grid_00937,5287.13,1321.78,961.68,1571.42,4
grid_00938,3625.96,906.49,666.64,1306.25,4
grid_00939,3655.06,609.18,552.19,663.57,6
grid_00940,7379.31,1844.83,1447.77,2703.15,4
grid_00941,14536.34,3634.09,2106.63,4343.92,4
grid_00942,22536.37,5634.09,3755.49,8824.22,4
grid_00943,59092.89,14773.22,8926.85,18693.67,4
grid_00944,33481.43,8370.36,2682.47,13796.34,4
grid_00945,77845.75,12974.29,5612.75,18693.67,6
grid_00946,24617.32,6154.33,3755.49,10516.65,4
grid_00947,19404.33,4851.08,3755.49,6014.88,4
grid_00948,59770.84,14942.71,12549.79,17676.03,4
grid_00949,40432.35,10108.09,6010.45,13796.34,4
grid_00950,67914.08,11319.01,4021.22,17676.03,6
grid_00951,0.0,0.0,0.0,0.0,0
grid_00952,0.0,0.0,0.0,0.0,0
grid_00953,0.0,0.0,0.0,0.0,0
grid_00954,0.0,0.0,0.0,0.0,0
grid_00955,0.0,0.0,0.0,0.0,0
grid_00956,0.0,0.0,0.0,0.0,0
grid_00957,20609.86,6869.95,4330.31,10516.65,3
grid_00958,0.0,0.0,0.0,0.0,0
grid_00959,33162.53,8290.63,5116.0,11766.98,4
grid_00960,0.0,0.0,0.0,0.0,0
grid_00961,2606.37,651.59,584.77,691.38,4
grid_00962,18446.33,4611.58,1656.97,8075.77,4
grid_00963,2896.74,724.18,492.69,961.68,4
grid_00964,3218.96,536.49,446.85,620.25,6
grid_00965,2215.7,553.92,446.85,691.38,4
grid_00966,11464.67,2866.17,1065.49,6010.45,4
grid_00967,4184.93,1046.23,750.98,1571.42,4
grid_00968,5194.72,1298.68,900.84,1656.97,4
grid_00969,3380.27,845.07,645.17,1065.49,4
grid_00970,2164.15,541.04,416.81,750.98,4
grid_00971,19499.58,4874.9,4021.22,6014.88,4
grid_00972,38026.02,9506.5,3817.23,15748.68,4
grid_00973,27202.32,6800.58,2731.77,12549.79,4
grid_00974,42877.41,7146.24,3817.23,15748.68,6
grid_00975,33490.86,8372.71,5192.35,11766.98,4
grid_00976,15573.6,3893.4,2549.01,5192.35,4
grid_00977,25427.73,4237.95,3561.11,4907.95,6
grid_00978,16737.53,4184.38,2963.27,5910.32,4
grid_00979,13122.56,3280.64,1517.21,5910.32,4
grid_00980,24411.99,6103.0,2549.01,11766.98,4
grid_00981,2678.31,446.38,369.59,489.4,6
grid_00982,6083.24,1520.81,768.77,2731.77,4
grid_00983,1803.09,450.77,416.81,492.69,4
grid_00984,2800.67,700.17,503.68,900.84,4
grid_00985,3907.55,976.89,645.17,1840.43,4
grid_00986,2257.52,564.38,455.49,653.18,4
grid_00987,1685.75,421.44,404.75,446.75,4
grid_00988,1793.41,448.35,416.81,503.68,4
grid_00989,2405.46,400.91,349.88,450.44,6
grid_00990,5680.07,1420.02,768.77,1840.43,4
grid_00991,0.0,0.0,0.0,0.0,0
grid_00992,25195.0,6298.75,3408.36,11766.98,4
grid_00993,0.0,0.0,0.0,0.0,0
grid_00994,8524.36,4262.18,3408.36,5116.0,2
grid_00995,12048.13,3012.03,1448.98,4903.66,4
grid_00996,4857.34,2428.67,1448.98,3408.36,2
grid_00997,9972.51,2493.13,1448.98,3121.09,4
grid_00998,4917.72,1639.24,353.44,3115.3,3
grid_00999,13063.16,3265.79,2633.95,4192.82,4
grid_01000,9218.51,2304.63,353.44,4192.82,4
grid_01001,1806.82,451.7,375.46,547.32,4
grid_01002,3958.1,659.68,375.46,1356.31,6
grid_01003,333.35,333.35,333.35,333.35,1
grid_01004,1301.79,325.45,264.74,381.31,4
grid_01005,1970.37,492.59,315.25,705.88,4
grid_01006,1881.38,470.35,280.28,802.74,4
grid_01007,2264.98,377.5,264.74,613.38,6
grid_01008,1660.58,415.15,285.5,705.88,4
grid_01009,1318.06,329.52,276.89,390.07,4
grid_01010,1212.06,303.02,182.45,417.05,4
grid_01011,2320.12,580.03,396.24,813.95,4
grid_01012,4772.95,1193.24,631.97,1914.12,4
grid_01013,3173.31,793.33,414.68,1448.96,4
grid_01014,2153.27,538.32,366.81,777.91,4
grid_01015,2011.65,502.91,396.24,620.25,4
grid_01016,1903.82,475.95,332.27,777.91,4
grid_01017,1628.44,407.11,374.54,442.97,4
grid_01018,1788.0,447.0,366.81,631.97,4
grid_01019,1979.19,494.8,426.57,620.25,4
grid_01020,1565.04,391.26,366.81,450.0,4
grid_01021,1630.11,271.69,169.91,315.25,6
grid_01022,866.22,433.11,285.5,580.72,2
grid_01023,897.39,224.35,169.91,280.28,4
grid_01024,1592.13,398.03,285.5,580.72,4
grid_01025,808.45,202.11,169.91,235.7,4
grid_01026,2964.02,741.0,390.07,1198.08,4
grid_01027,1813.57,453.39,276.89,795.15,4
grid_01028,1650.7,275.12,169.91,351.46,6
grid_01029,1778.8,889.4,580.72,1198.08,2
grid_01030,1053.62,263.41,182.45,332.27,4
grid_01031,1694.09,423.52,374.54,450.0,4
grid_01032,1360.71,340.18,303.19,376.59,4
grid_01033,1465.75,366.44,348.67,376.59,4
grid_01034,1675.91,418.98,373.69,450.0,4
grid_01035,1386.81,346.7,303.19,399.06,4
grid_01036,1660.45,415.11,369.59,489.4,4
grid_01037,1678.95,419.74,374.89,450.0,4
grid_01038,1546.15,386.54,348.67,424.74,4
grid_01039,1576.54,394.13,364.87,424.74,4
grid_01040,1443.39,360.85,335.9,399.06,4
grid_01041,1096.85,274.21,220.38,328.44,4
grid_01042,3134.23,783.56,351.46,1401.46,4
grid_01043,1203.23,300.81,235.7,335.9,4
grid_01044,2147.11,357.85,220.38,586.16,6
grid_01045,3020.09,1006.7,553.97,1268.04,3
grid_01046,4662.73,1165.68,795.15,1401.46,4
grid_01047,3989.04,997.26,586.16,1401.46,4
grid_01048,1356.28,339.07,328.44,348.38,4
grid_01049,1538.3,384.57,312.32,549.16,4
grid_01050,3001.16,500.19,312.32,648.85,6
grid_01051,3093.15,773.29,410.61,1268.04,4
grid_01052,4882.59,1220.65,860.53,1401.46,4
grid_01053,2793.01,698.25,301.16,1352.57,4
grid_01054,5632.54,938.76,490.43,1739.65,6
grid_01055,1932.31,483.08,330.2,860.53,4
grid_01056,2844.45,711.11,301.16,1352.57,4
grid_01057,3336.95,834.24,348.38,1739.65,4
grid_01058,1729.45,432.36,337.75,699.77,4
grid_01059,1579.83,394.96,301.16,490.43,4
grid_01060,6312.2,1052.03,428.82,1739.65,6
grid_01061,1444.74,361.18,349.88,374.89,4
grid_01062,1526.77,381.69,350.38,427.49,4
grid_01063,1614.1,403.53,374.01,427.49,4
grid_01064,1406.62,351.66,337.75,364.87,4
grid_01065,1499.43,374.86,360.44,387.87,4
grid_01066,1440.23,360.06,349.88,372.44,4
grid_01067,1487.36,371.84,350.38,390.52,4
grid_01068,1538.65,384.66,374.01,390.52,4
grid_01069,2767.47,691.87,360.44,1095.87,4
grid_01070,2061.25,515.31,337.75,924.91,4
grid_01071,2176.95,544.24,337.75,701.28,4
grid_01072,1318.12,329.53,313.91,343.04,4
grid_01073,4226.24,1056.56,699.77,1739.65,4
grid_01074,1333.82,333.45,301.16,359.42,4
grid_01075,2166.93,361.15,257.8,428.82,6
grid_01076,4538.96,504.33,282.29,1085.55,9
grid_01077,2243.45,560.86,354.99,749.03,4
grid_01078,2449.94,612.48,308.12,1085.55,4
grid_01079,692.56,346.28,343.04,349.51,2
grid_01080,1934.51,322.42,255.66,369.08,6
grid_01081,1584.79,396.2,367.52,438.09,4
grid_01082,2083.14,520.78,372.44,882.08,4
grid_01083,2754.72,688.68,386.25,1095.87,4
grid_01084,4446.51,1111.63,438.09,1770.32,4
grid_01085,2997.88,749.47,406.73,1356.02,4
grid_01086,6968.4,1742.1,924.91,2668.85,4
grid_01087,4390.86,1097.72,438.15,2278.77,4
grid_01088,6417.11,1604.28,882.08,2668.85,4
grid_01089,14130.78,2355.13,1770.32,2716.41,6
grid_01090,12837.45,1426.38,430.83,2473.17,9
grid_01091,1227.02,306.76,238.37,381.63,4
grid_01092,2389.7,341.39,282.29,400.21,7
grid_01093,2805.32,467.55,299.35,749.03,6
grid_01094,1935.18,322.53,282.29,369.52,6
grid_01095,751.83,250.61,238.37,257.8,3
grid_01096,2852.03,475.34,268.95,1187.87,6
grid_01097,3039.26,759.82,320.91,1187.87,4
grid_01098,2634.84,658.71,369.52,1160.97,4
grid_01099,1071.87,267.97,215.34,349.22,4
grid_01100,930.94,232.74,201.58,267.8,4
grid_01101,0.0,0.0,0.0,0.0,0
grid_01102,0.0,0.0,0.0,0.0,0
grid_01103,0.0,0.0,0.0,0.0,0
grid_01104,1.14,0.57,0.46,0.68,2
grid_01105,0.0,0.0,0.0,0.0,0
grid_01106,0.0,0.0,0.0,0.0,0
grid_01107,0.0,0.0,0.0,0.0,0
grid_01108,4.45,2.22,0.68,3.77,2
grid_01109,0.0,0.0,0.0,0.0,0
grid_01110,0.0,0.0,0.0,0.0,0
grid_01111,0.0,0.0,0.0,0.0,0
grid_01112,0.0,0.0,0.0,0.0,0
grid_01113,0.0,0.0,0.0,0.0,0
grid_01114,9.84,4.92,3.77,6.07,2
grid_01115,0.0,0.0,0.0,0.0,0
grid_01116,0.0,0.0,0.0,0.0,0
grid_01117,0.0,0.0,0.0,0.0,0
grid_01118,0.0,0.0,0.0,0.0,0
grid_01119,10.84,5.42,4.77,6.07,2
grid_01120,0.0,0.0,0.0,0.0,0
grid_01121,0.0,0.0,0.0,0.0,0
grid_01122,17.28,8.64,4.77,12.51,2
grid_01123,0.0,0.0,0.0,0.0,0
grid_01124,0.0,0.0,0.0,0.0,0
grid_01125,0.0,0.0,0.0,0.0,0
grid_01126,29.04,14.52,12.51,16.52,2
grid_01127,0.0,0.0,0.0,0.0,0
grid_01128,0.0,0.0,0.0,0.0,0
grid_01129,0.0,0.0,0.0,0.0,0
grid_01130,0.0,0.0,0.0,0.0,0
grid_01131,0.0,0.0,0.0,0.0,0
grid_01132,0.0,0.0,0.0,0.0,0
grid_01133,0.0,0.0,0.0,0.0,0
grid_01134,0.0,0.0,0.0,0.0,0
grid_01135,85.07,28.36,16.52,40.54,3
grid_01136,110.84,36.95,20.44,49.86,3
grid_01137,0.0,0.0,0.0,0.0,0
grid_01138,20.44,20.44,20.44,20.44,1
grid_01139,0.0,0.0,0.0,0.0,0
grid_01140,0.0,0.0,0.0,0.0,0
grid_01141,198.32,66.11,20.44,136.08,3
grid_01142,41.81,41.81,41.81,41.81,1
grid_01143,0.0,0.0,0.0,0.0,0
grid_01144,0.0,0.0,0.0,0.0,0
grid_01145,222.78,55.69,16.4,136.08,4
grid_01146,431.55,107.89,41.81,161.67,4
grid_01147,50.41,50.41,50.41,50.41,1
grid_01148,0.0,0.0,0.0,0.0,0
grid_01149,253.89,84.63,41.81,161.67,3
grid_01150,244.47,81.49,16.4,136.08,3
grid_01151,8.75,8.75,8.75,8.75,1
grid_01152,387.54,96.89,9.02,161.67,4
grid_01153,209.77,69.92,8.75,150.62,3
grid_01154,487.55,121.89,50.41,161.67,4
grid_01155,101.01,50.51,9.02,91.99,2
grid_01156,400.1,100.03,9.23,150.62,4
grid_01157,143.1,47.7,9.02,124.86,3
grid_01158,436.68,109.17,8.75,161.9,4
grid_01159,170.65,85.33,8.75,161.9,2
grid_01160,9.02,9.02,9.02,9.02,1
grid_01161,9.84,4.92,3.77,6.07,2
grid_01162,10.84,5.42,4.77,6.07,2
grid_01163,17.28,8.64,4.77,12.51,2
grid_01164,29.04,14.52,12.51,16.52,2
grid_01165,85.07,28.36,16.52,40.54,3
grid_01166,90.4,45.2,40.54,49.86,2
grid_01167,66.27,33.13,16.4,49.86,2
grid_01168,16.4,16.4,16.4,16.4,1
grid_01169,1317.28,658.64,60.53,1256.75,2
grid_01170,4004.51,1001.13,60.53,2194.75,4
grid_01171,277.31,138.65,115.41,161.9,2
grid_01172,9.23,9.23,9.23,9.23,1
grid_01173,124.63,62.32,9.23,115.41,2
grid_01174,683.34,341.67,93.61,589.73,2
grid_01175,2163.27,540.82,17.81,1004.82,4
grid_01176,1022.63,511.31,17.81,1004.82,2
grid_01177,4639.79,1159.95,55.32,1930.23,4
grid_01178,3834.75,958.69,550.91,1649.42,4
grid_01179,1985.55,992.77,55.32,1930.23,2
grid_01180,4303.88,1075.97,629.6,1649.42,4
grid_01181,4870.78,1217.69,79.42,1930.23,4
grid_01182,1211.04,605.52,79.42,1131.62,2
grid_01183,6492.22,1623.06,1183.07,1930.23,4
grid_01184,3751.61,937.9,837.7,1183.07,4
grid_01185,4454.95,1113.74,438.7,1729.51,4
grid_01186,1927.37,481.84,28.48,1131.62,4
grid_01187,4956.74,1239.19,889.05,1729.51,4
grid_01188,402.1,134.03,28.48,328.56,3
grid_01189,4548.05,1137.01,889.05,1300.19,4
grid_01190,3556.62,889.15,438.7,1300.19,4
grid_01191,3760.14,940.03,829.7,1203.69,4
grid_01192,2877.12,719.28,328.56,1447.26,4
grid_01193,3077.63,769.41,45.05,1447.26,4
grid_01194,2765.98,691.5,361.37,1203.69,4
grid_01195,3254.6,813.65,569.97,1300.19,4
grid_01196,3445.07,861.27,371.22,1300.19,4
grid_01197,4618.4,1154.6,662.6,1786.7,4
grid_01198,6685.46,1671.36,1256.75,2194.75,4
grid_01199,1492.09,373.02,279.84,479.65,4
grid_01200,2984.1,746.03,371.22,1563.26,4
grid_01201,12788.26,3197.06,2287.14,4903.66,4
grid_01202,7800.59,1950.15,1517.21,2963.27,4
grid_01203,25648.79,4274.8,3489.57,5030.43,6
grid_01204,12266.0,3066.5,1766.44,4046.72,4
grid_01205,14189.0,3547.25,2549.01,5030.43,4
grid_01206,16477.95,2746.33,1508.05,4697.37,6
grid_01207,6980.03,1745.01,1553.66,1849.4,4
grid_01208,19939.45,3987.89,3205.98,5030.43,5
grid_01209,14323.78,3580.95,2728.81,5030.43,4
grid_01210,11185.49,2796.37,2287.14,3121.09,4
grid_01211,4742.29,1185.57,653.18,1840.43,4
grid_01212,2321.06,580.27,417.44,795.43,4
grid_01213,1892.86,473.21,404.75,652.7,4
grid_01214,2781.18,695.3,455.49,877.08,4
grid_01215,6615.09,1653.77,1371.6,1849.4,4
grid_01216,2302.19,383.7,349.88,417.96,6
grid_01217,4311.61,1077.9,701.0,1938.1,4
grid_01218,4986.22,1246.56,652.7,1938.1,4
grid_01219,2404.91,400.82,367.52,439.03,6
grid_01220,3483.31,870.83,533.63,1371.6,4
grid_01221,10195.1,1699.18,960.32,3205.98,6
grid_01222,5264.05,1316.01,596.43,1849.4,4
grid_01223,10805.42,2701.35,1702.52,3516.09,4
grid_01224,10551.14,2637.79,1925.42,3516.09,4
grid_01225,10409.27,2602.32,1925.42,3121.09,4
grid_01226,6742.31,1685.58,993.47,2380.82,4
grid_01227,5780.21,963.37,655.36,1702.52,6
grid_01228,6242.32,1560.58,716.39,2380.82,4
grid_01229,2757.22,689.31,497.73,1007.7,4
grid_01230,8000.38,2000.09,993.47,2633.95,4
grid_01231,3109.68,777.42,417.96,1599.99,4
grid_01232,4351.05,1087.76,533.63,1849.4,4
grid_01233,3491.14,872.79,439.03,1599.99,4
grid_01234,4361.0,1090.25,538.11,1938.1,4
grid_01235,2913.82,485.64,395.63,797.03,6
grid_01236,2217.51,554.38,444.78,701.0,4
grid_01237,5729.45,1432.36,1007.56,1938.1,4
grid_01238,2072.57,518.14,444.78,596.43,4
grid_01239,4929.46,821.58,538.11,1183.8,6
grid_01240,4887.68,698.24,408.36,1590.35,7
grid_01241,1556.94,1556.94,1556.94,1556.94,1
grid_01242,12959.53,3239.88,2447.53,4192.82,4
grid_01243,11247.76,2811.94,1556.94,4192.82,4
grid_01244,3485.72,1161.91,116.01,1812.77,3
grid_01245,8008.06,2002.02,917.38,3685.22,4
grid_01246,347.51,347.51,347.51,347.51,1
grid_01247,7077.36,1769.34,661.98,3685.22,4
grid_01248,2938.28,734.57,116.01,1812.77,4
grid_01249,2377.53,475.51,152.34,682.91,5
grid_01250,4168.31,694.72,630.91,917.38,6
grid_01251,3589.88,598.31,408.36,1007.56,6
grid_01252,3806.41,634.4,444.78,838.68,6
grid_01253,4798.01,799.67,510.8,1183.8,6
grid_01254,3089.52,514.92,444.78,589.26,6
grid_01255,8999.2,2249.8,664.56,4266.15,4
grid_01256,4320.95,1080.24,554.02,2478.14,4
grid_01257,2647.96,661.99,554.02,840.99,4
grid_01258,2597.85,649.46,514.87,838.68,4
grid_01259,2984.15,746.04,628.73,840.99,4
grid_01260,2621.64,524.33,477.82,568.54,5
grid_01261,5136.91,1284.23,716.39,1502.68,4
grid_01262,2204.91,551.23,477.82,655.36,4
grid_01263,4623.18,1155.79,684.44,1502.68,4
grid_01264,4805.32,800.89,573.99,1475.26,6
grid_01265,5083.37,1270.84,684.44,2447.53,4
grid_01266,3406.0,567.67,477.82,702.94,6
grid_01267,6314.01,1052.34,424.01,1502.68,6
grid_01268,6466.92,718.55,384.87,1475.26,9
grid_01269,4976.85,829.48,490.36,1502.68,6
grid_01270,3869.96,644.99,490.36,957.92,6
grid_01271,4391.28,731.88,597.53,957.92,6
grid_01272,3626.69,604.45,347.51,682.91,6
grid_01273,2798.26,699.56,551.34,1022.23,4
grid_01274,3216.28,804.07,75.14,1567.57,4
grid_01275,2428.76,607.19,530.37,659.94,4
grid_01276,2503.78,625.94,580.98,667.8,4
grid_01277,2415.01,603.75,530.37,659.94,4
grid_01278,3329.22,832.3,581.26,1022.23,4
grid_01279,2210.96,552.74,452.97,667.8,4
grid_01280,2396.6,599.15,530.37,715.14,4
grid_01281,2112.2,528.05,350.92,675.76,4
grid_01282,2057.84,514.46,410.42,675.76,4
grid_01283,8058.17,2014.54,624.23,3931.59,4
grid_01284,16026.22,4006.56,2478.14,5350.34,4
grid_01285,2628.08,657.02,350.92,1024.2,4
grid_01286,2024.63,506.16,410.42,550.32,4
grid_01287,1842.83,460.71,350.92,526.57,4
grid_01288,1830.23,457.56,410.42,526.57,4
grid_01289,8753.0,2188.25,940.7,3931.59,4
grid_01290,2824.37,706.09,350.92,1024.2,4
grid_01291,2263.49,565.87,490.36,646.58,4
grid_01292,2260.64,565.16,549.02,590.84,4
grid_01293,2402.27,600.57,490.36,667.8,4
grid_01294,2842.85,473.81,384.87,590.84,6
grid_01295,2015.1,503.78,424.01,626.43,4
grid_01296,2131.0,532.75,432.01,578.21,4
grid_01297,3046.14,507.69,408.11,578.21,6
grid_01298,2309.59,577.4,452.97,667.8,4
grid_01299,2356.22,589.06,464.55,712.75,4
grid_01300,2528.0,632.0,542.25,712.75,4
grid_01301,12425.7,2070.95,1107.91,2668.85,6
grid_01302,6847.96,1141.33,488.63,2278.77,6
grid_01303,12739.05,2123.17,1356.02,2716.41,6
grid_01304,10727.9,2681.97,2473.17,2890.48,4
grid_01305,16454.15,2742.36,1590.35,4266.15,6
grid_01306,10021.05,2505.26,2060.91,2890.48,4
grid_01307,6303.04,1575.76,780.97,2353.25,4
grid_01308,2993.24,748.31,488.63,1107.91,4
grid_01309,20765.12,3460.85,1998.6,5350.34,6
grid_01310,8904.71,2226.18,1367.8,2890.48,4
grid_01311,865.69,216.42,201.58,238.37,4
grid_01312,893.62,223.41,201.58,251.15,4
grid_01313,3708.24,618.04,268.95,1187.87,6
grid_01314,3300.22,825.05,615.73,1160.97,4
grid_01315,1030.32,257.58,215.34,322.15,4
grid_01316,846.07,211.52,201.58,223.89,4
grid_01317,4279.29,1069.82,875.34,1187.87,4
grid_01318,878.7,219.68,205.26,235.62,4
grid_01319,3750.8,937.7,726.24,1094.11,4
grid_01320,923.56,230.89,205.26,279.33,4
grid_01321,1146.82,286.71,241.79,338.14,4
grid_01322,946.01,236.5,196.4,308.47,4
grid_01323,1115.52,278.88,251.15,338.14,4
grid_01324,414.58,207.29,196.4,218.18,2
grid_01325,1116.35,279.09,235.62,338.14,4
grid_01326,1016.9,254.22,196.4,308.47,4
grid_01327,1231.88,307.97,291.43,338.14,4
grid_01328,488.5,244.25,218.18,270.33,2
grid_01329,1049.83,262.46,222.74,300.03,4
grid_01330,1143.92,285.98,218.18,361.57,4
grid_01331,2802.48,700.62,615.73,780.97,4
grid_01332,5274.91,1318.73,757.6,2353.25,4
grid_01333,7994.61,1998.65,1367.8,2890.48,4
grid_01334,4723.28,1180.82,911.59,1383.08,4
grid_01335,18053.86,3008.98,1600.86,5350.34,6
grid_01336,5878.85,1469.71,911.59,1998.6,4
grid_01337,4469.04,1117.26,757.6,1383.08,4
grid_01338,3428.89,857.22,648.19,1267.55,4
grid_01339,12584.91,2097.49,1257.82,3083.34,6
grid_01340,6920.67,1730.17,911.59,2286.32,4
grid_01341,4086.55,817.31,322.15,1118.79,5
grid_01342,3005.32,751.33,648.19,875.34,4
grid_01343,2879.88,479.98,223.89,1118.79,6
grid_01344,938.13,234.53,215.08,254.62,4
grid_01345,5262.94,1315.73,1094.11,1550.95,4
grid_01346,4341.85,723.64,279.33,1550.95,6
grid_01347,1100.18,275.05,215.08,351.16,4
grid_01348,4227.55,1056.89,726.24,1499.08,4
grid_01349,3631.44,907.86,726.24,1241.53,4
grid_01350,1402.61,350.65,245.7,518.31,4
grid_01351,6523.27,1630.82,911.59,2286.32,4
grid_01352,6422.28,1605.57,1060.8,2264.56,4
grid_01353,5094.0,1273.5,755.56,1829.37,4
grid_01354,12235.84,3058.96,2264.56,4308.63,4
grid_01355,9946.27,2486.57,2121.9,3376.32,4
grid_01356,10280.39,1713.4,1192.35,2161.73,6
grid_01357,6811.63,1702.91,1007.9,2732.82,4
grid_01358,11135.39,2783.85,1829.37,4308.63,4
grid_01359,8867.26,2216.81,1611.21,3376.32,4
grid_01360,11458.45,2864.61,1611.21,4308.63,4
grid_01361,1246.88,311.72,291.43,361.57,4
grid_01362,1162.96,290.74,253.94,361.57,4
grid_01363,1225.89,306.47,277.12,361.57,4
grid_01364,1055.64,263.91,222.74,300.03,4
grid_01365,528.13,264.07,257.8,270.33,2
grid_01366,1256.27,314.07,245.7,383.99,4
grid_01367,1243.15,310.79,277.12,339.45,4
grid_01368,1654.12,413.53,339.41,539.5,4
grid_01369,1748.73,437.18,339.41,539.5,4
grid_01370,1655.1,413.78,302.63,539.5,4
grid_01371,1758.58,439.64,254.62,634.49,4
grid_01372,5049.71,841.62,351.16,1550.95,6
grid_01373,5540.63,1385.16,1100.66,1550.95,4
grid_01374,4019.64,1004.91,862.09,1241.53,4
grid_01375,4659.22,1164.81,862.09,1499.08,4
grid_01376,1997.43,499.36,383.99,609.3,4
grid_01377,3588.89,897.22,613.98,1389.93,4
grid_01378,3037.66,759.42,553.69,1007.9,4
grid_01379,3839.43,959.86,625.96,1389.93,4
grid_01380,2425.33,606.33,518.31,663.22,4
grid_01381,4565.15,760.86,625.96,1100.66,6
grid_01382,1904.47,476.12,389.98,609.3,4
grid_01383,2249.06,562.26,408.41,722.88,4
grid_01384,3138.61,523.1,310.41,730.66,6
grid_01385,2208.22,552.05,503.79,613.98,4
grid_01386,2189.0,547.25,408.41,722.88,4
grid_01387,2068.49,517.12,376.6,663.22,4
grid_01388,1538.04,384.51,329.16,419.36,4
grid_01389,2015.73,503.93,408.41,657.47,4
grid_01390,2450.62,612.65,503.79,752.6,4
grid_01391,6021.38,1505.35,553.69,2732.82,4
grid_01392,9554.86,1592.48,919.95,2161.73,6
grid_01393,10930.71,2732.68,1726.96,4308.63,4
grid_01394,4616.38,1154.1,565.84,1718.0,4
grid_01395,5593.08,1398.27,683.85,2162.29,4
grid_01396,3501.27,875.32,536.76,1726.96,4
grid_01397,5514.81,1378.7,721.34,2162.29,4
grid_01398,7156.79,1192.8,565.84,1927.56,6
grid_01399,2077.11,519.28,391.15,721.34,4
grid_01400,2410.62,602.65,437.4,752.6,4
grid_01401,15221.78,3805.45,2856.51,5350.34,4
grid_01402,1829.19,457.3,410.42,550.32,4
grid_01403,8334.49,2083.62,1136.83,3083.34,4
grid_01404,5702.78,1425.7,768.75,2856.51,4
grid_01405,1930.62,482.65,417.88,549.71,4
grid_01406,2746.65,686.66,508.54,940.7,4
grid_01407,2113.49,528.37,508.54,549.71,4
grid_01408,1920.7,480.17,417.88,634.36,4
grid_01409,2223.32,555.83,528.66,605.77,4
grid_01410,1974.67,493.67,417.88,549.71,4
grid_01411,5920.1,986.68,93.61,1636.36,6
grid_01412,2190.4,547.6,509.22,580.98,4
grid_01413,2153.93,538.48,493.44,581.44,4
grid_01414,1869.03,467.26,413.41,509.22,4
grid_01415,2830.58,707.64,530.51,1010.59,4
grid_01416,2396.92,599.23,530.51,715.14,4
grid_01417,4850.29,808.38,488.36,1636.36,6
grid_01418,1869.08,467.27,367.85,581.44,4
grid_01419,1818.97,454.74,413.41,493.44,4
grid_01420,2038.59,509.65,451.51,574.34,4
grid_01421,2423.48,605.87,432.01,778.91,4
grid_01422,2206.07,551.52,419.48,712.75,4
grid_01423,3895.52,649.25,472.3,873.21,6
grid_01424,1828.11,457.03,413.41,542.25,4
grid_01425,2670.04,667.51,531.59,873.21,4
grid_01426,3429.95,857.49,531.59,1230.01,4
grid_01427,5366.57,1341.64,634.36,2117.29,4
grid_01428,6304.08,1050.68,640.39,2117.29,6
grid_01429,1783.84,445.96,413.41,485.77,4
grid_01430,2211.39,552.85,419.48,795.14,4
grid_01431,2849.98,712.49,528.66,946.8,4
grid_01432,4628.01,1157.0,1041.01,1257.82,4
grid_01433,3893.39,973.35,768.75,1136.83,4
grid_01434,3356.14,839.04,417.88,1836.0,4
grid_01435,3584.76,896.19,668.37,1041.01,4
grid_01436,3197.45,799.36,605.77,946.8,4
grid_01437,2057.87,514.47,467.89,539.18,4
grid_01438,3821.69,955.42,668.37,1192.35,4
grid_01439,2396.27,599.07,535.02,716.31,4
grid_01440,3823.28,955.82,467.89,1836.0,4
grid_01441,1931.3,482.83,367.85,581.44,4
grid_01442,3194.13,532.35,468.68,629.6,6
grid_01443,1558.19,389.55,366.77,426.36,4
grid_01444,1624.24,406.06,367.85,451.51,4
grid_01445,1784.2,446.05,407.66,482.24,4
grid_01446,1693.72,423.43,366.77,485.77,4
grid_01447,3495.79,582.63,442.79,841.79,6
grid_01448,1697.95,424.49,366.77,498.45,4
grid_01449,1718.56,429.64,397.22,498.45,4
grid_01450,1789.84,447.46,407.66,524.16,4
grid_01451,6043.09,1510.77,1003.6,2117.29,4
grid_01452,2656.58,664.15,465.18,857.33,4
grid_01453,7013.33,1168.89,658.12,2117.29,6
grid_01454,4139.94,1034.98,795.14,1257.45,4
grid_01455,1904.71,476.18,414.83,538.94,4
grid_01456,3744.72,936.18,732.42,1257.45,4
grid_01457,5528.98,921.5,658.12,1257.45,6
grid_01458,2905.13,726.28,538.94,857.33,4
grid_01459,3886.32,971.58,852.09,1086.19,4
grid_01460,2210.64,552.66,414.83,776.44,4
grid_01461,3536.35,884.09,716.31,1165.6,4
grid_01462,3242.43,810.61,535.02,1165.6,4
grid_01463,2545.93,636.48,515.78,825.51,4
grid_01464,3074.7,768.68,598.18,919.95,4
grid_01465,2921.0,730.25,598.18,928.57,4
grid_01466,3133.44,783.36,515.78,1003.6,4
grid_01467,3051.12,762.78,598.18,888.2,4
grid_01468,3121.21,780.3,669.62,946.94,4
grid_01469,3910.92,977.73,714.06,1305.4,4
grid_01470,3926.85,981.71,669.62,1365.86,4
grid_01471,1697.54,424.39,366.77,480.43,4
grid_01472,4119.36,686.56,442.79,842.22,6
grid_01473,2778.91,694.73,435.52,1011.91,4
grid_01474,2402.91,600.73,415.23,833.03,4
grid_01475,4042.92,673.82,475.06,842.22,6
grid_01476,2129.67,532.42,415.23,656.2,4
grid_01477,2880.82,720.2,435.52,1011.91,4
grid_01478,3147.54,786.88,494.54,1011.91,4
grid_01479,4174.54,1043.63,808.06,1401.61,4
grid_01480,2203.78,550.95,500.72,656.2,4
grid_01481,6915.99,1729.0,732.42,2976.67,4
grid_01482,6180.04,1545.01,732.42,2976.67,4
grid_01483,4577.16,1144.29,852.09,1414.77,4
grid_01484,7655.21,1275.87,777.61,2309.39,6
grid_01485,3904.35,976.09,480.43,1694.52,4
grid_01486,14237.86,3559.47,2309.39,5758.97,4
grid_01487,13807.45,3451.86,1694.52,5758.97,4
grid_01488,10060.44,1676.74,780.71,3192.84,6
grid_01489,4285.33,1071.33,723.98,1414.77,4
grid_01490,7426.38,1856.59,952.96,3377.29,4
grid_01491,3384.3,846.08,679.14,1165.6,4
grid_01492,3432.24,858.06,598.18,1305.4,4
grid_01493,3600.26,900.07,761.96,1101.61,4
grid_01494,3792.41,948.1,723.98,1365.86,4
grid_01495,4685.16,1171.29,663.1,2002.6,4
grid_01496,2930.14,732.53,548.43,946.94,4
grid_01497,2604.72,651.18,548.43,714.06,4
grid_01498,5212.4,1303.1,802.78,2002.6,4
grid_01499,3342.13,835.53,561.52,1101.61,4
grid_01500,3042.93,760.73,548.43,1013.11,4
grid_01501,1792.52,448.13,377.22,539.5,4
grid_01502,570.32,285.16,267.68,302.63,2
grid_01503,1385.59,346.4,289.24,389.98,4
grid_01504,1249.43,312.36,280.34,377.22,4
grid_01505,436.82,218.41,201.14,235.68,2
grid_01506,474.77,474.77,474.77,474.77,1
grid_01507,541.9,270.95,235.68,306.22,2
grid_01508,428.57,214.28,174.35,254.21,2
grid_01509,815.99,272.0,254.21,294.09,3
grid_01510,1144.76,286.19,267.68,302.63,4
grid_01511,780.99,390.49,306.22,474.77,2
grid_01512,1827.84,456.96,306.22,602.78,4
grid_01513,1224.97,306.24,271.99,334.59,4
grid_01514,1238.44,309.61,271.99,396.87,4
grid_01515,918.84,459.42,444.07,474.77,2
grid_01516,191.29,191.29,191.29,191.29,1
grid_01517,973.43,243.36,174.35,331.64,4
grid_01518,1182.38,236.48,200.3,305.66,5
grid_01519,200.3,200.3,200.3,200.3,1
grid_01520,567.53,189.18,163.01,213.23,3
grid_01521,1663.65,415.91,377.42,446.07,4
grid_01522,2116.09,352.68,284.82,431.75,6
grid_01523,1530.59,382.65,335.08,419.36,4
grid_01524,4083.05,1020.76,657.47,1537.92,4
grid_01525,1950.15,325.03,284.82,377.42,6
grid_01526,1451.44,362.86,329.16,399.55,4
grid_01527,2645.23,661.31,406.63,1135.06,4
grid_01528,1579.74,394.93,349.62,446.07,4
grid_01529,1422.05,355.51,299.28,399.55,4
grid_01530,1731.58,432.9,349.62,564.36,4
grid_01531,2572.27,643.07,391.15,1019.98,4
grid_01532,2581.04,645.26,437.4,1019.98,4
grid_01533,4607.34,767.89,398.78,1137.25,6
grid_01534,1418.49,354.62,313.08,398.78,4
grid_01535,3268.45,817.11,437.4,1537.92,4
grid_01536,1518.06,379.52,313.08,439.81,4
grid_01537,1791.76,447.94,374.02,540.53,4
grid_01538,4028.89,671.48,315.47,933.91,6
grid_01539,1625.98,406.5,351.61,540.53,4
grid_01540,3051.88,762.97,359.82,1537.92,4
grid_01541,1450.34,362.58,235.68,602.78,4
grid_01542,1345.59,336.4,280.34,396.87,4
grid_01543,1254.22,313.55,254.21,374.28,4
grid_01544,1294.44,431.48,365.08,485.28,3
grid_01545,1206.58,301.64,261.18,396.87,4
grid_01546,1316.82,329.21,269.13,396.87,4
grid_01547,4602.86,767.14,365.08,1404.23,6
grid_01548,1123.6,187.27,157.84,224.39,6
grid_01549,1963.85,490.96,197.54,1058.31,4
grid_01550,7817.4,868.6,239.61,1565.16,9
grid_01551,1633.73,408.43,299.28,591.56,4
grid_01552,1367.43,341.86,289.95,388.14,4
grid_01553,2492.32,623.08,406.63,1135.06,4
grid_01554,3826.25,956.56,539.66,1537.92,4
grid_01555,3054.49,509.08,299.28,945.74,6
grid_01556,2763.39,460.56,315.05,665.48,6
grid_01557,6277.09,697.45,415.08,1299.67,9
grid_01558,3001.38,500.23,300.02,904.56,6
grid_01559,1995.55,332.59,268.46,433.88,6
grid_01560,2169.36,361.56,206.32,613.6,6
grid_01561,1141.97,285.49,169.95,476.96,4
grid_01562,2884.13,576.83,200.3,1069.91,5
grid_01563,322.64,161.32,158.89,163.75,2
grid_01564,3522.93,503.28,200.3,1069.91,7
grid_01565,1157.7,289.43,261.18,334.59,4
grid_01566,1325.38,331.34,269.13,374.28,4
grid_01567,846.23,211.56,163.75,297.52,4
grid_01568,524.03,174.68,158.89,191.29,3
grid_01569,1119.59,279.9,213.23,350.34,4
grid_01570,2194.56,548.64,216.55,1301.41,4
grid_01571,3831.83,638.64,315.47,933.91,6
grid_01572,1461.1,365.27,313.08,422.38,4
grid_01573,1424.42,356.11,313.08,422.38,4
grid_01574,2143.58,357.26,250.4,613.6,6
grid_01575,3854.46,642.41,373.49,883.87,6
grid_01576,1477.79,369.45,297.07,469.28,4
grid_01577,1800.52,450.13,351.61,557.25,4
grid_01578,1876.0,469.0,373.49,557.25,4
grid_01579,11338.39,1259.82,512.25,2615.79,9
grid_01580,3470.4,578.4,390.2,877.95,6
grid_01581,5304.53,884.09,311.52,1565.16,6
grid_01582,1275.13,212.52,159.67,276.54,6
grid_01583,581.63,290.82,216.55,365.08,2
grid_01584,1571.41,174.6,141.98,224.39,9
grid_01585,4289.06,1072.26,561.28,1647.18,4
grid_01586,1299.53,216.59,158.89,317.47,6
grid_01587,4743.11,1185.78,476.96,2143.41,4
grid_01588,2437.14,609.29,297.52,1064.42,4
grid_01589,1359.93,226.66,159.67,276.54,6
grid_01590,5918.82,1479.7,1058.31,2143.41,4
grid_01591,1662.92,277.15,225.37,348.5,6
grid_01592,1592.0,318.4,163.75,598.24,5
grid_01593,1130.43,188.4,158.89,248.52,6
grid_01594,1460.96,243.49,186.59,350.34,6
grid_01595,1366.17,227.69,164.6,350.34,6
grid_01596,1149.86,287.46,225.37,385.18,4
grid_01597,876.83,219.21,159.67,270.84,4
grid_01598,1486.11,371.53,248.52,552.89,4
grid_01599,862.48,215.62,186.59,244.39,4
grid_01600,811.6,202.9,159.67,244.39,4
grid_01601,3074.15,768.54,202.19,1647.18,4
grid_01602,2248.76,562.19,317.47,780.16,4
grid_01603,1110.02,277.5,190.63,367.24,4
grid_01604,1530.98,255.16,168.04,343.98,6
grid_01605,1914.27,319.04,135.12,561.28,6
grid_01606,5237.43,1309.36,663.51,2143.41,4
grid_01607,1164.04,291.01,216.55,368.78,4
grid_01608,919.92,229.98,149.69,311.52,4
grid_01609,4503.32,1125.83,512.15,2143.41,4
grid_01610,2954.98,738.75,512.15,1064.42,4
grid_01611,2167.48,361.25,206.32,539.66,6
grid_01612,1339.5,334.87,299.76,416.62,4
grid_01613,2233.81,372.3,299.76,474.03,6
grid_01614,916.86,229.21,181.48,315.05,4
grid_01615,1276.76,319.19,268.46,385.18,4
grid_01616,947.47,236.87,181.48,309.26,4
grid_01617,1263.93,315.98,214.0,415.08,4
grid_01618,1029.7,257.43,214.0,319.8,4
grid_01619,1093.52,273.38,181.48,371.38,4
grid_01620,848.83,212.21,181.48,231.39,4
grid_01621,962.89,240.72,187.42,343.98,4
grid_01622,1213.61,303.4,240.8,405.64,4
grid_01623,2390.45,597.61,367.24,755.29,4
grid_01624,1090.28,272.57,220.95,322.78,4
grid_01625,3315.51,552.59,303.63,827.96,6
grid_01626,1106.61,276.65,220.95,312.66,4
grid_01627,2015.53,503.88,351.49,780.16,4
grid_01628,1453.75,363.44,270.84,485.06,4
grid_01629,1175.93,293.98,139.58,663.51,4
grid_01630,399.53,199.76,157.36,242.17,2
grid_01631,4219.87,703.31,518.34,913.04,6
grid_01632,5643.14,940.52,518.34,2132.39,6
grid_01633,3877.63,646.27,439.85,800.94,6
grid_01634,3811.45,635.24,439.85,786.07,6
grid_01635,4405.43,734.24,579.34,913.04,6
grid_01636,1841.92,460.48,403.1,590.63,4
grid_01637,2428.06,607.02,513.45,726.87,4
grid_01638,2086.54,521.63,403.1,590.63,4
grid_01639,4555.95,1138.99,608.39,2132.39,4
grid_01640,2174.26,543.57,408.33,688.93,4
grid_01641,1864.27,372.85,250.4,641.2,5
grid_01642,2949.62,491.6,297.07,711.85,6
grid_01643,4636.35,772.72,390.2,1775.83,6
grid_01644,2780.57,695.14,641.2,720.72,4
grid_01645,10163.62,1693.94,1088.29,2615.79,6
grid_01646,2028.64,507.16,309.26,706.79,4
grid_01647,3177.82,794.45,711.85,877.95,4
grid_01648,4918.38,1229.59,867.3,1775.83,4
grid_01649,2750.59,687.65,573.23,749.85,4
grid_01650,6221.36,1036.89,649.28,1397.3,6
grid_01651,2460.07,615.02,371.73,780.16,4
grid_01652,652.47,163.12,103.26,242.17,4
grid_01653,2133.22,533.3,303.63,747.31,4
grid_01654,832.01,138.67,102.18,202.19,6
grid_01655,1880.16,470.04,170.65,783.33,4
grid_01656,1909.65,477.41,262.68,783.33,4
grid_01657,1745.77,436.44,240.8,755.35,4
grid_01658,4320.7,720.12,534.74,827.96,6
grid_01659,1157.02,289.25,205.23,371.73,4
grid_01660,693.18,173.29,139.58,200.53,4
grid_01661,2560.99,640.25,455.04,755.29,4
grid_01662,1810.63,452.66,302.16,614.77,4
grid_01663,1063.85,265.96,221.12,351.49,4
grid_01664,836.85,209.21,170.65,262.68,4
grid_01665,2696.22,674.05,322.78,1059.36,4
grid_01666,2114.42,528.61,302.16,908.44,4
grid_01667,746.53,124.42,95.76,200.53,6
grid_01668,2467.36,616.84,312.66,1054.87,4
grid_01669,1787.29,446.82,205.23,755.29,4
grid_01670,2735.9,683.98,635.62,747.31,4
grid_01671,1326.85,331.71,299.63,404.36,4
grid_01672,1597.71,399.43,323.1,485.06,4
grid_01673,1763.99,294.0,262.33,319.8,6
grid_01674,1228.2,307.05,221.95,391.33,4
grid_01675,1636.79,409.2,299.63,597.68,4
grid_01676,1793.39,298.9,262.33,340.97,6
grid_01677,1438.48,359.62,221.95,593.8,4
grid_01678,2011.11,502.78,231.39,814.53,4
grid_01679,2541.98,635.49,404.36,1054.87,4
grid_01680,1543.6,385.9,340.97,434.96,4
grid_01681,463.11,115.78,95.76,157.36,4
grid_01682,264.09,132.04,106.72,157.36,2
grid_01683,3037.76,759.44,405.64,1059.36,4
grid_01684,112.44,112.44,112.44,112.44,1
grid_01685,4895.21,1223.8,581.03,1822.96,4
grid_01686,4628.73,1157.18,837.96,1822.96,4
grid_01687,665.81,166.45,129.65,200.53,4
grid_01688,456.29,114.07,106.72,126.7,4
grid_01689,1771.82,442.96,223.25,637.93,4
grid_01690,4579.53,1144.88,581.03,1800.96,4
grid_01691,1566.86,391.72,223.25,635.62,4
grid_01692,6152.29,1538.07,614.77,2681.69,4
grid_01693,449.76,112.44,95.76,136.85,4
grid_01694,660.72,165.18,127.54,221.12,4
grid_01695,713.23,178.31,127.54,228.57,4
grid_01696,731.76,182.94,136.01,228.57,4
grid_01697,1075.18,268.8,161.96,455.04,4
grid_01698,825.49,137.58,95.76,200.53,6
grid_01699,3085.96,771.49,371.23,1059.36,4
grid_01700,2916.93,486.15,275.02,817.41,6
grid_01701,2496.55,624.14,494.54,833.03,4
grid_01702,3026.45,504.41,325.52,829.7,6
grid_01703,4180.93,1045.23,777.71,1401.61,4
grid_01704,2582.85,645.71,494.54,808.06,4
grid_01705,1875.14,468.78,365.27,512.78,4
grid_01706,1754.59,438.65,365.27,512.78,4
grid_01707,2203.38,367.23,279.84,500.72,6
grid_01708,3481.69,870.42,750.64,1193.56,4
grid_01709,1793.57,448.39,365.27,538.79,4
grid_01710,1683.45,420.86,365.27,555.4,4
grid_01711,16213.68,4053.42,2022.32,5758.97,4
grid_01712,17972.25,4493.06,3377.29,5758.97,4
grid_01713,8801.17,1466.86,780.71,3192.84,6
grid_01714,3404.26,851.06,723.98,978.08,4
grid_01715,9568.89,2392.22,1193.56,3596.43,4
grid_01716,15166.68,3791.67,3046.45,5239.55,4
grid_01717,7141.0,1190.17,868.32,2022.32,6
grid_01718,3841.64,960.41,701.65,1240.42,4
grid_01719,11544.89,2886.22,998.77,5239.55,4
grid_01720,8596.23,2149.06,759.78,3596.43,4
grid_01721,3414.21,853.55,723.98,1013.11,4
grid_01722,3821.58,955.39,546.71,2002.6,4
grid_01723,2484.0,621.0,546.71,725.76,4
grid_01724,4274.9,1068.73,561.52,2002.6,4
grid_01725,2453.66,613.42,518.34,745.08,4
grid_01726,2717.57,679.39,546.71,772.06,4
grid_01727,3422.32,855.58,701.65,1013.11,4
grid_01728,2438.45,609.61,518.34,749.42,4
grid_01729,3197.99,799.5,673.05,1013.11,4
grid_01730,2677.35,669.34,546.71,772.06,4
grid_01731,2569.68,642.42,502.54,777.71,4
grid_01732,2625.69,437.61,279.84,556.08,6
grid_01733,1888.07,472.02,386.97,561.19,4
grid_01734,2597.96,649.49,538.79,750.64,4
grid_01735,3029.95,757.49,747.34,772.18,4
grid_01736,2915.13,485.85,386.97,556.08,6
grid_01737,2535.67,507.13,408.21,556.08,5
grid_01738,11447.77,1907.96,401.12,4435.57,6
grid_01739,11990.11,1998.35,561.19,4435.57,6
grid_01740,7169.24,796.58,348.85,2629.66,9
grid_01741,4515.05,752.51,535.86,1240.42,6
grid_01742,4192.86,698.81,637.16,786.07,6
grid_01743,5952.38,1488.09,621.79,3284.24,4
grid_01744,8258.47,2064.62,880.21,3284.24,4
grid_01745,6651.36,739.04,460.82,1240.42,9
grid_01746,5458.63,1364.66,759.78,3046.45,4
grid_01747,3628.38,604.73,417.03,880.21,6
grid_01748,2361.01,590.25,489.45,729.39,4
grid_01749,3894.71,649.12,397.85,1047.57,6
grid_01750,2661.79,665.45,606.31,729.39,4
grid_01751,3891.5,555.93,460.82,662.81,7
grid_01752,3792.61,632.1,397.85,1047.57,6
grid_01753,2026.38,506.6,412.59,606.31,4
grid_01754,1669.2,417.3,218.68,581.61,4
grid_01755,1518.95,379.74,314.91,428.9,4
grid_01756,3357.01,559.5,471.06,662.81,6
grid_01757,2124.81,531.2,412.59,688.93,4
grid_01758,1360.34,340.09,218.68,428.9,4
grid_01759,1294.93,323.73,154.22,471.06,4
grid_01760,3787.07,631.18,412.59,803.53,6
grid_01761,6623.54,1103.92,417.03,2509.29,6
grid_01762,2191.82,365.3,250.01,517.54,6
grid_01763,12781.42,3195.35,2442.81,4435.57,4
grid_01764,4551.03,1137.76,358.12,2509.29,4
grid_01765,6999.8,1166.63,308.83,2629.66,6
grid_01766,11484.84,2871.21,1266.6,4435.57,4
grid_01767,1192.06,298.02,224.63,408.6,4
grid_01768,2056.55,514.14,167.77,1266.6,4
grid_01769,5343.82,1335.95,264.06,3273.37,4
grid_01770,7029.51,1757.38,539.78,3273.37,4
grid_01771,3053.2,763.3,551.47,1088.29,4
grid_01772,1880.16,470.04,403.1,592.37,4
grid_01773,2368.42,592.1,513.45,695.11,4
grid_01774,2088.02,522.01,403.1,695.11,4
grid_01775,2106.61,526.65,408.33,688.93,4
grid_01776,2304.52,576.13,511.27,695.11,4
grid_01777,2689.69,672.42,546.68,805.05,4
grid_01778,2457.04,614.26,476.36,763.68,4
grid_01779,2307.36,576.84,476.36,695.11,4
grid_01780,2147.69,536.92,374.66,763.68,4
grid_01781,2853.6,570.72,450.96,779.48,5
grid_01782,980.11,245.03,139.32,358.12,4
grid_01783,827.13,206.78,139.32,314.91,4
grid_01784,1843.61,460.9,374.66,639.38,4
grid_01785,3767.66,627.94,476.98,803.53,6
grid_01786,2155.61,538.9,341.05,779.48,4
grid_01787,1187.63,296.91,139.32,645.18,4
grid_01788,1864.15,466.04,365.93,639.38,4
grid_01789,667.72,166.93,138.82,235.36,4
grid_01790,1085.06,271.26,138.82,450.96,4
grid_01791,4937.26,822.88,308.83,2442.81,6
grid_01792,1095.57,273.89,224.63,309.04,4
grid_01793,3508.06,584.68,309.04,773.55,6
grid_01794,1666.3,416.57,253.08,686.0,4
grid_01795,2150.67,537.67,382.55,773.55,4
grid_01796,1741.05,435.26,264.06,554.66,4
grid_01797,1631.66,407.92,167.77,645.18,4
grid_01798,4858.91,1214.73,418.18,2040.38,4
grid_01799,1650.6,412.65,330.88,482.37,4
grid_01800,3001.62,750.4,382.55,1582.04,4
grid_01801,546.67,273.34,54.19,492.48,2
grid_01802,62.93,62.93,62.93,62.93,1
grid_01803,4115.54,1028.89,492.48,2194.75,4
grid_01804,1440.37,288.07,54.19,495.27,5
grid_01805,2240.2,560.05,375.43,933.04,4
grid_01806,579.46,579.46,579.46,579.46,1
grid_01807,1283.99,428.0,62.93,641.6,3
grid_01808,2273.49,378.92,62.93,641.6,6
grid_01809,1418.91,354.73,289.02,436.46,4
grid_01810,2954.73,984.91,483.86,1891.4,3
grid_01811,3782.93,945.73,569.97,1563.26,4
grid_01812,4163.01,1040.75,721.84,1786.7,4
grid_01813,5641.1,1410.27,726.61,2194.75,4
grid_01814,2541.06,635.26,255.09,927.86,4
grid_01815,3514.05,878.51,390.0,1563.26,4
grid_01816,4203.75,1050.94,631.5,1563.26,4
grid_01817,1647.94,411.98,279.84,498.45,4
grid_01818,2290.17,572.54,255.09,933.04,4
grid_01819,1929.25,482.31,212.82,1081.14,4
grid_01820,1541.94,385.48,245.29,498.45,4
grid_01821,1460.71,365.18,212.0,631.5,4
grid_01822,2137.46,534.36,212.0,1081.14,4
grid_01823,1310.64,327.66,255.09,375.43,4
grid_01824,1593.27,265.54,210.9,408.21,6
grid_01825,1373.81,228.97,209.21,270.86,6
grid_01826,1719.93,286.66,212.0,411.64,6
grid_01827,1519.25,379.81,318.0,427.47,4
grid_01828,1339.13,223.19,209.21,245.29,6
grid_01829,1900.61,316.77,212.37,427.47,6
grid_01830,922.23,230.56,210.9,250.01,4
grid_01831,3752.59,938.15,579.46,1891.4,4
grid_01832,2617.44,436.24,289.02,641.6,6
grid_01833,483.86,483.86,483.86,483.86,1
grid_01834,4281.66,1070.42,483.86,1891.4,4
grid_01835,1495.74,373.93,289.02,461.24,4
grid_01836,3609.71,902.43,432.62,1891.4,4
grid_01837,2560.36,426.73,289.02,640.13,6
grid_01838,628.24,628.24,628.24,628.24,1
grid_01839,2372.93,790.98,483.86,1260.83,3
grid_01840,1878.6,313.1,199.5,461.24,6
grid_01841,2298.27,383.05,217.06,645.57,6
grid_01842,3482.07,696.41,408.76,1174.34,5
grid_01843,3744.52,624.09,355.41,1260.83,6
grid_01844,2774.49,308.28,181.54,461.24,9
grid_01845,4777.68,796.28,407.5,1260.83,6
grid_01846,1254.39,313.6,199.5,418.16,4
grid_01847,1194.13,298.53,248.02,355.41,4
grid_01848,2366.86,591.72,446.65,674.65,4
grid_01849,1359.31,339.83,288.8,407.5,4
grid_01850,1412.6,353.15,274.82,418.16,4
grid_01851,871.73,217.93,209.21,228.26,4
grid_01852,1431.54,286.31,217.34,411.64,5
grid_01853,873.72,218.43,209.21,236.69,4
grid_01854,967.33,241.83,224.63,253.08,4
grid_01855,1171.18,292.79,217.34,380.36,4
grid_01856,902.58,225.65,216.92,234.22,4
grid_01857,940.65,235.16,216.92,252.94,4
grid_01858,992.98,248.25,156.69,380.36,4
grid_01859,1244.12,311.03,252.94,418.18,4
grid_01860,942.05,235.51,221.71,252.02,4
grid_01861,1327.55,442.52,244.14,674.65,3
grid_01862,1248.46,416.15,244.14,582.72,3
grid_01863,2150.99,537.75,244.14,674.65,4
grid_01864,2627.09,656.77,421.6,992.18,4
grid_01865,1282.71,320.68,4.6,630.59,4
grid_01866,2997.33,749.33,582.72,992.18,4
grid_01867,2777.58,694.4,397.94,992.18,4
grid_01868,2853.53,713.38,614.52,992.18,4
grid_01869,834.99,208.75,17.67,353.92,4
grid_01870,1826.67,456.67,225.92,630.59,4
grid_01871,1458.51,243.09,181.54,361.91,6
grid_01872,1739.02,434.76,288.8,596.07,4
grid_01873,1235.28,205.88,133.01,361.91,6
grid_01874,1146.31,286.58,156.69,418.16,4
grid_01875,1145.66,286.41,174.5,418.16,4
grid_01876,2143.1,535.77,274.02,772.95,4
grid_01877,1171.62,292.91,162.15,446.65,4
grid_01878,832.75,208.19,133.39,307.6,4
grid_01879,902.29,225.57,143.74,307.6,4
grid_01880,606.74,151.68,119.37,191.1,4
grid_01881,597.43,149.36,112.47,191.1,4
grid_01882,920.47,230.12,162.15,297.9,4
grid_01883,834.99,139.17,112.47,174.5,6
grid_01884,907.83,226.96,143.74,304.04,4
grid_01885,1631.3,407.83,186.4,772.95,4
grid_01886,741.9,185.47,133.39,304.04,4
grid_01887,581.01,145.25,119.37,165.77,4
grid_01888,1496.68,374.17,297.9,481.62,4
grid_01889,1141.54,285.39,160.73,481.62,4
grid_01890,873.56,145.59,112.47,195.15,6
grid_01891,1058.98,264.74,234.1,319.92,4
grid_01892,1016.6,254.15,221.71,319.2,4
grid_01893,3083.74,770.94,319.92,1714.35,4
grid_01894,1522.44,380.61,252.02,631.29,4
grid_01895,741.64,185.41,139.58,223.66,4
grid_01896,788.67,197.17,139.58,269.13,4
grid_01897,6278.07,1569.52,631.29,2980.52,4
grid_01898,2309.21,577.3,319.2,951.91,4
grid_01899,1218.81,304.7,223.66,406.8,4
grid_01900,1629.17,407.29,269.13,526.91,4
grid_01901,2642.55,660.64,371.38,814.53,4
grid_01902,2840.13,710.03,573.23,867.3,4
grid_01903,4070.9,1017.73,678.88,1397.3,4
grid_01904,2277.06,569.26,429.81,749.85,4
grid_01905,3725.5,931.37,524.17,1636.95,4
grid_01906,6313.23,1052.2,649.28,2197.04,6
grid_01907,2787.01,696.75,429.81,1105.09,4
grid_01908,5108.44,1277.11,678.88,2197.04,4
grid_01909,1927.79,481.95,380.92,592.89,4
grid_01910,5480.21,913.37,527.04,2197.04,6
grid_01911,2685.21,671.3,335.12,1326.95,4
grid_01912,2088.92,348.15,281.39,425.46,6
grid_01913,5661.19,1415.3,597.68,2681.69,4
grid_01914,2976.98,744.24,391.33,1556.88,4
grid_01915,4602.16,1150.54,593.8,1636.95,4
grid_01916,1660.52,415.13,376.34,438.39,4
grid_01917,3865.64,966.41,434.96,1556.88,4
grid_01918,2861.92,476.99,329.64,814.03,6
grid_01919,7583.96,1895.99,1326.95,2681.69,4
grid_01920,6396.76,1599.19,1435.41,1767.52,4
grid_01921,317.58,105.86,101.1,112.44,3
grid_01922,8342.77,2085.69,1800.96,2681.69,4
grid_01923,462.82,115.71,92.02,136.01,4
grid_01924,424.24,106.06,100.28,112.44,4
grid_01925,6329.41,1582.35,1037.86,1907.81,4
grid_01926,438.56,109.64,89.35,129.65,4
grid_01927,5164.14,1291.04,720.54,1822.96,4
grid_01928,556.82,139.21,100.28,209.27,4
grid_01929,654.85,163.71,118.31,252.95,4
grid_01930,769.98,192.49,118.57,275.02,4
grid_01931,1842.72,460.68,268.08,837.96,4
grid_01932,924.71,154.12,104.68,209.27,6
grid_01933,1564.6,260.77,153.14,371.23,6
grid_01934,716.41,179.1,118.57,252.95,4
grid_01935,523.53,130.88,107.26,161.96,4
grid_01936,476.9,119.23,89.35,153.21,4
grid_01937,3746.91,936.73,365.45,1822.96,4
grid_01938,432.76,108.19,89.85,137.77,4
grid_01939,502.74,125.69,98.61,153.14,4
grid_01940,376.04,94.01,84.82,101.1,4
grid_01941,1210.99,201.83,132.42,268.08,6
grid_01942,5687.35,1421.84,759.54,1952.31,4
grid_01943,1129.51,282.38,216.62,365.45,4
grid_01944,404.73,101.18,88.25,118.31,4
grid_01945,793.55,132.26,80.66,209.27,6
grid_01946,2448.14,612.04,286.4,1037.86,4
grid_01947,338.41,84.6,69.88,92.02,4
grid_01948,344.58,86.14,69.88,104.68,4
grid_01949,4108.55,1027.14,403.34,1907.81,4
grid_01950,1651.75,412.94,279.36,720.54,4
grid_01951,2381.87,595.47,380.92,1105.09,4
grid_01952,4321.62,1080.41,466.06,2197.04,4
grid_01953,4521.54,1130.38,524.17,1767.52,4
grid_01954,3713.94,928.48,518.32,1767.52,4
grid_01955,1792.14,448.04,380.92,483.58,4
grid_01956,3056.1,509.35,407.99,668.26,6
grid_01957,1902.08,475.52,421.01,553.43,4
grid_01958,1975.71,493.93,380.92,592.89,4
grid_01959,2549.88,637.47,461.58,872.8,4
grid_01960,2296.75,574.19,389.96,835.2,4
grid_01961,4189.45,1047.36,425.46,1623.01,4
grid_01962,1816.51,454.13,410.82,539.99,4
grid_01963,6046.34,1511.58,1067.7,1952.31,4
grid_01964,5507.29,917.88,410.82,1871.85,6
grid_01965,2897.06,724.27,427.3,1435.41,4
grid_01966,4634.1,1158.52,595.97,1767.52,4
grid_01967,5712.22,1428.06,814.03,1871.85,4
grid_01968,3694.62,923.65,427.3,1467.76,4
grid_01969,3930.68,982.67,728.32,1403.33,4
grid_01970,7108.99,1184.83,539.99,1871.85,6
grid_01971,377.35,94.34,87.15,107.26,4
grid_01972,430.98,107.74,92.15,121.64,4
grid_01973,420.35,105.09,88.25,121.64,4
grid_01974,498.41,124.6,84.82,209.27,4
grid_01975,330.99,110.33,89.85,137.77,3
grid_01976,372.24,93.06,84.82,103.37,4
grid_01977,1215.14,202.52,132.42,267.86,6
grid_01978,372.08,93.02,84.82,104.05,4
grid_01979,1654.89,413.72,212.55,759.54,4
grid_01980,588.02,98.0,80.66,120.12,6
grid_01981,1182.94,295.73,212.55,403.34,4
grid_01982,324.22,81.06,69.41,90.92,4
grid_01983,1233.72,308.43,279.36,387.3,4
grid_01984,2835.02,708.76,279.47,1067.7,4
grid_01985,464.39,116.1,98.61,133.27,4
grid_01986,371.89,92.97,69.88,127.85,4
grid_01987,372.91,93.23,82.05,100.09,4
grid_01988,398.52,99.63,69.88,127.85,4
grid_01989,334.49,83.62,69.41,90.92,4
grid_01990,1151.15,287.79,216.62,387.3,4
grid_01991,338.1,84.52,75.64,92.15,4
grid_01992,94.21,94.21,94.21,94.21,1
grid_01993,290.55,96.85,89.0,107.34,3
grid_01994,671.34,111.89,86.07,162.3,6
grid_01995,559.91,139.98,120.12,162.3,4
grid_01996,1674.08,418.52,279.47,728.32,4
grid_01997,472.29,118.07,82.05,147.47,4
grid_01998,1254.32,313.58,267.86,387.3,4
grid_01999,1176.63,294.16,208.92,387.3,4
grid_02000,958.23,239.56,186.18,280.03,4
grid_02001,2718.64,679.66,564.38,765.95,4
grid_02002,2516.47,629.12,515.02,786.5,4
grid_02003,2032.1,508.02,331.82,624.63,4
grid_02004,2270.22,567.55,365.93,765.95,4
grid_02005,1904.79,476.2,331.82,546.68,4
grid_02006,1945.35,486.34,331.82,655.26,4
grid_02007,2436.4,609.1,331.82,934.3,4
grid_02008,2595.95,648.99,478.36,934.3,4
grid_02009,2008.95,502.24,365.93,765.95,4
grid_02010,2095.15,523.79,370.93,765.95,4
grid_02011,3512.73,585.46,476.98,755.73,6
grid_02012,1782.8,445.7,332.78,584.11,4
grid_02013,2810.55,702.64,235.36,1461.01,4
grid_02014,2111.99,528.0,365.93,755.73,4
grid_02015,1059.47,264.87,138.82,469.0,4
grid_02016,1028.94,257.24,138.82,341.05,4
grid_02017,1182.61,295.65,216.29,332.78,4
grid_02018,2208.17,552.04,386.01,755.73,4
grid_02019,3671.4,611.9,483.63,755.73,6
grid_02020,1411.04,352.76,216.29,469.0,4
grid_02021,4242.88,1060.72,554.66,1582.04,4
grid_02022,5027.58,837.93,330.88,2040.38,6
grid_02023,9401.87,2350.47,1714.35,2980.52,4
grid_02024,1448.15,362.04,306.13,482.37,4
grid_02025,3087.97,771.99,328.77,1582.04,4
grid_02026,4761.08,1190.27,694.79,1582.04,4
grid_02027,6618.89,1103.15,306.13,2666.62,6
grid_02028,1388.41,347.1,306.13,398.18,4
grid_02029,1946.29,486.57,328.77,694.79,4
grid_02030,2929.66,732.42,524.55,1023.24,4
grid_02031,4715.16,1178.79,478.36,2566.93,4
grid_02032,5986.03,1496.51,655.26,2566.93,4
grid_02033,3418.9,854.73,393.89,1829.54,4
grid_02034,1692.65,423.16,370.93,506.15,4
grid_02035,1734.6,433.65,370.93,540.21,4
grid_02036,8397.8,2099.45,1678.59,2566.93,4
grid_02037,6788.26,1697.06,735.56,2566.93,4
grid_02038,4554.9,1138.73,506.56,1829.54,4
grid_02039,1677.93,419.48,386.01,451.06,4
grid_02040,1927.39,481.85,429.56,540.21,4
grid_02041,3365.28,841.32,412.03,1461.01,4
grid_02042,1661.09,415.27,319.82,524.86,4
grid_02043,1196.94,299.23,274.12,319.82,4
grid_02044,2595.21,432.54,287.74,660.01,6
grid_02045,1375.51,343.88,274.12,483.63,4
grid_02046,1663.21,415.8,305.6,560.29,4
grid_02047,1431.64,357.91,289.27,416.61,4
grid_02048,2538.96,634.74,412.03,1023.24,4
grid_02049,1086.92,271.73,259.25,289.27,4
grid_02050,1987.72,331.29,287.74,404.92,6
grid_02051,5134.28,855.71,306.13,2666.62,6
grid_02052,8611.62,2152.9,960.32,2980.52,4
grid_02053,2068.5,517.12,355.33,736.72,4
grid_02054,2339.56,584.89,398.18,736.72,4
grid_02055,2808.35,468.06,271.07,960.32,6
grid_02056,2701.76,675.44,524.55,810.03,4
grid_02057,3994.32,998.58,326.68,2004.15,4
grid_02058,2558.76,639.69,578.26,736.72,4
grid_02059,2816.12,704.03,605.37,793.93,4
grid_02060,2827.96,706.99,543.9,810.03,4
grid_02061,1160.47,290.12,264.27,324.14,4
grid_02062,1547.06,386.77,305.6,425.23,4
grid_02063,1517.9,379.48,259.25,552.77,4
grid_02064,2466.48,616.62,416.61,810.03,4
grid_02065,1726.16,431.54,259.25,552.77,4
grid_02066,1409.9,352.47,259.25,456.32,4
grid_02067,1561.21,390.3,264.27,542.75,4
grid_02068,3052.88,508.81,324.14,737.76,6
grid_02069,1983.12,495.78,404.92,675.94,4
grid_02070,2364.51,591.13,457.82,810.03,4
grid_02071,2029.26,507.31,451.06,593.6,4
grid_02072,5929.84,1482.46,847.23,2322.74,4
grid_02073,3744.47,936.12,478.03,1678.59,4
grid_02074,5081.74,1270.43,748.74,2322.74,4
grid_02075,1881.2,470.3,411.31,593.6,4
grid_02076,2898.01,724.5,324.89,977.15,4
grid_02077,2164.51,541.13,432.13,660.75,4
grid_02078,2827.76,706.94,324.89,1081.28,4
grid_02079,1927.98,482.0,425.23,593.6,4
grid_02080,2794.42,698.61,478.03,1081.28,4
grid_02081,2364.76,394.13,241.16,638.41,6
grid_02082,1647.16,411.79,241.16,703.16,4
grid_02083,2426.64,404.44,241.16,638.41,6
grid_02084,1376.27,344.07,241.16,410.97,4
grid_02085,1966.31,491.58,307.34,638.41,4
grid_02086,1943.13,485.78,266.91,793.93,4
grid_02087,2045.03,511.26,307.34,793.93,4
grid_02088,2145.96,357.66,175.76,489.67,6
grid_02089,1095.15,273.79,175.76,415.19,4
grid_02090,1050.7,262.67,196.86,338.39,4
grid_02091,1481.47,370.37,212.84,543.9,4
grid_02092,1564.54,391.14,251.16,456.32,4
grid_02093,3099.72,774.93,477.02,1134.38,4
grid_02094,1378.14,344.54,212.84,457.82,4
grid_02095,2378.91,594.73,427.01,979.1,4
grid_02096,5748.47,958.08,542.75,1678.55,6
grid_02097,5368.08,894.68,361.13,1678.55,6
grid_02098,783.05,195.76,126.57,266.91,4
grid_02099,1996.96,499.24,229.72,979.1,4
grid_02100,2914.0,728.5,446.71,1134.38,4
grid_02101,2783.18,695.79,427.3,1259.56,4
grid_02102,4820.45,1205.11,731.34,1871.85,4
grid_02103,2321.48,580.37,389.96,835.2,4
grid_02104,6468.63,1617.16,1259.56,2023.39,4
grid_02105,4839.74,1209.94,500.35,2023.39,4
grid_02106,2164.77,541.19,295.78,813.93,4
grid_02107,2141.7,535.43,295.78,731.34,4
grid_02108,5769.51,961.58,323.71,1717.91,6
grid_02109,2413.98,603.5,389.96,1056.44,4
grid_02110,1265.97,316.49,295.78,338.17,4
grid_02111,2195.57,548.89,421.01,731.91,4
grid_02112,3071.17,511.86,407.99,735.56,6
grid_02113,2427.96,606.99,483.58,872.8,4
grid_02114,3095.03,773.76,731.91,872.8,4
grid_02115,4156.64,692.77,447.17,973.51,6
grid_02116,3591.48,718.3,447.17,1163.03,5
grid_02117,1985.7,496.42,389.96,575.25,4
grid_02118,2733.3,683.32,553.26,872.8,4
grid_02119,3098.82,774.7,575.25,1053.2,4
grid_02120,4404.8,1101.2,731.99,1861.28,4
grid_02121,538.9,134.72,100.09,158.07,4
grid_02122,322.74,80.68,69.41,96.2,4
grid_02123,460.69,115.17,87.01,149.64,4
grid_02124,888.3,222.08,186.18,280.66,4
grid_02125,416.04,104.01,75.64,142.68,4
grid_02126,330.84,82.71,69.41,115.66,4
grid_02127,1387.11,231.19,133.27,299.4,6
grid_02128,597.07,149.27,128.62,162.3,4
grid_02129,987.05,246.76,208.92,299.76,4
grid_02130,675.26,168.82,115.66,221.66,4
grid_02131,1138.14,284.54,243.68,299.76,4
grid_02132,1813.78,302.3,158.07,430.47,6
grid_02133,860.67,215.17,186.18,234.7,4
grid_02134,508.22,127.06,70.12,195.26,4
grid_02135,704.32,176.08,142.68,221.66,4
grid_02136,974.74,243.69,186.18,280.03,4
grid_02137,395.3,98.83,70.12,127.17,4
grid_02138,534.22,133.56,106.51,162.3,4
grid_02139,476.26,119.07,96.2,149.64,4
grid_02140,1335.41,333.85,277.66,391.46,4
grid_02141,840.86,210.22,147.47,342.81,4
grid_02142,964.45,241.11,234.7,245.31,4
grid_02143,938.35,234.59,227.46,245.31,4
grid_02144,610.17,152.54,101.81,200.79,4
grid_02145,984.36,246.09,227.46,277.66,4
grid_02146,907.73,226.93,192.52,261.53,4
grid_02147,1053.5,263.37,240.76,295.3,4
grid_02148,631.33,157.83,101.81,200.79,4
grid_02149,735.67,183.92,127.17,232.83,4
grid_02150,1244.65,311.16,248.36,391.46,4
grid_02151,5154.17,1288.54,281.48,2023.39,4
grid_02152,3400.34,566.72,281.48,1717.91,6
grid_02153,1381.8,345.45,295.78,391.46,4
grid_02154,6925.02,1731.26,1056.44,2713.81,4
grid_02155,5399.36,1349.84,467.23,2713.81,4
grid_02156,1164.48,291.12,230.34,338.17,4
grid_02157,7023.21,1755.8,805.55,2713.81,4
grid_02158,1314.6,328.65,287.67,391.46,4
grid_02159,1847.06,307.84,230.34,392.52,6
grid_02160,2610.94,652.73,281.48,1131.39,4
grid_02161,6708.52,1118.09,664.64,1861.28,6
grid_02162,4092.31,1023.08,664.64,1515.89,4
grid_02163,2942.75,735.69,467.23,1161.88,4
grid_02164,7193.19,1798.3,1053.2,2632.83,4
grid_02165,5557.57,1389.39,748.74,2315.79,4
grid_02166,10362.16,1727.03,934.85,2632.83,6
grid_02167,4630.82,1157.7,738.38,1645.89,4
grid_02168,5267.7,1316.92,738.38,2174.08,4
grid_02169,8755.31,1459.22,758.3,2632.83,6
grid_02170,6245.64,1561.41,798.73,2632.83,4
grid_02171,714.15,178.54,128.62,228.91,4
grid_02172,1032.48,258.12,192.52,342.81,4
grid_02173,1912.29,318.72,265.13,430.47,6
grid_02174,911.28,227.82,195.26,261.53,4
grid_02175,980.19,245.05,225.86,268.26,4
grid_02176,1093.66,182.28,108.61,229.38,6
grid_02177,1328.78,221.46,104.07,329.05,6
grid_02178,903.36,225.84,200.12,250.04,4
grid_02179,2153.31,239.26,127.14,304.83,9
grid_02180,1485.66,247.61,180.4,329.05,6
grid_02181,8422.24,2105.56,1161.88,2713.81,4
grid_02182,9645.66,2411.42,1510.79,3588.33,4
grid_02183,1664.4,277.4,164.14,399.76,6
grid_02184,2093.95,523.49,392.52,805.55,4
grid_02185,906.78,226.7,164.14,287.67,4
grid_02186,1068.79,267.2,224.63,327.18,4
grid_02187,5184.92,1296.23,496.12,2372.46,4
grid_02188,8829.69,1471.62,589.35,3588.33,6
grid_02189,2032.06,225.78,157.95,446.77,9
grid_02190,2669.61,381.37,164.14,820.04,7
grid_02191,905.65,226.41,213.32,248.36,4
grid_02192,1302.9,217.15,119.84,265.13,6
grid_02193,1277.81,212.97,130.47,324.79,6
grid_02194,915.14,228.78,216.5,245.31,4
grid_02195,1128.43,188.07,104.07,261.53,6
grid_02196,1076.92,269.23,240.76,294.15,4
grid_02197,1018.17,254.54,213.32,327.18,4
grid_02198,1137.58,189.6,82.2,268.26,6
grid_02199,398.2,99.55,76.01,130.47,4
grid_02200,575.15,143.79,77.96,211.97,4
grid_02201,545.12,136.28,112.47,165.77,4
grid_02202,1100.73,275.18,186.4,413.13,4
grid_02203,992.82,248.2,186.4,397.94,4
grid_02204,872.78,218.19,156.29,293.94,4
grid_02205,1470.8,367.7,272.43,481.62,4
grid_02206,1138.57,284.64,158.17,481.62,4
grid_02207,1047.82,174.64,136.8,244.11,6
grid_02208,851.33,212.83,147.51,293.94,4
grid_02209,1045.33,261.33,156.47,413.13,4
grid_02210,755.16,188.79,156.47,205.18,4
grid_02211,1905.2,476.3,275.07,616.24,4
grid_02212,1492.7,373.18,205.18,614.52,4
grid_02213,297.94,99.31,32.87,202.12,3
grid_02214,1709.3,427.32,339.76,616.24,4
grid_02215,1427.01,237.83,32.87,353.92,6
grid_02216,872.7,218.18,62.95,311.59,4
grid_02217,1950.25,325.04,202.12,510.49,6
grid_02218,1278.3,319.57,213.72,399.38,4
grid_02219,1129.09,282.27,213.72,399.38,4
grid_02220,458.13,152.71,62.95,296.05,3
grid_02221,99.13,99.13,99.13,99.13,1
grid_02222,911.38,227.84,190.2,275.07,4
grid_02223,1486.66,371.67,296.05,499.79,4
grid_02224,929.28,232.32,178.04,325.44,4
grid_02225,1079.08,269.77,190.2,345.53,4
grid_02226,1469.55,489.85,99.13,940.02,3
grid_02227,2234.28,372.38,212.09,510.49,6
grid_02228,978.21,244.55,178.04,345.53,4
grid_02229,1204.83,301.21,99.13,430.41,4
grid_02230,1022.2,255.55,178.04,345.53,4
grid_02231,1108.53,277.13,156.29,426.32,4
grid_02232,2541.91,635.48,406.8,951.91,4
grid_02233,6592.88,1648.22,656.29,2980.52,4
grid_02234,3241.83,810.46,426.32,1416.97,4
grid_02235,2678.92,669.73,256.78,1416.97,4
grid_02236,2470.01,617.5,415.18,871.63,4
grid_02237,3778.79,944.7,415.18,2004.15,4
grid_02238,3455.86,863.96,488.95,1416.97,4
grid_02239,2041.07,510.27,335.78,871.63,4
grid_02240,1830.28,457.57,335.78,703.16,4
grid_02241,1389.72,347.43,256.78,578.85,4
grid_02242,994.86,248.71,183.58,303.63,4
grid_02243,984.27,246.07,186.07,293.94,4
grid_02244,851.44,212.86,158.17,303.63,4
grid_02245,862.12,215.53,156.47,272.43,4
grid_02246,1152.1,192.02,158.17,244.11,6
grid_02247,847.1,211.78,156.47,302.42,4
grid_02248,1578.89,394.72,250.94,578.85,4
grid_02249,1110.09,277.52,183.58,427.51,4
grid_02250,1144.4,286.1,198.0,427.51,4
grid_02251,1959.56,326.59,212.09,499.79,6
grid_02252,1181.24,295.31,260.6,345.53,4
grid_02253,1781.99,445.5,377.58,525.38,4
grid_02254,844.03,211.01,178.04,238.04,4
grid_02255,2328.81,582.2,379.25,993.77,4
grid_02256,4414.62,1103.66,430.41,2050.42,4
grid_02257,4357.23,1089.31,562.92,2050.42,4
grid_02258,973.24,243.31,234.44,260.6,4
grid_02259,1001.55,250.39,228.1,272.68,4
grid_02260,1424.99,237.5,215.3,279.34,6
grid_02261,985.9,246.47,183.58,332.48,4
grid_02262,923.82,230.95,186.07,260.15,4
grid_02263,1557.01,259.5,186.07,414.14,6
grid_02264,1056.78,264.19,198.0,302.42,4
grid_02265,1443.9,360.98,250.94,488.95,4
grid_02266,2169.42,361.57,226.65,459.69,6
grid_02267,1154.97,288.74,242.28,332.48,4
grid_02268,1294.92,323.73,242.28,427.51,4
grid_02269,1314.05,328.51,226.65,459.69,4
grid_02270,1126.46,281.62,228.1,342.01,4
grid_02271,940.02,940.02,940.02,940.02,1
grid_02272,2458.46,1229.23,573.29,1885.17,2
grid_02273,5003.72,1250.93,128.12,2050.42,4
grid_02274,5400.5,1350.13,573.29,1911.5,4
grid_02275,3530.08,1176.69,573.29,1911.5,3
grid_02276,5716.27,1429.07,750.12,2050.42,4
grid_02277,5468.16,1367.04,840.21,1911.5,4
grid_02278,4189.76,1047.44,407.5,1911.5,4
grid_02279,4842.16,968.43,69.28,1717.87,5
grid_02280,338.55,338.55,338.55,338.55,1
grid_02281,1427.43,356.86,188.19,525.38,4
grid_02282,1276.28,255.26,188.19,377.58,5
grid_02283,2418.34,604.59,336.28,993.77,4
grid_02284,1083.12,270.78,228.1,329.94,4
grid_02285,1059.49,264.87,188.19,336.28,4
grid_02286,1048.52,262.13,234.44,289.0,4
grid_02287,1579.39,263.23,215.3,347.76,6
grid_02288,899.04,224.76,188.19,250.9,4
grid_02289,2021.77,505.44,306.87,750.12,4
grid_02290,1591.42,397.85,290.37,562.92,4
grid_02291,3678.16,919.54,418.47,1416.97,4
grid_02292,2043.56,510.89,304.36,971.09,4
grid_02293,1490.85,372.71,335.78,430.94,4
grid_02294,2136.92,534.23,327.25,971.09,4
grid_02295,1489.55,372.39,304.36,430.94,4
grid_02296,3002.89,750.72,304.36,1309.34,4
grid_02297,2421.2,605.3,347.99,1059.17,4
grid_02298,2330.84,582.71,327.25,1039.55,4
grid_02299,3103.81,775.95,304.36,1309.34,4
grid_02300,4053.3,1013.33,614.4,1513.14,4
grid_02301,9965.54,2491.39,1193.35,3588.33,4
grid_02302,4809.62,1202.41,738.01,2315.79,4
grid_02303,6647.76,1661.94,798.73,3009.79,4
grid_02304,4816.63,802.77,379.35,1204.71,6
grid_02305,5684.84,947.47,758.3,1204.71,6
grid_02306,6923.05,1153.84,478.78,3009.79,6
grid_02307,10963.85,1827.31,696.84,3588.33,6
grid_02308,3448.11,862.03,738.01,1106.25,4
grid_02309,2937.57,734.39,502.57,921.15,4
grid_02310,2356.83,589.21,478.78,696.84,4
grid_02311,1449.16,241.53,196.49,336.47,6
grid_02312,444.64,111.16,80.64,140.1,4
grid_02313,734.5,183.62,119.84,239.21,4
grid_02314,1468.31,244.72,213.32,336.47,6
grid_02315,1022.76,170.46,82.2,294.15,6
grid_02316,1416.78,202.4,101.11,294.15,7
grid_02317,1330.35,221.73,213.32,229.31,6
grid_02318,504.16,126.04,78.61,211.97,4
grid_02319,469.28,117.32,77.96,206.61,4
grid_02320,554.51,138.63,82.2,196.49,4
grid_02321,3430.58,571.76,399.76,820.04,6
grid_02322,1335.5,222.58,215.21,229.31,6
grid_02323,4513.13,752.19,496.12,1510.79,6
grid_02324,1824.33,304.06,139.55,576.17,6
grid_02325,2502.03,625.51,446.77,820.04,4
grid_02326,2903.83,725.96,659.05,820.04,4
grid_02327,2850.26,712.57,624.38,801.15,4
grid_02328,796.24,199.06,139.55,224.28,4
grid_02329,3163.69,790.92,624.38,921.15,4
grid_02330,1892.36,315.39,121.14,576.17,6
grid_02331,292.59,73.15,56.61,83.11,4
grid_02332,719.87,179.97,118.5,235.36,4
grid_02333,981.9,245.48,205.01,336.47,4
grid_02334,411.23,102.81,71.99,140.1,4
grid_02335,897.14,224.28,159.16,336.47,4
grid_02336,312.53,78.13,77.69,78.61,4
grid_02337,409.49,102.37,82.2,116.65,4
grid_02338,316.26,79.07,76.86,83.11,4
grid_02339,1127.47,187.91,101.11,235.36,6
grid_02340,881.9,220.47,216.35,224.28,4
grid_02341,308.86,77.22,71.99,80.64,4
grid_02342,288.2,72.05,50.2,83.46,4
grid_02343,597.55,149.39,116.65,185.47,4
grid_02344,901.0,150.17,99.05,230.63,6
grid_02345,785.35,196.34,173.33,217.2,4
grid_02346,518.76,129.69,75.29,225.92,4
grid_02347,634.96,158.74,134.52,205.01,4
grid_02348,734.35,183.59,134.52,216.35,4
grid_02349,314.38,78.6,71.99,84.97,4
grid_02350,324.38,81.1,77.69,84.97,4
grid_02351,3350.75,558.46,244.88,1106.25,6
grid_02352,5256.17,584.02,252.36,1204.71,9
grid_02353,3029.92,605.98,288.44,1204.71,5
grid_02354,2408.57,602.14,502.57,817.02,4
grid_02355,2408.22,602.05,502.57,708.41,4
grid_02356,1044.65,261.16,219.46,327.95,4
grid_02357,1714.91,285.82,243.01,354.66,6
grid_02358,1918.5,479.63,243.01,708.41,4
grid_02359,1965.38,491.35,368.03,708.41,4
grid_02360,2684.62,671.15,410.69,1042.39,4
grid_02361,344.93,86.23,71.99,118.5,4
grid_02362,133.46,66.73,56.61,76.86,2
grid_02363,546.54,136.63,109.53,185.47,4
grid_02364,502.79,125.7,89.51,142.49,4
grid_02365,572.83,143.21,108.6,185.47,4
grid_02366,491.55,122.89,89.05,178.47,4
grid_02367,164.12,82.06,79.15,84.97,2
grid_02368,154.44,77.22,75.29,79.15,2
grid_02369,334.92,111.64,99.05,134.89,3
grid_02370,83.46,83.46,83.46,83.46,1
grid_02371,2154.47,538.62,402.37,659.05,4
grid_02372,2186.84,546.71,402.37,668.02,4
grid_02373,2849.69,712.42,570.4,817.02,4
grid_02374,2587.69,646.92,457.4,801.15,4
grid_02375,651.22,162.8,121.14,217.2,4
grid_02376,1557.04,259.51,121.14,516.88,6
grid_02377,1620.06,405.01,316.8,516.88,4
grid_02378,3166.55,791.64,457.4,1042.39,4
grid_02379,588.73,147.18,121.14,173.33,4
grid_02380,2249.4,562.35,384.0,1005.62,4
grid_02381,1870.04,467.51,370.36,570.4,4
grid_02382,1084.41,271.1,218.62,327.95,4
grid_02383,1612.7,268.78,234.86,327.95,6
grid_02384,1559.45,389.86,240.01,708.41,4
grid_02385,1786.82,446.71,310.93,737.51,4
grid_02386,4235.63,1058.91,410.69,1871.56,4
grid_02387,2429.55,607.39,370.36,910.99,4
grid_02388,1089.84,272.46,218.62,318.38,4
grid_02389,1507.01,251.17,175.12,318.38,6
grid_02390,1151.09,287.77,232.13,368.03,4
grid_02391,1194.55,199.09,127.72,316.8,6
grid_02392,4703.81,1175.95,384.0,2479.04,4
grid_02393,6398.61,1599.65,1005.62,2479.04,4
grid_02394,549.36,137.34,127.38,156.5,4
grid_02395,1811.61,452.9,275.66,835.15,4
grid_02396,1175.94,195.99,113.45,317.75,6
grid_02397,548.58,137.15,113.45,180.05,4
grid_02398,7246.75,1811.69,835.15,2959.61,4
grid_02399,9605.65,2401.41,1871.56,2959.61,4
grid_02400,2401.5,600.38,275.66,972.95,4
grid_02401,4804.71,1201.18,574.36,1877.72,4
grid_02402,2986.72,746.68,324.89,977.15,4
grid_02403,3537.79,884.45,324.89,1691.88,4
grid_02404,2769.83,692.46,432.13,1048.3,4
grid_02405,4018.9,1004.72,432.13,1877.72,4
grid_02406,5993.79,1498.45,1135.46,1877.72,4
grid_02407,2817.18,704.29,446.71,1048.3,4
grid_02408,4331.3,1082.82,738.01,1540.37,4
grid_02409,5467.65,1366.91,946.67,1691.88,4
grid_02410,4571.26,1142.82,509.78,1877.72,4
grid_02411,1831.73,457.93,347.99,583.1,4
grid_02412,990.15,247.54,176.74,338.39,4
grid_02413,1619.6,269.93,175.76,489.67,6
grid_02414,800.44,200.11,175.76,229.46,4
grid_02415,757.38,189.34,154.05,208.11,4
grid_02416,631.23,157.81,126.57,192.13,4
grid_02417,674.7,168.67,135.8,208.11,4
grid_02418,1759.45,439.86,282.56,583.1,4
grid_02419,983.75,163.96,133.77,216.76,6
grid_02420,1054.99,175.83,99.17,236.02,6
grid_02421,748.39,187.1,126.57,251.16,4
grid_02422,1065.71,266.43,157.82,427.01,4
grid_02423,952.36,158.73,126.57,192.13,6
grid_02424,1026.74,171.12,137.75,229.72,6
grid_02425,4073.04,452.56,223.8,694.39,9
grid_02426,1360.48,226.75,152.94,361.13,6
grid_02427,2752.4,458.73,288.24,689.36,6
grid_02428,691.07,138.21,91.5,192.13,5
grid_02429,484.33,121.08,91.5,152.94,4
grid_02430,694.57,173.64,102.14,229.05,4
grid_02431,3617.05,602.84,263.96,1288.73,6
grid_02432,3933.69,655.61,238.47,1540.37,6
grid_02433,2081.91,346.99,239.73,509.78,6
grid_02434,4017.58,669.6,238.47,1540.37,6
grid_02435,2766.65,461.11,239.73,1135.46,6
grid_02436,943.58,235.9,170.71,278.15,4
grid_02437,886.28,221.57,154.96,288.24,4
grid_02438,889.02,222.26,186.22,244.88,4
grid_02439,919.41,229.85,186.22,263.96,4
grid_02440,843.55,210.89,154.96,278.15,4
grid_02441,946.53,157.75,108.93,198.36,6
grid_02442,1415.66,235.94,161.57,404.13,6
grid_02443,989.38,164.9,116.27,216.76,6
grid_02444,1770.45,196.72,99.17,282.56,9
grid_02445,446.75,111.69,99.17,139.29,4
grid_02446,528.3,132.07,108.93,168.37,4
grid_02447,608.47,152.12,111.63,216.76,4
grid_02448,737.98,184.5,144.94,227.32,4
grid_02449,930.43,155.07,99.17,227.32,6
grid_02450,537.93,134.48,93.26,216.76,4
grid_02451,3334.97,555.83,210.44,832.95,6
grid_02452,2013.89,503.47,203.35,832.95,4
grid_02453,387.55,96.89,86.51,116.27,4
grid_02454,1302.63,325.66,106.8,832.95,4
grid_02455,2304.11,384.02,120.12,832.95,6
grid_02456,514.43,128.61,81.73,210.44,4
grid_02457,361.89,90.47,81.73,102.14,4
grid_02458,503.92,125.98,86.51,163.46,4
grid_02459,422.8,105.7,77.52,159.52,4
grid_02460,693.67,115.61,78.54,175.91,6
grid_02461,554.29,138.57,89.18,203.35,4
grid_02462,514.96,128.74,89.18,170.71,4
grid_02463,738.09,184.52,151.6,230.76,4
grid_02464,793.81,198.45,169.51,219.46,4
grid_02465,653.18,163.3,100.11,230.76,4
grid_02466,357.35,89.34,77.52,106.8,4
grid_02467,645.37,161.34,138.92,185.34,4
grid_02468,474.9,118.73,84.28,151.6,4
grid_02469,357.41,89.35,83.85,100.11,4
grid_02470,819.8,204.95,169.51,246.32,4
grid_02471,1164.29,291.07,239.29,371.59,4
grid_02472,446.28,111.57,92.91,144.94,4
grid_02473,598.89,149.72,114.59,239.29,4
grid_02474,437.97,109.49,92.91,119.12,4
grid_02475,778.78,194.69,125.9,261.26,4
grid_02476,532.36,133.09,97.07,192.55,4
grid_02477,547.05,136.76,97.07,192.24,4
grid_02478,667.45,166.86,114.59,217.44,4
grid_02479,611.28,152.82,97.07,210.62,4
grid_02480,646.74,161.69,125.9,217.44,4
grid_02481,518.2,129.55,99.36,158.79,4
grid_02482,766.77,127.79,97.8,192.55,6
grid_02483,482.59,120.65,111.63,132.38,4
grid_02484,536.65,134.16,111.71,158.79,4
grid_02485,500.73,125.18,93.26,163.46,4
grid_02486,610.76,152.69,120.77,185.42,4
grid_02487,753.06,188.27,132.38,254.9,4
grid_02488,864.72,144.12,97.8,189.88,6
grid_02489,666.6,166.65,126.87,205.04,4
grid_02490,636.47,159.12,126.87,205.04,4
grid_02491,368.79,92.2,78.54,120.12,4
grid_02492,417.33,104.33,81.73,160.69,4
grid_02493,574.5,143.63,88.4,207.49,4
grid_02494,379.44,94.86,77.52,132.55,4
grid_02495,487.46,81.24,74.15,90.42,6
grid_02496,786.54,196.63,160.69,254.9,4
grid_02497,369.64,92.41,78.54,117.93,4
grid_02498,835.51,208.88,173.57,254.9,4
grid_02499,650.68,162.67,117.93,207.49,4
grid_02500,654.32,109.05,74.15,171.32,6
grid_02501,1414.54,353.64,283.67,427.51,4
grid_02502,2225.49,556.37,327.25,907.08,4
grid_02503,1240.42,310.11,242.28,361.36,4
grid_02504,1269.48,317.37,282.28,361.36,4
grid_02505,2356.91,589.23,376.76,907.08,4
grid_02506,1225.29,306.32,242.28,354.52,4
grid_02507,1183.88,295.97,228.1,342.01,4
grid_02508,2434.91,405.82,312.06,613.37,6
grid_02509,3435.38,858.85,614.4,1027.68,4
grid_02510,1518.96,379.74,312.06,514.5,4
grid_02511,1219.95,304.99,282.28,339.83,4
grid_02512,1491.12,372.78,282.28,514.5,4
grid_02513,3484.35,871.09,613.37,1027.68,4
grid_02514,2854.14,475.69,312.06,936.21,6
grid_02515,1372.81,343.2,283.84,445.04,4
grid_02516,3231.67,538.61,232.0,1027.68,6
grid_02517,2522.11,504.42,337.88,936.21,5
grid_02518,1682.73,420.68,314.0,551.11,4
grid_02519,1707.03,426.76,337.88,514.5,4
grid_02520,1440.48,360.12,314.0,414.07,4
grid_02521,3210.28,535.05,250.9,1159.81,6
grid_02522,2886.24,721.56,244.65,1230.89,4
grid_02523,1488.28,372.07,284.92,530.29,4
grid_02524,2121.06,530.27,244.65,1230.89,4
grid_02525,1466.51,366.63,290.37,419.13,4
grid_02526,1443.96,360.99,284.92,445.04,4
grid_02527,1519.61,379.9,306.87,419.13,4
grid_02528,1719.79,429.95,384.07,530.29,4
grid_02529,2789.09,697.27,256.79,1230.89,4
grid_02530,4281.68,1070.42,944.72,1230.89,4
grid_02531,5524.06,1381.02,1059.17,1803.53,4
grid_02532,3398.43,849.61,404.13,1352.02,4
grid_02533,5665.56,1416.39,1039.55,1803.53,4
grid_02534,4753.33,792.22,170.25,1803.53,6
grid_02535,2445.14,407.52,106.99,1352.02,6
grid_02536,4201.73,700.29,106.99,1803.53,6
grid_02537,3824.19,637.36,292.16,1513.14,6
grid_02538,900.25,225.06,119.12,371.59,4
grid_02539,518.02,129.5,92.91,173.17,4
grid_02540,489.27,122.32,92.91,170.25,4
grid_02541,1267.15,316.79,216.75,419.13,4
grid_02542,1270.59,317.65,239.52,419.13,4
grid_02543,4153.71,692.29,396.79,1159.81,6
grid_02544,1788.86,447.21,384.07,551.11,4
grid_02545,861.26,215.31,173.66,239.52,4
grid_02546,836.61,209.15,166.64,256.79,4
grid_02547,2967.64,494.61,345.87,733.44,6
grid_02548,3170.83,528.47,233.63,946.26,6
grid_02549,4097.45,455.27,305.72,944.72,9
grid_02550,2263.86,377.31,305.72,461.29,6
grid_02551,5781.89,642.43,232.0,1027.68,9
grid_02552,1762.63,440.66,339.83,514.5,4
grid_02553,3899.58,649.93,372.58,1266.76,6
grid_02554,3965.4,660.9,360.42,986.39,6
grid_02555,4355.2,725.87,410.03,1273.68,6
grid_02556,980.31,245.08,194.89,292.16,4
grid_02557,3918.19,653.03,360.42,1273.68,6
grid_02558,4325.0,720.83,372.58,1266.76,6
grid_02559,3627.45,518.21,194.89,986.39,7
grid_02560,2176.92,362.82,194.89,692.47,6
grid_02561,2017.33,336.22,157.83,946.26,6
grid_02562,2368.17,394.69,342.27,491.88,6
grid_02563,1099.69,183.28,157.83,219.49,6
grid_02564,1331.37,221.9,173.66,248.94,6
grid_02565,1248.38,312.1,224.88,447.6,4
grid_02566,2738.29,684.57,461.29,1045.36,4
grid_02567,1680.47,420.12,345.55,498.2,4
grid_02568,946.08,189.22,157.83,233.63,5
grid_02569,921.05,230.26,206.79,255.77,4
grid_02570,823.34,205.83,163.1,233.96,4
grid_02571,3911.92,977.98,401.67,1412.94,4
grid_02572,2290.8,572.7,373.03,823.63,4
grid_02573,7138.85,1784.71,1240.31,2368.85,4
grid_02574,811.94,202.99,152.33,261.26,4
grid_02575,6295.78,1573.95,1240.31,2368.85,4
grid_02576,5308.5,1327.12,733.44,2262.94,4
grid_02577,1411.97,235.33,143.81,373.03,6
grid_02578,2479.63,619.91,300.4,1412.94,4
grid_02579,6891.22,1722.8,699.36,2368.85,4
grid_02580,650.68,162.67,143.81,203.46,4
grid_02581,1322.18,330.54,247.07,401.67,4
grid_02582,4845.77,1211.44,364.61,2368.85,4
grid_02583,5751.25,1437.81,882.88,2262.94,4
grid_02584,3376.26,844.06,366.69,1560.07,4
grid_02585,910.42,227.61,155.44,300.4,4
grid_02586,1093.62,182.27,141.42,247.07,6
grid_02587,1041.21,260.3,155.44,364.61,4
grid_02588,576.93,144.23,140.62,151.08,4
grid_02589,1651.41,412.85,220.75,699.36,4
grid_02590,4235.77,1058.94,750.14,1560.07,4
grid_02591,1484.8,371.2,224.88,526.01,4
grid_02592,2853.09,713.27,426.66,1045.36,4
grid_02593,2430.29,405.05,342.27,526.01,6
grid_02594,1687.48,421.87,375.43,498.2,4
grid_02595,1013.57,253.39,163.1,391.64,4
grid_02596,2653.71,442.28,387.19,526.01,6
grid_02597,1074.91,268.73,206.79,323.09,4
grid_02598,1662.62,415.65,337.42,526.01,4
grid_02599,1938.71,484.68,387.19,623.8,4
grid_02600,2976.02,744.0,426.66,1042.69,4
grid_02601,174.33,87.17,75.29,99.05,2
grid_02602,578.61,144.65,89.05,178.47,4
grid_02603,168.42,84.21,83.46,84.97,2
grid_02604,320.36,160.18,134.89,185.47,2
grid_02605,328.33,109.44,89.05,149.77,3
grid_02606,142.49,142.49,142.49,142.49,1
grid_02607,232.0,116.0,89.51,142.49,2
grid_02608,503.96,125.99,89.05,149.77,4
grid_02609,307.42,153.71,127.38,180.05,2
grid_02610,255.02,127.51,74.97,180.05,2
grid_02611,1777.95,444.49,212.64,737.51,4
grid_02612,5704.42,1426.1,626.42,2295.45,4
grid_02613,2791.8,697.95,516.88,910.99,4
grid_02614,1331.2,221.87,130.15,341.97,6
grid_02615,1496.31,374.08,246.32,601.5,4
grid_02616,901.01,225.25,145.31,310.93,4
grid_02617,1753.89,438.47,240.33,601.5,4
grid_02618,1064.35,266.09,159.46,516.88,4
grid_02619,1059.58,176.6,99.4,341.97,6
grid_02620,1697.44,424.36,175.38,626.42,4
grid_02621,4733.82,1183.45,378.75,2295.45,4
grid_02622,616.81,154.2,99.4,212.64,4
grid_02623,789.57,197.39,100.04,378.75,4
grid_02624,672.71,112.12,62.78,240.33,6
grid_02625,462.12,115.53,90.85,159.46,4
grid_02626,2726.06,681.52,135.4,1433.2,4
grid_02627,547.29,136.82,100.04,175.38,4
grid_02628,1032.9,258.23,76.94,570.09,4
grid_02629,322.33,80.58,43.76,145.54,4
grid_02630,358.29,59.71,31.72,90.85,6
grid_02631,542.54,135.63,74.97,180.05,4
grid_02632,7578.54,1894.64,890.28,2959.61,4
grid_02633,1570.06,523.35,279.36,972.95,3
grid_02634,5102.21,1275.55,279.36,2959.61,4
grid_02635,142.05,71.02,24.88,117.17,2
grid_02636,3685.25,921.31,583.06,1433.2,4
grid_02637,913.72,228.43,117.17,279.36,4
grid_02638,2021.97,505.49,269.26,890.28,4
grid_02639,24.88,24.88,24.88,24.88,1
grid_02640,142.05,71.02,24.88,117.17,2
grid_02641,362.83,90.71,35.43,135.4,4
grid_02642,329.91,82.48,52.24,112.41,4
grid_02643,1130.57,282.64,35.43,778.71,4
grid_02644,378.83,94.71,74.41,112.41,4
grid_02645,254.03,63.51,34.78,92.6,4
grid_02646,292.01,73.0,33.03,92.6,4
grid_02647,512.96,128.24,35.43,181.02,4
grid_02648,313.45,78.36,33.03,153.02,4
grid_02649,232.99,58.25,43.76,72.21,4
grid_02650,274.58,45.76,31.72,72.21,6
grid_02651,1288.46,322.12,174.1,583.06,4
grid_02652,1804.84,451.21,181.02,778.71,4
grid_02653,560.53,186.84,117.17,269.26,3
grid_02654,24.88,24.88,24.88,24.88,1
grid_02655,0.0,0.0,0.0,0.0,0
grid_02656,705.21,176.3,33.48,262.04,4
grid_02657,0.0,0.0,0.0,0.0,0
grid_02658,822.14,205.53,143.48,262.04,4
grid_02659,207.58,103.79,33.48,174.1,2
grid_02660,0.0,0.0,0.0,0.0,0
grid_02661,312.07,78.02,56.08,105.74,4
grid_02662,452.34,113.08,89.33,146.82,4
grid_02663,1005.99,251.5,213.74,296.73,4
grid_02664,582.9,145.72,110.46,184.57,4
grid_02665,836.09,209.02,141.05,296.73,4
grid_02666,491.2,122.8,89.33,159.49,4
grid_02667,754.05,188.51,146.97,222.03,4
grid_02668,667.88,166.97,146.82,184.57,4
grid_02669,746.62,186.66,171.31,213.74,4
grid_02670,316.42,79.11,60.93,95.56,4
grid_02671,356.93,59.49,32.83,127.13,6
grid_02672,249.38,62.34,32.83,92.6,4
grid_02673,539.62,134.91,112.68,153.02,4
grid_02674,332.84,83.21,33.03,118.04,4
grid_02675,434.54,108.63,33.03,153.02,4
grid_02676,330.87,82.72,60.93,127.13,4
grid_02677,334.47,55.74,31.57,127.13,6
grid_02678,489.31,122.33,96.6,144.23,4
grid_02679,283.07,70.77,42.07,127.13,4
grid_02680,425.02,106.25,73.58,144.23,4
grid_02681,0.0,0.0,0.0,0.0,0
grid_02682,0.0,0.0,0.0,0.0,0
grid_02683,0.0,0.0,0.0,0.0,0
grid_02684,0.0,0.0,0.0,0.0,0
grid_02685,4.19,4.19,4.19,4.19,1
grid_02686,214.03,71.34,4.19,171.35,3
grid_02687,698.59,116.43,38.15,198.66,6
grid_02688,407.77,135.92,38.15,191.9,3
grid_02689,559.14,139.78,96.39,191.9,4
grid_02690,216.88,108.44,96.39,120.48,2
grid_02691,578.99,144.75,87.23,235.6,4
grid_02692,33.48,33.48,33.48,33.48,1
grid_02693,356.31,118.77,33.48,235.6,3
grid_02694,4.19,4.19,4.19,4.19,1
grid_02695,0.0,0.0,0.0,0.0,0
grid_02696,12.25,12.25,12.25,12.25,1
grid_02697,132.59,44.2,12.25,87.23,3
grid_02698,227.68,75.89,33.1,107.34,3
grid_02699,42.68,21.34,4.19,38.49,2
grid_02700,589.41,147.35,78.12,252.54,4
grid_02701,529.84,132.46,84.28,162.14,4
grid_02702,765.16,191.29,138.92,278.76,4
grid_02703,460.07,115.02,77.52,166.15,4
grid_02704,478.79,119.7,83.85,166.15,4
grid_02705,1311.93,327.98,185.34,601.5,4
grid_02706,844.28,211.07,144.51,289.57,4
grid_02707,1034.81,258.7,162.14,345.84,4
grid_02708,1796.19,449.05,278.76,601.5,4
grid_02709,835.94,208.99,132.55,295.42,4
grid_02710,895.65,223.91,144.51,295.42,4
grid_02711,646.09,161.52,111.36,210.62,4
grid_02712,673.55,168.39,143.28,192.24,4
grid_02713,751.72,187.93,170.76,210.62,4
grid_02714,716.55,179.14,144.71,217.44,4
grid_02715,653.84,163.46,140.62,217.44,4
grid_02716,735.79,183.95,144.88,210.62,4
grid_02717,517.68,129.42,97.54,144.88,4
grid_02718,625.42,156.36,130.55,209.55,4
grid_02719,507.55,126.89,77.5,178.1,4
grid_02720,490.69,122.67,77.5,170.76,4
grid_02721,1087.95,181.32,145.79,207.17,6
grid_02722,857.94,214.48,199.56,254.9,4
grid_02723,855.85,171.17,143.28,189.88,5
grid_02724,819.92,204.98,201.16,211.4,4
grid_02725,744.58,186.15,145.79,211.4,4
grid_02726,878.35,146.39,95.11,207.17,6
grid_02727,586.13,146.53,86.44,211.4,4
grid_02728,500.25,125.06,67.81,177.33,4
grid_02729,575.3,143.83,86.44,211.4,4
grid_02730,644.34,161.09,87.13,201.16,4
grid_02731,636.11,159.03,90.42,241.82,4
grid_02732,483.67,120.92,84.77,151.69,4
grid_02733,731.9,182.97,156.5,202.28,4
grid_02734,875.01,218.75,171.32,274.43,4
grid_02735,694.65,173.66,151.69,202.28,4
grid_02736,856.84,142.81,104.37,187.43,6
grid_02737,589.51,147.38,129.28,167.11,4
grid_02738,691.1,172.77,129.03,203.3,4
grid_02739,984.14,246.03,187.43,274.43,4
grid_02740,738.24,184.56,165.55,203.3,4
grid_02741,1341.37,335.34,145.54,570.09,4
grid_02742,996.23,249.06,213.56,289.57,4
grid_02743,1087.38,271.84,213.56,345.84,4
grid_02744,1153.73,288.43,241.82,342.05,4
grid_02745,1172.07,293.02,245.03,342.05,4
grid_02746,710.09,177.52,110.46,245.03,4
grid_02747,709.66,177.42,105.74,279.91,4
grid_02748,1186.71,296.68,273.49,342.05,4
grid_02749,587.27,146.82,56.08,279.91,4
grid_02750,1024.85,256.21,141.05,342.05,4
grid_02751,433.2,72.2,35.75,111.82,6
grid_02752,276.57,69.14,39.59,87.13,4
grid_02753,259.33,64.83,38.2,95.11,4
grid_02754,436.07,109.02,63.42,156.5,4
grid_02755,267.94,66.99,40.55,111.82,4
grid_02756,243.4,40.57,33.75,47.75,6
grid_02757,160.21,40.05,33.75,47.75,4
grid_02758,202.11,50.53,39.59,63.42,4
grid_02759,160.78,40.2,38.2,41.6,4
grid_02760,347.72,86.93,57.5,129.03,4
grid_02761,949.43,158.24,109.4,248.78,6
grid_02762,583.49,145.87,109.4,167.11,4
grid_02763,595.67,148.92,97.78,203.3,4
grid_02764,888.57,148.1,69.29,248.78,6
grid_02765,959.02,239.76,214.72,273.49,4
grid_02766,622.0,155.5,87.57,203.3,4
grid_02767,431.82,107.95,69.29,165.55,4
grid_02768,405.98,101.5,64.93,165.57,4
grid_02769,857.58,142.93,76.65,222.03,6
grid_02770,294.56,73.64,65.99,87.57,4
grid_02771,1014.07,253.52,149.45,403.79,4
grid_02772,289.86,72.46,38.16,110.78,4
grid_02773,605.68,151.42,71.59,218.88,4
grid_02774,955.41,238.85,149.45,320.38,4
grid_02775,989.39,247.35,204.43,320.38,4
grid_02776,899.16,224.79,149.45,273.75,4
grid_02777,351.97,87.99,69.33,110.78,4
grid_02778,848.67,212.17,142.55,320.38,4
grid_02779,863.61,215.9,136.49,320.38,4
grid_02780,573.28,143.32,101.07,218.88,4
grid_02781,311.21,51.87,33.75,72.61,6
grid_02782,204.09,51.02,41.6,57.5,4
grid_02783,195.36,48.84,41.39,61.5,4
grid_02784,274.33,68.58,54.12,97.78,4
grid_02785,196.66,49.16,33.75,69.33,4
grid_02786,414.94,69.16,55.41,86.39,6
grid_02787,260.33,65.08,55.41,70.79,4
grid_02788,260.8,65.2,50.87,86.39,4
grid_02789,188.9,47.23,32.93,64.93,4
grid_02790,203.95,50.99,36.92,62.05,4
grid_02791,396.84,99.21,65.99,165.57,4
grid_02792,539.36,107.87,69.29,214.72,5
grid_02793,216.17,54.04,32.93,77.71,4
grid_02794,250.57,62.64,40.42,72.45,4
grid_02795,224.71,56.18,40.42,77.71,4
grid_02796,521.45,86.91,50.65,146.97,6
grid_02797,271.47,67.87,50.65,76.65,4
grid_02798,373.96,62.33,35.0,105.06,6
grid_02799,207.23,51.81,35.0,72.45,4
grid_02800,132.82,33.2,22.08,40.6,4
grid_02801,1286.1,321.52,233.96,391.64,4
grid_02802,1089.55,272.39,206.79,315.91,4
grid_02803,1526.7,381.68,322.11,459.62,4
grid_02804,2461.52,615.38,501.07,788.35,4
grid_02805,1348.79,337.2,322.11,366.18,4
grid_02806,2638.1,659.53,423.32,1042.69,4
grid_02807,3491.71,581.95,397.94,937.19,6
grid_02808,1299.14,324.78,298.8,366.18,4
grid_02809,1276.96,319.24,298.8,351.18,4
grid_02810,1323.02,330.76,161.92,548.31,4
grid_02811,767.56,191.89,155.44,207.51,4
grid_02812,1491.55,248.59,141.42,382.31,6
grid_02813,746.91,186.73,155.44,220.75,4
grid_02814,1675.75,418.94,211.48,750.14,4
grid_02815,873.9,218.47,140.62,382.31,4
grid_02816,969.06,242.26,170.14,366.69,4
grid_02817,2563.58,640.89,347.43,1042.69,4
grid_02818,786.07,196.52,155.66,225.8,4
grid_02819,734.94,183.74,155.66,208.57,4
grid_02820,1115.72,278.93,161.92,423.32,4
grid_02821,470.38,117.59,67.81,178.1,4
grid_02822,592.45,148.11,97.54,187.07,4
grid_02823,508.32,127.08,77.5,177.29,4
grid_02824,263.0,65.75,40.55,81.19,4
grid_02825,388.13,97.03,73.45,155.99,4
grid_02826,930.96,232.74,130.55,403.79,4
grid_02827,759.51,189.88,149.45,245.7,4
grid_02828,783.41,195.85,155.99,245.7,4
grid_02829,223.75,55.94,38.16,73.45,4
grid_02830,505.45,126.36,71.59,204.43,4
grid_02831,787.32,196.83,170.14,211.48,4
grid_02832,3311.16,551.86,204.03,1231.75,6
grid_02833,939.1,234.78,183.05,347.43,4
grid_02834,2227.4,556.85,209.55,1231.75,4
grid_02835,661.75,165.44,136.21,225.8,4
grid_02836,788.32,197.08,165.2,217.41,4
grid_02837,3881.52,646.92,144.08,1231.75,6
grid_02838,669.2,167.3,123.82,197.14,4
grid_02839,717.85,179.46,136.21,217.41,4
grid_02840,2685.24,671.31,273.75,1231.75,4
grid_02841,1661.83,415.46,322.11,578.02,4
grid_02842,2378.34,594.58,322.11,1018.58,4
grid_02843,2506.8,626.7,189.48,980.66,4
grid_02844,5981.42,996.9,459.62,1797.02,6
grid_02845,1348.9,337.22,288.4,395.52,4
grid_02846,1240.71,310.18,288.4,351.18,4
grid_02847,566.91,141.73,90.06,189.48,4
grid_02848,1708.06,427.02,353.27,578.02,4
grid_02849,5354.5,892.42,347.5,1797.02,6
grid_02850,1716.35,429.09,125.45,980.66,4
grid_02851,1490.89,372.72,288.4,425.71,4
grid_02852,2297.37,574.34,347.5,1018.58,4
grid_02853,1334.65,333.66,288.4,425.71,4
grid_02854,344.96,86.24,53.85,125.45,4
grid_02855,954.13,238.53,91.9,381.25,4
grid_02856,1158.21,289.55,127.7,425.71,4
grid_02857,1942.39,323.73,109.63,789.98,6
grid_02858,747.43,186.86,75.59,420.76,4
grid_02859,902.3,225.57,91.9,353.27,4
grid_02860,1271.54,317.89,223.54,425.71,4
grid_02861,558.85,139.71,90.06,183.05,4
grid_02862,579.53,144.88,85.97,217.41,4
grid_02863,2221.76,370.29,144.08,775.94,6
grid_02864,571.82,142.95,136.21,150.93,4
grid_02865,1576.74,394.18,236.08,775.94,4
grid_02866,457.29,114.32,82.3,165.2,4
grid_02867,605.17,151.29,110.94,217.41,4
grid_02868,350.03,87.51,53.85,123.82,4
grid_02869,751.35,187.84,140.61,287.52,4
grid_02870,1121.79,280.45,229.85,364.9,4
grid_02871,1943.74,323.96,150.93,603.49,6
grid_02872,507.73,126.93,82.3,223.75,4
grid_02873,663.75,165.94,85.97,243.09,4
grid_02874,666.94,166.73,110.94,243.09,4
grid_02875,348.58,87.15,53.85,115.72,4
grid_02876,2621.77,436.96,287.52,603.49,6
grid_02877,1249.11,312.28,223.75,457.13,4
grid_02878,1121.95,280.49,196.2,364.9,4
grid_02879,1180.24,295.06,172.3,457.13,4
grid_02880,1211.96,302.99,172.3,444.42,4
grid_02881,352.83,88.21,60.73,109.63,4
grid_02882,338.27,84.57,57.94,127.7,4
grid_02883,495.11,123.78,57.94,223.54,4
grid_02884,671.72,111.95,90.57,148.89,6
grid_02885,387.82,96.95,75.59,125.63,4
grid_02886,315.77,78.94,53.85,96.71,4
grid_02887,747.11,186.78,85.92,304.08,4
grid_02888,554.36,92.39,58.55,107.32,6
grid_02889,411.93,102.98,89.62,113.4,4
grid_02890,428.19,107.05,57.94,182.78,4
grid_02891,399.71,99.93,89.62,112.2,4
grid_02892,306.55,76.64,57.94,101.55,4
grid_02893,296.18,74.05,58.55,90.57,4
grid_02894,676.47,169.12,85.92,274.21,4
grid_02895,1007.29,251.82,182.78,293.79,4
grid_02896,655.03,109.17,58.55,190.61,6
grid_02897,412.28,103.07,86.34,134.56,4
grid_02898,312.91,78.23,58.55,89.83,4
grid_02899,479.35,119.84,100.92,146.79,4
grid_02900,675.39,168.85,101.55,256.51,4
grid_02901,526.76,131.69,61.73,177.0,4
grid_02902,526.99,131.75,103.66,171.31,4
grid_02903,580.5,145.12,103.66,177.0,4
grid_02904,242.12,60.53,33.89,95.56,4
grid_02905,350.67,87.67,33.89,159.49,4
grid_02906,160.74,40.18,28.91,61.73,4
grid_02907,417.31,104.33,68.72,128.53,4
grid_02908,419.24,104.81,94.13,116.4,4
grid_02909,295.19,73.8,36.21,128.53,4
grid_02910,148.29,37.07,28.91,43.43,4
grid_02911,245.13,61.28,32.83,89.17,4
grid_02912,328.24,164.12,144.23,184.01,2
grid_02913,366.66,45.83,28.05,70.41,8
grid_02914,489.59,122.4,73.58,184.01,4
grid_02915,233.49,38.92,27.63,49.05,6
grid_02916,281.33,70.33,49.56,87.77,4
grid_02917,270.72,45.12,24.58,67.71,6
grid_02918,125.72,62.86,58.01,67.71,2
grid_02919,148.9,29.78,24.58,43.43,5
grid_02920,118.74,29.68,24.58,42.02,4
grid_02921,326.37,81.59,12.25,181.81,4
grid_02922,746.72,149.34,38.49,252.54,5
grid_02923,33.1,33.1,33.1,33.1,1
grid_02924,248.25,82.75,12.25,181.81,3
grid_02925,814.85,135.81,31.45,252.54,6
grid_02926,291.34,72.83,4.43,135.32,4
grid_02927,792.17,198.04,170.02,252.54,4
grid_02928,232.72,116.36,97.4,135.32,2
grid_02929,168.19,42.05,4.43,78.12,4
grid_02930,600.45,100.07,31.45,170.02,6
grid_02931,176.36,44.09,4.43,99.09,4
grid_02932,651.1,162.78,138.82,191.9,4
grid_02933,453.56,113.39,97.4,124.13,4
grid_02934,322.27,80.57,4.43,121.35,4
grid_02935,473.7,118.42,99.09,132.81,4
grid_02936,428.49,107.12,76.01,121.35,4
grid_02937,395.65,98.91,41.39,132.81,4
grid_02938,508.59,127.15,97.73,150.36,4
grid_02939,626.33,104.39,41.39,138.82,6
grid_02940,549.63,137.41,107.48,188.9,4
grid_02941,234.81,117.41,110.68,124.13,2
grid_02942,107.9,53.95,52.72,55.17,2
grid_02943,283.83,47.31,24.58,58.01,6
grid_02944,222.52,55.63,52.72,58.01,4
grid_02945,156.89,39.22,26.92,45.95,4
grid_02946,247.98,49.6,42.02,56.61,5
grid_02947,186.69,93.34,76.01,110.68,2
grid_02948,56.61,56.61,56.61,56.61,1
grid_02949,109.49,54.74,51.73,57.75,2
grid_02950,87.95,43.97,42.0,45.95,2
grid_02951,543.66,135.91,120.48,151.14,4
grid_02952,271.62,135.81,120.48,151.14,2
grid_02953,351.43,117.14,78.61,151.14,3
grid_02954,256.67,64.17,51.73,76.01,4
grid_02955,57.75,57.75,57.75,57.75,1
grid_02956,206.02,51.5,37.3,71.18,4
grid_02957,375.11,93.78,71.18,120.45,4
grid_02958,557.26,139.32,113.19,188.9,4
grid_02959,631.09,105.18,90.3,122.37,6
grid_02960,388.32,97.08,78.61,121.68,4
grid_02961,461.28,115.32,55.09,188.9,4
grid_02962,168.91,84.45,78.61,90.3,2
grid_02963,479.17,119.79,67.27,188.9,4
grid_02964,271.05,67.76,37.3,107.48,4
grid_02965,327.66,81.92,50.25,113.19,4
grid_02966,67.27,67.27,67.27,67.27,1
grid_02967,75.39,37.7,31.7,43.69,2
grid_02968,263.86,65.96,48.09,109.81,4
grid_02969,282.68,47.11,31.7,67.27,6
grid_02970,2495.05,623.76,306.87,1030.55,4
grid_02971,1363.35,340.84,257.22,407.5,4
grid_02972,362.33,362.33,362.33,362.33,1
grid_02973,1606.84,535.61,338.55,905.97,3
grid_02974,1806.98,451.74,257.22,840.21,4
grid_02975,6548.65,1091.44,338.55,1717.87,6
grid_02976,3349.2,837.3,302.04,1671.16,4
grid_02977,1022.67,255.67,156.94,391.75,4
grid_02978,869.83,217.46,153.62,302.04,4
grid_02979,2390.79,597.7,25.44,1082.01,4
grid_02980,202.14,202.14,202.14,202.14,1
grid_02981,1123.15,561.58,202.14,921.01,2
grid_02982,4125.19,687.53,227.6,1379.32,6
grid_02983,1219.04,304.76,153.62,535.79,4
grid_02984,3071.5,767.88,362.33,1082.01,4
grid_02985,2482.89,413.82,227.6,721.2,6
grid_02986,3065.69,766.42,202.14,995.04,4
grid_02987,652.11,163.03,153.62,178.39,4
grid_02988,783.4,195.85,156.94,231.32,4
grid_02989,1739.67,579.89,202.14,995.04,3
grid_02990,3790.56,947.64,840.03,1082.01,4
grid_02991,821.52,205.38,153.62,277.15,4
grid_02992,3151.67,787.92,508.42,1082.01,4
grid_02993,1169.42,194.9,163.16,241.77,6
grid_02994,4469.29,744.88,542.5,995.04,6
grid_02995,4653.04,775.51,550.7,995.04,6
grid_02996,4462.51,743.75,550.7,947.5,6
grid_02997,1309.97,218.33,178.39,248.94,6
grid_02998,3869.23,644.87,508.42,840.03,6
grid_02999,2002.95,333.83,163.16,726.53,6
grid_03000,576.26,288.13,33.77,542.5,2
grid_03001,540.0,270.0,117.36,422.64,2
grid_03002,1792.38,448.09,33.77,793.47,4
grid_03003,117.36,117.36,117.36,117.36,1
grid_03004,3367.62,561.27,358.42,793.47,6
grid_03005,3574.32,595.72,117.36,1478.26,6
grid_03006,5748.71,1149.74,117.36,2685.1,5
grid_03007,4521.59,1130.4,77.09,2685.1,4
grid_03008,2953.5,738.37,374.42,1478.26,4
grid_03009,6068.03,1517.01,610.34,2685.1,4
grid_03010,4611.74,512.42,277.15,726.53,9
grid_03011,2864.12,572.82,358.42,793.47,5
grid_03012,2156.77,539.19,385.33,618.59,4
grid_03013,1886.87,471.72,368.3,582.54,4
grid_03014,1585.82,396.46,236.95,726.53,4
grid_03015,991.83,247.96,204.2,308.91,4
grid_03016,1007.88,251.97,204.2,308.91,4
grid_03017,2275.15,568.79,486.41,618.59,4
grid_03018,3290.49,548.42,380.58,726.53,6
grid_03019,1812.26,453.06,358.42,634.56,4
grid_03020,1241.83,310.46,236.95,403.48,4
grid_03021,1133.53,283.38,223.52,380.58,4
grid_03022,2002.82,500.7,383.11,632.22,4
grid_03023,1749.34,437.34,277.67,602.15,4
grid_03024,2020.41,505.1,368.3,634.56,4
grid_03025,1284.08,321.02,255.77,403.48,4
grid_03026,2063.21,343.87,223.52,486.41,6
grid_03027,2205.26,551.31,450.98,634.56,4
grid_03028,2304.63,576.16,470.89,634.56,4
grid_03029,1836.93,459.23,350.71,632.22,4
grid_03030,1752.32,876.16,74.76,1677.56,2
grid_03031,3750.11,937.53,74.76,1677.56,4
grid_03032,8035.22,1339.2,422.05,2685.1,6
grid_03033,1674.29,418.57,358.42,490.48,4
grid_03034,6078.76,1519.69,658.71,2425.41,4
grid_03035,7253.6,1813.4,1574.89,2425.41,4
grid_03036,6284.58,1047.43,610.34,1294.33,6
grid_03037,6860.65,1372.13,1173.47,1575.74,5
grid_03038,2011.27,502.82,374.42,633.13,4
grid_03039,2628.49,876.16,652.71,1317.07,3
grid_03040,1345.89,336.47,275.33,403.48,4
grid_03041,1183.2,295.8,171.7,383.11,4
grid_03042,1154.69,288.67,183.39,403.48,4
grid_03043,866.69,216.67,167.3,292.49,4
grid_03044,1229.57,204.93,160.47,277.67,6
grid_03045,3695.29,923.82,470.89,1845.56,4
grid_03046,1154.25,288.56,225.41,351.18,4
grid_03047,4411.34,1102.84,350.71,1845.56,4
grid_03048,741.87,185.47,167.3,217.74,4
grid_03049,857.57,214.39,173.44,275.33,4
grid_03050,2415.94,603.98,374.42,798.05,4
grid_03051,2900.87,725.22,552.75,969.28,4
grid_03052,4631.67,1157.92,359.8,2425.41,4
grid_03053,4225.94,1056.49,667.23,1574.89,4
grid_03054,3357.13,839.28,633.13,998.57,4
grid_03055,5801.38,966.9,798.05,1173.47,6
grid_03056,5196.92,1299.23,529.39,2425.41,4
grid_03057,2962.99,740.75,359.8,1317.07,4
grid_03058,3153.72,788.43,552.75,998.57,4
grid_03059,2959.27,739.82,545.24,969.28,4
grid_03060,652.71,652.71,652.71,652.71,1
grid_03061,2578.23,859.41,245.25,1796.0,3
grid_03062,3327.37,831.84,245.25,1796.0,4
grid_03063,3539.19,884.8,536.98,1796.0,4
grid_03064,478.82,239.41,139.52,339.31,2
grid_03065,1526.78,381.69,31.96,618.53,4
grid_03066,3339.03,834.76,321.94,1796.0,4
grid_03067,2352.44,588.11,475.92,670.3,4
grid_03068,1404.38,234.06,7.56,366.23,6
grid_03069,1632.52,408.13,246.98,587.69,4
grid_03070,2625.69,656.42,171.7,1744.18,4
grid_03071,1339.94,223.32,160.47,359.09,6
grid_03072,879.28,219.82,173.44,262.18,4
grid_03073,5826.55,1456.64,996.36,1845.56,4
grid_03074,3467.49,866.87,359.09,1744.18,4
grid_03075,4443.12,1110.78,545.24,1845.56,4
grid_03076,1108.12,277.03,225.41,318.2,4
grid_03077,897.44,224.36,173.44,288.01,4
grid_03078,1865.64,310.94,217.74,369.3,6
grid_03079,2029.46,338.24,218.25,433.66,6
grid_03080,2959.2,739.8,507.44,974.17,4
grid_03081,1562.84,390.71,288.12,529.39,4
grid_03082,2089.58,522.4,385.53,667.23,4
grid_03083,1603.27,400.82,288.12,633.41,4
grid_03084,5241.57,873.6,732.52,974.17,6
grid_03085,3454.11,863.53,732.52,998.57,4
grid_03086,3396.36,849.09,632.87,998.57,4
grid_03087,1979.92,494.98,400.57,632.87,4
grid_03088,2329.75,582.44,401.24,795.64,4
grid_03089,2775.8,693.95,500.0,795.64,4
grid_03090,1824.77,456.19,385.53,507.44,4
grid_03091,1128.22,282.05,246.98,321.94,4
grid_03092,5362.52,893.75,732.52,1173.88,6
grid_03093,1450.7,362.68,271.18,505.87,4
grid_03094,2770.66,692.67,425.94,974.17,4
grid_03095,2147.49,536.87,400.57,703.64,4
grid_03096,5318.69,886.45,695.96,1173.88,6
grid_03097,2041.93,510.48,401.24,642.05,4
grid_03098,1933.84,483.46,425.94,507.55,4
grid_03099,2442.26,610.56,498.65,747.65,4
grid_03100,1332.81,333.2,218.25,433.66,4
grid_03101,2623.08,655.77,400.57,1240.44,4
grid_03102,2006.25,501.56,301.37,996.36,4
grid_03103,3014.29,753.57,340.66,1240.44,4
grid_03104,1711.88,342.38,288.01,385.34,5
grid_03105,1303.19,325.8,262.18,418.72,4
grid_03106,2754.2,688.55,340.66,1272.06,4
grid_03107,1746.89,436.72,301.37,651.06,4
grid_03108,2383.08,595.77,418.72,1037.13,4
grid_03109,3761.72,626.95,334.89,1037.13,6
grid_03110,330.88,110.29,7.56,237.88,3
grid_03111,1994.36,498.59,339.31,670.3,4
grid_03112,922.49,230.62,85.44,362.71,4
grid_03113,1221.28,305.32,192.15,475.92,4
grid_03114,1804.34,451.08,306.23,670.3,4
grid_03115,189.45,189.45,189.45,189.45,1
grid_03116,1664.97,416.24,276.56,670.3,4
grid_03117,513.8,128.45,2.45,236.46,4
grid_03118,1964.91,327.49,237.88,407.66,6
grid_03119,792.33,198.08,78.18,279.11,4
grid_03120,1523.42,380.86,238.82,507.55,4
grid_03121,949.13,237.28,192.15,271.18,4
grid_03122,2634.15,658.54,425.94,863.11,4
grid_03123,3472.98,868.24,642.05,1393.62,4
grid_03124,7875.21,1312.53,695.96,2315.37,6
grid_03125,1476.25,369.06,222.25,507.63,4
grid_03126,2535.14,633.78,498.65,733.68,4
grid_03127,2058.39,514.6,494.48,548.72,4
grid_03128,806.08,201.52,152.86,238.82,4
grid_03129,2852.16,713.04,498.65,996.79,4
grid_03130,1349.94,337.49,133.56,493.58,4
grid_03131,1755.81,438.95,301.37,704.65,4
grid_03132,2813.09,703.27,400.57,1272.06,4
grid_03133,1261.35,315.34,133.56,493.58,4
grid_03134,2539.41,634.85,360.0,1037.13,4
grid_03135,5430.81,1357.7,703.64,2061.5,4
grid_03136,5843.93,973.99,648.7,1524.01,6
grid_03137,3715.91,928.98,409.12,1365.62,4
grid_03138,5403.84,1350.96,704.65,2061.5,4
grid_03139,3820.7,955.17,409.12,1524.01,4
grid_03140,946.91,236.73,139.4,351.89,4
grid_03141,912.32,228.08,189.45,245.58,4
grid_03142,1602.01,267.0,145.89,407.66,6
grid_03143,1040.69,260.17,200.69,362.71,4
grid_03144,800.63,200.16,149.39,306.23,4
grid_03145,913.74,228.44,139.4,351.89,4
grid_03146,1032.14,172.02,132.93,208.51,6
grid_03147,552.16,138.04,119.58,152.86,4
grid_03148,971.41,242.85,175.21,309.79,4
grid_03149,780.51,195.13,163.78,240.83,4
grid_03150,3922.82,980.71,494.48,2029.0,4
grid_03151,6131.51,1532.88,733.68,2307.22,4
grid_03152,8725.85,1454.31,832.81,2315.37,6
grid_03153,4446.83,1111.71,660.77,1697.0,4
grid_03154,1946.66,486.67,419.58,548.72,4
grid_03155,1323.0,330.75,173.54,507.63,4
grid_03156,668.23,167.06,119.58,222.25,4
grid_03157,4203.76,1050.94,660.77,1355.4,4
grid_03158,3881.26,970.32,470.73,2029.0,4
grid_03159,2068.7,517.17,412.42,765.97,4
grid_03160,1261.67,315.42,274.21,360.0,4
grid_03161,11013.73,2753.43,1393.62,5251.4,4
grid_03162,1952.26,488.06,333.67,648.7,4
grid_03163,7404.34,1851.08,1236.51,2942.02,4
grid_03164,6210.06,1035.01,609.89,1623.79,6
grid_03165,11620.54,2905.14,1365.62,5251.4,4
grid_03166,6244.5,1561.13,1236.51,1860.19,4
grid_03167,1189.0,297.25,257.57,333.67,4
grid_03168,4659.1,1164.77,521.71,1860.19,4
grid_03169,17820.29,4455.07,2307.22,5768.82,4
grid_03170,542.26,135.56,124.03,145.89,4
grid_03171,543.16,135.79,124.03,149.39,4
grid_03172,1116.42,279.11,245.58,309.79,4
grid_03173,594.35,148.59,119.58,196.13,4
grid_03174,1096.95,274.24,175.21,340.59,4
grid_03175,810.69,202.67,163.78,271.36,4
grid_03176,545.84,136.46,124.03,148.31,4
grid_03177,610.24,152.56,124.03,210.1,4
grid_03178,1150.59,191.76,132.93,263.09,6
grid_03179,1280.1,320.03,281.94,347.78,4
grid_03180,792.17,198.04,119.58,302.92,4
grid_03181,1308.46,327.12,173.54,419.58,4
grid_03182,2799.23,699.81,470.73,832.81,4
grid_03183,10057.12,2514.28,1355.4,4478.15,4
grid_03184,6152.27,1538.07,1079.48,2526.58,4
grid_03185,12975.22,3243.81,1697.0,4492.86,4
grid_03186,6019.43,1003.24,729.72,1361.07,6
grid_03187,2231.62,557.91,403.49,765.97,4
grid_03188,1473.43,368.36,302.92,412.42,4
grid_03189,12427.37,3106.84,2526.58,4478.15,4
grid_03190,996.58,249.15,200.34,289.17,4
grid_03191,1207.08,301.77,271.36,340.59,4
grid_03192,785.92,196.48,148.31,265.8,4
grid_03193,787.25,196.81,143.18,264.99,4
grid_03194,1515.74,252.62,200.34,341.5,6
grid_03195,1301.48,325.37,305.96,347.78,4
grid_03196,636.15,159.04,143.18,175.68,4
grid_03197,1121.74,280.44,235.71,317.17,4
grid_03198,945.73,236.43,168.98,314.74,4
grid_03199,994.75,248.69,168.98,286.32,4
grid_03200,7931.74,1982.93,1079.48,2569.63,4
grid_03201,6374.64,1062.44,729.72,1756.05,6
grid_03202,14549.74,3637.44,2725.72,4492.86,4
grid_03203,2985.11,746.28,649.74,839.68,4
grid_03204,1119.45,279.86,196.13,354.6,4
grid_03205,1366.24,341.56,265.8,400.0,4
grid_03206,3061.59,765.4,649.74,839.68,4
grid_03207,6971.59,1161.93,203.23,2853.01,6
grid_03208,6252.69,1042.12,793.45,1756.05,6
grid_03209,7116.23,1186.04,189.39,2853.01,6
grid_03210,16042.22,4010.55,2725.72,5768.82,4
grid_03211,616.17,102.7,76.17,152.58,6
grid_03212,1524.78,169.42,67.98,387.83,9
grid_03213,688.01,114.67,80.39,178.35,6
grid_03214,1909.83,318.3,153.11,449.37,6
grid_03215,3648.35,608.06,304.94,1312.32,6
grid_03216,6666.94,1111.16,278.1,3054.82,6
grid_03217,7802.81,1300.47,189.39,3054.82,6
grid_03218,786.13,196.53,140.99,278.1,4
grid_03219,1290.76,322.69,177.66,443.83,4
grid_03220,1673.47,418.37,354.6,515.38,4
grid_03221,2301.75,575.44,403.49,733.13,4
grid_03222,6314.59,1052.43,226.9,2569.63,6
grid_03223,2592.12,432.02,345.85,529.49,6
grid_03224,3408.39,568.06,298.19,839.03,6
grid_03225,4632.65,514.74,166.07,880.3,9
grid_03226,1606.99,321.4,105.34,793.45,5
grid_03227,655.27,163.82,105.34,226.9,4
grid_03228,653.41,163.35,119.8,203.23,4
grid_03229,2678.84,446.47,375.35,529.49,6
grid_03230,1154.66,288.67,279.69,305.96,4
grid_03231,1102.07,275.52,175.68,345.85,4
grid_03232,1173.33,293.33,279.84,307.14,4
grid_03233,1828.9,304.82,235.71,395.08,6
grid_03234,2981.25,496.88,286.32,677.59,6
grid_03235,1491.84,372.96,279.69,511.88,4
grid_03236,4793.68,532.63,274.45,721.44,9
grid_03237,3679.72,525.67,274.45,795.12,7
grid_03238,1295.65,323.91,279.69,383.1,4
grid_03239,1250.35,312.59,279.84,353.02,4
grid_03240,2871.22,478.54,315.57,733.13,6
grid_03241,462.92,115.73,73.76,166.07,4
grid_03242,1221.11,305.28,174.4,375.35,4
grid_03243,1105.19,184.2,117.74,298.19,6
grid_03244,474.95,118.74,106.8,140.99,4
grid_03245,1640.74,410.19,301.63,531.29,4
grid_03246,941.9,235.47,153.74,315.57,4
grid_03247,1695.27,423.82,355.8,531.29,4
grid_03248,405.71,101.43,73.76,119.8,4
grid_03249,1526.07,381.52,295.7,531.29,4
grid_03250,2675.47,445.91,314.74,661.65,6
grid_03251,3676.98,612.83,383.1,795.12,6
grid_03252,3415.42,569.24,353.02,729.46,6
grid_03253,2950.28,491.71,309.3,721.44,6
grid_03254,3061.79,612.36,397.76,795.12,5
grid_03255,3282.11,547.02,337.1,790.2,6
grid_03256,1654.42,413.61,295.96,571.67,4
grid_03257,1441.85,360.46,295.96,469.27,4
grid_03258,1922.29,320.38,288.32,397.76,6
grid_03259,1973.27,493.32,302.15,693.96,4
grid_03260,1281.5,320.37,281.19,391.17,4
grid_03261,555.74,138.93,107.37,177.66,4
grid_03262,1103.04,275.76,196.09,324.95,4
grid_03263,539.08,134.77,107.37,152.89,4
grid_03264,1266.7,316.68,292.63,348.31,4
grid_03265,496.47,124.12,90.4,150.89,4
grid_03266,563.67,140.92,114.25,169.96,4
grid_03267,1524.81,254.13,138.54,348.31,6
grid_03268,756.11,189.03,129.72,281.19,4
grid_03269,716.66,179.16,149.11,217.85,4
grid_03270,461.76,230.88,171.58,290.18,2
grid_03271,647.48,215.83,78.18,290.18,3
grid_03272,1225.04,306.26,279.11,373.81,4
grid_03273,2361.71,787.24,171.58,1165.83,3
grid_03274,2001.4,500.35,171.58,1165.83,4
grid_03275,1166.76,583.38,142.46,1024.3,2
grid_03276,2900.39,725.1,373.81,1165.83,4
grid_03277,698.64,349.32,154.66,543.99,2
grid_03278,3973.88,993.47,818.42,1165.83,4
grid_03279,1398.96,349.74,281.94,395.43,4
grid_03280,3004.38,600.88,142.46,1024.3,5
grid_03281,154.66,154.66,154.66,154.66,1
grid_03282,2417.65,604.41,395.43,965.32,4
grid_03283,1492.32,373.08,307.14,441.97,4
grid_03284,1634.32,408.58,154.66,543.99,4
grid_03285,2943.06,735.77,544.38,965.32,4
grid_03286,3117.86,519.64,240.72,818.42,6
grid_03287,926.98,231.75,6.69,440.54,4
grid_03288,1417.14,354.28,280.38,441.97,4
grid_03289,1961.38,490.34,422.51,603.19,4
grid_03290,461.02,153.67,6.69,325.09,3
grid_03291,129.24,129.24,129.24,129.24,1
grid_03292,138.5,69.25,22.35,116.15,2
grid_03293,1232.04,308.01,129.24,428.59,4
grid_03294,711.03,177.76,9.25,349.13,4
grid_03295,339.56,169.78,116.15,223.41,2
grid_03296,537.97,134.49,22.35,201.5,4
grid_03297,1122.96,280.74,213.83,349.13,4
grid_03298,1503.4,375.85,336.6,428.59,4
grid_03299,190.09,95.05,42.49,147.61,2
grid_03300,1616.73,404.18,325.09,440.54,4
grid_03301,5885.32,1471.33,544.38,3930.6,4
grid_03302,8257.08,1376.18,240.72,3930.6,6
grid_03303,2239.95,559.99,387.65,795.4,4
grid_03304,1675.22,418.8,389.08,435.04,4
grid_03305,10369.69,1728.28,603.19,3930.6,6
grid_03306,6897.47,1724.37,637.11,3930.6,4
grid_03307,2262.93,565.73,387.65,795.4,4
grid_03308,2104.03,526.01,422.51,643.29,4
grid_03309,1447.91,361.98,280.38,442.77,4
grid_03310,371.46,123.82,22.35,201.5,3
grid_03311,751.35,187.84,116.15,223.41,4
grid_03312,843.29,210.82,188.6,255.23,4
grid_03313,1312.61,262.52,42.49,582.29,5
grid_03314,1096.47,274.12,213.83,336.6,4
grid_03315,922.27,230.57,147.61,317.94,4
grid_03316,876.56,219.14,188.6,276.17,4
grid_03317,1302.39,325.6,269.88,389.08,4
grid_03318,1544.0,257.33,188.6,320.1,6
grid_03319,1680.75,280.12,188.6,348.57,6
grid_03320,4537.83,756.3,442.77,1590.78,6
grid_03321,6173.75,1028.96,544.83,1590.78,6
grid_03322,7266.63,807.4,450.93,1534.36,9
grid_03323,2101.19,350.2,255.65,435.04,6
grid_03324,2751.97,458.66,350.75,643.29,6
grid_03325,3366.19,561.03,337.1,854.46,6
grid_03326,1783.18,445.79,350.75,581.87,4
grid_03327,4225.49,1056.37,532.14,1590.78,4
grid_03328,5127.36,854.56,450.93,1502.5,6
grid_03329,1603.44,320.69,255.65,399.62,5
grid_03330,488.07,488.07,488.07,488.07,1
grid_03331,1070.36,535.18,488.07,582.29,2
grid_03332,1863.18,465.8,140.65,947.39,4
grid_03333,114.58,57.29,13.27,101.31,2
grid_03334,2787.54,464.59,140.65,947.39,6
grid_03335,388.38,194.19,101.31,287.07,2
grid_03336,1161.8,193.63,13.27,293.56,6
grid_03337,2122.25,353.71,140.65,947.39,6
grid_03338,802.03,200.51,140.65,225.06,4
grid_03339,1447.93,241.32,101.31,293.56,6
grid_03340,3094.62,343.85,216.22,582.29,9
grid_03341,1868.39,311.4,245.04,460.32,6
grid_03342,1707.25,284.54,255.65,306.84,6
grid_03343,1811.3,301.88,269.88,348.57,6
grid_03344,1538.47,256.41,216.22,353.15,6
grid_03345,1050.03,262.51,231.45,298.98,4
grid_03346,1473.61,368.4,274.56,567.7,4
grid_03347,1099.4,274.85,231.45,353.15,4
grid_03348,2153.87,538.47,290.58,841.63,4
grid_03349,2038.34,509.58,296.63,841.63,4
grid_03350,5578.96,1394.74,1237.57,1590.78,4
grid_03351,2623.41,655.85,446.6,854.46,4
grid_03352,3518.62,879.66,361.77,1502.5,4
grid_03353,3114.94,778.73,399.62,1143.02,4
grid_03354,2405.65,601.41,290.58,990.42,4
grid_03355,1444.1,361.02,273.14,446.6,4
grid_03356,5184.62,864.1,406.24,1502.5,6
grid_03357,1763.99,441.0,369.02,532.14,4
grid_03358,2558.25,639.56,361.77,1248.11,4
grid_03359,1430.17,357.54,319.24,406.24,4
grid_03360,1615.78,403.94,248.9,706.01,4
grid_03361,2143.46,535.86,291.02,746.42,4
grid_03362,1100.61,275.15,16.28,746.42,4
grid_03363,2004.02,501.01,214.86,746.42,4
grid_03364,915.94,228.98,225.06,231.1,4
grid_03365,878.77,219.69,202.51,231.1,4
grid_03366,979.35,244.84,229.34,275.66,4
grid_03367,1255.08,313.77,243.91,486.62,4
grid_03368,1579.32,263.22,46.89,746.42,6
grid_03369,1778.27,444.57,248.9,706.01,4
grid_03370,447.83,111.96,80.78,152.89,4
grid_03371,322.95,80.74,61.61,106.8,4
grid_03372,1680.33,420.08,355.8,531.29,4
grid_03373,332.0,83.0,61.61,117.74,4
grid_03374,596.01,149.0,112.49,174.4,4
grid_03375,694.49,115.75,78.88,153.74,6
grid_03376,1081.37,270.34,155.38,395.8,4
grid_03377,1502.17,375.54,295.7,411.68,4
grid_03378,525.46,87.58,71.61,112.49,6
grid_03379,367.48,91.87,61.61,144.11,4
grid_03380,1744.25,436.06,317.4,635.6,4
grid_03381,1953.06,488.27,302.15,635.6,4
grid_03382,2286.1,571.52,355.34,790.2,4
grid_03383,1186.59,296.65,281.11,317.52,4
grid_03384,1174.4,293.6,281.11,301.63,4
grid_03385,1191.83,297.96,242.53,393.49,4
grid_03386,1243.64,310.91,281.11,348.18,4
grid_03387,1757.77,292.96,222.57,348.18,6
grid_03388,1175.99,294.0,222.57,393.49,4
grid_03389,1184.28,296.07,253.66,355.34,4
grid_03390,1800.55,300.09,169.96,416.71,6
grid_03391,859.69,214.92,140.92,357.49,4
grid_03392,1085.08,271.27,140.92,416.71,4
grid_03393,745.25,186.31,149.11,217.85,4
grid_03394,887.97,221.99,182.2,300.81,4
grid_03395,1007.67,251.92,205.36,300.81,4
grid_03396,920.66,230.16,196.81,267.73,4
grid_03397,1088.12,272.03,182.2,432.73,4
grid_03398,2514.9,419.15,205.36,564.31,6
grid_03399,1373.03,343.26,210.38,427.38,4
grid_03400,574.59,143.65,80.78,196.81,4
grid_03401,294.29,73.57,61.61,80.98,4
grid_03402,1614.27,403.57,395.8,423.68,4
grid_03403,1126.91,281.73,152.05,423.68,4
grid_03404,525.14,131.29,105.22,155.38,4
grid_03405,1586.74,396.69,328.03,449.69,4
grid_03406,583.51,145.88,80.98,213.24,4
grid_03407,450.48,90.1,71.61,106.58,5
grid_03408,821.89,205.47,144.11,267.73,4
grid_03409,1417.66,354.42,268.61,423.68,4
grid_03410,1310.84,327.71,281.11,411.68,4
grid_03411,1132.76,283.19,242.61,363.35,4
grid_03412,775.03,193.76,153.49,242.53,4
grid_03413,892.29,223.07,153.49,253.66,4
grid_03414,1579.54,394.89,322.35,518.19,4
grid_03415,1701.91,425.48,322.35,518.19,4
grid_03416,1609.08,268.18,156.44,390.82,6
grid_03417,1244.1,207.35,144.29,390.82,6
grid_03418,590.35,147.59,130.96,156.44,4
grid_03419,1051.93,262.98,157.68,363.35,4
grid_03420,1641.71,410.43,357.49,440.13,4
grid_03421,902.64,225.66,182.2,264.32,4
grid_03422,1411.27,352.82,205.36,564.31,4
grid_03423,1136.85,284.21,165.18,432.73,4
grid_03424,2661.99,443.67,235.1,564.31,6
grid_03425,1317.87,329.47,215.26,440.13,4
grid_03426,1251.93,312.98,215.26,427.38,4
grid_03427,790.18,197.54,122.41,264.32,4
grid_03428,751.87,187.97,122.41,267.73,4
grid_03429,1778.22,444.55,274.61,564.31,4
grid_03430,585.55,97.59,71.61,145.18,6
grid_03431,972.55,243.14,128.21,423.68,4
grid_03432,492.07,123.02,105.22,152.05,4
grid_03433,389.96,97.49,91.31,106.58,4
grid_03434,750.59,187.65,123.47,267.73,4
grid_03435,809.51,134.92,91.31,209.43,6
grid_03436,854.24,213.56,128.21,275.55,4
grid_03437,714.0,178.5,145.18,213.24,4
grid_03438,1373.03,343.26,294.18,449.69,4
grid_03439,1173.31,293.33,268.61,328.03,4
grid_03440,514.5,128.63,97.83,181.88,4
grid_03441,472.6,118.15,88.7,146.15,4
grid_03442,979.01,244.75,128.99,301.12,4
grid_03443,539.41,134.85,90.45,181.88,4
grid_03444,932.61,155.43,90.38,236.29,6
grid_03445,706.16,176.54,114.29,236.29,4
grid_03446,369.96,92.49,90.38,97.83,4
grid_03447,887.02,221.76,169.26,275.55,4
grid_03448,1091.73,272.93,254.72,301.12,4
grid_03449,433.79,108.45,88.7,129.26,4
grid_03450,684.74,171.19,130.96,242.61,4
grid_03451,1584.79,396.2,294.18,518.19,4
grid_03452,1433.05,358.26,201.32,518.19,4
grid_03453,587.86,146.97,114.14,193.3,4
grid_03454,515.52,128.88,112.74,157.68,4
grid_03455,983.18,163.86,129.28,201.32,6
grid_03456,864.2,216.05,118.31,322.73,4
grid_03457,689.07,172.27,112.74,288.28,4
grid_03458,771.63,192.91,118.31,322.73,4
grid_03459,460.76,115.19,105.14,128.99,4
grid_03460,503.42,125.85,96.57,165.18,4
grid_03461,431.14,107.78,88.7,123.47,4
grid_03462,1367.91,341.98,215.26,534.83,4
grid_03463,725.21,181.3,119.26,274.61,4
grid_03464,2654.19,442.36,235.1,557.78,6
grid_03465,1146.68,286.67,215.26,382.71,4
grid_03466,1338.61,334.65,166.16,506.56,4
grid_03467,1363.01,340.75,285.99,382.71,4
grid_03468,409.92,102.48,92.07,119.26,4
grid_03469,2445.05,407.51,281.77,557.78,6
grid_03470,4364.78,1091.19,725.03,1916.12,4
grid_03471,2730.51,682.63,439.18,882.0,4
grid_03472,1189.9,297.47,231.45,356.16,4
grid_03473,1537.01,384.25,255.57,567.7,4
grid_03474,1619.87,269.98,202.51,356.16,6
grid_03475,1010.72,252.68,231.45,274.56,4
grid_03476,1308.91,327.23,255.57,439.18,4
grid_03477,1772.15,295.36,202.51,417.2,6
grid_03478,1127.26,281.81,232.58,356.16,4
grid_03479,4441.6,1110.4,413.04,1916.12,4
grid_03480,5401.39,1350.35,884.48,2383.47,4
grid_03481,6015.04,1503.76,725.03,2383.47,4
grid_03482,1344.39,336.1,273.14,369.02,4
grid_03483,3791.7,631.95,319.24,1143.02,6
grid_03484,1549.5,387.37,338.88,425.38,4
grid_03485,1546.29,386.57,342.92,425.38,4
grid_03486,1323.63,330.91,306.3,355.17,4
grid_03487,2980.56,496.76,306.3,884.48,6
grid_03488,6827.09,1706.77,1230.45,2383.47,4
grid_03489,1252.72,313.18,262.2,363.35,4
grid_03490,5302.18,1325.55,737.18,2383.47,4
grid_03491,1380.49,345.12,262.2,425.38,4
grid_03492,1477.5,369.37,342.92,425.38,4
grid_03493,2808.49,702.12,366.59,1297.05,4
grid_03494,1311.21,327.8,306.3,355.17,4
grid_03495,2525.29,420.88,306.3,737.18,6
grid_03496,3592.31,898.08,407.67,1297.05,4
grid_03497,1246.55,311.64,208.33,355.17,4
grid_03498,821.1,205.27,130.37,288.28,4
grid_03499,964.81,241.2,140.24,354.03,4
grid_03500,1143.18,285.8,229.34,353.28,4
grid_03501,1204.09,301.02,202.51,417.2,4
grid_03502,1030.81,257.7,197.37,336.74,4
grid_03503,1087.28,271.82,229.34,329.47,4
grid_03504,1554.07,259.01,197.37,414.44,6
grid_03505,1402.66,350.66,252.81,486.62,4
grid_03506,1492.78,373.2,281.86,486.62,4
grid_03507,1838.85,306.48,197.37,419.99,6
grid_03508,1161.56,290.39,252.81,387.57,4
grid_03509,1146.14,286.53,197.37,367.63,4
grid_03510,1014.01,253.5,232.58,276.72,4
grid_03511,2071.66,517.91,337.45,882.0,4
grid_03512,2880.82,720.21,413.04,1230.45,4
grid_03513,1685.12,421.28,276.72,597.54,4
grid_03514,2250.23,450.05,255.96,685.54,5
grid_03515,1270.59,317.65,232.58,473.4,4
grid_03516,1978.01,329.67,232.58,602.15,6
grid_03517,1928.23,482.06,337.45,597.54,4
grid_03518,2447.89,611.97,431.52,779.04,4
grid_03519,3920.69,653.45,287.88,1682.29,6
grid_03520,1265.81,316.45,252.81,424.18,4
grid_03521,1465.04,366.26,329.47,424.18,4
grid_03522,1814.13,453.53,353.28,685.54,4
grid_03523,1298.89,324.72,261.83,387.57,4
grid_03524,1452.98,363.25,299.28,438.53,4
grid_03525,2485.16,621.29,257.38,1184.13,4
grid_03526,1228.05,307.01,259.35,440.31,4
grid_03527,1508.31,377.08,261.83,440.31,4
grid_03528,1835.0,305.83,253.36,419.99,6
grid_03529,1390.22,347.56,257.38,424.18,4
grid_03530,480.72,120.18,97.13,140.24,4
grid_03531,2326.58,387.76,285.9,513.13,6
grid_03532,981.9,245.47,151.84,329.01,4
grid_03533,1789.72,447.43,293.4,657.13,4
grid_03534,1386.03,346.51,292.71,443.57,4
grid_03535,1353.56,338.39,285.9,407.67,4
grid_03536,613.39,153.35,112.98,208.33,4
grid_03537,410.55,102.64,75.73,124.71,4
grid_03538,513.44,128.36,112.98,151.84,4
grid_03539,1447.17,361.79,293.4,431.52,4
grid_03540,1705.58,426.4,287.88,488.97,4
grid_03541,4154.1,1038.53,602.15,1682.29,4
grid_03542,2008.44,502.11,448.52,597.54,4
grid_03543,2405.31,601.33,448.52,779.04,4
grid_03544,2055.29,513.82,448.52,561.22,4
grid_03545,2008.55,502.14,367.68,779.04,4
grid_03546,3855.81,963.95,391.33,1682.29,4
grid_03547,4147.74,691.29,385.82,1682.29,6
grid_03548,1948.76,487.19,443.24,561.22,4
grid_03549,2214.45,553.61,430.32,779.04,4
grid_03550,1300.64,325.16,259.35,424.18,4
grid_03551,2027.58,506.9,194.75,1184.13,4
grid_03552,1413.55,353.39,262.91,443.77,4
grid_03553,1715.17,428.79,392.56,443.77,4
grid_03554,1479.64,369.91,301.02,438.53,4
grid_03555,1052.17,263.04,194.75,350.54,4
grid_03556,1129.51,282.38,249.5,350.54,4
grid_03557,1631.23,271.87,230.67,347.54,6
grid_03558,1226.07,306.52,194.75,391.33,4
grid_03559,1198.49,299.62,249.5,367.91,4
grid_03560,745.69,186.42,123.91,292.71,4
grid_03561,1221.69,305.42,285.9,354.58,4
grid_03562,2310.58,385.1,285.9,513.13,6
grid_03563,1245.36,311.34,177.23,443.57,4
grid_03564,362.48,90.62,72.52,124.71,4
grid_03565,463.87,115.97,89.53,125.72,4
grid_03566,1952.65,325.44,280.96,448.32,6
grid_03567,1630.33,407.58,354.58,512.54,4
grid_03568,564.72,141.18,123.91,177.23,4
grid_03569,1344.05,336.01,287.82,395.53,4
grid_03570,1522.42,380.6,285.99,534.83,4
grid_03571,378.88,94.72,88.7,101.55,4
grid_03572,565.74,141.44,102.03,178.29,4
grid_03573,1017.5,254.37,166.16,391.28,4
grid_03574,483.78,120.95,92.07,175.29,4
grid_03575,1468.31,367.08,255.96,549.24,4
grid_03576,813.74,203.44,102.03,358.13,4
grid_03577,1165.53,291.38,178.29,358.13,4
grid_03578,412.35,103.09,92.07,114.4,4
grid_03579,1606.51,321.3,281.77,360.52,5
grid_03580,861.17,143.53,115.23,193.3,6
grid_03581,544.4,136.1,104.89,193.3,4
grid_03582,439.77,109.94,97.13,130.37,4
grid_03583,471.14,117.79,108.33,129.28,4
grid_03584,431.3,107.83,99.53,114.14,4
grid_03585,786.9,131.15,115.23,148.94,6
grid_03586,485.58,121.39,105.14,149.29,4
grid_03587,506.24,126.56,104.89,148.94,4
grid_03588,462.64,115.66,108.33,122.82,4
grid_03589,398.8,99.7,74.04,120.34,4
grid_03590,425.52,106.38,90.38,153.87,4
grid_03591,638.0,159.5,105.14,254.72,4
grid_03592,716.81,179.2,117.31,260.34,4
grid_03593,834.12,208.53,149.16,260.34,4
grid_03594,626.84,156.71,114.29,236.29,4
grid_03595,965.64,160.94,90.38,236.29,6
grid_03596,467.84,116.96,90.45,169.26,4
grid_03597,681.2,170.3,90.82,265.93,4
grid_03598,545.95,136.49,105.14,149.29,4
grid_03599,588.59,147.15,117.31,169.9,4
grid_03600,599.85,149.96,138.43,169.9,4
grid_03601,1042.28,173.71,111.42,265.93,6
grid_03602,541.65,135.41,90.82,170.57,4
grid_03603,442.54,110.63,101.55,129.26,4
grid_03604,495.08,123.77,107.4,147.01,4
grid_03605,920.64,230.16,170.57,265.93,4
grid_03606,608.67,152.17,138.43,163.09,4
grid_03607,1357.14,226.19,111.42,337.32,6
grid_03608,440.22,110.05,104.33,119.86,4
grid_03609,545.72,136.43,120.72,144.2,4
grid_03610,1938.5,323.08,255.96,419.14,6
grid_03611,1366.94,341.73,296.29,365.19,4
grid_03612,1554.14,388.54,255.96,549.24,4
grid_03613,871.48,217.87,114.4,351.17,4
grid_03614,1249.78,312.44,175.29,365.19,4
grid_03615,2278.11,379.69,255.96,531.14,6
grid_03616,1324.56,331.14,296.29,382.93,4
grid_03617,569.21,142.3,104.33,230.63,4
grid_03618,1133.71,283.43,230.63,351.17,4
grid_03619,1174.1,293.52,202.38,365.19,4
grid_03620,346.43,86.61,74.04,99.53,4
grid_03621,805.31,134.22,116.26,148.94,6
grid_03622,541.28,135.32,120.72,149.29,4
grid_03623,544.84,136.21,122.82,149.29,4
grid_03624,518.66,129.66,116.26,143.82,4
grid_03625,491.81,122.95,91.34,148.94,4
grid_03626,358.42,89.61,72.71,120.34,4
grid_03627,294.99,73.75,72.52,75.73,4
grid_03628,495.96,123.99,112.34,134.0,4
grid_03629,785.26,130.88,98.03,158.73,6
grid_03630,725.78,181.44,162.94,229.17,4
grid_03631,532.43,133.11,107.4,204.98,4
grid_03632,1010.56,252.64,229.17,276.74,4
grid_03633,1854.15,309.02,204.98,396.75,6
grid_03634,544.69,136.17,108.63,159.33,4
grid_03635,596.82,149.2,120.72,197.89,4
grid_03636,756.18,189.05,144.2,251.0,4
grid_03637,892.93,223.23,163.09,251.0,4
grid_03638,867.23,216.81,108.63,396.75,4
grid_03639,1352.03,225.34,149.33,276.74,6
grid_03640,3209.57,534.93,358.02,736.88,6
grid_03641,1372.25,343.06,252.88,440.15,4
grid_03642,806.36,201.59,119.86,296.55,4
grid_03643,3021.69,503.62,382.93,736.88,6
grid_03644,1116.73,279.18,202.38,365.19,4
grid_03645,3950.55,438.95,205.81,736.88,9
grid_03646,1760.14,293.36,159.33,575.94,6
grid_03647,1532.79,255.47,156.06,440.15,6
grid_03648,1191.58,198.6,141.27,262.49,6
grid_03649,1334.87,222.48,152.99,296.55,6
grid_03650,529.91,132.48,112.34,144.85,4
grid_03651,393.52,98.38,72.96,131.19,4
grid_03652,583.16,145.79,135.75,158.73,4
grid_03653,304.1,76.02,67.09,91.34,4
grid_03654,312.79,78.2,67.09,100.48,4
grid_03655,916.4,152.73,98.03,206.73,6
grid_03656,529.07,132.27,112.34,144.85,4
grid_03657,651.33,162.83,141.02,206.73,4
grid_03658,317.3,79.32,67.09,106.27,4
grid_03659,419.88,104.97,72.96,142.62,4
grid_03660,1242.41,310.6,197.89,435.11,4
grid_03661,1597.26,266.21,156.87,396.75,6
grid_03662,2363.56,262.62,177.47,396.75,9
grid_03663,1178.28,294.57,242.51,435.11,4
grid_03664,1747.36,291.23,156.87,575.94,6
grid_03665,863.9,215.98,134.0,358.41,4
grid_03666,1426.75,356.69,251.92,410.31,4
grid_03667,1626.56,271.09,145.77,435.11,6
grid_03668,897.79,179.56,136.13,242.51,5
grid_03669,1435.52,239.25,173.59,358.41,6
grid_03670,666.67,666.67,666.67,666.67,1
grid_03671,1031.74,343.91,98.16,666.67,3
grid_03672,3180.76,1060.25,496.75,1954.55,3
grid_03673,2563.68,640.92,266.9,1215.67,4
grid_03674,729.46,729.46,729.46,729.46,1
grid_03675,4333.64,1083.41,496.75,1954.55,4
grid_03676,2591.48,647.87,414.44,1215.67,4
grid_03677,2462.92,615.73,16.35,1531.03,4
grid_03678,4361.84,1090.46,541.39,1954.55,4
grid_03679,721.93,240.64,16.35,500.39,3
grid_03680,4433.52,1108.38,650.24,1954.55,4
grid_03681,3774.91,943.73,415.15,1531.03,4
grid_03682,1569.35,392.34,257.54,541.39,4
grid_03683,1575.47,393.87,205.19,500.39,4
grid_03684,3397.12,849.28,493.53,1531.03,4
grid_03685,2122.75,530.69,350.43,650.24,4
grid_03686,3007.79,751.95,580.69,1099.27,4
grid_03687,4180.06,1045.02,677.59,1531.03,4
grid_03688,1065.31,266.33,226.67,350.43,4
grid_03689,1489.13,372.28,226.67,580.69,4
grid_03690,455.09,227.54,183.5,271.58,2
grid_03691,889.14,222.29,36.0,376.37,4
grid_03692,1486.85,247.81,16.75,431.57,6
grid_03693,203.85,203.85,203.85,203.85,1
grid_03694,524.48,174.83,16.75,303.87,3
grid_03695,1606.14,401.54,271.58,526.62,4
grid_03696,1141.5,285.38,203.85,336.73,4
grid_03697,567.83,189.28,57.08,262.72,3
grid_03698,389.46,194.73,141.44,248.03,2
grid_03699,1945.49,324.25,269.86,431.57,6
grid_03700,2327.0,581.75,380.42,872.17,4
grid_03701,2237.04,559.26,331.34,677.59,4
grid_03702,2778.06,694.51,580.88,872.17,4
grid_03703,1776.93,444.23,376.37,526.62,4
grid_03704,929.77,232.44,226.67,240.88,4
grid_03705,1445.01,361.25,237.93,580.88,4
grid_03706,1050.4,262.6,226.67,331.34,4
grid_03707,1507.88,376.97,251.51,647.42,4
grid_03708,1751.69,437.92,245.78,647.42,4
grid_03709,1521.66,380.42,237.93,526.62,4
grid_03710,1698.46,424.62,363.58,526.62,4
grid_03711,860.39,215.1,57.08,336.73,4
grid_03712,1135.57,283.89,248.03,331.77,4
grid_03713,1160.1,290.03,141.44,438.87,4
grid_03714,1867.59,311.26,269.86,363.58,6
grid_03715,1169.55,292.39,262.72,336.73,4
grid_03716,1317.4,329.35,258.73,376.69,4
grid_03717,757.01,189.25,7.34,438.87,4
grid_03718,1223.35,305.84,277.04,336.73,4
grid_03719,1289.04,322.26,293.05,369.64,4
grid_03720,1088.63,272.16,237.08,359.15,4
grid_03721,944.6,236.15,231.54,240.88,4
grid_03722,1169.43,292.36,251.51,359.15,4
grid_03723,1143.97,285.99,237.93,363.03,4
grid_03724,1167.58,291.9,245.78,363.03,4
grid_03725,1170.58,292.64,237.93,376.69,4
grid_03726,1079.1,269.77,197.73,363.03,4
grid_03727,909.4,227.35,193.82,243.41,4
grid_03728,980.57,245.14,190.51,359.15,4
grid_03729,1028.55,257.14,190.51,359.15,4
grid_03730,1545.26,386.31,331.77,438.87,4
grid_03731,1290.35,322.59,277.04,425.68,4
grid_03732,1878.99,313.16,291.67,349.88,6
grid_03733,1361.43,340.36,169.37,438.87,4
grid_03734,1419.98,284.0,250.84,318.4,5
grid_03735,1365.14,341.28,277.04,425.68,4
grid_03736,1946.35,486.59,348.2,776.27,4
grid_03737,1501.22,375.31,294.58,461.86,4
grid_03738,1678.87,279.81,214.14,314.26,6
grid_03739,1345.31,336.33,294.58,369.64,4
grid_03740,1135.41,283.85,237.18,363.03,4
grid_03741,1044.77,261.19,237.98,297.22,4
grid_03742,1022.41,255.6,193.82,320.67,4
grid_03743,884.19,221.05,181.24,250.84,4
grid_03744,830.58,207.65,174.19,237.98,4
grid_03745,802.04,200.51,174.19,237.18,4
grid_03746,869.77,217.44,190.51,288.59,4
grid_03747,937.44,234.36,190.51,288.59,4
grid_03748,1117.46,279.36,264.52,288.59,4
grid_03749,1228.94,307.24,264.52,362.32,4
grid_03750,1553.52,388.38,362.0,416.9,4
grid_03751,1364.57,341.14,291.67,415.39,4
grid_03752,1652.81,413.2,349.88,461.86,4
grid_03753,1518.25,253.04,163.42,314.26,6
grid_03754,1549.99,387.5,319.1,461.86,4
grid_03755,2115.35,528.84,312.83,776.27,4
grid_03756,1551.12,387.78,295.07,461.86,4
grid_03757,1382.29,345.57,310.97,390.23,4
grid_03758,1402.7,350.67,310.97,416.9,4
grid_03759,1282.83,320.71,264.74,415.39,4
grid_03760,1094.0,364.67,169.37,576.42,3
grid_03761,2923.92,730.98,348.2,1223.03,4
grid_03762,3774.35,943.59,609.35,1223.03,4
grid_03763,46.17,46.17,46.17,46.17,1
grid_03764,2970.7,594.14,14.83,1223.03,5
grid_03765,3339.25,834.81,609.35,1165.7,4
grid_03766,179.27,89.63,31.12,148.15,2
grid_03767,3433.61,572.27,46.17,1165.7,6
grid_03768,467.67,155.89,46.17,273.35,3
grid_03769,2772.37,693.09,475.0,931.53,4
grid_03770,2478.12,619.53,556.57,705.6,4
grid_03771,2426.99,404.5,259.41,598.08,6
grid_03772,1793.38,448.35,367.68,512.54,4
grid_03773,2088.06,522.02,378.0,705.6,4
grid_03774,1520.07,380.02,259.41,598.08,4
grid_03775,2124.47,531.12,430.32,654.73,4
grid_03776,2292.43,573.11,423.83,705.6,4
grid_03777,2338.52,389.75,259.41,564.46,6
grid_03778,2262.26,565.56,476.54,790.33,4
grid_03779,1193.14,298.28,259.41,350.31,4
grid_03780,1372.92,228.82,170.78,301.02,6
grid_03781,1420.47,355.12,280.55,443.77,4
grid_03782,1328.44,332.11,262.91,443.77,4
grid_03783,1175.86,293.96,201.73,392.56,4
grid_03784,1180.9,295.23,194.75,368.74,4
grid_03785,1066.14,266.53,214.59,303.59,4
grid_03786,1241.28,206.88,170.78,235.09,6
grid_03787,1177.63,294.41,267.4,318.18,4
grid_03788,1302.75,325.69,288.45,367.91,4
grid_03789,1388.51,347.13,271.26,436.35,4
grid_03790,1225.48,245.1,137.86,331.85,5
grid_03791,382.9,95.73,72.52,120.39,4
grid_03792,1781.99,445.5,297.58,728.72,4
grid_03793,495.22,123.8,89.53,159.58,4
grid_03794,2625.39,656.35,306.12,1195.02,4
grid_03795,1530.87,255.14,137.86,449.57,6
grid_03796,2893.43,723.36,395.53,1195.02,4
grid_03797,590.02,147.51,125.72,166.86,4
grid_03798,524.29,131.07,114.97,159.58,4
grid_03799,4934.0,1233.5,728.72,1891.69,4
grid_03800,2156.33,539.08,378.0,705.6,4
grid_03801,2037.94,509.49,423.83,654.73,4
grid_03802,3162.46,527.08,350.31,834.57,6
grid_03803,1880.76,470.19,402.3,546.36,4
grid_03804,2619.9,654.98,371.16,981.87,4
grid_03805,1353.92,338.48,284.02,407.43,4
grid_03806,2453.66,613.41,508.28,834.57,4
grid_03807,1673.83,418.46,371.16,476.54,4
grid_03808,2246.05,561.51,371.16,981.87,4
grid_03809,3738.37,623.06,374.59,854.27,6
grid_03810,1501.21,375.3,328.2,436.35,4
grid_03811,897.63,224.41,200.76,280.55,4
grid_03812,1278.06,213.01,168.1,243.41,6
grid_03813,1428.56,357.14,284.02,436.35,4
grid_03814,1367.74,341.94,288.45,411.9,4
grid_03815,939.44,234.86,189.11,268.34,4
grid_03816,772.55,193.14,168.1,214.59,4
grid_03817,1163.38,290.85,267.4,339.18,4
grid_03818,1572.49,393.12,328.2,436.35,4
grid_03819,706.04,176.51,168.1,189.11,4
grid_03820,3224.2,806.05,449.57,1118.57,4
grid_03821,494.36,123.59,100.48,158.53,4
grid_03822,4858.92,1214.73,790.33,1891.69,4
grid_03823,633.44,158.36,129.35,177.65,4
grid_03824,2199.96,366.66,166.86,927.34,6
grid_03825,503.48,125.87,93.08,166.08,4
grid_03826,3342.85,835.71,551.22,1118.57,4
grid_03827,4246.95,1061.74,490.97,1891.69,4
grid_03828,2344.6,390.77,177.65,927.34,6
grid_03829,653.76,163.44,129.35,180.69,4
grid_03830,1405.84,351.46,284.02,407.43,4
grid_03831,3283.06,820.76,546.36,1047.86,4
grid_03832,3149.66,787.41,402.3,1153.15,4
grid_03833,2427.37,606.84,371.16,1153.15,4
grid_03834,1908.06,477.02,339.79,633.51,4
grid_03835,2052.37,410.47,227.35,662.41,5
grid_03836,4247.38,707.9,374.59,957.05,6
grid_03837,6123.43,1530.86,1047.86,2012.7,4
grid_03838,4657.09,1164.27,742.25,2012.7,4
grid_03839,4226.04,1056.51,500.76,1909.72,4
grid_03840,1179.22,294.81,251.11,339.18,4
grid_03841,1308.95,327.24,284.02,396.03,4
grid_03842,1389.6,347.4,289.11,411.9,4
grid_03843,1378.67,229.78,168.1,320.67,6
grid_03844,881.82,220.46,173.26,268.34,4
grid_03845,1364.22,341.06,292.55,411.9,4
grid_03846,751.38,187.85,173.26,203.08,4
grid_03847,1203.55,300.89,251.11,322.73,4
grid_03848,936.58,234.15,173.26,309.13,4
grid_03849,1480.47,370.12,289.11,560.17,4
grid_03850,467.8,116.95,93.08,158.53,4
grid_03851,3756.79,939.2,392.26,1891.69,4
grid_03852,3232.21,359.13,180.69,605.14,9
grid_03853,806.14,134.36,93.08,166.98,6
grid_03854,2802.39,467.07,290.22,745.72,6
grid_03855,1027.92,171.32,134.27,218.1,6
grid_03856,790.03,131.67,93.08,167.97,6
grid_03857,3157.38,526.23,360.06,745.72,6
grid_03858,2029.0,338.17,227.35,490.97,6
grid_03859,616.85,154.21,136.68,176.18,4
grid_03860,1160.86,290.21,224.99,322.73,4
grid_03861,1098.05,274.51,224.99,292.55,4
grid_03862,1674.91,279.15,175.57,375.28,6
grid_03863,992.96,248.24,203.08,309.13,4
grid_03864,1447.03,289.41,199.47,558.69,5
grid_03865,1114.74,278.69,231.72,322.73,4
grid_03866,3056.66,509.44,291.4,641.48,6
grid_03867,2202.33,367.06,224.99,617.81,6
grid_03868,1454.91,290.98,224.99,379.61,5
grid_03869,2207.03,367.84,199.47,558.69,6
grid_03870,2501.03,500.21,213.06,736.88,5
grid_03871,1254.92,209.15,141.27,262.49,6
grid_03872,1294.42,323.6,175.83,575.94,4
grid_03873,1368.84,342.21,238.05,512.08,4
grid_03874,1389.66,347.42,177.09,645.59,4
grid_03875,2104.41,350.74,238.05,407.55,6
grid_03876,925.05,231.26,175.83,304.49,4
grid_03877,1386.72,346.68,213.06,407.55,4
grid_03878,1660.01,415.0,239.84,645.59,4
grid_03879,1877.64,469.41,378.87,555.84,4
grid_03880,397.07,99.27,67.09,158.53,4
grid_03881,550.8,137.7,112.34,173.59,4
grid_03882,1431.31,238.55,130.87,435.6,6
grid_03883,1275.6,212.6,141.02,395.96,6
grid_03884,1499.1,166.57,142.62,206.73,9
grid_03885,460.23,115.06,70.97,158.53,4
grid_03886,772.8,128.8,106.27,151.3,6
grid_03887,697.56,116.26,70.97,161.13,6
grid_03888,1507.46,251.24,130.87,435.6,6
grid_03889,1517.88,379.47,266.57,546.64,4
grid_03890,1495.97,249.33,177.47,410.31,6
grid_03891,1354.19,225.7,136.13,435.11,6
grid_03892,1615.47,403.87,275.01,575.94,4
grid_03893,806.74,201.68,136.13,322.54,4
grid_03894,1251.26,312.82,216.45,410.31,4
grid_03895,859.93,214.98,146.48,269.07,4
grid_03896,618.59,154.65,145.77,177.81,4
grid_03897,1659.63,276.6,192.36,410.31,6
grid_03898,586.13,146.53,136.13,155.71,4
grid_03899,1055.19,263.8,166.6,397.13,4
grid_03900,1791.78,447.95,395.96,546.64,4
grid_03901,577.99,144.5,106.42,172.79,4
grid_03902,847.3,169.46,151.3,192.17,5
grid_03903,688.41,137.68,106.42,161.13,5
grid_03904,1517.2,252.87,165.5,413.59,6
grid_03905,855.41,142.57,101.22,167.97,6
grid_03906,1247.57,311.89,179.69,546.64,4
grid_03907,665.79,166.45,161.96,172.79,4
grid_03908,1453.77,363.44,241.37,546.64,4
grid_03909,620.23,155.06,143.87,165.12,4
grid_03910,2613.68,435.61,324.37,555.84,6
grid_03911,1616.0,404.0,235.35,645.59,4
grid_03912,876.44,219.11,160.78,304.49,4
grid_03913,778.22,194.55,160.78,275.01,4
grid_03914,2019.09,504.77,430.58,645.59,4
grid_03915,1781.01,445.25,382.61,543.45,4
grid_03916,1648.57,412.14,297.36,555.84,4
grid_03917,986.66,246.67,160.78,360.5,4
grid_03918,728.0,182.0,160.78,230.04,4
grid_03919,1590.68,397.67,297.36,431.9,4
grid_03920,1665.41,416.35,312.78,543.45,4
grid_03921,1458.33,364.58,235.35,431.9,4
grid_03922,2622.05,437.01,361.78,555.84,6
grid_03923,2785.35,464.23,361.78,691.81,6
grid_03924,1650.59,412.65,312.78,488.92,4
grid_03925,900.05,225.01,170.59,325.68,4
grid_03926,2042.35,510.59,297.36,706.86,4
grid_03927,1667.33,416.83,230.04,751.11,4
grid_03928,2250.37,562.59,360.5,751.11,4
grid_03929,1959.93,489.98,297.36,691.81,4
grid_03930,801.47,200.37,173.04,227.38,4
grid_03931,726.67,181.67,166.6,216.45,4
grid_03932,732.47,183.12,137.23,269.07,4
grid_03933,838.67,209.67,155.71,322.54,4
grid_03934,1352.42,225.4,181.07,322.54,6
grid_03935,589.77,147.44,137.23,157.53,4
grid_03936,634.71,158.68,148.53,172.95,4
grid_03937,760.02,190.01,172.95,220.29,4
grid_03938,680.57,170.14,163.2,173.75,4
grid_03939,621.45,155.36,137.23,165.33,4
grid_03940,650.94,162.74,147.49,172.79,4
grid_03941,588.16,147.04,112.58,167.97,4
grid_03942,1338.74,223.12,161.96,413.59,6
grid_03943,756.81,189.2,149.45,252.17,4
grid_03944,788.46,197.11,145.46,252.17,4
grid_03945,792.13,198.03,161.96,256.63,4
grid_03946,735.1,183.77,163.75,213.38,4
grid_03947,752.04,188.01,165.12,213.38,4
grid_03948,601.31,150.33,112.58,192.85,4
grid_03949,1165.27,194.21,145.46,256.63,6
grid_03950,653.77,163.44,137.23,179.69,4
grid_03951,1063.87,177.31,165.18,187.47,6
grid_03952,686.02,171.5,163.2,184.61,4
grid_03953,716.1,179.02,157.53,220.29,4
grid_03954,1128.43,188.07,165.18,217.78,6
grid_03955,719.6,179.9,163.2,217.78,4
grid_03956,971.46,242.86,179.31,367.89,4
grid_03957,685.15,171.29,163.2,174.77,4
grid_03958,743.98,185.99,161.36,210.65,4
grid_03959,719.88,179.97,161.36,206.63,4
grid_03960,2389.08,597.27,397.57,751.11,4
grid_03961,1696.8,424.2,222.44,751.11,4
grid_03962,2546.43,636.61,580.11,691.81,4
grid_03963,2426.74,606.69,533.55,706.86,4
grid_03964,1940.25,485.06,474.13,490.1,4
grid_03965,896.63,224.16,173.75,325.68,4
grid_03966,3352.32,558.72,485.46,691.81,6
grid_03967,1835.73,458.93,270.03,634.58,4
grid_03968,2163.92,540.98,415.68,634.58,4
grid_03969,1928.63,482.16,264.56,668.28,4
grid_03970,842.3,210.58,136.49,239.88,4
grid_03971,525.88,131.47,97.63,166.86,4
grid_03972,374.1,93.53,67.92,134.32,4
grid_03973,581.0,145.25,97.63,173.97,4
grid_03974,687.44,171.86,124.9,229.85,4
grid_03975,551.91,137.98,101.07,173.97,4
grid_03976,532.3,133.07,97.63,166.06,4
grid_03977,585.86,146.47,97.63,173.97,4
grid_03978,629.64,157.41,134.32,173.97,4
grid_03979,760.01,190.0,124.9,272.84,4
grid_03980,358.98,59.83,35.19,86.39,6
grid_03981,238.69,59.67,35.19,70.79,4
grid_03982,125.88,31.47,25.2,36.92,4
grid_03983,259.24,64.81,52.11,86.39,4
grid_03984,181.9,45.48,30.82,62.05,4
grid_03985,228.65,57.16,35.19,70.58,4
grid_03986,319.71,53.28,35.19,68.4,6
grid_03987,225.72,56.43,52.11,62.77,4
grid_03988,191.87,31.98,25.2,43.26,6
grid_03989,272.73,45.45,30.38,73.03,6
grid_03990,120.81,30.2,22.08,40.6,4
grid_03991,191.72,47.93,29.72,72.45,4
grid_03992,172.44,28.74,22.08,43.26,6
grid_03993,152.08,25.35,21.91,30.37,6
grid_03994,207.4,34.57,21.91,49.13,6
grid_03995,378.54,42.06,22.78,94.13,9
grid_03996,234.65,39.11,32.5,49.13,6
grid_03997,181.39,45.35,30.37,61.18,4
grid_03998,107.97,26.99,21.6,38.85,4
grid_03999,122.91,30.73,25.61,38.85,4
grid_04000,322.1,53.68,25.78,116.4,6
grid_04001,377.33,62.89,29.07,116.4,6
grid_04002,206.66,34.44,20.76,68.72,6
grid_04003,154.65,25.77,20.76,36.21,6
grid_04004,170.79,28.46,22.08,43.43,6
grid_04005,132.32,33.08,25.0,49.17,4
grid_04006,112.88,28.22,20.76,41.52,4
grid_04007,96.78,24.2,20.76,29.11,4
grid_04008,145.54,36.39,25.78,49.17,4
grid_04009,103.34,25.84,22.08,29.11,4
grid_04010,423.62,105.9,67.92,150.8,4
grid_04011,860.79,143.46,87.36,177.53,6
grid_04012,771.77,128.63,70.58,157.14,6
grid_04013,697.49,116.25,76.37,170.55,6
grid_04014,1311.07,218.51,151.48,361.59,6
grid_04015,724.58,120.76,76.37,170.55,6
grid_04016,595.48,148.87,84.84,213.04,4
grid_04017,606.79,151.7,134.33,163.26,4
grid_04018,717.56,179.39,161.86,196.6,4
grid_04019,815.27,203.82,134.65,306.49,4
grid_04020,944.1,104.9,54.97,192.76,9
grid_04021,767.37,127.9,54.97,192.76,6
grid_04022,428.39,71.4,52.15,96.55,6
grid_04023,186.52,46.63,34.23,61.18,4
grid_04024,274.18,54.84,34.23,73.03,5
grid_04025,861.86,143.64,87.46,192.76,6
grid_04026,179.55,44.89,34.97,61.18,4
grid_04027,671.69,167.92,152.06,192.76,4
grid_04028,323.81,80.95,66.91,96.55,4
grid_04029,223.2,55.8,35.55,72.89,4
grid_04030,157.51,26.25,22.19,32.5,6
grid_04031,120.46,30.11,21.6,46.58,4
grid_04032,177.79,44.45,34.97,61.18,4
grid_04033,103.34,25.83,22.36,29.42,4
grid_04034,140.44,23.41,20.49,25.95,6
grid_04035,113.88,28.47,21.6,37.25,4
grid_04036,140.49,35.12,21.6,46.58,4
grid_04037,143.14,35.78,29.42,39.09,4
grid_04038,120.42,30.1,22.53,35.06,4
grid_04039,133.6,22.27,18.27,24.45,6
grid_04040,146.44,36.61,26.92,48.4,4
grid_04041,142.41,35.6,24.82,41.52,4
grid_04042,140.8,35.2,24.82,48.4,4
grid_04043,171.08,42.77,37.61,49.17,4
grid_04044,141.4,35.35,24.45,49.17,4
grid_04045,90.4,45.2,42.0,48.4,2
grid_04046,120.71,40.24,37.61,42.78,3
grid_04047,185.03,46.26,37.61,55.72,4
grid_04048,190.63,47.66,38.46,53.24,4
grid_04049,131.19,32.8,23.64,42.78,4
grid_04050,259.27,64.82,35.55,110.73,4
grid_04051,398.56,99.64,72.89,127.48,4
grid_04052,896.21,149.37,87.46,180.57,6
grid_04053,643.26,160.82,140.89,180.57,4
grid_04054,133.15,33.29,22.53,40.11,4
grid_04055,949.12,158.19,126.93,183.34,6
grid_04056,146.38,36.6,22.53,56.28,4
grid_04057,337.14,84.28,40.11,130.02,4
grid_04058,634.43,158.61,140.89,180.57,4
grid_04059,551.57,137.89,110.73,183.34,4
grid_04060,113.55,28.39,22.36,37.37,4
grid_04061,139.26,34.82,27.86,39.09,4
grid_04062,169.08,42.27,37.37,50.79,4
grid_04063,138.73,34.68,24.4,50.79,4
grid_04064,116.91,23.38,18.27,26.17,5
grid_04065,132.86,33.21,24.08,41.83,4
grid_04066,101.93,25.48,22.53,27.86,4
grid_04067,135.67,33.92,24.77,50.79,4
grid_04068,114.8,28.7,24.43,39.43,4
grid_04069,107.38,26.85,24.08,28.14,4
grid_04070,788.17,197.04,115.72,325.14,4
grid_04071,449.41,112.35,96.71,123.57,4
grid_04072,2374.22,395.7,295.36,590.45,6
grid_04073,806.24,201.56,123.57,325.14,4
grid_04074,1268.05,317.01,232.41,457.13,4
grid_04075,1260.44,315.11,242.22,457.13,4
grid_04076,1320.21,330.05,242.22,444.42,4
grid_04077,1095.41,273.85,196.2,331.0,4
grid_04078,567.43,141.86,113.4,205.34,4
grid_04079,1125.74,281.43,242.22,371.96,4
grid_04080,577.73,144.43,112.2,205.34,4
grid_04081,351.22,87.8,78.19,94.35,4
grid_04082,581.55,116.31,78.19,190.61,5
grid_04083,793.48,132.25,87.93,190.61,6
grid_04084,412.55,103.14,88.84,134.56,4
grid_04085,743.69,185.92,146.79,241.82,4
grid_04086,679.79,169.95,99.31,256.51,4
grid_04087,997.29,249.32,189.42,293.79,4
grid_04088,804.73,134.12,94.35,205.81,6
grid_04089,713.06,118.84,74.15,205.81,6
grid_04090,972.91,243.23,228.94,258.19,4
grid_04091,2459.53,409.92,242.22,759.85,6
grid_04092,4747.96,527.55,295.36,1444.59,9
grid_04093,1875.58,312.6,181.57,389.01,6
grid_04094,750.28,187.57,125.12,232.41,4
grid_04095,736.09,184.02,125.12,241.82,4
grid_04096,3147.25,629.45,346.71,1288.7,5
grid_04097,6927.59,1154.6,389.01,2481.94,6
grid_04098,1936.06,322.68,219.76,380.04,6
grid_04099,1715.98,286.0,219.76,391.52,6
grid_04100,8280.38,2070.09,653.41,2942.02,4
grid_04101,1684.52,421.13,303.96,609.89,4
grid_04102,4495.72,749.29,437.0,1623.79,6
grid_04103,16787.0,4196.75,2824.77,5768.82,4
grid_04104,838.78,209.7,124.66,303.96,4
grid_04105,1071.9,267.97,152.58,437.0,4
grid_04106,12960.73,3240.18,1312.32,5768.82,4
grid_04107,2012.32,503.08,387.83,653.41,4
grid_04108,2360.73,393.46,178.35,563.06,6
grid_04109,5239.86,1309.97,449.37,2824.77,4
grid_04110,1138.22,126.47,84.53,186.02,9
grid_04111,983.99,164.0,99.79,241.82,6
grid_04112,605.24,100.87,59.21,189.42,6
grid_04113,527.48,87.91,59.21,132.37,6
grid_04114,839.43,139.91,84.07,257.57,6
grid_04115,509.35,127.34,73.59,181.63,4
grid_04116,1194.5,199.08,160.59,280.28,6
grid_04117,845.06,211.26,186.02,226.67,4
grid_04118,746.47,186.62,132.37,226.67,4
grid_04119,855.79,213.95,168.6,280.28,4
grid_04120,1501.03,250.17,163.82,391.52,6
grid_04121,1295.94,323.99,161.86,563.5,4
grid_04122,1188.26,198.04,147.71,256.11,6
grid_04123,2303.6,575.9,260.09,1288.7,4
grid_04124,5659.75,943.29,325.91,2481.94,6
grid_04125,1055.23,263.81,219.76,332.54,4
grid_04126,1071.3,267.83,219.76,346.71,4
grid_04127,1080.44,270.11,202.47,332.54,4
grid_04128,1228.66,307.17,161.86,563.5,4
grid_04129,896.64,224.16,176.33,287.25,4
grid_04130,739.02,184.76,84.84,306.49,4
grid_04131,665.97,166.49,107.67,213.04,4
grid_04132,734.88,183.72,161.86,199.03,4
grid_04133,563.88,140.97,107.67,163.26,4
grid_04134,932.48,233.12,182.0,306.49,4
grid_04135,933.07,233.27,196.6,306.49,4
grid_04136,553.02,138.26,107.67,182.0,4
grid_04137,704.57,176.14,132.24,230.96,4
grid_04138,799.88,199.97,159.38,230.96,4
grid_04139,1709.86,427.47,177.39,1122.93,4
grid_04140,379.65,94.91,73.59,121.76,4
grid_04141,469.21,93.84,76.17,124.66,5
grid_04142,432.57,108.14,99.91,121.76,4
grid_04143,530.05,132.51,106.96,181.63,4
grid_04144,638.13,159.53,110.14,226.67,4
grid_04145,695.76,173.94,110.14,226.67,4
grid_04146,818.52,204.63,145.56,280.28,4
grid_04147,1122.34,187.06,132.39,280.28,6
grid_04148,363.3,90.83,76.17,103.93,4
grid_04149,377.31,94.33,57.15,119.7,4
grid_04150,1133.01,283.25,241.52,332.54,4
grid_04151,1069.92,267.48,208.61,332.54,4
grid_04152,2358.51,589.63,177.39,1122.93,4
grid_04153,1410.25,352.56,260.09,428.18,4
grid_04154,2849.32,474.89,325.91,732.27,6
grid_04155,1132.91,283.23,244.75,314.2,4
grid_04156,872.01,218.0,145.56,287.25,4
grid_04157,988.77,247.19,171.39,314.2,4
grid_04158,864.95,216.24,137.84,314.2,4
grid_04159,6255.16,1042.53,363.25,2267.32,6
grid_04160,919.71,229.93,153.11,304.94,4
grid_04161,696.09,116.02,67.98,177.47,6
grid_04162,350.49,87.62,76.17,104.84,4
grid_04163,1424.13,356.03,284.19,443.83,4
grid_04164,378.35,94.59,80.39,106.93,4
grid_04165,1142.08,190.35,106.93,348.31,6
grid_04166,1134.92,283.73,177.47,348.31,4
grid_04167,979.74,244.93,129.72,391.17,4
grid_04168,392.78,98.2,83.29,114.25,4
grid_04169,464.56,116.14,104.84,138.54,4
grid_04170,535.59,133.9,107.67,155.91,4
grid_04171,528.14,132.03,116.67,148.12,4
grid_04172,3927.47,981.87,210.51,2267.32,4
grid_04173,544.71,136.18,116.67,155.91,4
grid_04174,598.58,149.64,132.24,159.38,4
grid_04175,855.44,213.86,158.85,326.7,4
grid_04176,460.03,115.01,81.29,148.12,4
grid_04177,3541.32,885.33,326.7,2267.32,4
grid_04178,575.86,143.97,113.96,158.85,4
grid_04179,463.8,115.95,81.29,141.01,4
grid_04180,523.47,130.87,102.58,162.1,4
grid_04181,381.48,95.37,57.15,119.7,4
grid_04182,437.54,109.39,94.49,132.39,4
grid_04183,414.01,103.5,93.51,109.62,4
grid_04184,750.36,125.06,100.52,162.1,6
grid_04185,387.23,96.81,83.29,109.62,4
grid_04186,387.25,96.81,53.27,118.17,4
grid_04187,459.56,114.89,93.51,143.45,4
grid_04188,369.67,92.42,57.15,112.98,4
grid_04189,497.88,82.98,53.27,104.22,6
grid_04190,596.84,149.21,113.23,208.61,4
grid_04191,1250.42,312.6,189.3,428.18,4
grid_04192,717.41,179.35,129.44,241.52,4
grid_04193,2396.72,479.34,319.06,732.27,5
grid_04194,602.96,150.74,132.05,171.39,4
grid_04195,5277.09,879.52,279.33,2267.32,6
grid_04196,1553.85,388.46,319.06,553.96,4
grid_04197,798.91,199.73,161.68,276.53,4
grid_04198,521.14,130.28,121.81,137.84,4
grid_04199,482.65,120.66,113.23,129.44,4
grid_04200,334.08,83.52,65.6,100.52,4
grid_04201,323.27,80.82,57.15,106.04,4
grid_04202,494.36,123.59,90.4,150.89,4
grid_04203,317.5,79.37,53.27,118.17,4
grid_04204,655.9,163.98,143.45,210.38,4
grid_04205,471.87,78.65,53.27,120.42,6
grid_04206,479.94,119.99,106.04,138.23,4
grid_04207,409.41,102.35,65.6,122.69,4
grid_04208,374.57,93.64,65.6,120.42,4
grid_04209,545.84,136.46,112.98,151.17,4
grid_04210,1114.24,278.56,189.3,329.35,4
grid_04211,2255.57,375.93,231.59,609.56,6
grid_04212,1567.08,391.77,276.53,531.9,4
grid_04213,1239.6,309.9,161.68,531.9,4
grid_04214,446.84,111.71,80.01,126.84,4
grid_04215,525.77,131.44,121.81,145.07,4
grid_04216,1545.42,386.36,329.35,435.28,4
grid_04217,708.29,177.07,132.05,269.49,4
grid_04218,414.08,103.52,80.01,126.84,4
grid_04219,1458.15,364.54,252.7,531.9,4
grid_04220,978.23,244.56,154.94,337.74,4
grid_04221,327.61,81.9,63.46,113.96,4
grid_04222,1585.93,396.48,290.33,609.56,4
grid_04223,380.82,95.2,68.9,124.84,4
grid_04224,471.27,117.82,63.46,154.94,4
grid_04225,921.92,230.48,138.91,337.74,4
grid_04226,304.04,76.01,63.46,88.14,4
grid_04227,321.83,80.46,63.61,105.79,4
grid_04228,457.9,114.48,63.46,167.39,4
grid_04229,1030.02,257.5,165.71,348.31,4
grid_04230,798.18,199.55,130.92,269.49,4
grid_04231,1541.76,385.44,301.11,435.28,4
grid_04232,504.23,126.06,101.39,145.07,4
grid_04233,1649.34,274.89,165.71,435.28,6
grid_04234,1741.32,435.33,376.06,531.9,4
grid_04235,580.13,145.03,101.39,202.17,4
grid_04236,888.77,222.19,130.92,302.98,4
grid_04237,1209.48,302.37,249.74,404.06,4
grid_04238,481.93,120.48,101.39,145.65,4
grid_04239,1136.75,284.19,189.74,376.06,4
grid_04240,360.8,90.2,66.04,108.91,4
grid_04241,628.84,104.81,66.04,126.39,6
grid_04242,515.14,128.79,122.67,138.23,4
grid_04243,482.02,120.51,115.08,122.69,4
grid_04244,920.91,230.23,151.17,377.77,4
grid_04245,483.47,120.87,115.08,126.39,4
grid_04246,602.53,150.63,131.54,181.58,4
grid_04247,477.19,119.3,105.84,133.39,4
grid_04248,946.04,236.51,155.17,377.77,4
grid_04249,758.59,126.43,108.91,143.8,6
grid_04250,822.3,205.57,138.91,290.33,4
grid_04251,628.49,157.12,77.77,225.66,4
grid_04252,542.96,135.74,88.14,167.39,4
grid_04253,716.89,179.22,159.35,225.66,4
grid_04254,331.0,82.75,63.61,119.81,4
grid_04255,414.42,103.61,83.54,122.93,4
grid_04256,573.81,143.45,122.93,164.49,4
grid_04257,488.64,122.16,104.2,141.69,4
grid_04258,414.35,103.59,64.04,126.3,4
grid_04259,450.63,112.66,77.18,159.35,4
grid_04260,607.54,151.88,121.57,226.04,4
grid_04261,526.28,131.57,122.67,137.25,4
grid_04262,617.81,154.45,121.57,226.04,4
grid_04263,603.11,150.78,131.54,181.58,4
grid_04264,790.86,197.71,129.05,273.16,4
grid_04265,867.74,216.94,155.17,317.19,4
grid_04266,1002.61,167.1,133.39,255.26,6
grid_04267,599.17,149.79,134.82,163.87,4
grid_04268,614.6,153.65,134.82,197.22,4
grid_04269,766.5,191.62,137.25,226.04,4
grid_04270,53.24,53.24,53.24,53.24,1
grid_04271,23.64,23.64,23.64,23.64,1
grid_04272,53.24,53.24,53.24,53.24,1
grid_04273,527.65,131.91,106.33,183.34,4
grid_04274,371.67,92.92,56.28,130.02,4
grid_04275,834.22,139.04,107.96,183.34,6
grid_04276,190.92,47.73,27.46,79.04,4
grid_04277,598.06,149.51,141.01,157.05,4
grid_04278,529.44,132.36,106.33,166.97,4
grid_04279,203.24,50.81,28.14,79.04,4
grid_04280,385.95,96.49,52.4,148.18,4
grid_04281,547.94,136.98,124.84,144.09,4
grid_04282,855.47,142.58,107.96,183.6,6
grid_04283,157.8,39.45,31.24,50.79,4
grid_04284,124.84,31.21,24.08,41.83,4
grid_04285,81.75,27.25,23.03,33.95,3
grid_04286,119.04,29.76,23.04,37.07,4
grid_04287,136.58,34.14,27.7,43.66,4
grid_04288,111.26,27.81,23.03,33.95,4
grid_04289,69.73,23.24,23.03,23.65,3
grid_04290,165.06,41.26,37.07,44.97,4
grid_04291,123.12,30.78,23.04,39.36,4
grid_04292,122.49,30.62,23.65,39.36,4
grid_04293,791.06,131.84,93.1,183.6,6
grid_04294,198.43,49.61,43.66,57.41,4
grid_04295,483.7,120.93,105.79,138.0,4
grid_04296,354.73,88.68,52.4,148.18,4
grid_04297,506.22,126.55,94.32,166.97,4
grid_04298,172.42,43.11,23.01,57.41,4
grid_04299,492.09,82.02,51.69,115.07,6
grid_04300,366.91,91.73,63.61,115.07,4
grid_04301,253.38,63.35,47.04,96.75,4
grid_04302,294.95,73.74,51.69,96.75,4
grid_04303,131.22,32.8,23.01,44.97,4
grid_04304,23.88,23.88,23.88,23.88,1
grid_04305,98.21,24.55,23.01,27.64,4
grid_04306,357.44,59.57,51.69,82.44,6
grid_04307,268.57,67.14,58.48,82.44,4
grid_04308,138.63,34.66,23.01,47.04,4
grid_04309,199.41,49.85,44.9,55.29,4
grid_04310,212.74,53.18,51.69,55.29,4
grid_04311,371.84,74.37,53.56,111.43,5
grid_04312,341.39,85.35,58.48,126.3,4
grid_04313,394.12,65.69,41.35,111.43,6
grid_04314,96.63,48.32,41.35,55.29,2
grid_04315,430.18,107.55,92.58,117.21,4
grid_04316,369.39,92.35,64.05,117.21,4
grid_04317,466.1,116.53,92.58,138.26,4
grid_04318,302.42,50.4,18.94,117.21,6
grid_04319,380.14,95.03,62.37,138.26,4
grid_04320,385.9,64.32,18.94,117.21,6
grid_04321,262.92,43.82,20.9,70.54,6
grid_04322,108.57,27.14,18.94,40.0,4
grid_04323,155.07,31.01,18.94,62.37,5
grid_04324,96.49,24.12,20.9,30.13,4
grid_04325,88.48,22.12,20.9,23.76,4
grid_04326,349.21,87.3,57.5,132.93,4
grid_04327,349.91,58.32,43.23,83.59,6
grid_04328,851.34,141.89,57.95,204.29,6
grid_04329,294.45,49.07,30.13,70.54,6
grid_04330,840.8,140.13,100.67,204.29,6
grid_04331,556.69,92.78,57.42,160.88,6
grid_04332,376.28,94.07,66.98,114.65,4
grid_04333,227.43,56.86,43.22,83.56,4
grid_04334,261.58,65.4,57.42,83.56,4
grid_04335,288.25,72.06,57.95,100.67,4
grid_04336,61.43,30.71,21.43,40.0,2
grid_04337,69.69,23.23,21.69,24.24,3
grid_04338,46.15,23.08,22.39,23.76,2
grid_04339,1299.69,324.92,249.74,404.06,4
grid_04340,1029.03,171.51,77.77,301.11,6
grid_04341,751.43,187.86,133.81,269.83,4
grid_04342,1296.36,324.09,202.17,430.49,4
grid_04343,902.22,225.55,158.05,269.83,4
grid_04344,990.45,247.61,145.65,360.73,4
grid_04345,1207.8,301.95,224.59,430.49,4
grid_04346,829.76,207.44,129.05,281.91,4
grid_04347,677.4,112.9,71.53,189.74,6
grid_04348,1463.12,365.78,334.66,430.49,4
grid_04349,741.0,185.25,143.8,226.04,4
grid_04350,768.28,192.07,145.32,251.05,4
grid_04351,1454.52,363.63,197.22,555.87,4
grid_04352,1614.17,403.54,255.26,662.52,4
grid_04353,1276.99,319.25,165.17,555.87,4
grid_04354,1962.16,327.03,165.17,662.52,6
grid_04355,1046.02,261.51,145.32,495.44,4
grid_04356,1109.22,277.31,163.87,377.12,4
grid_04357,1369.94,342.48,208.04,495.44,4
grid_04358,1760.22,440.05,349.97,555.87,4
grid_04359,604.86,151.21,136.33,164.49,4
grid_04360,443.95,110.99,75.19,138.26,4
grid_04361,626.25,156.56,136.33,183.82,4
grid_04362,477.84,119.46,77.18,161.42,4
grid_04363,603.13,150.78,132.93,183.82,4
grid_04364,454.02,113.5,75.19,141.69,4
grid_04365,699.48,174.87,160.88,193.37,4
grid_04366,341.49,85.37,57.5,138.26,4
grid_04367,565.49,141.37,102.92,193.37,4
grid_04368,561.22,140.31,83.59,183.82,4
grid_04369,1166.67,291.67,176.93,430.49,4
grid_04370,1292.06,323.01,281.91,360.73,4
grid_04371,492.03,123.01,69.01,158.05,4
grid_04372,1290.48,322.62,273.16,423.23,4
grid_04373,690.74,172.69,131.17,224.59,4
grid_04374,511.95,85.33,57.5,133.81,6
grid_04375,385.51,96.38,66.34,131.17,4
grid_04376,1026.83,256.71,171.87,337.24,4
grid_04377,463.42,77.24,57.5,107.79,6
grid_04378,1298.37,324.59,227.95,423.23,4
grid_04379,1030.72,257.68,208.04,361.07,4
grid_04380,2003.95,500.99,455.89,555.87,4
grid_04381,1793.27,448.32,335.0,662.52,4
grid_04382,2351.8,391.97,251.04,662.52,6
grid_04383,1538.48,384.62,251.05,549.24,4
grid_04384,1052.59,263.15,210.56,361.07,4
grid_04385,1407.6,351.9,243.73,456.36,4
grid_04386,1494.93,373.73,278.18,496.75,4
grid_04387,1740.79,435.2,362.37,496.75,4
grid_04388,1337.24,334.31,210.56,455.89,4
grid_04389,823.95,205.99,140.48,334.66,4
grid_04390,1060.42,265.11,183.05,337.24,4
grid_04391,567.57,141.89,119.0,176.93,4
grid_04392,887.84,98.65,59.86,130.45,9
grid_04393,863.48,143.91,124.2,171.87,6
grid_04394,956.52,159.42,142.13,183.05,6
grid_04395,713.17,118.86,73.75,140.48,6
grid_04396,733.55,183.39,159.88,227.95,4
grid_04397,570.47,95.08,66.34,119.0,6
grid_04398,969.35,242.34,162.67,335.0,4
grid_04399,1982.46,330.41,251.04,456.36,6
grid_04400,1504.28,376.07,235.95,549.24,4
grid_04401,2142.3,357.05,186.8,519.75,6
grid_04402,2177.87,362.98,335.32,425.78,6
grid_04403,1891.54,315.26,243.76,372.35,6
grid_04404,1942.27,323.71,245.01,425.78,6
grid_04405,3435.92,381.77,243.76,581.52,9
grid_04406,1582.77,263.8,235.95,301.17,6
grid_04407,2183.7,363.95,235.95,556.16,6
grid_04408,1289.87,322.47,165.5,519.75,4
grid_04409,425.27,106.32,73.75,130.77,4
grid_04410,1067.61,177.94,153.23,237.33,6
grid_04411,435.35,108.84,74.84,142.13,4
grid_04412,1274.09,212.35,162.67,243.73,6
grid_04413,702.87,140.57,94.18,159.88,5
grid_04414,703.48,117.25,93.98,130.77,6
grid_04415,383.04,95.76,73.75,124.2,4
grid_04416,335.47,83.87,70.3,96.15,4
grid_04417,724.09,181.02,134.45,237.33,4
grid_04418,400.08,100.02,74.84,118.83,4
grid_04419,138.28,34.57,21.69,43.23,4
grid_04420,336.14,84.03,62.65,104.56,4
grid_04421,293.59,73.4,56.24,93.98,4
grid_04422,116.82,29.21,21.69,43.22,4
grid_04423,271.23,67.81,56.24,85.36,4
grid_04424,259.01,64.75,27.67,104.56,4
grid_04425,218.76,54.69,27.67,104.56,4
grid_04426,279.4,69.85,56.24,89.3,4
grid_04427,307.92,76.98,56.24,89.3,4
grid_04428,82.86,27.62,24.24,30.95,3
grid_04429,1434.15,358.54,293.24,407.88,4
grid_04430,1084.55,271.14,219.57,312.98,4
grid_04431,1419.56,354.89,298.93,407.88,4
grid_04432,1253.48,313.37,298.93,340.41,4
grid_04433,2630.69,438.45,293.24,581.52,6
grid_04434,1210.96,302.74,213.06,527.5,4
grid_04435,2005.01,334.17,137.91,546.52,6
grid_04436,1399.17,349.79,303.83,407.88,4
grid_04437,1488.84,372.21,298.93,478.2,4
grid_04438,1721.77,430.44,298.93,631.66,4
grid_04439,406.91,101.73,70.3,153.44,4
grid_04440,446.95,111.74,87.09,130.77,4
grid_04441,602.64,100.44,76.39,130.77,6
grid_04442,614.22,153.56,89.0,237.33,4
grid_04443,391.69,97.92,70.3,121.72,4
grid_04444,353.52,88.38,70.3,121.72,4
grid_04445,432.21,72.03,57.48,91.28,6
grid_04446,511.12,127.78,73.25,165.5,4
grid_04447,396.19,99.05,77.68,118.83,4
grid_04448,369.2,92.3,72.5,134.45,4
grid_04449,2109.48,421.9,326.77,546.52,5
grid_04450,1492.29,373.07,219.57,631.66,4
grid_04451,1143.32,285.83,213.06,382.61,4
grid_04452,1624.83,406.21,303.83,519.44,4
grid_04453,1649.84,412.46,261.31,631.66,4
grid_04454,1185.94,296.49,231.97,326.77,4
grid_04455,1557.06,259.51,108.86,546.52,6
grid_04456,2058.09,514.52,428.8,631.66,4
grid_04457,1413.44,353.36,231.97,546.52,4
grid_04458,1515.44,378.86,261.31,543.45,4
grid_04459,344.59,86.15,60.98,118.83,4
grid_04460,446.06,111.52,72.53,148.3,4
grid_04461,329.88,54.98,46.77,60.98,6
grid_04462,247.46,61.86,53.14,77.68,4
grid_04463,568.38,142.09,72.5,225.86,4
grid_04464,389.81,97.45,69.78,137.91,4
grid_04465,441.4,110.35,69.78,225.86,4
grid_04466,306.87,76.72,53.14,103.52,4
grid_04467,449.11,112.28,72.53,148.3,4
grid_04468,695.48,173.87,134.54,225.86,4
grid_04469,322.53,80.63,55.58,104.56,4
grid_04470,141.64,47.21,30.95,55.58,3
grid_04471,262.34,65.59,50.01,89.3,4
grid_04472,245.96,61.49,55.11,77.03,4
grid_04473,290.12,72.53,58.24,89.3,4
grid_04474,30.95,30.95,30.95,30.95,1
grid_04475,212.08,53.02,42.87,65.55,4
grid_04476,204.72,51.18,43.74,65.55,4
grid_04477,101.12,50.56,42.87,58.24,2
grid_04478,210.45,52.61,43.74,69.44,4
grid_04479,1041.56,260.39,173.41,428.8,4
grid_04480,1235.15,308.79,191.75,488.06,4
grid_04481,955.04,159.17,89.91,308.17,6
grid_04482,1727.54,431.89,323.36,519.44,4
grid_04483,1522.95,380.74,178.04,519.44,4
grid_04484,884.33,221.08,152.44,308.17,4
grid_04485,1290.95,322.74,173.41,543.45,4
grid_04486,1009.68,252.42,173.41,441.83,4
grid_04487,983.61,245.9,178.04,396.68,4
grid_04488,1415.13,353.78,173.41,487.11,4
grid_04489,342.71,57.12,43.74,92.66,6
grid_04490,290.62,72.66,53.14,92.66,4
grid_04491,563.1,140.77,69.78,225.86,4
grid_04492,349.23,87.31,69.78,108.86,4
grid_04493,308.58,77.15,53.14,93.74,4
grid_04494,591.81,147.95,93.74,199.54,4
grid_04495,407.52,101.88,80.68,128.27,4
grid_04496,353.5,88.37,71.44,100.22,4
grid_04497,402.41,67.07,43.74,92.66,6
grid_04498,482.68,120.67,89.17,199.54,4
grid_04499,1054.86,263.71,160.16,488.06,4
grid_04500,730.45,121.74,89.91,152.44,6
grid_04501,642.32,160.58,137.97,191.75,4
grid_04502,1292.12,323.03,192.49,488.06,4
grid_04503,1897.84,474.46,441.83,494.78,4
grid_04504,1424.87,356.22,216.4,494.78,4
grid_04505,937.97,234.49,192.49,271.86,4
grid_04506,703.7,175.92,137.97,246.99,4
grid_04507,850.06,212.52,160.16,246.99,4
grid_04508,815.73,135.95,108.66,158.57,6
grid_04509,633.93,158.48,134.54,186.78,4
grid_04510,544.37,136.09,80.68,186.78,4
grid_04511,562.91,140.73,97.69,199.54,4
grid_04512,478.79,119.7,81.32,199.54,4
grid_04513,348.24,87.06,71.44,100.22,4
grid_04514,547.61,91.27,69.44,127.34,6
grid_04515,498.71,124.68,84.4,163.98,4
grid_04516,475.9,118.98,106.76,132.21,4
grid_04517,468.07,117.02,84.4,148.63,4
grid_04518,383.47,95.87,91.67,101.69,4
grid_04519,85.85,42.93,42.87,42.98,2
grid_04520,183.13,45.78,42.87,51.86,4
grid_04521,316.29,79.07,51.86,112.88,4
grid_04522,249.84,62.46,42.98,82.11,4
grid_04523,171.09,57.03,42.98,72.89,3
grid_04524,622.03,103.67,82.11,127.34,6
grid_04525,367.64,91.91,72.89,107.26,4
grid_04526,289.78,72.45,55.22,105.39,4
grid_04527,308.83,77.21,57.24,108.17,4
grid_04528,277.6,92.53,64.95,107.26,3
grid_04529,892.63,223.16,192.49,257.22,4
grid_04530,930.65,232.66,158.57,309.28,4
grid_04531,1088.15,272.04,221.11,337.95,4
grid_04532,1320.54,330.14,173.43,494.78,4
grid_04533,1049.33,262.33,226.12,337.95,4
grid_04534,889.49,148.25,106.35,215.81,6
grid_04535,1010.42,252.6,226.12,309.28,4
grid_04536,1161.18,290.29,173.43,494.78,4
grid_04537,834.37,208.59,140.42,309.28,4
grid_04538,1111.04,277.76,199.34,352.63,4
grid_04539,1402.6,350.65,236.5,543.41,4
grid_04540,991.25,247.81,194.18,283.68,4
grid_04541,770.06,192.51,106.18,275.75,4
grid_04542,997.8,249.45,131.67,377.6,4
grid_04543,1301.88,325.47,245.08,543.41,4
grid_04544,729.8,182.45,106.18,252.02,4
grid_04545,4358.57,1089.64,377.6,2289.79,4
grid_04546,1468.39,367.1,253.15,578.11,4
grid_04547,2083.53,520.88,252.02,1147.78,4
grid_04548,3664.45,916.11,253.15,2289.79,4
grid_04549,1060.89,176.82,91.87,353.46,6
grid_04550,868.6,144.77,69.27,353.46,6
grid_04551,161.14,80.57,69.27,91.87,2
grid_04552,1149.89,287.47,230.76,317.28,4
grid_04553,993.93,248.48,181.98,316.05,4
grid_04554,1372.62,343.16,308.54,412.03,4
grid_04555,1387.33,346.83,318.69,412.03,4
grid_04556,1286.58,321.65,308.54,333.35,4
grid_04557,1235.25,308.81,292.22,327.41,4
grid_04558,1086.47,271.62,214.78,298.34,4
grid_04559,1363.82,227.3,135.32,316.05,6
grid_04560,830.62,103.83,31.34,181.98,8
grid_04561,867.89,216.97,141.24,292.22,4
grid_04562,1023.8,255.95,239.93,275.75,4
grid_04563,1050.82,262.7,239.93,306.13,4
grid_04564,5313.6,1328.4,527.74,2289.79,4
grid_04565,2157.45,539.36,175.8,1147.78,4
grid_04566,4555.89,1138.97,339.69,2289.79,4
grid_04567,1421.8,355.45,150.54,578.11,4
grid_04568,778.59,194.65,135.15,255.39,4
grid_04569,869.82,217.46,135.15,306.13,4
grid_04570,1456.73,728.37,108.43,1348.3,2
grid_04571,883.39,220.85,64.8,527.74,4
grid_04572,355.88,88.97,36.96,135.32,4
grid_04573,412.71,103.18,36.96,175.8,4
grid_04574,1895.99,474.0,99.57,1348.3,4
grid_04575,1285.95,321.49,307.38,333.35,4
grid_04576,1157.09,289.27,219.65,327.41,4
grid_04577,788.35,131.39,39.57,214.78,6
grid_04578,1197.97,299.49,204.56,412.03,4
grid_04579,1298.71,324.68,245.94,412.03,4
grid_04580,695.55,115.93,31.17,219.65,6
grid_04581,1227.57,204.6,107.09,317.81,6
grid_04582,70.91,35.45,31.34,39.57,2
grid_04583,1128.09,188.02,107.09,307.38,6
grid_04584,1066.26,177.71,96.54,317.81,6
grid_04585,1058.4,176.4,117.03,245.94,6
grid_04586,328.84,65.77,31.17,141.24,5
grid_04587,156.21,39.05,31.17,51.45,4
grid_04588,360.87,90.22,50.38,127.65,4
grid_04589,405.97,101.49,84.92,127.65,4
grid_04590,416.46,104.12,84.92,117.03,4
grid_04591,229.53,57.38,31.17,96.54,4
grid_04592,447.97,111.99,89.25,134.27,4
grid_04593,298.62,74.66,51.88,107.42,4
grid_04594,263.98,65.99,40.41,96.02,4
grid_04595,293.33,73.33,44.78,107.42,4
grid_04596,293.78,73.45,50.38,97.41,4
grid_04597,285.31,71.33,54.4,86.31,4
grid_04598,295.26,73.82,50.38,97.41,4
grid_04599,216.28,54.07,51.88,55.05,4
grid_04600,193.44,96.72,96.02,97.41,2
grid_04601,96.02,96.02,96.02,96.02,1
grid_04602,205.88,51.47,44.78,55.05,4
grid_04603,157.1,78.55,59.68,97.41,2
grid_04604,220.64,55.16,51.6,59.68,4
grid_04605,213.81,53.45,49.12,55.05,4
grid_04606,109.22,54.61,54.18,55.05,2
grid_04607,206.02,51.51,49.12,54.96,4
grid_04608,3622.23,603.7,474.99,758.95,6
grid_04609,6055.48,1009.25,282.12,2012.7,6
grid_04610,1873.45,312.24,165.37,662.41,6
grid_04611,4577.2,762.87,267.0,2012.7,6
grid_04612,4123.48,687.25,165.37,1909.72,6
grid_04613,5328.43,592.05,267.0,957.05,9
grid_04614,1694.72,282.45,169.85,474.99,6
grid_04615,684.55,171.14,110.94,282.12,4
grid_04616,841.2,210.3,110.94,310.33,4
grid_04617,885.0,221.25,137.81,310.33,4
grid_04618,2405.7,400.95,193.74,605.14,6
grid_04619,1336.33,334.08,236.33,421.37,4
grid_04620,584.54,146.13,112.58,167.97,4
grid_04621,1812.51,453.13,388.4,583.52,4
grid_04622,724.7,181.18,136.68,218.1,4
grid_04623,945.12,236.28,191.22,290.22,4
grid_04624,716.58,179.14,137.01,238.08,4
grid_04625,1105.97,276.49,140.58,419.22,4
grid_04626,1922.31,320.38,157.77,423.52,6
grid_04627,940.09,235.02,140.58,388.4,4
grid_04628,547.03,136.76,112.58,165.31,4
grid_04629,1031.53,257.88,176.18,423.52,4
grid_04630,779.64,194.91,174.77,236.33,4
grid_04631,456.35,114.09,44.69,157.77,4
grid_04632,1719.0,286.5,113.3,423.52,6
grid_04633,1242.89,310.72,223.66,423.52,4
grid_04634,732.27,183.07,132.13,222.48,4
grid_04635,839.4,209.85,165.31,238.08,4
grid_04636,412.88,103.22,44.69,174.77,4
grid_04637,477.55,119.39,52.83,177.32,4
grid_04638,2927.94,325.33,229.59,558.69,9
grid_04639,2660.29,665.07,379.61,888.65,4
grid_04640,2432.84,608.21,399.33,774.22,4
grid_04641,1623.23,270.54,229.59,319.99,6
grid_04642,2528.53,421.42,231.72,888.65,6
grid_04643,1818.1,303.02,231.72,458.06,6
grid_04644,2577.01,429.5,309.41,558.69,6
grid_04645,3892.85,648.81,283.49,1359.59,6
grid_04646,1692.39,423.1,309.41,553.24,4
grid_04647,3034.38,758.59,458.06,888.65,4
grid_04648,660.03,165.01,126.12,191.22,4
grid_04649,1770.2,442.55,254.41,641.48,4
grid_04650,952.97,158.83,112.9,254.41,6
grid_04651,416.67,104.17,86.93,126.12,4
grid_04652,462.99,115.75,72.62,177.32,4
grid_04653,500.75,125.19,79.41,169.85,4
grid_04654,965.48,241.37,112.9,399.33,4
grid_04655,420.84,105.21,79.41,137.81,4
grid_04656,595.41,99.24,77.83,123.29,6
grid_04657,523.98,131.0,79.34,198.85,4
grid_04658,1813.05,453.26,198.85,774.22,4
grid_04659,2792.33,698.08,289.83,1359.59,4
grid_04660,2977.85,744.46,440.65,888.65,4
grid_04661,2414.31,603.58,319.99,822.92,4
grid_04662,10957.62,1826.27,498.53,3494.48,6
grid_04663,2014.72,503.68,195.66,874.33,4
grid_04664,3356.86,839.21,504.08,1165.1,4
grid_04665,4594.61,1148.65,813.34,1793.24,4
grid_04666,968.05,242.01,132.89,440.65,4
grid_04667,7470.24,1867.56,822.92,3494.48,4
grid_04668,370.46,92.61,79.41,113.68,4
grid_04669,310.14,77.54,57.33,93.26,4
grid_04670,363.21,90.8,79.41,102.13,4
grid_04671,375.0,93.75,86.93,102.13,4
grid_04672,449.47,89.89,77.83,102.82,5
grid_04673,464.07,116.02,79.34,149.02,4
grid_04674,556.6,92.77,77.83,107.41,6
grid_04675,357.91,89.48,73.91,102.13,4
grid_04676,257.02,64.26,51.52,93.26,4
grid_04677,324.21,81.05,54.91,102.13,4
grid_04678,197.89,49.47,44.69,53.07,4
grid_04679,1218.6,304.65,216.39,420.93,4
grid_04680,1291.47,322.87,212.35,526.23,4
grid_04681,1214.47,202.41,83.93,357.62,6
grid_04682,294.99,73.75,44.69,113.3,4
grid_04683,1383.18,345.79,212.35,526.23,4
grid_04684,230.07,57.52,47.29,72.62,4
grid_04685,2218.34,554.59,398.29,872.9,4
grid_04686,261.3,65.32,47.29,101.45,4
grid_04687,2285.3,571.32,330.41,872.9,4
grid_04688,2974.38,743.59,498.53,1148.34,4
grid_04689,2722.22,680.55,368.27,1165.1,4
grid_04690,3637.91,909.48,733.9,1148.34,4
grid_04691,5196.25,1299.06,684.77,1793.24,4
grid_04692,14213.87,2368.98,981.4,3494.48,6
grid_04693,9439.29,2359.82,1553.14,3494.48,4
grid_04694,704.5,176.12,132.89,226.92,4
grid_04695,1294.93,323.73,195.66,504.08,4
grid_04696,2597.74,649.43,439.21,981.4,4
grid_04697,1336.74,334.18,226.92,463.2,4
grid_04698,1212.73,303.18,177.13,420.93,4
grid_04699,376.93,94.23,53.07,138.48,4
grid_04700,881.27,146.88,83.93,216.39,6
grid_04701,215.62,53.91,47.29,59.48,4
grid_04702,1155.78,288.94,177.13,398.29,4
grid_04703,1273.5,212.25,138.48,288.1,6
grid_04704,2360.52,590.13,396.61,872.9,4
grid_04705,1960.05,490.01,292.27,872.9,4
grid_04706,696.34,174.09,101.45,270.31,4
grid_04707,455.27,113.82,59.48,186.09,4
grid_04708,808.6,202.15,174.77,222.44,4
grid_04709,1092.21,273.05,202.17,397.57,4
grid_04710,2382.58,397.1,187.99,668.28,6
grid_04711,1330.42,332.6,178.21,490.1,4
grid_04712,735.63,183.91,173.43,195.05,4
grid_04713,1558.88,389.72,245.8,634.58,4
grid_04714,896.74,224.18,178.73,270.03,4
grid_04715,1180.37,196.73,143.03,264.56,6
grid_04716,1016.74,254.18,143.03,415.68,4
grid_04717,1652.2,413.05,193.47,634.58,4
grid_04718,535.32,107.06,91.68,127.34,5
grid_04719,434.4,108.6,89.08,132.21,4
grid_04720,339.19,84.8,70.93,95.25,4
grid_04721,342.37,85.59,70.93,97.69,4
grid_04722,339.59,84.9,61.83,101.69,4
grid_04723,342.08,85.52,61.83,106.76,4
grid_04724,319.42,79.86,60.47,92.42,4
grid_04725,311.93,77.98,56.4,106.35,4
grid_04726,285.64,71.41,57.27,91.67,4
grid_04727,311.18,77.8,60.47,92.42,4
grid_04728,818.58,204.64,178.73,228.46,4
grid_04729,747.82,186.95,178.21,195.05,4
grid_04730,660.62,165.16,143.03,193.47,4
grid_04731,696.96,174.24,140.71,228.46,4
grid_04732,746.58,186.64,149.06,245.8,4
grid_04733,1191.24,297.81,188.94,570.18,4
grid_04734,1041.54,260.39,172.98,408.47,4
grid_04735,972.05,243.01,155.83,408.47,4
grid_04736,1328.28,221.38,143.03,440.03,6
grid_04737,1391.84,347.96,186.58,570.18,4
grid_04738,264.58,66.15,56.4,89.08,4
grid_04739,309.14,77.28,59.17,91.68,4
grid_04740,316.26,79.06,57.24,108.17,4
grid_04741,275.86,68.97,60.47,87.36,4
grid_04742,274.69,68.67,59.17,87.36,4
grid_04743,267.7,66.93,57.27,74.87,4
grid_04744,268.15,67.04,60.47,74.87,4
grid_04745,206.71,51.68,39.76,60.1,4
grid_04746,239.24,59.81,57.24,61.56,4
grid_04747,228.29,57.07,50.45,64.17,4
grid_04748,1067.0,266.75,168.86,362.73,4
grid_04749,716.93,119.49,60.1,215.81,6
grid_04750,1279.44,319.86,226.12,362.73,4
grid_04751,782.83,195.71,173.43,221.11,4
grid_04752,573.99,143.5,109.82,168.86,4
grid_04753,484.03,80.67,39.76,140.42,6
grid_04754,817.78,204.44,188.94,237.06,4
grid_04755,1150.68,287.67,192.43,406.27,4
grid_04756,1075.24,268.81,154.89,388.76,4
grid_04757,1510.4,377.6,352.63,406.27,4
grid_04758,664.28,166.07,148.4,191.77,4
grid_04759,666.73,166.68,148.23,214.29,4
grid_04760,607.6,151.9,140.71,166.72,4
grid_04761,697.42,174.35,148.23,214.29,4
grid_04762,2182.84,545.71,440.03,607.92,4
grid_04763,650.69,162.67,149.06,172.98,4
grid_04764,1598.31,399.58,226.35,570.18,4
grid_04765,2021.79,336.97,168.29,607.92,6
grid_04766,1249.36,312.34,198.04,564.71,4
grid_04767,701.95,175.49,148.4,208.88,4
grid_04768,484.94,80.82,39.76,132.06,6
grid_04769,186.64,46.66,39.76,51.15,4
grid_04770,1046.51,261.63,192.43,406.27,4
grid_04771,903.21,225.8,151.44,388.76,4
grid_04772,548.21,137.05,109.82,154.89,4
grid_04773,1239.72,309.93,208.12,406.27,4
grid_04774,867.08,216.77,192.43,237.06,4
grid_04775,767.06,127.84,51.15,288.47,6
grid_04776,361.84,60.31,45.28,77.46,6
grid_04777,940.66,235.16,211.24,279.61,4
grid_04778,283.62,70.9,61.42,80.45,4
grid_04779,281.15,70.29,64.17,75.22,4
grid_04780,235.13,58.78,45.28,75.22,4
grid_04781,252.59,63.15,59.73,66.61,4
grid_04782,255.23,63.81,61.27,67.71,4
grid_04783,268.21,67.05,59.73,80.45,4
grid_04784,456.3,76.05,60.08,97.49,6
grid_04785,296.03,74.01,59.73,90.14,4
grid_04786,393.16,65.53,45.28,83.86,6
grid_04787,287.03,71.76,59.73,81.47,4
grid_04788,641.98,160.5,148.23,192.46,4
grid_04789,1764.07,441.02,260.27,607.92,4
grid_04790,803.94,200.98,148.23,301.33,4
grid_04791,891.71,222.93,151.1,305.34,4
grid_04792,935.31,233.83,161.92,305.34,4
grid_04793,2002.63,333.77,191.77,607.92,6
grid_04794,1332.69,222.12,198.04,260.27,6
grid_04795,1400.34,350.09,268.54,415.0,4
grid_04796,1397.98,349.5,301.33,415.0,4
grid_04797,1154.2,288.55,192.46,376.3,4
grid_04798,992.43,248.11,208.12,279.61,4
grid_04799,966.83,241.71,151.44,339.14,4
grid_04800,911.12,227.78,132.06,339.14,4
grid_04801,848.85,212.21,198.04,226.35,4
grid_04802,1410.88,235.15,161.71,279.61,6
grid_04803,1711.46,285.24,200.81,495.17,6
grid_04804,1165.02,129.45,60.4,288.47,9
grid_04805,327.1,65.42,57.67,77.46,5
grid_04806,1473.77,245.63,124.03,339.14,6
grid_04807,1438.38,239.73,83.12,339.14,6
grid_04808,673.4,168.35,149.45,176.4,4
grid_04809,814.88,203.72,181.44,213.38,4
grid_04810,644.15,161.04,145.46,177.18,4
grid_04811,901.62,225.4,181.44,256.63,4
grid_04812,828.57,207.14,192.85,213.38,4
grid_04813,1262.03,210.34,145.46,256.63,6
grid_04814,757.74,189.44,132.13,222.48,4
grid_04815,682.17,170.54,161.22,176.4,4
grid_04816,799.27,199.82,181.44,212.06,4
grid_04817,708.82,177.2,172.05,187.08,4
grid_04818,964.17,241.04,165.33,367.89,4
grid_04819,1623.29,270.55,195.96,396.59,6
grid_04820,1172.08,293.02,203.96,367.89,4
grid_04821,1227.34,306.83,210.65,367.89,4
grid_04822,1046.51,261.63,206.63,331.25,4
grid_04823,786.92,196.73,173.44,229.5,4
grid_04824,1017.31,254.33,173.44,396.59,4
grid_04825,842.22,210.55,161.22,297.98,4
grid_04826,1998.6,333.1,229.5,396.59,6
grid_04827,1869.55,373.91,282.68,515.48,5
grid_04828,1251.07,208.51,177.18,255.55,6
grid_04829,992.54,248.13,210.28,330.41,4
grid_04830,832.24,208.06,181.44,255.55,4
grid_04831,860.57,215.14,208.86,229.36,4
grid_04832,663.06,165.76,147.58,181.75,4
grid_04833,786.81,196.7,193.39,198.34,4
grid_04834,1163.87,193.98,186.78,204.6,6
grid_04835,842.48,210.62,196.91,238.55,4
grid_04836,745.94,186.48,172.51,204.6,4
grid_04837,967.46,241.86,208.86,290.68,4
grid_04838,1482.7,370.68,317.54,497.62,4
grid_04839,1613.32,403.33,282.68,515.48,4
grid_04840,1148.48,287.12,182.96,336.29,4
grid_04841,789.74,197.44,147.58,297.98,4
grid_04842,993.98,248.5,209.22,326.81,4
grid_04843,1698.87,424.72,336.29,497.62,4
grid_04844,1730.26,288.38,209.81,370.91,6
grid_04845,1435.49,358.87,209.81,515.48,4
grid_04846,780.74,195.19,147.58,251.17,4
grid_04847,1210.96,302.74,182.96,440.54,4
grid_04848,1406.22,351.55,229.36,555.76,4
grid_04849,804.93,201.23,147.58,276.57,4
grid_04850,872.67,218.17,193.39,284.94,4
grid_04851,1149.78,287.45,198.16,428.13,4
grid_04852,1349.03,224.84,186.78,339.71,6
grid_04853,1810.04,452.51,290.68,555.76,4
grid_04854,1385.7,346.42,238.55,428.33,4
grid_04855,1002.63,250.66,181.75,339.71,4
grid_04856,999.44,249.86,199.03,276.57,4
grid_04857,1041.3,260.33,196.18,351.05,4
grid_04858,911.37,227.84,140.71,326.81,4
grid_04859,1799.25,449.81,361.73,515.48,4
grid_04860,1157.14,289.28,209.81,361.73,4
grid_04861,1907.12,476.78,424.42,592.29,4
grid_04862,1281.69,213.61,142.25,259.96,6
grid_04863,649.46,162.36,140.71,215.39,4
grid_04864,1662.9,415.72,251.17,592.29,4
grid_04865,1083.69,270.92,199.03,378.9,4
grid_04866,1561.66,390.42,325.64,449.88,4
grid_04867,1217.6,304.4,259.96,364.8,4
grid_04868,1428.07,238.01,196.18,339.71,6
grid_04869,1130.19,282.55,244.66,339.71,4
grid_04870,1645.84,411.46,353.06,436.31,4
grid_04871,1417.17,354.29,284.94,428.13,4
grid_04872,1855.35,463.84,428.33,535.26,4
grid_04873,1007.74,251.93,223.6,269.25,4
grid_04874,1394.35,348.59,283.03,436.31,4
grid_04875,1470.57,245.1,209.13,319.87,6
grid_04876,976.1,244.02,173.17,351.05,4
grid_04877,1160.31,290.08,173.17,353.06,4
grid_04878,1588.93,397.23,325.64,449.88,4
grid_04879,1415.55,353.89,254.6,521.77,4
grid_04880,815.88,203.97,142.25,268.54,4
grid_04881,2007.58,501.9,378.9,592.29,4
grid_04882,2005.42,501.35,448.62,592.29,4
grid_04883,1370.42,228.4,142.25,267.2,6
grid_04884,1957.2,489.3,434.41,559.54,4
grid_04885,1326.4,331.6,235.24,459.16,4
grid_04886,1724.68,287.45,235.24,452.81,6
grid_04887,1832.12,458.03,364.8,559.54,4
grid_04888,1547.66,386.91,321.95,455.44,4
grid_04889,981.66,245.41,223.6,269.25,4
grid_04890,1189.47,297.37,223.6,363.03,4
grid_04891,1212.79,303.2,223.6,402.49,4
grid_04892,1895.51,315.92,214.48,471.79,6
grid_04893,1132.03,283.01,217.63,333.95,4
grid_04894,1115.17,278.79,173.17,389.1,4
grid_04895,1252.58,313.14,258.5,389.1,4
grid_04896,900.25,225.06,173.17,269.86,4
grid_04897,1592.55,398.14,342.55,454.55,4
grid_04898,964.16,160.69,130.48,208.88,6
grid_04899,793.99,198.5,152.9,284.1,4
grid_04900,1526.4,218.06,130.48,331.18,7
grid_04901,2332.75,259.19,157.21,356.88,9
grid_04902,813.14,203.29,181.42,235.59,4
grid_04903,1347.06,224.51,144.33,311.05,6
grid_04904,1116.0,186.0,128.67,281.97,6
grid_04905,552.59,138.15,128.67,157.21,4
grid_04906,1863.03,310.5,256.74,376.3,6
grid_04907,1783.96,297.33,169.0,415.0,6
grid_04908,1893.94,473.48,409.83,564.4,4
grid_04909,2907.12,726.78,596.57,802.37,4
grid_04910,2018.65,504.66,408.03,568.84,4
grid_04911,870.53,217.63,143.1,290.05,4
grid_04912,1264.47,316.12,187.49,442.34,4
grid_04913,1841.84,460.46,344.6,564.4,4
grid_04914,810.43,202.61,143.1,290.05,4
grid_04915,2126.51,531.63,490.51,568.84,4
grid_04916,2562.3,640.57,502.76,802.37,4
grid_04917,2663.81,665.95,439.21,802.37,4
grid_04918,2593.3,648.33,515.09,834.2,4
grid_04919,1802.19,450.55,290.54,617.87,4
grid_04920,3922.15,980.54,568.99,1380.78,4
grid_04921,738.92,184.73,134.48,290.54,4
grid_04922,6039.06,1509.76,1155.21,1821.88,4
grid_04923,4804.08,1201.02,466.81,1821.88,4
grid_04924,1073.05,178.84,134.48,216.92,6
grid_04925,2105.31,526.33,289.21,834.2,4
grid_04926,1232.96,308.24,138.12,515.09,4
grid_04927,1458.42,364.6,182.42,519.99,4
grid_04928,857.04,214.26,194.8,248.69,4
grid_04929,764.8,191.2,184.48,199.35,4
grid_04930,2177.06,435.41,363.47,485.62,5
grid_04931,3006.47,501.08,441.1,580.95,6
grid_04932,1171.98,293.0,242.51,398.16,4
grid_04933,876.39,219.1,185.84,248.69,4
grid_04934,758.93,189.73,185.84,199.35,4
grid_04935,3354.1,559.02,440.34,817.18,6
grid_04936,1596.85,399.21,282.62,475.74,4
grid_04937,834.86,208.72,185.84,242.51,4
grid_04938,1066.63,266.66,187.49,344.6,4
grid_04939,1871.77,467.94,312.34,688.32,4
grid_04940,1552.24,388.06,326.62,490.51,4
grid_04941,802.12,200.53,187.49,216.92,4
grid_04942,1803.22,450.8,299.79,688.32,4
grid_04943,1683.58,420.9,299.79,502.76,4
grid_04944,1658.92,414.73,312.34,500.31,4
grid_04945,1471.48,367.87,299.79,444.97,4
grid_04946,1236.14,309.03,207.92,398.89,4
grid_04947,1499.78,374.94,326.62,398.89,4
grid_04948,768.76,192.19,185.84,199.1,4
grid_04949,1013.34,253.33,210.26,282.62,4
grid_04950,1498.54,374.63,277.94,497.64,4
grid_04951,3369.47,842.37,550.28,1380.78,4
grid_04952,3608.63,601.44,440.34,817.18,6
grid_04953,864.3,216.07,196.25,230.8,4
grid_04954,1447.63,361.91,233.55,497.64,4
grid_04955,821.53,205.38,195.38,230.8,4
grid_04956,948.74,237.19,210.26,277.94,4
grid_04957,2114.57,528.64,444.17,621.23,4
grid_04958,4238.74,1059.68,550.28,1681.19,4
grid_04959,748.78,187.19,138.12,262.34,4
grid_04960,3294.47,823.62,466.81,1681.19,4
grid_04961,1401.36,233.56,175.78,272.39,6
grid_04962,782.28,195.57,138.12,289.21,4
grid_04963,1421.79,355.45,182.42,519.99,4
grid_04964,1749.57,291.6,262.34,340.57,6
grid_04965,2096.68,524.17,444.17,626.48,4
grid_04966,975.39,243.85,172.54,289.5,4
grid_04967,2061.1,515.27,438.89,626.48,4
grid_04968,999.94,249.98,207.92,302.71,4
grid_04969,2274.29,568.57,431.89,875.53,4
grid_04970,1519.04,379.76,299.79,444.97,4
grid_04971,1926.48,481.62,414.37,519.73,4
grid_04972,1571.16,314.23,272.39,340.69,5
grid_04973,1550.72,387.68,365.64,402.44,4
grid_04974,1444.72,361.18,302.71,402.44,4
grid_04975,1719.59,429.9,368.18,492.07,4
grid_04976,2911.31,727.83,500.31,1015.74,4
grid_04977,1562.54,390.64,365.64,444.97,4
grid_04978,3260.6,543.43,438.49,621.48,6
grid_04979,988.67,247.17,226.99,284.63,4
grid_04980,1174.34,293.59,221.97,438.49,4
grid_04981,928.76,232.19,221.97,246.26,4
grid_04982,2298.54,574.64,444.17,824.37,4
grid_04983,980.26,245.06,195.38,284.63,4
grid_04984,2666.66,444.44,280.33,582.87,6
grid_04985,1141.06,285.27,246.26,352.94,4
grid_04986,1418.35,354.59,221.97,462.16,4
grid_04987,1283.32,320.83,221.97,462.16,4
grid_04988,886.47,221.62,172.54,280.5,4
grid_04989,1737.02,434.25,280.5,524.61,4
grid_04990,2372.83,593.21,444.17,824.37,4
grid_04991,2036.2,509.05,438.89,628.56,4
grid_04992,1300.72,325.18,251.01,452.58,4
grid_04993,1253.79,313.45,289.5,341.85,4
grid_04994,1508.7,377.18,251.01,524.61,4
grid_04995,1489.1,372.28,307.63,471.76,4
grid_04996,3049.3,762.33,628.56,902.79,4
grid_04997,1705.38,426.34,307.63,473.41,4
grid_04998,2019.44,504.86,393.15,614.5,4
grid_04999,1584.63,396.16,365.58,450.96,4
grid_05000,1625.13,406.28,368.18,492.07,4
grid_05001,2217.04,369.51,314.81,456.68,6
grid_05002,1650.76,412.69,340.69,456.68,4
grid_05003,2895.11,723.78,519.73,1015.74,4
grid_05004,1471.14,367.78,365.58,371.74,4
grid_05005,2349.48,587.37,393.15,846.04,4
grid_05006,2488.12,414.69,341.85,544.74,6
grid_05007,1884.17,471.04,371.74,623.49,4
grid_05008,3721.7,930.42,684.77,1553.14,4
grid_05009,2212.16,553.04,368.27,695.92,4
grid_05010,8942.71,1490.45,443.23,2686.55,6
grid_05011,863.92,215.98,149.02,278.35,4
grid_05012,6063.03,1515.76,787.88,2598.43,4
grid_05013,1956.95,489.24,344.87,695.92,4
grid_05014,961.93,240.48,206.39,278.35,4
grid_05015,3109.23,777.31,570.27,1123.59,4
grid_05016,1353.98,338.5,267.57,463.2,4
grid_05017,4383.51,730.58,443.23,1123.59,6
grid_05018,426.11,106.53,85.96,136.22,4
grid_05019,597.69,149.42,102.82,209.62,4
grid_05020,532.2,88.7,70.75,107.41,6
grid_05021,225.2,56.3,51.52,66.79,4
grid_05022,284.4,71.1,46.86,92.88,4
grid_05023,227.65,56.91,46.86,73.91,4
grid_05024,669.92,167.48,117.69,209.62,4
grid_05025,325.42,81.35,51.98,123.66,4
grid_05026,236.44,59.11,46.86,70.75,4
grid_05027,402.1,100.52,62.23,136.22,4
grid_05028,286.04,71.51,51.52,108.25,4
grid_05029,1203.54,300.89,235.93,396.61,4
grid_05030,1666.05,416.51,278.74,535.26,4
grid_05031,455.65,113.91,66.79,156.95,4
grid_05032,1123.56,280.89,235.93,307.26,4
grid_05033,1079.16,269.79,186.09,358.66,4
grid_05034,715.37,178.84,108.25,264.08,4
grid_05035,1752.2,292.03,252.65,358.66,6
grid_05036,1360.81,340.2,264.08,397.71,4
grid_05037,961.62,240.41,217.09,278.74,4
grid_05038,406.24,67.71,51.8,85.96,6
grid_05039,239.25,59.81,46.86,82.99,4
grid_05040,656.26,164.06,82.99,249.36,4
grid_05041,345.4,86.35,57.42,139.64,4
grid_05042,807.0,201.75,123.66,277.03,4
grid_05043,391.1,65.18,51.8,86.93,6
grid_05044,329.77,82.44,62.23,117.69,4
grid_05045,550.62,137.65,86.37,206.39,4
grid_05046,480.31,120.08,57.42,200.25,4
grid_05047,2296.16,574.04,249.36,913.4,4
grid_05048,2507.03,626.76,452.96,787.88,4
grid_05049,1780.89,445.22,431.89,466.56,4
grid_05050,1345.56,336.39,267.58,452.96,4
grid_05051,859.15,214.79,140.17,267.57,4
grid_05052,1125.04,281.26,245.03,344.87,4
grid_05053,3787.13,631.19,437.23,875.53,6
grid_05054,1970.92,492.73,335.92,627.49,4
grid_05055,1639.3,409.83,280.16,570.27,4
grid_05056,948.28,237.07,189.15,280.16,4
grid_05057,727.13,181.78,140.17,245.03,4
grid_05058,1114.95,278.74,217.09,354.67,4
grid_05059,1095.78,273.94,156.95,397.71,4
grid_05060,1928.11,321.35,275.21,358.66,6
grid_05061,1298.0,324.5,229.86,455.44,4
grid_05062,1789.46,447.37,323.34,728.06,4
grid_05063,1354.19,270.84,203.88,354.67,5
grid_05064,828.67,207.17,177.84,229.86,4
grid_05065,2316.2,579.05,277.03,913.4,4
grid_05066,1888.88,314.81,285.04,354.67,6
grid_05067,959.29,239.82,177.84,333.95,4
grid_05068,573.16,95.53,63.48,185.71,6
grid_05069,290.67,72.67,63.48,86.37,4
grid_05070,1688.46,422.11,200.25,856.37,4
grid_05071,441.65,110.41,73.39,141.72,4
grid_05072,670.48,167.62,86.93,258.2,4
grid_05073,980.57,245.14,139.64,382.47,4
grid_05074,5413.16,1353.29,856.37,2038.58,4
grid_05075,267.03,66.76,57.53,73.39,4
grid_05076,3639.99,910.0,382.47,1604.81,4
grid_05077,796.12,132.69,67.43,259.35,6
grid_05078,924.22,231.06,200.22,267.58,4
grid_05079,4004.87,667.48,327.49,1015.74,6
grid_05080,1037.37,259.34,189.15,335.92,4
grid_05081,1332.78,333.19,232.14,437.23,4
grid_05082,937.62,234.4,143.22,327.49,4
grid_05083,601.09,150.27,98.81,211.39,4
grid_05084,639.17,159.79,98.81,211.39,4
grid_05085,564.77,141.19,94.08,200.22,4
grid_05086,666.25,166.56,101.74,232.14,4
grid_05087,3223.91,537.32,234.77,1015.74,6
grid_05088,765.33,191.33,177.84,203.88,4
grid_05089,1604.22,267.37,199.54,322.05,6
grid_05090,4535.66,1133.91,728.06,2038.58,4
grid_05091,2237.12,559.28,323.34,855.62,4
grid_05092,1260.54,315.13,285.04,330.1,4
grid_05093,812.09,203.02,177.84,232.56,4
grid_05094,854.29,213.57,184.06,253.72,4
grid_05095,1348.23,337.06,322.05,355.03,4
grid_05096,1008.87,252.22,184.06,338.54,4
grid_05097,2144.54,536.13,330.1,855.62,4
grid_05098,1046.73,261.68,185.71,343.46,4
grid_05099,366.72,91.68,57.53,141.72,4
grid_05100,1780.47,445.12,258.2,796.34,4
grid_05101,5594.68,1398.67,938.17,2038.58,4
grid_05102,4057.87,1014.47,643.61,1604.81,4
grid_05103,272.35,68.09,57.53,81.72,4
grid_05104,2195.0,548.75,343.46,796.34,4
grid_05105,926.15,154.36,68.69,271.2,6
grid_05106,1285.61,321.4,259.35,411.59,4
grid_05107,278.85,69.71,57.53,94.08,4
grid_05108,1651.51,275.25,198.04,495.17,6
grid_05109,1181.43,295.36,195.43,495.17,4
grid_05110,709.47,177.37,126.66,242.31,4
grid_05111,420.35,105.09,83.12,124.03,4
grid_05112,416.12,83.22,60.4,121.06,5
grid_05113,64.0,64.0,64.0,64.0,1
grid_05114,1171.51,292.88,178.79,495.17,4
grid_05115,504.56,126.14,92.15,161.71,4
grid_05116,218.81,109.41,92.15,126.66,2
grid_05117,493.96,164.65,126.66,188.51,3
grid_05118,257.01,64.25,30.38,105.39,4
grid_05119,244.04,61.01,57.24,66.38,4
grid_05120,174.48,87.24,62.31,112.17,2
grid_05121,471.9,94.38,62.31,146.89,5
grid_05122,64.61,64.61,64.61,64.61,1
grid_05123,148.35,74.18,64.61,83.74,2
grid_05124,676.6,112.77,64.61,194.18,6
grid_05125,83.74,83.74,83.74,83.74,1
grid_05126,784.98,157.0,83.74,283.68,5
grid_05127,188.44,94.22,91.87,96.57,2
grid_05128,441.57,73.6,60.08,97.49,6
grid_05129,186.48,62.16,57.67,69.28,3
grid_05130,129.36,64.68,60.08,69.28,2
grid_05131,127.9,63.95,60.08,67.82,2
grid_05132,157.83,78.91,76.73,81.1,2
grid_05133,121.17,121.17,121.17,121.17,1
grid_05134,235.31,117.66,112.17,123.14,2
grid_05135,244.32,122.16,121.17,123.14,2
grid_05136,541.31,135.33,76.73,190.15,4
grid_05137,547.38,136.85,112.17,165.18,4
grid_05138,1099.82,274.95,195.43,331.06,4
grid_05139,953.6,238.4,178.79,331.06,4
grid_05140,213.21,106.6,92.15,121.06,2
grid_05141,188.51,188.51,188.51,188.51,1
grid_05142,1080.4,270.1,209.06,331.06,4
grid_05143,885.27,221.32,156.64,331.06,4
grid_05144,524.68,131.17,18.96,209.06,4
grid_05145,673.25,168.31,101.96,222.2,4
grid_05146,128.69,42.9,3.57,106.16,3
grid_05147,537.45,134.36,101.96,171.59,4
grid_05148,335.85,83.96,59.31,115.87,4
grid_05149,346.53,86.63,60.33,120.63,4
grid_05150,576.01,144.0,97.14,171.46,4
grid_05151,595.66,99.28,59.31,155.28,6
grid_05152,529.98,132.5,84.94,177.78,4
grid_05153,411.29,102.82,65.23,140.49,4
grid_05154,434.16,108.54,70.18,171.59,4
grid_05155,227.1,56.77,49.28,60.33,4
grid_05156,648.79,162.2,143.36,171.46,4
grid_05157,252.74,63.19,49.92,84.94,4
grid_05158,358.55,89.64,52.65,126.77,4
grid_05159,535.78,133.94,94.18,171.46,4
grid_05160,421.07,70.18,58.18,90.43,6
grid_05161,224.76,56.19,49.28,65.23,4
grid_05162,567.68,141.92,90.43,194.39,4
grid_05163,493.82,82.3,58.18,111.27,6
grid_05164,452.8,113.2,94.18,143.36,4
grid_05165,311.31,77.83,49.92,108.73,4
grid_05166,258.89,64.72,49.28,83.93,4
grid_05167,357.31,89.33,52.65,108.73,4
grid_05168,286.42,71.61,3.57,140.03,4
grid_05169,323.06,161.53,106.16,216.9,2
grid_05170,304.76,304.76,304.76,304.76,1
grid_05171,348.92,87.23,3.57,171.7,4
grid_05172,166.6,83.3,70.82,95.78,2
grid_05173,596.63,149.16,106.78,194.39,4
grid_05174,932.84,233.21,128.01,326.25,4
grid_05175,820.53,205.13,106.16,325.78,4
grid_05176,1173.68,293.42,216.9,326.25,4
grid_05177,301.71,75.43,3.57,123.87,4
grid_05178,562.75,140.69,121.17,165.18,4
grid_05179,330.58,82.65,68.02,106.1,4
grid_05180,289.2,72.3,68.02,75.37,4
grid_05181,454.08,113.52,76.73,190.15,4
grid_05182,664.43,166.11,106.1,236.5,4
grid_05183,824.99,206.25,153.25,245.08,4
grid_05184,766.49,191.62,146.89,260.24,4
grid_05185,823.75,205.94,153.25,260.24,4
grid_05186,400.57,100.14,70.82,148.2,4
grid_05187,419.32,104.83,75.37,131.67,4
grid_05188,482.85,120.71,67.49,183.52,4
grid_05189,1108.58,277.14,171.7,325.78,4
grid_05190,881.11,146.85,70.82,234.86,6
grid_05191,990.22,247.55,173.83,326.25,4
grid_05192,666.45,166.61,106.78,240.22,4
grid_05193,730.12,182.53,67.49,307.41,4
grid_05194,1210.99,302.75,255.28,326.25,4
grid_05195,1523.86,253.98,148.2,367.44,6
grid_05196,841.86,210.47,125.06,289.28,4
grid_05197,1093.9,273.47,234.86,367.44,4
grid_05198,1026.05,256.51,230.76,303.69,4
grid_05199,934.89,233.72,125.06,289.28,4
grid_05200,1038.45,259.61,183.52,307.41,4
grid_05201,1145.37,286.34,230.76,307.41,4
grid_05202,1173.34,293.33,244.01,317.28,4
grid_05203,1160.52,290.13,244.01,318.69,4
grid_05204,1046.56,261.64,230.76,298.34,4
grid_05205,1200.94,300.23,236.32,367.44,4
grid_05206,1209.46,302.37,280.33,321.17,4
grid_05207,1868.47,311.41,255.39,367.44,6
grid_05208,2044.91,511.23,434.41,574.1,4
grid_05209,1386.79,346.7,253.99,452.81,4
grid_05210,1719.19,429.8,260.29,574.1,4
grid_05211,2968.43,494.74,415.5,578.26,6
grid_05212,1916.91,479.23,394.96,574.1,4
grid_05213,1932.99,322.16,169.0,452.81,6
grid_05214,1764.52,441.13,363.03,574.1,4
grid_05215,2972.58,330.29,235.24,452.81,9
grid_05216,2235.63,372.6,235.24,459.16,6
grid_05217,2852.15,475.36,387.28,578.26,6
grid_05218,761.87,152.37,130.48,186.3,5
grid_05219,1956.44,326.07,238.58,415.0,6
grid_05220,965.98,241.49,181.42,318.08,4
grid_05221,1082.5,180.42,128.67,271.06,6
grid_05222,634.09,158.52,95.05,238.58,4
grid_05223,1123.6,280.9,254.06,311.05,4
grid_05224,517.93,129.48,114.17,138.86,4
grid_05225,603.33,150.83,114.17,186.3,4
grid_05226,919.72,229.93,166.63,311.05,4
grid_05227,926.85,231.71,131.46,302.75,4
grid_05228,971.68,242.92,217.63,263.0,4
grid_05229,1638.52,409.63,342.55,454.55,4
grid_05230,2144.53,357.42,214.48,471.79,6
grid_05231,1185.63,296.41,214.48,427.94,4
grid_05232,1231.74,307.93,258.5,389.1,4
grid_05233,1408.04,352.01,269.86,427.94,4
grid_05234,2907.28,484.55,432.42,556.69,6
grid_05235,1533.46,255.58,209.17,321.14,6
grid_05236,1553.86,258.98,222.38,338.54,6
grid_05237,1671.74,278.62,184.43,427.94,6
grid_05238,2876.23,319.58,203.01,438.94,9
grid_05239,1621.7,270.28,184.43,427.94,6
grid_05240,2525.13,420.86,335.51,482.7,6
grid_05241,1703.3,425.83,309.16,528.94,4
grid_05242,943.89,235.97,149.04,365.1,4
grid_05243,1991.82,331.97,226.56,405.5,6
grid_05244,1292.32,258.46,216.24,338.54,5
grid_05245,830.95,207.74,149.04,275.81,4
grid_05246,1418.14,354.53,295.54,451.98,4
grid_05247,936.9,234.23,202.91,275.81,4
grid_05248,709.19,177.3,95.05,294.98,4
grid_05249,1542.18,385.54,321.67,467.28,4
grid_05250,2096.96,419.39,321.67,513.44,5
grid_05251,1508.95,377.24,337.04,418.68,4
grid_05252,3162.71,527.12,394.96,658.1,6
grid_05253,1766.35,294.39,150.16,418.68,6
grid_05254,2952.67,492.11,379.08,658.1,6
grid_05255,1366.9,341.72,315.66,365.95,4
grid_05256,1174.02,195.67,111.55,337.04,6
grid_05257,453.9,113.48,95.05,150.16,4
grid_05258,1261.83,315.46,195.22,365.95,4
grid_05259,1948.36,487.09,319.79,658.1,4
grid_05260,2191.65,547.91,413.22,658.1,4
grid_05261,1336.2,334.05,315.66,379.08,4
grid_05262,836.44,139.41,111.55,195.22,6
grid_05263,490.04,122.51,97.14,164.77,4
grid_05264,993.54,248.38,158.19,363.62,4
grid_05265,2149.04,537.26,413.22,678.21,4
grid_05266,2222.61,555.65,319.79,678.21,4
grid_05267,1704.27,426.07,315.66,633.22,4
grid_05268,966.61,241.65,155.28,318.08,4
grid_05269,683.49,170.87,120.63,255.74,4
grid_05270,501.76,125.44,100.33,166.63,4
grid_05271,828.07,207.02,140.49,255.74,4
grid_05272,466.3,116.58,95.05,142.64,4
grid_05273,469.24,117.31,100.33,138.86,4
grid_05274,1011.33,168.55,115.87,271.06,6
grid_05275,705.94,176.49,131.46,254.06,4
grid_05276,549.62,137.4,70.18,222.2,4
grid_05277,618.65,154.66,126.77,177.78,4
grid_05278,1792.27,448.07,309.16,603.66,4
grid_05279,2107.53,351.25,212.46,569.17,6
grid_05280,796.3,199.08,149.04,233.16,4
grid_05281,874.33,218.58,202.91,233.16,4
grid_05282,799.25,199.81,149.04,226.56,4
grid_05283,941.93,235.48,216.24,263.52,4
grid_05284,1777.53,444.38,295.54,603.66,4
grid_05285,2244.25,561.06,466.23,684.97,4
grid_05286,3533.15,588.86,398.3,819.92,6
grid_05287,1923.94,384.79,212.46,569.17,5
grid_05288,1391.39,347.85,276.51,435.6,4
grid_05289,778.3,194.57,137.94,276.51,4
grid_05290,2317.7,579.42,466.23,683.86,4
grid_05291,1354.99,338.75,205.66,437.23,4
grid_05292,2368.24,592.06,435.6,862.2,4
grid_05293,581.84,145.46,116.58,169.2,4
grid_05294,763.26,127.21,106.03,158.19,6
grid_05295,2857.49,714.37,633.22,862.2,4
grid_05296,3171.28,792.82,683.86,862.2,4
grid_05297,907.98,151.33,106.03,195.2,6
grid_05298,1029.61,257.4,222.02,325.98,4
grid_05299,951.17,237.79,211.2,258.35,4
grid_05300,968.89,242.22,211.2,286.88,4
grid_05301,1086.93,271.73,222.02,325.98,4
grid_05302,3035.26,758.81,489.4,1193.82,4
grid_05303,4535.88,755.98,381.43,1193.82,6
grid_05304,1102.6,275.65,248.45,325.98,4
grid_05305,1100.95,275.24,248.45,328.67,4
grid_05306,1047.42,261.85,183.33,325.98,4
grid_05307,1454.9,363.73,286.88,457.13,4
grid_05308,389.03,97.26,62.79,143.22,4
grid_05309,360.07,90.02,62.83,128.75,4
grid_05310,616.6,154.15,81.28,234.77,4
grid_05311,2382.17,397.03,157.33,745.15,6
grid_05312,373.91,93.48,71.94,128.75,4
grid_05313,335.28,83.82,62.79,101.74,4
grid_05314,342.81,85.7,62.83,104.08,4
grid_05315,400.49,100.12,69.03,157.33,4
grid_05316,1853.77,308.96,92.85,626.26,6
grid_05317,286.04,71.51,62.79,81.28,4
grid_05318,4436.17,1109.04,603.79,2038.58,4
grid_05319,1713.22,285.54,199.54,341.05,6
grid_05320,3172.71,528.78,355.03,625.47,6
grid_05321,3607.13,601.19,511.29,938.17,6
grid_05322,2991.37,498.56,341.05,676.5,6
grid_05323,1546.02,257.67,216.96,294.72,6
grid_05324,1611.82,268.64,233.74,338.54,6
grid_05325,3230.19,358.91,216.96,676.5,9
grid_05326,1301.86,325.46,240.16,507.94,4
grid_05327,1887.93,471.98,277.17,676.5,4
grid_05328,4958.84,826.47,511.29,1113.46,6
grid_05329,5588.48,931.41,643.61,1113.46,6
grid_05330,1281.7,320.43,254.6,411.59,4
grid_05331,973.68,162.28,81.72,271.2,6
grid_05332,330.1,82.53,64.41,95.79,4
grid_05333,327.11,81.78,62.83,104.08,4
grid_05334,3359.57,671.91,344.31,1036.72,5
grid_05335,2477.07,619.27,344.98,1113.46,4
grid_05336,1806.87,301.15,221.62,375.37,6
grid_05337,1728.43,192.05,88.18,270.0,9
grid_05338,328.52,82.13,71.94,101.48,4
grid_05339,288.36,72.09,62.79,80.69,4
grid_05340,1206.71,201.12,101.48,401.78,6
grid_05341,1326.56,221.09,92.85,444.48,6
grid_05342,735.28,122.55,69.03,221.98,6
grid_05343,885.85,147.64,72.94,272.62,6
grid_05344,510.99,102.2,69.03,153.29,5
grid_05345,1138.71,189.79,80.69,401.78,6
grid_05346,1638.16,273.03,153.29,415.34,6
grid_05347,1223.53,305.88,221.98,391.64,4
grid_05348,2381.0,396.83,294.72,676.5,6
grid_05349,1638.91,409.73,255.69,524.58,4
grid_05350,1672.0,418.0,255.69,625.47,4
grid_05351,1491.06,372.77,290.24,507.94,4
grid_05352,1320.01,330.0,263.52,507.94,4
grid_05353,838.93,209.73,124.12,277.17,4
grid_05354,858.9,214.73,124.12,344.98,4
grid_05355,1049.1,262.27,181.95,308.79,4
grid_05356,1766.64,294.44,232.53,398.16,6
grid_05357,1411.77,352.94,232.53,507.94,4
grid_05358,812.4,135.4,88.18,201.49,6
grid_05359,3447.05,574.51,340.97,1036.72,6
grid_05360,3070.57,767.64,426.34,1113.46,4
grid_05361,967.33,161.22,95.79,294.22,6
grid_05362,1134.08,283.52,134.11,494.05,4
grid_05363,1241.91,310.48,201.49,450.72,4
grid_05364,1290.97,322.74,234.26,426.34,4
grid_05365,1315.59,328.9,160.95,494.05,4
grid_05366,1206.3,301.58,270.0,340.97,4
grid_05367,1667.76,277.96,195.13,315.45,6
grid_05368,1814.15,201.57,89.42,376.79,9
grid_05369,1651.64,412.91,272.62,585.6,4
grid_05370,1130.5,226.1,89.42,337.28,5
grid_05371,1732.32,433.08,294.22,585.6,4
grid_05372,1658.37,414.59,322.88,585.6,4
grid_05373,1335.58,333.9,283.78,391.64,4
grid_05374,1274.35,318.59,283.78,344.35,4
grid_05375,1556.43,389.11,330.93,433.37,4
grid_05376,2179.77,363.3,308.94,433.37,6
grid_05377,1840.13,460.03,358.25,585.6,4
grid_05378,1007.55,251.89,195.13,315.45,4
grid_05379,479.67,119.92,89.8,160.95,4
grid_05380,586.31,146.58,89.8,234.26,4
grid_05381,733.9,183.48,101.31,289.41,4
grid_05382,855.35,213.84,108.93,305.93,4
grid_05383,976.0,244.0,163.6,315.45,4
grid_05384,1418.13,236.35,151.08,315.45,6
grid_05385,1393.22,348.31,201.46,450.72,4
grid_05386,456.07,114.02,89.8,143.4,4
grid_05387,393.83,98.46,71.08,112.52,4
grid_05388,517.75,129.44,92.14,181.95,4
grid_05389,945.76,236.44,183.33,275.42,4
grid_05390,1427.12,237.85,183.16,281.2,6
grid_05391,765.85,191.46,119.54,281.2,4
grid_05392,999.67,249.92,213.88,280.13,4
grid_05393,445.19,111.3,92.14,134.11,4
grid_05394,847.25,211.81,140.14,280.13,4
grid_05395,424.31,106.08,92.14,128.06,4
grid_05396,434.11,108.53,92.14,119.54,4
grid_05397,718.38,179.6,140.14,213.88,4
grid_05398,2334.02,389.0,344.35,433.37,6
grid_05399,1256.91,314.23,283.78,330.57,4
grid_05400,1308.26,327.07,283.78,360.45,4
grid_05401,1417.82,354.45,247.49,433.37,4
grid_05402,1430.57,357.64,322.88,418.87,4
grid_05403,1634.33,408.58,358.25,445.56,4
grid_05404,1165.26,291.32,210.13,360.45,4
grid_05405,1301.28,325.32,269.33,418.87,4
grid_05406,1199.29,299.82,166.25,406.03,4
grid_05407,1373.59,343.4,260.56,418.87,4
grid_05408,1896.0,474.0,365.58,561.16,4
grid_05409,2831.94,707.98,614.5,846.04,4
grid_05410,1879.1,469.78,365.58,623.49,4
grid_05411,2013.54,503.39,450.96,561.16,4
grid_05412,2816.36,704.09,495.79,858.41,4
grid_05413,2253.92,563.48,504.84,669.62,4
grid_05414,2775.18,693.79,444.48,858.41,4
grid_05415,2454.51,613.63,495.79,719.1,4
grid_05416,2536.63,422.77,354.54,544.74,6
grid_05417,2530.5,632.62,518.29,719.1,4
grid_05418,2020.26,505.06,478.8,524.61,4
grid_05419,2548.19,637.05,493.02,902.79,4
grid_05420,1929.39,482.35,452.58,524.61,4
grid_05421,2000.01,500.0,367.87,697.98,4
grid_05422,4683.52,1170.88,693.59,1997.51,4
grid_05423,4162.28,1040.57,523.83,1997.51,4
grid_05424,2271.06,567.76,471.76,697.98,4
grid_05425,2242.52,560.63,478.8,738.15,4
grid_05426,2081.85,520.46,473.41,627.91,4
grid_05427,2540.01,635.0,501.74,713.61,4
grid_05428,2323.29,580.82,274.21,824.37,4
grid_05429,1062.29,265.57,250.97,284.63,4
grid_05430,1968.48,328.08,93.97,531.12,6
grid_05431,1189.7,297.42,211.07,368.45,4
grid_05432,932.27,233.07,211.07,257.24,4
grid_05433,1871.84,467.96,445.81,509.98,4
grid_05434,2497.36,624.34,274.21,1089.64,4
grid_05435,1629.37,407.34,352.94,462.16,4
grid_05436,2388.34,398.06,93.97,616.37,6
grid_05437,2941.12,735.28,404.98,1089.64,4
grid_05438,2034.1,508.52,423.35,561.16,4
grid_05439,2476.94,412.82,358.02,462.41,6
grid_05440,2289.41,572.35,465.98,669.62,4
grid_05441,3051.86,762.97,616.13,995.51,4
grid_05442,2252.89,563.22,296.27,858.41,4
grid_05443,1845.79,461.45,423.35,504.84,4
grid_05444,2758.81,689.7,648.96,721.12,4
grid_05445,3123.79,780.95,616.13,995.51,4
grid_05446,4443.79,740.63,506.21,1019.14,6
grid_05447,2733.12,455.52,358.02,568.98,6
grid_05448,5443.01,1360.75,1006.59,1997.51,4
grid_05449,2558.98,639.74,519.47,713.61,4
grid_05450,2779.06,694.76,501.74,842.42,4
grid_05451,4927.36,1231.84,738.15,1997.51,4
grid_05452,2037.88,509.47,358.02,697.98,4
grid_05453,2601.06,650.27,566.36,713.61,4
grid_05454,3794.88,948.72,690.1,1349.28,4
grid_05455,2847.66,711.91,624.35,842.42,4
grid_05456,3565.94,891.48,684.14,1349.28,4
grid_05457,1724.87,431.22,358.02,519.47,4
grid_05458,1114.89,278.72,211.07,368.45,4
grid_05459,1817.45,454.36,384.81,509.98,4
grid_05460,889.49,222.37,211.07,233.9,4
grid_05461,3066.01,511.0,404.98,617.92,6
grid_05462,1500.55,375.14,301.47,445.81,4
grid_05463,952.19,238.05,231.53,248.26,4
grid_05464,1733.72,433.43,384.81,476.84,4
grid_05465,3243.85,540.64,404.98,735.53,6
grid_05466,1110.68,277.67,233.9,327.06,4
grid_05467,2896.02,724.01,404.98,1006.59,4
grid_05468,3760.55,626.76,402.24,721.12,6
grid_05469,4719.34,786.56,615.6,1019.14,6
grid_05470,3174.55,529.09,402.24,679.88,6
grid_05471,2704.01,450.67,238.48,653.75,6
grid_05472,2412.7,482.54,418.12,559.37,5
grid_05473,1853.38,463.35,295.81,675.23,4
grid_05474,5371.86,596.87,439.07,772.09,9
grid_05475,2332.75,583.19,376.14,692.74,4
grid_05476,2965.89,741.47,588.66,1004.62,4
grid_05477,3261.44,815.36,559.37,1017.57,4
grid_05478,1434.59,358.65,301.47,421.25,4
grid_05479,4426.79,1106.7,735.53,1790.23,4
grid_05480,5152.54,858.76,450.82,1790.23,6
grid_05481,1171.94,292.99,241.1,355.53,4
grid_05482,1990.91,497.73,421.25,615.85,4
grid_05483,1606.83,401.71,327.06,502.99,4
grid_05484,1007.21,251.8,238.5,279.35,4
grid_05485,6320.14,1053.36,714.11,1790.23,6
grid_05486,8049.97,894.44,615.85,1790.23,9
grid_05487,3772.63,628.77,502.99,810.37,6
grid_05488,2207.75,551.94,408.3,713.61,4
grid_05489,3665.86,610.98,524.2,690.1,6
grid_05490,3315.81,552.64,433.88,663.19,6
grid_05491,3398.11,566.35,483.34,684.14,6
grid_05492,4677.38,779.56,576.03,1152.11,6
grid_05493,3184.35,530.73,408.3,598.29,6
grid_05494,3214.91,535.82,408.3,663.19,6
grid_05495,2237.51,559.38,433.88,720.63,4
grid_05496,2424.38,606.1,483.34,720.63,4
grid_05497,3990.68,798.14,614.24,1152.11,5
grid_05498,1548.29,387.07,295.81,506.21,4
grid_05499,3972.53,662.09,418.12,1017.57,6
grid_05500,1094.86,273.72,220.63,330.93,4
grid_05501,1517.77,379.44,178.95,588.66,4
grid_05502,2471.37,617.84,374.02,1004.62,4
grid_05503,3265.7,816.43,504.06,1017.57,4
grid_05504,3411.26,852.82,739.44,1017.57,4
grid_05505,1071.54,267.88,178.95,376.14,4
grid_05506,4666.28,777.71,554.68,1090.84,6
grid_05507,754.67,188.67,120.29,247.49,4
grid_05508,2566.35,641.59,406.63,862.2,4
grid_05509,2605.25,651.31,489.4,764.92,4
grid_05510,1276.92,319.23,205.66,437.23,4
grid_05511,740.1,185.03,137.94,227.41,4
grid_05512,615.78,153.94,131.29,169.2,4
grid_05513,5046.54,1261.64,764.92,2217.2,4
grid_05514,3084.82,771.21,406.63,1204.12,4
grid_05515,5715.46,1428.86,667.07,2217.2,4
grid_05516,1531.85,255.31,168.43,344.27,6
grid_05517,1118.8,279.7,169.1,378.03,4
grid_05518,283.14,70.78,49.28,100.01,4
grid_05519,572.93,143.23,113.51,169.2,4
grid_05520,678.64,169.66,111.27,240.22,4
grid_05521,477.84,119.46,101.75,150.79,4
grid_05522,631.58,105.26,67.51,132.75,6
grid_05523,492.54,123.14,83.93,179.83,4
grid_05524,465.41,116.35,101.75,133.59,4
grid_05525,583.83,145.96,113.51,189.87,4
grid_05526,398.52,99.63,67.51,128.78,4
grid_05527,539.35,134.84,100.01,179.83,4
grid_05528,1203.36,300.84,258.35,329.47,4
grid_05529,2015.21,503.8,329.47,672.26,4
grid_05530,6495.52,1623.88,667.07,2568.37,4
grid_05531,859.56,214.89,181.03,262.7,4
grid_05532,1035.31,258.83,232.51,274.63,4
grid_05533,1718.8,429.7,328.67,632.06,4
grid_05534,1297.38,324.35,265.47,428.61,4
grid_05535,7466.02,1244.34,381.43,2568.37,6
grid_05536,1357.82,339.45,274.63,428.61,4
grid_05537,923.3,230.82,181.03,284.46,4
grid_05538,1625.84,406.46,227.41,613.78,4
grid_05539,825.25,206.31,146.86,320.08,4
grid_05540,4100.74,1025.19,613.78,1575.26,4
grid_05541,14426.48,3606.62,2066.27,5571.84,4
grid_05542,2307.91,384.65,320.08,481.84,6
grid_05543,10568.41,2642.1,1204.12,5571.84,4
grid_05544,2210.33,552.58,378.03,707.59,4
grid_05545,1209.91,302.48,189.87,421.72,4
grid_05546,1715.06,428.77,344.27,510.93,4
grid_05547,2114.43,528.61,481.84,618.23,4
grid_05548,1291.66,215.28,171.0,280.13,6
grid_05549,586.85,146.71,113.14,183.16,4
grid_05550,534.3,133.58,109.3,158.2,4
grid_05551,1242.77,207.13,171.0,249.33,6
grid_05552,701.96,175.49,140.14,213.1,4
grid_05553,579.13,144.78,109.3,188.11,4
grid_05554,705.35,176.34,140.14,225.3,4
grid_05555,625.91,156.48,113.14,183.57,4
grid_05556,813.92,203.48,158.1,307.1,4
grid_05557,977.01,244.25,158.88,307.1,4
grid_05558,2753.15,688.29,602.97,845.85,4
grid_05559,13129.33,3282.33,2066.27,4571.18,4
grid_05560,2028.33,507.08,364.68,632.06,4
grid_05561,1081.49,270.37,232.51,289.89,4
grid_05562,12093.94,2015.66,672.26,3923.51,6
grid_05563,2729.77,682.44,330.69,950.25,4
grid_05564,1239.04,309.76,264.32,364.68,4
grid_05565,1091.71,272.93,225.3,296.22,4
grid_05566,11428.21,1904.7,845.85,3923.51,6
grid_05567,1562.67,390.67,264.32,602.97,4
grid_05568,826.22,206.56,132.75,280.33,4
grid_05569,574.77,143.69,116.57,163.91,4
grid_05570,803.35,133.89,117.04,172.92,6
grid_05571,653.42,163.35,150.79,179.83,4
grid_05572,520.61,130.15,118.31,141.48,4
grid_05573,538.12,134.53,116.57,144.47,4
grid_05574,608.98,152.24,128.78,179.83,4
grid_05575,746.16,186.54,133.59,278.23,4
grid_05576,1016.05,254.01,172.92,321.17,4
grid_05577,605.15,151.29,137.96,163.91,4
grid_05578,583.7,145.93,137.5,158.89,4
grid_05579,543.02,135.75,131.99,141.48,4
grid_05580,628.41,157.1,145.83,163.91,4
grid_05581,720.88,180.22,127.14,278.23,4
grid_05582,553.06,138.27,127.14,144.47,4
grid_05583,963.11,160.52,130.3,241.64,6
grid_05584,1164.35,291.09,241.64,335.44,4
grid_05585,585.92,146.48,136.92,159.79,4
grid_05586,1206.63,201.1,131.99,266.11,6
grid_05587,601.61,150.4,131.99,190.22,4
grid_05588,7152.67,1788.17,707.59,3861.76,4
grid_05589,2844.81,711.2,510.93,1008.06,4
grid_05590,18201.97,4550.49,1575.26,7193.11,4
grid_05591,1737.42,289.57,171.04,421.72,6
grid_05592,20787.56,5196.89,3451.44,7193.11,4
grid_05593,2067.67,413.53,255.45,503.44,5
grid_05594,16258.91,4064.73,2364.39,7193.11,4
grid_05595,1250.86,208.48,161.52,278.05,6
grid_05596,2706.47,676.62,503.44,998.76,4
grid_05597,14712.46,3678.12,1228.27,7193.11,4
grid_05598,677.76,169.44,140.11,195.87,4
grid_05599,605.81,151.45,140.11,158.2,4
grid_05600,662.19,165.55,153.83,183.57,4
grid_05601,1127.32,187.89,158.1,249.33,6
grid_05602,829.38,207.35,140.11,331.65,4
grid_05603,875.43,218.86,158.1,307.1,4
grid_05604,650.09,162.52,140.11,194.39,4
grid_05605,882.68,220.67,153.83,367.88,4
grid_05606,1371.8,228.63,158.1,367.88,6
grid_05607,979.37,244.84,174.12,307.1,4
grid_05608,798.86,199.71,174.19,234.65,4
grid_05609,999.09,249.77,192.94,288.59,4
grid_05610,741.18,185.3,174.19,197.07,4
grid_05611,747.47,186.87,163.42,214.14,4
grid_05612,1036.31,259.08,231.02,282.91,4
grid_05613,925.4,231.35,197.07,260.01,4
grid_05614,1008.59,252.15,231.02,282.91,4
grid_05615,823.75,205.94,163.42,256.44,4
grid_05616,834.63,208.66,188.68,233.67,4
grid_05617,1339.76,334.94,240.94,455.06,4
grid_05618,1610.05,268.34,163.42,349.6,6
grid_05619,1329.52,332.38,264.74,420.11,4
grid_05620,1998.52,499.63,312.83,632.67,4
grid_05621,1784.64,446.16,378.8,540.01,4
grid_05622,1655.53,413.88,310.97,540.01,4
grid_05623,1481.8,370.45,310.97,443.68,4
grid_05624,1569.58,392.4,295.07,475.6,4
grid_05625,2296.47,574.12,475.6,678.11,4
grid_05626,1789.41,447.35,349.6,524.36,4
grid_05627,3160.73,790.18,443.68,1351.22,4
grid_05628,2351.2,391.87,231.02,618.91,6
grid_05629,1780.73,356.15,233.67,618.91,5
grid_05630,1957.27,326.21,231.02,585.99,6
grid_05631,2070.29,345.05,240.94,455.06,6
grid_05632,1001.0,250.25,215.21,272.35,4
grid_05633,1029.11,257.28,215.21,307.88,4
grid_05634,1883.87,470.97,328.9,585.99,4
grid_05635,2415.26,402.54,297.01,618.91,6
grid_05636,1771.19,442.8,328.9,557.83,4
grid_05637,2021.01,505.25,404.96,618.91,4
grid_05638,3215.98,803.99,414.32,1351.22,4
grid_05639,2639.2,659.8,414.32,1006.76,4
grid_05640,2064.75,344.12,256.44,495.33,6
grid_05641,2022.83,505.71,420.11,602.76,4
grid_05642,2923.67,487.28,398.62,560.54,6
grid_05643,5938.52,1484.63,733.16,2123.52,4
grid_05644,3557.87,592.98,503.82,701.51,6
grid_05645,5898.84,1474.71,1006.76,2123.52,4
grid_05646,4996.64,832.77,549.01,1417.33,6
grid_05647,3498.96,388.77,256.99,560.54,9
grid_05648,78.37,78.37,78.37,78.37,1
grid_05649,210.05,105.03,78.37,131.68,2
grid_05650,227.18,75.73,13.65,155.15,3
grid_05651,619.12,154.78,78.37,216.57,4
grid_05652,13.65,13.65,13.65,13.65,1
grid_05653,460.21,230.11,155.15,305.06,2
grid_05654,608.64,152.16,8.64,305.06,4
grid_05655,979.31,244.83,216.57,305.06,4
grid_05656,1220.3,203.38,13.65,405.64,6
grid_05657,31.81,31.81,31.81,31.81,1
grid_05658,606.82,151.7,31.12,252.61,4
grid_05659,2978.36,496.39,273.35,931.53,6
grid_05660,1071.45,267.86,148.15,397.34,4
grid_05661,337.73,112.58,31.12,174.94,3
grid_05662,4738.46,789.74,397.34,2316.89,6
grid_05663,5255.67,1313.92,475.0,2316.89,4
grid_05664,1412.13,353.03,252.61,482.68,4
grid_05665,925.31,231.33,174.94,279.5,4
grid_05666,717.37,179.34,131.68,218.25,4
grid_05667,9678.15,1613.03,770.35,2316.89,6
grid_05668,1973.32,328.89,256.99,476.47,6
grid_05669,2078.52,346.42,272.35,476.47,6
grid_05670,1973.59,493.4,408.03,596.57,4
grid_05671,1268.46,317.11,263.05,409.83,4
grid_05672,1589.17,397.29,297.01,477.37,4
grid_05673,2481.91,620.48,553.24,774.27,4
grid_05674,1701.5,425.38,404.96,477.37,4
grid_05675,1073.44,268.36,174.32,337.5,4
grid_05676,2375.83,593.96,408.03,802.37,4
grid_05677,1405.27,351.32,263.05,442.34,4
grid_05678,3098.43,516.4,405.84,602.76,6
grid_05679,8129.13,1354.86,770.35,2123.52,6
grid_05680,6700.13,1116.69,590.14,2123.52,6
grid_05681,1871.33,467.83,406.1,549.01,4
grid_05682,1553.22,388.31,370.14,405.84,4
grid_05683,3606.5,721.3,406.1,1417.33,5
grid_05684,1918.84,319.81,174.32,398.62,6
grid_05685,1692.21,423.05,370.14,503.82,4
grid_05686,1377.74,344.44,250.3,378.68,4
grid_05687,2934.46,733.61,580.95,795.6,4
grid_05688,8504.15,944.91,306.04,2316.89,9
grid_05689,1938.86,323.14,205.02,482.68,6
grid_05690,1502.35,250.39,205.02,282.26,6
grid_05691,1443.12,240.52,192.5,282.26,6
grid_05692,1088.73,272.18,205.02,363.47,4
grid_05693,878.71,219.68,184.48,255.88,4
grid_05694,3107.11,517.85,306.04,1033.13,6
grid_05695,857.57,214.39,194.8,243.55,4
grid_05696,2870.05,717.51,485.62,1033.13,4
grid_05697,1224.52,306.13,214.2,398.16,4
grid_05698,3145.82,786.45,590.14,972.52,4
grid_05699,1386.79,231.13,143.1,378.62,6
grid_05700,2062.52,515.63,406.1,626.14,4
grid_05701,2594.9,648.72,406.1,972.52,4
grid_05702,1779.1,444.77,370.14,617.87,4
grid_05703,4254.75,1063.69,626.14,1821.88,4
grid_05704,1054.0,263.5,134.48,378.68,4
grid_05705,3092.7,773.17,568.99,1155.21,4
grid_05706,4737.17,1184.29,787.56,1821.88,4
grid_05707,1025.5,170.92,134.48,250.3,6
grid_05708,1140.61,228.12,192.5,255.88,5
grid_05709,451.1,150.37,13.65,405.64,3
grid_05710,900.45,225.11,155.15,305.06,4
grid_05711,793.21,158.64,31.81,207.39,5
grid_05712,2599.54,288.84,207.55,405.64,9
grid_05713,1227.04,204.51,179.34,232.69,6
grid_05714,1307.78,217.96,179.34,255.88,6
grid_05715,1414.75,235.79,31.81,405.64,6
grid_05716,1256.27,209.38,187.87,232.69,6
grid_05717,864.68,216.17,155.91,333.43,4
grid_05718,26.71,26.71,26.71,26.71,1
grid_05719,528.09,176.03,26.71,333.43,3
grid_05720,2333.68,583.42,62.88,1390.81,4
grid_05721,991.25,247.81,2.0,725.68,4
grid_05722,2055.47,513.87,154.31,1390.81,4
grid_05723,899.87,179.97,26.71,353.07,5
grid_05724,1071.04,178.51,26.71,333.43,6
grid_05725,939.69,234.92,124.76,353.07,4
grid_05726,3140.96,785.24,459.34,1390.81,4
grid_05727,1940.23,323.37,123.31,725.68,6
grid_05728,2466.17,616.54,196.53,1082.03,4
grid_05729,730.59,182.65,179.34,186.18,4
grid_05730,741.69,185.42,179.34,192.01,4
grid_05731,964.75,241.19,180.13,333.43,4
grid_05732,827.45,206.86,189.74,226.24,4
grid_05733,2266.55,377.76,219.46,906.82,6
grid_05734,1729.75,432.44,196.53,1082.03,4
grid_05735,3527.21,587.87,226.24,1420.91,6
grid_05736,745.53,186.38,180.59,191.18,4
grid_05737,5283.42,1320.86,906.82,1873.66,4
grid_05738,890.8,222.7,125.74,341.12,4
grid_05739,868.89,217.22,191.84,258.8,4
grid_05740,755.63,188.91,180.59,192.01,4
grid_05741,3540.62,885.15,243.8,1873.66,4
grid_05742,3288.4,548.07,258.8,1420.91,6
grid_05743,800.16,200.04,191.18,211.17,4
grid_05744,4502.54,1125.63,543.0,1873.66,4
grid_05745,1046.14,261.54,125.74,398.84,4
grid_05746,958.32,239.58,191.84,296.51,4
grid_05747,783.82,195.96,187.57,205.97,4
grid_05748,2556.13,639.03,247.12,1390.81,4
grid_05749,645.38,161.34,124.76,214.75,4
grid_05750,901.05,225.26,214.75,247.12,4
grid_05751,1427.4,356.85,200.69,565.13,4
grid_05752,1535.78,255.96,200.69,459.34,6
grid_05753,1231.31,307.83,202.24,565.13,4
grid_05754,743.29,185.82,125.74,222.36,4
grid_05755,748.02,187.01,168.63,202.24,4
grid_05756,805.25,201.31,176.47,216.82,4
grid_05757,1301.28,216.88,168.63,289.03,6
grid_05758,295.08,147.54,19.78,275.3,2
grid_05759,630.92,157.73,19.78,275.3,4
grid_05760,1028.0,342.67,275.3,390.54,3
grid_05761,1108.77,277.19,212.53,390.54,4
grid_05762,1526.97,381.74,362.16,399.91,4
grid_05763,630.83,630.83,630.83,630.83,1
grid_05764,1350.77,337.69,155.38,433.32,4
grid_05765,1229.84,307.46,10.31,630.83,4
grid_05766,1284.32,321.08,230.39,390.54,4
grid_05767,1429.42,357.35,289.03,460.07,4
grid_05768,3278.59,819.65,341.12,1873.66,4
grid_05769,901.79,225.45,205.97,271.68,4
grid_05770,5393.26,1348.31,398.84,3363.27,4
grid_05771,1151.56,287.89,211.17,372.2,4
grid_05772,2022.12,505.53,180.44,966.18,4
grid_05773,813.42,203.36,195.38,212.98,4
grid_05774,7042.08,1760.52,543.0,3363.27,4
grid_05775,4653.65,775.61,296.51,2470.84,6
grid_05776,9575.57,1595.93,372.2,4881.76,6
grid_05777,14497.73,3624.43,2470.84,4881.76,4
grid_05778,1074.18,268.55,180.44,476.67,4
grid_05779,843.61,210.9,194.71,222.36,4
grid_05780,822.72,205.68,194.71,217.87,4
grid_05781,1046.17,174.36,150.64,200.62,6
grid_05782,737.25,184.31,150.64,209.72,4
grid_05783,1162.61,232.52,168.63,305.95,5
grid_05784,1420.09,355.02,194.71,530.84,4
grid_05785,1240.06,310.01,182.18,530.84,4
grid_05786,1213.3,202.22,150.64,327.34,6
grid_05787,936.36,234.09,150.64,327.34,4
grid_05788,9251.95,2312.99,966.18,3781.85,4
grid_05789,1418.26,354.57,271.68,412.57,4
grid_05790,934.7,233.67,195.38,269.44,4
grid_05791,1103.37,275.84,212.98,361.82,4
grid_05792,3114.34,778.58,476.67,1140.65,4
grid_05793,9966.59,1661.1,412.57,4881.76,6
grid_05794,1597.2,399.3,361.82,428.25,4
grid_05795,1311.63,327.91,256.9,394.56,4
grid_05796,1075.67,268.92,250.97,298.35,4
grid_05797,2373.04,593.26,309.17,1140.65,4
grid_05798,2251.04,562.76,374.36,1016.7,4
grid_05799,3254.51,813.63,433.32,1494.74,4
grid_05800,3682.42,920.61,318.85,1494.74,4
grid_05801,2545.55,636.39,399.91,1016.7,4
grid_05802,2810.64,702.66,376.19,1016.7,4
grid_05803,9376.88,2344.22,1238.0,3739.54,4
grid_05804,1372.37,343.09,230.15,460.07,4
grid_05805,8193.31,2048.33,695.62,3739.54,4
grid_05806,4933.4,1233.35,695.62,2263.4,4
grid_05807,4039.42,1009.85,376.19,1746.88,4
grid_05808,2028.09,507.02,33.65,1238.0,4
grid_05809,5416.25,1354.06,437.58,2904.59,4
grid_05810,1572.09,393.02,8.35,836.07,4
grid_05811,1069.13,356.38,108.88,792.54,3
grid_05812,11036.29,2759.07,836.07,4376.2,4
grid_05813,6251.3,1041.88,108.88,2919.44,6
grid_05814,167.71,167.71,167.71,167.71,1
grid_05815,15040.12,3760.03,2919.44,4376.2,4
grid_05816,13045.46,2174.24,792.54,3510.82,6
grid_05817,3206.09,801.52,87.1,2158.74,4
grid_05818,6480.32,1620.08,392.37,3781.85,4
grid_05819,12421.58,3105.39,1165.45,4881.76,4
grid_05820,5339.54,889.92,428.25,2592.51,6
grid_05821,1003.04,250.76,212.99,298.35,4
grid_05822,2336.16,584.04,319.07,1165.45,4
grid_05823,1369.43,342.36,309.17,392.37,4
grid_05824,4729.68,1182.42,459.27,2592.51,4
grid_05825,1289.49,322.37,240.72,394.56,4
grid_05826,1704.96,426.24,355.86,526.29,4
grid_05827,3258.78,543.13,439.17,708.37,6
grid_05828,955.23,238.81,200.62,305.95,4
grid_05829,858.42,214.61,182.18,257.95,4
grid_05830,3346.4,836.6,182.18,1586.37,4
grid_05831,2160.05,540.01,182.18,1319.9,4
grid_05832,2154.74,538.69,218.51,939.77,4
grid_05833,3541.07,885.27,257.95,1586.37,4
grid_05834,3932.67,655.44,164.77,1369.4,6
grid_05835,8399.21,1399.87,766.31,1907.1,6
grid_05836,6403.63,1600.91,1369.4,1834.31,4
grid_05837,7178.74,1794.69,766.31,3565.56,4
grid_05838,7925.36,1981.34,957.67,2957.4,4
grid_05839,2504.77,626.19,230.15,958.67,4
grid_05840,12889.21,3222.3,2263.4,3928.86,4
grid_05841,14949.19,3737.3,2904.59,4376.2,4
grid_05842,7011.49,1752.87,958.67,2535.27,4
grid_05843,10381.22,2595.3,1746.88,3141.66,4
grid_05844,13949.54,3487.38,2957.4,3928.86,4
grid_05845,16460.34,4115.08,3921.61,4376.2,4
grid_05846,7234.67,1808.67,939.77,3565.56,4
grid_05847,11106.4,2776.6,1301.02,4233.67,4
grid_05848,959.71,239.93,212.99,274.47,4
grid_05849,1245.63,311.41,240.72,374.57,4
grid_05850,1543.08,385.77,319.07,459.27,4
grid_05851,1978.47,494.62,429.34,577.42,4
grid_05852,2404.27,480.85,355.86,708.37,5
grid_05853,1351.58,337.89,319.07,348.81,4
grid_05854,3319.83,829.96,577.42,1112.59,4
grid_05855,1046.16,261.54,231.53,301.66,4
grid_05856,3518.46,586.41,374.57,1112.59,6
grid_05857,2601.31,650.33,429.34,921.45,4
grid_05858,6045.83,1511.46,1305.25,1834.31,4
grid_05859,3322.24,830.56,348.29,1319.9,4
grid_05860,3705.67,926.42,348.29,1623.84,4
grid_05861,7903.17,1975.79,1613.54,2290.11,4
grid_05862,7053.51,1763.38,1305.25,2290.11,4
grid_05863,10542.11,2635.53,1907.1,3565.56,4
grid_05864,11349.71,1891.62,1613.54,2165.2,6
grid_05865,9035.83,2258.96,428.29,5158.76,4
grid_05866,12064.6,3016.15,2165.2,4208.41,4
grid_05867,13281.12,3320.28,1623.84,5158.76,4
grid_05868,1626.05,406.51,335.41,514.07,4
grid_05869,1355.58,338.89,274.47,404.88,4
grid_05870,1951.91,487.98,335.41,673.09,4
grid_05871,1129.75,282.44,238.5,310.24,4
grid_05872,1385.19,346.3,301.66,404.88,4
grid_05873,3361.29,840.32,428.29,1824.94,4
grid_05874,3325.5,554.25,368.42,1112.59,6
grid_05875,3321.59,830.4,578.68,1112.59,4
grid_05876,3128.52,782.13,673.09,921.45,4
grid_05877,2606.25,651.56,514.07,825.1,4
grid_05878,10900.63,2725.16,1650.1,3921.61,4
grid_05879,11483.11,2870.78,1770.67,3565.56,4
grid_05880,8965.37,2241.34,1530.11,3129.31,4
grid_05881,9394.3,2348.58,1530.11,3141.66,4
grid_05882,13611.64,3402.91,3017.57,4432.65,4
grid_05883,5871.51,1467.88,1012.67,2187.26,4
grid_05884,9733.72,2433.43,641.65,4432.65,4
grid_05885,5380.5,1345.12,641.65,2187.26,4
grid_05886,4344.97,1086.24,381.18,1650.1,4
grid_05887,18863.24,4715.81,3032.11,6485.6,4
grid_05888,10569.39,2642.35,2051.88,3032.11,4
grid_05889,14552.9,2425.48,1955.46,3400.88,6
grid_05890,13815.94,3453.98,1824.94,5158.76,4
grid_05891,17005.31,4251.33,3400.88,5483.84,4
grid_05892,17660.44,4415.11,3912.17,5158.76,4
grid_05893,17041.91,4260.48,2467.83,6485.6,4
grid_05894,22680.74,3780.12,2467.83,5483.84,6
grid_05895,18371.15,4592.79,3055.75,5919.39,4
grid_05896,27415.59,6853.9,5056.36,8546.43,4
grid_05897,13528.26,3382.07,2179.25,4381.1,4
grid_05898,4775.35,1193.84,708.87,1660.2,4
grid_05899,4672.38,1168.09,593.99,1672.09,4
grid_05900,2978.86,496.48,368.42,647.74,6
grid_05901,2079.81,346.64,279.35,404.71,6
grid_05902,1400.1,350.02,310.24,396.2,4
grid_05903,3595.48,898.87,578.68,1660.2,4
grid_05904,6542.16,1635.54,593.99,2451.14,4
grid_05905,36120.58,6020.1,1581.19,10153.07,6
grid_05906,43090.03,7181.67,1581.19,11328.22,6
grid_05907,12692.71,1410.3,396.2,4175.48,9
grid_05908,167.71,167.71,167.71,167.71,1
grid_05909,9796.54,2449.14,751.03,4233.67,4
grid_05910,12592.93,2098.82,751.03,3510.82,6
grid_05911,4160.5,1040.13,87.1,2158.74,4
grid_05912,459.88,229.94,87.1,372.77,2
grid_05913,7536.58,1256.1,474.13,2270.82,6
grid_05914,278.4,139.2,118.35,160.05,2
grid_05915,2907.37,726.84,381.18,1301.02,4
grid_05916,3128.58,782.14,372.77,1541.88,4
grid_05917,941.67,313.89,160.05,408.84,3
grid_05918,2358.93,589.73,408.84,805.08,4
grid_05919,6331.39,1266.28,381.18,2173.6,5
grid_05920,7367.11,1227.85,474.13,2173.6,6
grid_05921,1987.21,496.8,118.35,1143.3,4
grid_05922,1554.23,388.56,160.05,565.51,4
grid_05923,16850.07,2808.35,1495.49,4279.99,6
grid_05924,4220.82,1055.2,565.51,1281.14,4
grid_05925,3377.34,844.34,419.83,1298.06,4
grid_05926,6601.37,1650.34,725.18,3082.64,4
grid_05927,3150.48,787.62,419.83,1230.87,4
grid_05928,1646.85,548.95,118.35,1143.3,3
grid_05929,4313.16,1078.29,385.2,1503.52,4
grid_05930,989.32,989.32,989.32,989.32,1
grid_05931,2492.84,1246.42,989.32,1503.52,2
grid_05932,7502.35,1875.59,74.85,3791.58,4
grid_05933,6020.12,1505.03,1281.14,1659.51,4
grid_05934,6798.96,1699.74,989.32,2646.61,4
grid_05935,4269.39,2134.7,477.81,3791.58,2
grid_05936,9213.12,2303.28,1659.51,2884.63,4
grid_05937,7365.68,1841.42,1575.95,2107.84,4
grid_05938,5688.01,1422.0,1230.87,1600.04,4
grid_05939,5734.83,1433.71,934.28,1972.33,4
grid_05940,37912.86,6318.81,3082.64,13457.86,6
grid_05941,5295.35,1323.84,934.28,1600.04,4
grid_05942,10472.7,2618.18,1298.06,4119.67,4
grid_05943,15349.18,2558.2,1530.16,4324.1,6
grid_05944,110173.55,12241.51,4119.67,19513.02,9
grid_05945,19917.87,3319.64,1530.16,8591.63,6
grid_05946,27239.1,4539.85,1972.33,9130.75,6
grid_05947,15918.66,3183.73,1575.95,8591.63,5
grid_05948,61830.15,10305.03,2043.19,22169.79,6
grid_05949,44389.25,11097.31,3542.77,21937.35,4
grid_05950,57022.88,14255.72,4324.1,22169.79,4
grid_05951,99728.96,16621.49,9130.75,22733.87,6
grid_05952,38265.32,9566.33,3542.77,14585.03,4
grid_05953,88476.55,22119.14,18439.1,25863.71,4
grid_05954,76604.18,19151.04,14585.03,21937.35,4
grid_05955,85832.39,21458.1,19721.3,22169.79,4
grid_05956,61416.53,15354.13,11006.77,20360.49,4
grid_05957,103123.82,17187.3,11006.77,22733.87,6
grid_05958,17472.0,3494.4,477.81,7065.93,5
grid_05959,16388.74,4097.19,2646.61,7065.93,4
grid_05960,58877.64,6541.96,629.78,12129.73,9
grid_05961,51483.89,8580.65,2884.63,15179.72,6
grid_05962,55934.86,9322.48,2022.38,18439.1,6
grid_05963,50602.64,8433.77,2022.38,18154.45,6
grid_05964,53885.35,13471.34,6977.61,19598.28,4
grid_05965,82040.05,20510.01,18154.45,25863.71,4
grid_05966,72515.25,18128.81,15179.72,19598.28,4
grid_05967,45261.49,11315.37,6908.57,19598.28,4
grid_05968,629.78,629.78,629.78,629.78,1
grid_05969,8736.74,2912.25,629.78,4590.56,3
grid_05970,76677.3,12779.55,4590.56,23384.65,6
grid_05971,27975.21,13987.6,4590.56,23384.65,2
grid_05972,103101.57,17183.6,6977.61,23384.65,6
grid_05973,14358.16,7179.08,6090.38,8267.78,2
grid_05974,58838.42,14709.6,6090.38,23384.65,4
grid_05975,61605.84,12321.17,5092.45,21095.61,5
grid_05976,20097.8,5024.45,880.3,8267.78,4
grid_05977,7643.84,2547.95,880.3,4819.19,3
grid_05978,91503.85,15250.64,11773.96,19456.45,6
grid_05979,75255.07,18813.77,17108.26,20360.49,4
grid_05980,82667.02,20666.75,17108.26,23833.5,4
grid_05981,70165.88,17541.47,15464.24,20360.49,4
grid_05982,96946.52,24236.63,22003.95,25863.71,4
grid_05983,48643.92,8107.32,1108.73,16276.14,6
grid_05984,40209.07,10052.27,1644.07,18065.01,4
grid_05985,48900.02,12225.01,3391.73,23833.5,4
grid_05986,37093.95,9273.49,1108.73,18065.01,4
grid_05987,57692.43,14423.11,4047.04,25245.36,4
grid_05988,66250.02,16562.5,6908.57,20160.36,4
grid_05989,90852.23,22713.06,19582.8,25863.71,4
grid_05990,48466.68,8077.78,2124.81,18271.19,6
grid_05991,33233.95,8308.49,2124.81,20160.36,4
grid_05992,53492.96,13373.24,4040.21,25245.36,4
grid_05993,23765.42,3960.9,2124.81,5092.45,6
grid_05994,12294.46,3073.62,1399.67,4047.04,4
grid_05995,12477.36,3119.34,2124.81,4040.21,4
grid_05996,22069.67,3678.28,2496.14,4402.92,6
grid_05997,11680.61,2920.15,2130.66,3504.8,4
grid_05998,40863.48,10215.87,5369.56,21095.61,4
grid_05999,19737.59,4934.4,4402.92,5369.56,4
grid_06000,21451.88,5362.97,4819.19,6130.53,4
grid_06001,16182.6,4045.65,1944.35,4963.77,4
grid_06002,21911.15,5477.79,4872.66,6130.53,4
grid_06003,16451.62,4112.91,2496.14,4872.66,4
grid_06004,19811.18,4952.79,4679.91,5538.4,4
grid_06005,20157.68,5039.42,4720.21,5538.4,4
grid_06006,17579.09,4394.77,3224.72,4963.77,4
grid_06007,14300.29,3575.07,2496.14,4679.91,4
grid_06008,6617.5,1654.38,641.65,2911.15,4
grid_06009,6142.31,1535.58,1012.67,2064.94,4
grid_06010,12898.32,3224.58,641.65,4912.88,4
grid_06011,5265.77,1316.44,381.18,2064.94,4
grid_06012,24593.77,6148.44,4648.86,8546.43,4
grid_06013,9748.13,2437.03,2043.23,2911.15,4
grid_06014,14952.94,3738.23,2480.05,4912.88,4
grid_06015,8645.52,2161.38,2043.23,2313.7,4
grid_06016,10375.57,2593.89,1806.99,4279.99,4
grid_06017,23386.84,4677.37,3275.73,8546.43,5
grid_06018,1891.53,378.31,322.52,479.89,5
grid_06019,31016.63,5169.44,647.74,11328.22,6
grid_06020,2395.73,399.29,322.52,509.91,6
grid_06021,22189.9,3698.32,1672.09,9106.58,6
grid_06022,20870.9,5217.73,769.46,10153.07,4
grid_06023,21159.11,5289.78,769.46,10153.07,4
grid_06024,8310.3,1385.05,396.76,4048.31,6
grid_06025,1890.64,472.66,322.52,560.36,4
grid_06026,16001.4,4000.35,1079.9,9156.68,4
grid_06027,13243.88,3310.97,841.79,9106.58,4
grid_06028,15551.48,2591.91,1976.89,4381.1,6
grid_06029,32571.19,5428.53,3760.18,7327.2,6
grid_06030,18990.08,3165.01,2183.9,5919.39,6
grid_06031,13601.08,2266.85,1942.21,3055.75,6
grid_06032,9393.85,1878.77,1027.64,2267.87,5
grid_06033,30419.82,3802.48,1406.07,7327.2,8
grid_06034,20910.65,5227.66,1664.28,8546.43,4
grid_06035,8718.46,2179.62,1958.39,2513.23,4
grid_06036,8105.29,2026.32,1942.21,2183.9,4
grid_06037,5735.93,1433.98,745.28,2020.8,4
grid_06038,1729.85,432.46,322.52,527.87,4
grid_06039,3276.0,819.0,661.28,1027.64,4
grid_06040,2900.59,725.15,628.05,841.79,4
grid_06041,3078.95,769.74,601.54,1079.9,4
grid_06042,2307.09,576.77,527.87,640.77,4
grid_06043,4021.54,1005.39,601.54,1716.51,4
grid_06044,4616.27,769.38,396.76,1716.51,6
grid_06045,2044.48,511.12,396.76,578.09,4
grid_06046,2718.83,679.71,601.54,753.28,4
grid_06047,3477.18,869.29,578.09,1234.79,4
grid_06048,22890.88,3815.15,2313.7,7132.01,6
grid_06049,21437.62,3572.94,2381.06,5108.85,6
grid_06050,14765.26,3691.32,2223.65,6752.7,4
grid_06051,26714.2,6678.55,2223.65,13457.86,4
grid_06052,16867.62,5622.54,3275.73,8189.74,3
grid_06053,33098.64,6619.73,3475.21,11344.04,5
grid_06054,22612.84,5653.21,3275.73,8189.74,4
grid_06055,64765.68,10794.28,3475.21,21702.61,6
grid_06056,94919.36,15819.89,6752.7,21702.61,6
grid_06057,37743.54,9435.88,5110.34,19041.31,4
grid_06058,7212.16,3606.08,1810.01,5402.15,2
grid_06059,9547.54,1909.51,1406.07,2513.23,5
grid_06060,7851.9,1962.98,1723.71,2149.01,4
grid_06061,6080.62,1520.15,745.28,2020.8,4
grid_06062,15846.81,3961.7,1810.01,5402.15,4
grid_06063,13901.31,2316.89,1755.29,3216.13,6
grid_06064,11912.11,2382.42,1755.29,3524.31,5
grid_06065,4329.89,1082.47,661.28,1590.83,4
grid_06066,14386.21,2397.7,1762.6,3216.13,6
grid_06067,7000.93,1750.23,1365.61,2149.01,4
grid_06068,81630.34,20407.59,18059.79,22733.87,4
grid_06069,42152.5,10538.12,6038.53,15306.33,4
grid_06070,42733.18,10683.3,6038.53,19041.31,4
grid_06071,66412.77,16603.19,11344.04,21702.61,4
grid_06072,74157.89,18539.47,13907.79,22733.87,4
grid_06073,59744.24,14936.06,12470.33,18059.79,4
grid_06074,36681.81,9170.45,4571.69,19041.31,4
grid_06075,48083.63,12020.91,7958.47,19041.31,4
grid_06076,48860.52,12215.13,9463.61,15306.33,4
grid_06077,37307.63,9326.91,4716.52,12470.33,4
grid_06078,6006.66,1501.66,1326.51,1723.71,4
grid_06079,4982.64,1245.66,732.81,1590.83,4
grid_06080,11340.69,2835.17,1891.42,3524.31,4
grid_06081,16371.75,4092.94,3165.4,5110.34,4
grid_06082,3125.86,781.46,444.54,1326.51,4
grid_06083,10147.61,2536.9,1419.17,3671.63,4
grid_06084,3838.2,959.55,524.08,1365.61,4
grid_06085,15607.61,3901.9,3165.4,4571.69,4
grid_06086,9428.0,1571.33,706.22,2607.49,6
grid_06087,4358.51,1089.63,524.08,1762.6,4
grid_06088,21104.96,5276.24,4198.89,7958.47,4
grid_06089,58900.91,14725.23,11773.96,19456.45,4
grid_06090,28671.15,7167.79,4375.91,11620.25,4
grid_06091,48641.37,12160.34,8500.53,13907.79,4
grid_06092,18112.64,4528.16,2277.26,8500.53,4
grid_06093,30901.99,7725.5,2413.03,13762.72,4
grid_06094,13467.34,3366.83,2097.65,4716.52,4
grid_06095,13317.82,3329.46,2097.65,4375.91,4
grid_06096,27294.61,6823.65,2413.03,13762.72,4
grid_06097,7135.97,1783.99,942.58,2618.33,4
grid_06098,5581.75,930.29,442.22,1419.17,6
grid_06099,9463.1,2365.77,1340.44,3671.63,4
grid_06100,1807.98,452.0,330.11,622.01,4
grid_06101,1782.01,445.5,330.11,622.01,4
grid_06102,2004.31,501.08,331.79,706.22,4
grid_06103,13547.75,3386.94,2645.37,4198.89,4
grid_06104,1191.92,297.98,257.38,331.79,4
grid_06105,4380.21,730.04,339.04,1340.44,6
grid_06106,1272.3,318.07,257.38,385.36,4
grid_06107,6164.97,1541.24,808.02,3031.86,4
grid_06108,7473.41,1868.35,808.02,3031.86,4
grid_06109,1385.69,346.42,272.64,442.22,4
grid_06110,992.16,248.04,230.47,272.64,4
grid_06111,1083.58,270.89,231.67,299.45,4
grid_06112,2920.08,730.02,546.77,984.65,4
grid_06113,3020.12,755.03,546.77,988.15,4
grid_06114,1171.82,292.95,230.47,339.04,4
grid_06115,3492.17,582.03,329.68,984.65,6
grid_06116,2829.31,471.55,329.68,616.9,6
grid_06117,2218.28,554.57,487.67,677.18,4
grid_06118,7823.14,1955.79,988.15,2645.37,4
grid_06119,8096.26,2024.07,966.89,2952.28,4
grid_06120,7764.68,1941.17,1297.8,2277.26,4
grid_06121,6940.83,1735.21,942.58,2618.33,4
grid_06122,4910.53,1227.63,677.18,2091.98,4
grid_06123,3167.47,791.87,453.39,966.89,4
grid_06124,4048.02,1012.0,804.62,1297.8,4
grid_06125,3674.7,918.67,453.39,1764.06,4
grid_06126,5546.02,1386.51,1003.02,2091.98,4
grid_06127,2464.25,492.85,276.68,653.74,5
grid_06128,933.48,233.37,230.05,241.3,4
grid_06129,2031.21,507.8,416.13,580.63,4
grid_06130,1162.27,290.57,230.05,372.08,4
grid_06131,1053.99,263.5,231.67,295.07,4
grid_06132,920.42,230.11,224.04,241.3,4
grid_06133,1660.26,415.07,366.63,487.67,4
grid_06134,1001.34,250.34,224.04,285.94,4
grid_06135,2475.36,412.56,336.1,513.89,6
grid_06136,1797.8,449.45,389.83,506.66,4
grid_06137,1163.26,290.81,225.04,372.08,4
grid_06138,2987.04,746.76,506.66,1153.22,4
grid_06139,3673.14,918.29,649.98,1153.22,4
grid_06140,3081.49,770.37,453.39,1233.4,4
grid_06141,3907.95,976.99,804.62,1233.4,4
grid_06142,2141.97,535.49,413.64,649.98,4
grid_06143,3161.25,790.31,571.69,1072.66,4
grid_06144,3650.87,608.48,276.68,1062.38,6
grid_06145,4139.46,1034.87,590.09,1560.06,4
grid_06146,4733.04,1183.26,866.92,1560.06,4
grid_06147,5103.84,850.64,312.07,1210.89,6
grid_06148,966.36,241.59,224.04,258.9,4
grid_06149,2256.76,376.13,312.32,470.53,6
grid_06150,1151.71,287.93,225.04,336.1,4
grid_06151,992.5,248.13,224.04,259.5,4
grid_06152,1390.05,347.51,312.32,389.83,4
grid_06153,1570.96,392.74,321.27,446.22,4
grid_06154,1336.95,334.24,291.96,411.4,4
grid_06155,2063.47,343.91,258.38,405.91,6
grid_06156,2233.33,372.22,258.9,521.36,6
grid_06157,1455.58,363.89,291.96,446.22,4
grid_06158,1929.26,482.31,413.64,571.69,4
grid_06159,2928.24,732.06,497.71,1072.66,4
grid_06160,4088.97,1022.24,670.06,1560.06,4
grid_06161,3899.03,974.76,670.06,1560.06,4
grid_06162,2065.93,688.64,609.69,786.18,3
grid_06163,2365.99,591.5,472.41,786.18,4
grid_06164,7444.17,1240.7,849.59,1774.96,6
grid_06165,3142.44,1047.48,670.06,1559.39,3
grid_06166,1812.47,453.12,396.13,497.71,4
grid_06167,1046.54,209.31,30.65,609.69,5
grid_06168,2311.03,385.17,312.32,449.49,6
grid_06169,2140.31,356.72,258.38,521.36,6
grid_06170,2103.85,350.64,291.96,396.13,6
grid_06171,1835.59,458.9,405.91,521.36,4
grid_06172,1663.25,415.81,280.48,521.36,4
grid_06173,3040.95,434.42,366.63,509.81,7
grid_06174,2402.33,400.39,291.96,575.36,6
grid_06175,3520.76,440.1,366.63,575.36,8
grid_06176,1457.98,364.49,280.48,433.79,4
grid_06177,1569.45,392.36,364.75,410.34,4
grid_06178,756.86,189.22,168.7,207.98,4
grid_06179,1238.02,206.34,174.66,236.09,6
grid_06180,978.07,244.52,204.82,295.33,4
grid_06181,806.03,201.51,168.7,227.0,4
grid_06182,993.64,165.61,134.98,198.04,6
grid_06183,607.28,151.82,111.52,194.69,4
grid_06184,1018.69,254.67,204.82,330.35,4
grid_06185,1185.19,296.3,250.93,330.35,4
grid_06186,624.76,156.19,134.98,174.66,4
grid_06187,752.53,188.13,146.42,232.59,4
grid_06188,2187.2,364.53,30.65,609.69,6
grid_06189,2927.79,731.95,30.72,1559.39,4
grid_06190,8091.21,1348.54,974.12,1774.96,6
grid_06191,2594.0,432.33,343.8,500.65,6
grid_06192,1894.87,473.72,30.65,1012.69,4
grid_06193,1585.28,396.32,30.65,564.5,4
grid_06194,1796.13,449.03,395.66,504.78,4
grid_06195,4782.52,797.09,30.72,1531.87,6
grid_06196,12329.07,1369.9,853.66,2277.8,9
grid_06197,2949.04,737.26,564.5,1012.69,4
grid_06198,2106.18,526.55,420.27,764.07,4
grid_06199,3360.83,560.14,484.35,764.07,6
grid_06200,2051.57,512.89,364.75,712.76,4
grid_06201,2289.53,572.38,484.35,712.76,4
grid_06202,2557.3,639.32,517.06,712.76,4
grid_06203,3694.95,615.83,517.06,764.07,6
grid_06204,1625.81,406.45,395.67,421.11,4
grid_06205,2356.4,589.1,433.79,764.07,4
grid_06206,2229.48,557.37,398.69,712.76,4
grid_06207,1633.35,408.34,323.43,500.72,4
grid_06208,8074.23,2018.56,1513.13,3391.73,4
grid_06209,10079.74,1679.96,871.45,2952.28,6
grid_06210,5137.38,1284.34,871.45,1644.07,4
grid_06211,12012.74,3003.19,1399.67,4566.53,4
grid_06212,11483.06,2870.77,1525.3,4566.53,4
grid_06213,6050.7,1512.67,1032.49,1979.78,4
grid_06214,6514.3,1085.72,490.35,1764.06,6
grid_06215,5406.31,1351.58,849.02,1999.5,4
grid_06216,5519.43,1379.86,849.02,1999.5,4
grid_06217,5943.0,1485.75,871.45,1979.78,4
grid_06218,5031.22,838.54,276.68,1578.63,6
grid_06219,6961.9,1740.48,849.02,2669.91,4
grid_06220,7477.04,1869.26,1032.49,2286.9,4
grid_06221,7267.52,1816.88,1422.2,2286.9,4
grid_06222,6231.11,1557.78,849.02,2177.86,4
grid_06223,8516.56,2129.14,1422.2,2444.04,4
grid_06224,10142.9,2535.73,2171.73,3034.64,4
grid_06225,9943.44,2485.86,2177.86,3034.64,4
grid_06226,11615.05,2903.76,2171.73,4014.73,4
grid_06227,5501.73,1375.43,653.74,2363.41,4
grid_06228,7609.12,1902.28,1271.24,2807.55,4
grid_06229,12382.07,3095.52,2130.66,3817.22,4
grid_06230,9268.4,2317.1,1271.24,3196.59,4
grid_06231,19286.49,3214.42,2496.14,4080.4,6
grid_06232,13335.32,3333.83,2669.91,4014.73,4
grid_06233,13382.63,3345.66,2914.74,3817.22,4
grid_06234,14847.38,2474.56,1062.63,3817.22,6
grid_06235,7721.75,1930.44,571.27,3454.08,4
grid_06236,9431.66,2357.91,781.65,4014.73,4
grid_06237,6756.09,1126.01,382.08,2914.74,6
grid_06238,18637.0,4659.25,4380.7,4935.3,4
grid_06239,18129.8,4532.45,4348.98,4720.21,4
grid_06240,16986.99,4246.75,3224.72,4935.3,4
grid_06241,9781.81,2445.45,1062.63,4348.98,4
grid_06242,14350.28,3587.57,2739.88,4600.78,4
grid_06243,12258.34,3064.58,1594.94,4380.7,4
grid_06244,13698.64,3424.66,1933.71,4600.78,4
grid_06245,3463.37,865.84,382.08,1594.94,4
grid_06246,5797.05,1449.26,454.17,2783.44,4
grid_06247,6951.68,1737.92,625.72,2783.44,4
grid_06248,6942.7,1735.67,593.9,2444.04,4
grid_06249,7571.15,1892.79,634.81,3034.64,4
grid_06250,9097.62,2274.41,1143.04,4014.73,4
grid_06251,6707.39,1676.85,593.9,3034.64,4
grid_06252,6178.02,1544.51,1062.38,2363.41,4
grid_06253,2765.32,691.33,476.12,1143.04,4
grid_06254,3322.53,830.63,486.96,1181.19,4
grid_06255,4197.75,1049.44,593.9,1541.34,4
grid_06256,2459.84,614.96,476.12,755.01,4
grid_06257,5196.06,1299.02,1136.34,1541.34,4
grid_06258,4406.55,1101.64,423.72,1933.71,4
grid_06259,1514.0,378.5,330.36,423.72,4
grid_06260,4021.51,1005.38,625.72,1407.08,4
grid_06261,2984.86,746.21,454.17,1186.07,4
grid_06262,1927.14,481.79,330.36,718.89,4
grid_06263,3464.53,866.13,620.23,1186.07,4
grid_06264,4530.48,1132.62,939.34,1407.08,4
grid_06265,2014.14,503.53,330.36,718.89,4
grid_06266,1421.68,355.42,330.36,377.84,4
grid_06267,2443.85,610.96,251.71,998.0,4
grid_06268,2707.87,676.97,486.96,1033.06,4
grid_06269,5600.25,1400.06,755.01,1964.79,4
grid_06270,3214.71,803.68,476.12,1194.18,4
grid_06271,6004.36,1501.09,1136.34,1964.79,4
grid_06272,3998.27,999.57,476.12,1572.96,4
grid_06273,8079.63,1346.6,318.29,2022.51,6
grid_06274,4975.26,829.21,280.6,1572.96,6
grid_06275,11176.64,1862.77,1256.68,2277.8,6
grid_06276,4110.02,685.0,341.47,1033.06,6
grid_06277,4316.19,719.37,280.6,1194.18,6
grid_06278,2874.55,718.64,424.76,1181.19,4
grid_06279,2128.84,532.21,351.16,781.65,4
grid_06280,2472.4,412.07,351.16,571.27,6
grid_06281,1545.56,386.39,351.16,424.76,4
grid_06282,2218.43,369.74,351.16,403.81,6
grid_06283,2003.4,500.85,415.18,676.51,4
grid_06284,1689.27,422.32,354.46,461.8,4
grid_06285,2362.79,590.7,415.18,813.26,4
grid_06286,2082.7,347.12,208.2,461.8,6
grid_06287,2593.97,432.33,232.27,813.26,6
grid_06288,2041.78,510.45,230.51,939.34,4
grid_06289,1137.05,284.26,208.2,368.83,4
grid_06290,1410.75,352.69,215.35,620.23,4
grid_06291,919.7,183.94,111.66,254.81,5
grid_06292,971.65,161.94,88.74,251.71,6
grid_06293,934.41,155.73,93.69,215.35,6
grid_06294,934.67,155.78,88.74,230.51,6
grid_06295,751.49,125.25,103.89,156.6,6
grid_06296,392.37,98.09,88.07,111.66,4
grid_06297,356.1,89.02,80.98,99.75,4
grid_06298,5840.12,1460.03,708.2,2277.8,4
grid_06299,2563.31,640.83,280.15,1256.68,4
grid_06300,1108.85,277.21,229.82,318.29,4
grid_06301,1102.65,275.66,229.82,341.47,4
grid_06302,2179.38,435.88,250.76,813.26,5
grid_06303,1981.99,495.5,280.15,710.05,4
grid_06304,1012.09,253.02,218.54,283.59,4
grid_06305,4667.06,1166.77,708.2,1651.36,4
grid_06306,1033.53,258.38,224.15,330.22,4
grid_06307,923.27,230.82,218.54,250.76,4
grid_06308,5058.6,2529.3,1520.59,3538.01,2
grid_06309,10101.9,2525.47,164.24,4455.3,4
grid_06310,5948.21,1487.05,59.78,3485.51,4
grid_06311,14487.34,3621.84,3224.72,4455.3,4
grid_06312,11813.43,2953.36,1520.59,3538.01,4
grid_06313,8762.4,2190.6,655.62,3738.93,4
grid_06314,14321.74,3580.44,3269.31,3827.98,4
grid_06315,14548.2,3637.05,3224.72,4226.18,4
grid_06316,12303.32,3075.83,2121.86,3827.98,4
grid_06317,1027.82,513.91,43.86,983.96,2
grid_06318,13408.59,3352.15,2614.55,4226.18,4
grid_06319,7500.38,1875.09,655.62,3738.93,4
grid_06320,5012.99,1253.25,929.65,2121.86,4
grid_06321,6688.72,1672.18,974.8,2614.55,4
grid_06322,2320.3,580.07,43.86,983.96,4
grid_06323,7131.86,1782.97,802.63,2739.88,4
grid_06324,4363.84,1090.96,802.63,1407.08,4
grid_06325,2457.55,614.39,362.82,929.65,4
grid_06326,4042.66,1010.66,911.01,1179.32,4
grid_06327,4351.07,725.18,362.82,977.52,6
grid_06328,499.49,499.49,499.49,499.49,1
grid_06329,1367.89,455.96,31.52,1118.89,3
grid_06330,217.48,217.48,217.48,217.48,1
grid_06331,3273.53,818.38,31.52,1623.63,4
grid_06332,4589.98,1147.49,217.48,1701.73,4
grid_06333,2341.17,780.39,217.48,1701.73,3
grid_06334,421.95,421.95,421.95,421.95,1
grid_06335,6203.09,1550.77,1118.89,1908.7,4
grid_06336,6069.32,1517.33,1155.11,1701.73,4
grid_06337,1008.49,1008.49,1008.49,1008.49,1
grid_06338,3044.91,761.23,396.82,1179.32,4
grid_06339,4142.15,1035.54,557.75,1407.08,4
grid_06340,3685.8,614.3,396.82,911.01,6
grid_06341,3593.74,898.44,499.49,1623.63,4
grid_06342,1489.27,372.32,215.58,557.75,4
grid_06343,2026.13,506.53,215.58,998.0,4
grid_06344,3601.75,600.29,319.13,1191.36,6
grid_06345,5528.74,1382.18,805.05,1908.7,4
grid_06346,3695.41,615.9,319.13,1191.36,6
grid_06347,1154.18,288.54,215.58,378.87,4
grid_06348,867.59,216.9,156.6,254.81,4
grid_06349,5273.63,1318.41,879.3,1908.7,4
grid_06350,11200.62,1244.51,378.87,2762.17,9
grid_06351,1210.71,201.79,110.02,331.89,6
grid_06352,3061.34,510.22,240.6,1355.19,6
grid_06353,10769.99,1795.0,879.3,2762.17,6
grid_06354,11046.12,1841.02,1086.53,2762.17,6
grid_06355,923.56,230.89,124.39,333.45,4
grid_06356,3107.05,776.76,331.89,1355.19,4
grid_06357,10084.94,2521.23,2252.22,2762.17,4
grid_06358,5909.96,1477.49,1155.11,1908.7,4
grid_06359,4792.78,1198.19,421.95,1701.73,4
grid_06360,2922.33,974.11,416.73,1497.11,3
grid_06361,9414.04,1569.01,1013.19,2662.46,6
grid_06362,416.73,416.73,416.73,416.73,1
grid_06363,6977.56,1395.51,1013.19,2002.0,5
grid_06364,5312.84,1328.21,1008.49,1660.6,4
grid_06365,6613.18,1102.2,803.8,1497.11,6
grid_06366,7793.54,1298.92,902.13,2002.0,6
grid_06367,8532.85,2133.21,1616.17,2662.46,4
grid_06368,5182.11,863.69,416.73,1497.11,6
grid_06369,2959.21,591.84,315.71,912.39,5
grid_06370,7841.34,1960.34,1283.61,2689.35,4
grid_06371,4369.63,1092.41,567.73,1616.17,4
grid_06372,2675.15,668.79,401.49,902.13,4
grid_06373,2149.08,537.27,400.68,803.8,4
grid_06374,2426.13,606.53,400.68,912.39,4
grid_06375,1670.29,417.57,329.57,567.73,4
grid_06376,6513.45,1628.36,762.9,2689.35,4
grid_06377,2985.73,746.43,371.5,1283.61,4
grid_06378,845.63,211.41,133.83,333.45,4
grid_06379,2209.51,552.38,241.43,1086.53,4
grid_06380,8606.2,1434.37,548.11,2408.09,6
grid_06381,9463.66,2365.92,2114.0,2689.35,4
grid_06382,6862.18,1143.7,494.24,2114.0,6
grid_06383,741.92,185.48,113.41,250.16,4
grid_06384,8331.72,2082.93,1750.77,2689.35,4
grid_06385,1533.93,383.48,241.43,548.11,4
grid_06386,682.46,170.62,113.41,250.16,4
grid_06387,5293.37,882.23,314.69,1750.77,6
grid_06388,1743.64,581.21,315.71,912.39,3
grid_06389,2710.36,677.59,515.54,912.39,4
grid_06390,2837.9,567.58,40.44,1000.21,5
grid_06391,40.44,40.44,40.44,40.44,1
grid_06392,3095.07,515.84,13.21,1000.21,6
grid_06393,53.65,26.82,13.21,40.44,2
grid_06394,3178.13,794.53,554.78,1044.73,4
grid_06395,3729.08,745.82,210.15,1193.86,5
grid_06396,210.15,210.15,210.15,210.15,1
grid_06397,237.6,237.6,237.6,237.6,1
grid_06398,1890.31,472.58,400.68,569.95,4
grid_06399,1536.6,384.15,329.57,404.86,4
grid_06400,1370.01,342.5,329.57,371.5,4
grid_06401,5072.54,1268.13,758.18,1777.6,4
grid_06402,2227.38,556.84,334.8,762.9,4
grid_06403,1662.5,415.62,329.57,593.93,4
grid_06404,2485.22,621.31,404.86,971.6,4
grid_06405,1277.07,319.27,289.73,334.8,4
grid_06406,2031.09,507.77,289.73,758.18,4
grid_06407,4510.14,1127.53,648.39,1773.86,4
grid_06408,1206.67,301.67,232.59,345.95,4
grid_06409,469.65,117.41,80.73,153.66,4
grid_06410,976.01,244.0,146.42,299.22,4
grid_06411,998.7,166.45,123.74,262.5,6
grid_06412,843.12,210.78,134.98,299.22,4
grid_06413,1375.13,343.78,323.43,375.41,4
grid_06414,1182.1,295.52,260.81,345.95,4
grid_06415,1520.01,253.34,123.74,411.71,6
grid_06416,1235.8,308.95,262.38,411.71,4
grid_06417,490.9,122.73,80.73,190.5,4
grid_06418,9007.73,1501.29,978.95,2277.8,6
grid_06419,1886.94,471.73,395.67,576.15,4
grid_06420,4215.84,1053.96,692.33,1531.87,4
grid_06421,2324.95,581.24,504.78,679.52,4
grid_06422,3805.89,951.47,692.33,1416.84,4
grid_06423,2140.24,535.06,395.67,665.48,4
grid_06424,2823.47,705.87,679.52,733.84,4
grid_06425,8625.54,1437.59,978.95,1651.36,6
grid_06426,2654.99,663.75,576.15,733.84,4
grid_06427,3173.21,793.3,665.48,962.21,4
grid_06428,2078.61,519.65,395.67,758.89,4
grid_06429,3033.47,758.37,630.56,967.17,4
grid_06430,1513.14,378.29,315.01,500.72,4
grid_06431,1849.55,462.39,322.0,657.81,4
grid_06432,2844.08,711.02,421.11,967.17,4
grid_06433,3314.84,552.47,369.01,738.83,6
grid_06434,2094.83,523.71,366.28,758.89,4
grid_06435,2553.9,638.48,384.15,967.17,4
grid_06436,1436.19,359.05,282.55,462.62,4
grid_06437,1185.18,296.29,265.61,322.0,4
grid_06438,1313.93,328.48,277.56,375.41,4
grid_06439,1120.18,280.05,260.81,299.22,4
grid_06440,1190.54,297.64,260.81,344.96,4
grid_06441,1274.03,254.81,95.93,411.09,5
grid_06442,2088.39,348.07,190.5,411.71,6
grid_06443,1268.45,317.11,260.12,411.71,4
grid_06444,1165.4,291.35,265.61,315.01,4
grid_06445,1128.27,282.07,260.12,344.96,4
grid_06446,1197.04,299.26,260.12,334.25,4
grid_06447,1387.79,346.95,298.79,395.49,4
grid_06448,2476.49,619.12,366.28,967.17,4
grid_06449,2895.21,482.53,369.01,738.83,6
grid_06450,1701.21,425.3,366.28,466.73,4
grid_06451,1518.23,379.56,326.69,463.76,4
grid_06452,1441.21,360.3,258.74,462.62,4
grid_06453,1067.04,266.76,258.74,282.55,4
grid_06454,2638.65,439.77,326.69,477.97,6
grid_06455,1540.47,385.12,343.63,446.41,4
grid_06456,1821.65,455.41,421.79,482.51,4
grid_06457,1419.21,354.8,326.69,412.07,4
grid_06458,3483.21,870.8,717.78,1069.38,4
grid_06459,5170.87,1292.72,717.78,1966.88,4
grid_06460,9057.18,1509.53,1111.89,1966.88,6
grid_06461,2446.82,611.71,466.73,811.68,4
grid_06462,2103.14,525.78,402.95,811.68,4
grid_06463,2733.82,683.45,402.95,962.21,4
grid_06464,3410.89,852.72,556.98,1069.38,4
grid_06465,5237.49,1309.37,822.32,1966.88,4
grid_06466,8225.79,1370.96,1111.89,1966.88,6
grid_06467,5867.52,977.92,471.83,1378.91,6
grid_06468,1199.12,299.78,260.12,344.96,4
grid_06469,1107.33,276.83,260.13,307.21,4
grid_06470,1216.69,304.17,274.37,344.96,4
grid_06471,2135.32,355.89,181.02,482.51,6
grid_06472,1033.95,258.49,248.88,274.37,4
grid_06473,1159.36,289.84,259.31,303.89,4
grid_06474,1224.16,306.04,259.31,359.27,4
grid_06475,1120.08,280.02,228.67,303.89,4
grid_06476,1904.5,317.42,200.98,482.51,6
grid_06477,1043.76,260.94,228.67,290.15,4
grid_06478,2144.6,357.43,272.19,477.97,6
grid_06479,1203.8,300.95,235.58,437.3,4
grid_06480,1003.33,250.83,235.58,260.13,4
grid_06481,1684.62,421.16,343.63,482.51,4
grid_06482,1543.93,385.98,289.71,482.51,4
grid_06483,1507.95,376.99,336.83,412.07,4
grid_06484,1817.69,302.95,259.73,380.37,6
grid_06485,986.13,246.53,218.64,272.19,4
grid_06486,1574.03,393.51,300.77,482.51,4
grid_06487,900.64,225.16,197.54,248.88,4
grid_06488,1882.73,470.68,402.95,556.98,4
grid_06489,2324.71,581.18,454.65,822.32,4
grid_06490,1727.72,431.93,402.95,470.94,4
grid_06491,4057.73,811.55,454.65,1378.91,5
grid_06492,1770.64,442.66,379.16,490.76,4
grid_06493,3280.32,546.72,367.83,930.01,6
grid_06494,2660.93,665.23,344.04,930.01,4
grid_06495,1571.85,392.96,289.71,470.94,4
grid_06496,1781.92,445.48,367.83,490.76,4
grid_06497,1570.45,392.61,293.08,468.67,4
grid_06498,856.9,214.23,144.79,297.38,4
grid_06499,810.97,202.74,159.68,250.57,4
grid_06500,889.25,222.31,155.43,306.79,4
grid_06501,830.52,207.63,144.79,297.38,4
grid_06502,869.04,217.26,172.05,250.57,4
grid_06503,1155.64,192.61,109.23,306.79,6
grid_06504,552.44,138.11,100.13,155.43,4
grid_06505,879.65,146.61,109.23,188.1,6
grid_06506,573.95,143.49,92.76,197.54,4
grid_06507,500.99,125.25,96.4,159.68,4
grid_06508,2212.75,276.59,112.93,461.8,8
grid_06509,1766.57,220.82,93.69,461.8,8
grid_06510,922.91,153.82,100.73,232.27,6
grid_06511,957.04,239.26,166.15,330.22,4
grid_06512,388.32,97.08,80.98,112.93,4
grid_06513,831.18,138.53,100.73,166.15,6
grid_06514,796.43,199.11,165.97,235.91,4
grid_06515,421.9,105.47,80.98,133.81,4
grid_06516,962.39,240.6,165.97,309.56,4
grid_06517,1003.82,167.3,133.81,250.96,6
grid_06518,1761.28,440.32,283.59,710.05,4
grid_06519,3950.12,987.53,476.82,1651.36,4
grid_06520,950.37,237.59,224.15,261.91,4
grid_06521,934.61,233.65,218.54,261.91,4
grid_06522,1022.96,255.74,218.54,290.82,4
grid_06523,1114.32,278.58,235.91,309.56,4
grid_06524,3297.21,824.3,476.82,1214.6,4
grid_06525,1119.26,279.82,230.01,307.24,4
grid_06526,1568.78,392.19,290.82,493.9,4
grid_06527,1090.05,272.51,230.01,306.94,4
grid_06528,358.25,89.56,81.68,99.75,4
grid_06529,365.26,91.31,80.98,106.37,4
grid_06530,351.92,87.98,81.68,96.23,4
grid_06531,366.22,91.55,85.94,103.89,4
grid_06532,450.43,112.61,88.31,133.83,4
grid_06533,373.58,93.39,85.94,109.37,4
grid_06534,365.47,91.37,85.94,96.23,4
grid_06535,408.87,102.22,93.34,112.93,4
grid_06536,468.43,117.11,88.31,136.92,4
grid_06537,456.99,114.25,97.29,136.92,4
grid_06538,1671.69,417.92,291.2,603.36,4
grid_06539,3083.13,770.78,493.9,1214.6,4
grid_06540,1398.52,349.63,291.2,469.89,4
grid_06541,1253.95,313.49,306.94,330.49,4
grid_06542,2026.06,506.51,307.24,621.56,4
grid_06543,2027.78,506.94,309.12,753.07,4
grid_06544,2641.5,660.38,469.89,990.39,4
grid_06545,1707.76,426.94,306.96,687.0,4
grid_06546,2111.89,527.97,309.12,621.56,4
grid_06547,2477.78,619.44,330.49,990.39,4
grid_06548,497.81,124.45,106.37,144.69,4
grid_06549,1061.88,176.98,118.27,255.76,6
grid_06550,1123.24,280.81,250.96,309.56,4
grid_06551,486.71,121.68,110.82,144.69,4
grid_06552,1180.95,196.82,118.27,323.92,6
grid_06553,1269.94,317.49,255.76,383.31,4
grid_06554,492.47,123.12,110.82,135.97,4
grid_06555,584.2,146.05,127.41,181.59,4
grid_06556,1836.5,459.12,352.34,687.0,4
grid_06557,1480.62,370.16,323.92,413.85,4
grid_06558,393.47,98.37,89.96,109.37,4
grid_06559,367.46,91.87,87.31,96.85,4
grid_06560,404.4,101.1,87.31,112.93,4
grid_06561,389.46,97.36,95.03,100.28,4
grid_06562,377.87,94.47,87.31,100.28,4
grid_06563,437.09,109.27,95.03,131.35,4
grid_06564,418.97,104.74,87.31,127.41,4
grid_06565,435.25,108.81,87.37,131.35,4
grid_06566,460.56,115.14,93.43,142.6,4
grid_06567,502.67,125.67,93.43,142.6,4
grid_06568,1435.92,239.32,135.97,359.55,6
grid_06569,1089.02,272.26,149.26,413.85,4
grid_06570,1136.27,284.07,173.57,413.85,4
grid_06571,721.75,180.44,139.23,212.1,4
grid_06572,1341.18,223.53,181.59,359.55,6
grid_06573,609.05,152.26,130.23,173.57,4
grid_06574,1079.62,179.94,115.61,219.84,6
grid_06575,918.16,229.54,188.83,297.39,4
grid_06576,608.71,152.18,115.61,189.3,4
grid_06577,547.71,136.93,127.14,155.99,4
grid_06578,406.95,101.74,87.37,124.26,4
grid_06579,615.87,153.97,124.26,213.53,4
grid_06580,369.1,92.27,75.74,121.49,4
grid_06581,431.59,107.9,84.48,135.48,4
grid_06582,684.19,171.05,139.23,213.53,4
grid_06583,346.64,86.66,75.74,106.78,4
grid_06584,760.85,190.21,135.48,229.13,4
grid_06585,509.45,127.36,84.48,182.71,4
grid_06586,928.88,232.22,188.83,297.39,4
grid_06587,979.02,244.76,182.71,366.65,4
grid_06588,296.14,74.03,65.43,79.63,4
grid_06589,1659.21,414.8,186.47,781.84,4
grid_06590,614.76,153.69,89.05,242.14,4
grid_06591,486.46,81.08,65.43,97.09,6
grid_06592,371.59,92.9,65.43,114.53,4
grid_06593,1305.13,326.28,186.47,448.75,4
grid_06594,653.29,163.32,89.05,259.99,4
grid_06595,609.1,101.52,65.43,135.18,6
grid_06596,1150.1,191.68,114.53,277.4,6
grid_06597,633.39,158.35,112.0,233.23,4
grid_06598,849.42,141.57,90.79,219.84,6
grid_06599,463.77,115.94,90.79,130.23,4
grid_06600,940.33,235.08,162.83,297.39,4
grid_06601,493.89,123.47,113.42,134.35,4
grid_06602,554.2,110.84,90.79,127.14,5
grid_06603,717.88,119.65,90.79,162.83,6
grid_06604,738.31,184.58,144.16,260.27,4
grid_06605,1236.78,206.13,113.42,353.91,6
grid_06606,1273.1,159.14,106.79,330.41,8
grid_06607,526.0,131.5,110.49,144.48,4
grid_06608,2279.82,379.97,241.1,568.83,6
grid_06609,2826.73,471.12,241.1,800.19,6
grid_06610,3460.04,576.67,355.53,810.37,6
grid_06611,4907.76,817.96,714.11,952.72,6
grid_06612,2713.61,678.4,568.83,800.19,4
grid_06613,3828.22,765.64,629.29,860.55,5
grid_06614,2027.03,506.76,404.71,573.59,4
grid_06615,3017.58,754.4,629.29,839.04,4
grid_06616,3220.6,805.15,770.99,839.04,4
grid_06617,5036.37,839.4,747.14,952.72,6
grid_06618,2599.7,649.92,573.91,771.0,4
grid_06619,2488.65,622.16,524.2,696.21,4
grid_06620,2266.73,566.68,433.88,659.27,4
grid_06621,4478.05,1119.51,614.24,2207.5,4
grid_06622,3069.31,767.33,614.24,960.09,4
grid_06623,3701.51,925.38,659.27,1211.33,4
grid_06624,3683.33,920.83,599.66,1213.06,4
grid_06625,6333.91,1583.48,696.21,2709.57,4
grid_06626,5242.92,1310.73,599.66,2709.57,4
grid_06627,4335.29,1083.82,727.63,1213.06,4
grid_06628,2106.33,526.58,321.41,739.44,4
grid_06629,2693.71,673.43,530.69,882.16,4
grid_06630,1358.69,339.67,159.19,504.06,4
grid_06631,853.44,213.36,141.28,374.02,4
grid_06632,5058.82,843.14,530.69,1090.84,6
grid_06633,661.16,165.29,120.29,220.63,4
grid_06634,608.96,152.24,120.29,183.83,4
grid_06635,531.12,132.78,120.29,141.28,4
grid_06636,3644.89,607.48,368.92,1059.9,6
grid_06637,844.31,211.08,151.03,321.41,4
grid_06638,1410.82,352.7,212.68,541.41,4
grid_06639,1776.34,444.08,335.32,541.41,4
grid_06640,582.44,145.61,130.95,159.19,4
grid_06641,785.84,196.46,138.6,243.34,4
grid_06642,2542.01,423.67,246.41,599.13,6
grid_06643,1020.32,255.08,208.67,335.32,4
grid_06644,713.88,178.47,130.95,251.82,4
grid_06645,764.7,191.18,130.95,251.82,4
grid_06646,1214.3,303.57,246.41,368.92,4
grid_06647,752.46,188.12,151.03,212.68,4
grid_06648,2210.9,552.72,479.89,597.06,4
grid_06649,3887.25,971.81,738.88,1187.66,4
grid_06650,3647.59,911.9,738.88,1187.66,4
grid_06651,2731.99,683.0,573.59,790.34,4
grid_06652,3522.06,880.51,770.99,1121.68,4
grid_06653,9339.2,1556.53,747.14,2695.92,6
grid_06654,8820.98,2205.25,1121.68,3637.6,4
grid_06655,5899.45,1474.86,790.34,2874.05,4
grid_06656,2384.17,596.04,560.36,640.77,4
grid_06657,8199.74,2049.94,860.51,3637.6,4
grid_06658,3710.75,927.69,780.87,1135.2,4
grid_06659,7753.93,1938.48,960.09,3451.14,4
grid_06660,3577.97,894.49,579.11,1211.33,4
grid_06661,11365.95,2841.49,2207.5,3451.14,4
grid_06662,8103.65,2025.91,1183.28,2997.75,4
grid_06663,2921.67,730.42,428.59,1183.28,4
grid_06664,6524.25,1631.06,834.58,2695.92,4
grid_06665,7720.24,1930.06,1135.2,3451.14,4
grid_06666,8690.4,2172.6,966.17,3451.14,4
grid_06667,2334.46,583.61,428.59,727.63,4
grid_06668,3086.77,771.69,585.98,1113.38,4
grid_06669,17185.7,4296.43,2874.05,7102.33,4
grid_06670,18499.0,4624.75,2513.98,7102.33,4
grid_06671,2872.93,718.23,585.98,1023.52,4
grid_06672,18147.04,3024.51,1687.08,5245.1,6
grid_06673,8775.47,2193.87,1113.38,3571.73,4
grid_06674,3538.34,884.59,585.98,1216.32,4
grid_06675,3196.53,799.13,622.66,1216.32,4
grid_06676,21736.62,5434.15,3720.88,7102.33,4
grid_06677,7425.5,1856.37,698.89,3571.73,4
grid_06678,5729.36,1432.34,582.17,2997.75,4
grid_06679,1984.05,496.01,428.59,599.13,4
grid_06680,9042.66,2260.67,1475.35,3012.84,4
grid_06681,2132.61,533.15,428.59,602.15,4
grid_06682,5379.95,1344.99,770.7,1858.55,4
grid_06683,3703.02,925.76,690.81,1275.35,4
grid_06684,2841.29,710.32,582.17,966.17,4
grid_06685,6305.84,1576.46,658.37,3012.84,4
grid_06686,2476.92,619.23,436.63,1065.57,4
grid_06687,2814.29,703.57,519.7,1065.57,4
grid_06688,889.8,222.45,150.54,275.85,4
grid_06689,764.37,191.09,180.09,208.67,4
grid_06690,2194.07,365.68,242.33,599.13,6
grid_06691,840.8,210.2,182.27,263.66,4
grid_06692,1130.12,282.53,243.34,359.12,4
grid_06693,984.36,246.09,180.09,359.12,4
grid_06694,938.59,234.65,186.2,263.66,4
grid_06695,844.92,211.23,143.89,275.85,4
grid_06696,1117.89,279.47,193.34,359.12,4
grid_06697,795.44,198.86,161.35,258.47,4
grid_06698,3571.04,892.76,628.05,1332.5,4
grid_06699,3405.12,851.28,541.76,1234.79,4
grid_06700,4448.12,741.35,541.76,1050.48,6
grid_06701,2919.22,729.8,601.54,949.21,4
grid_06702,2758.58,689.64,471.45,949.21,4
grid_06703,5443.8,1360.95,1023.52,1857.74,4
grid_06704,3612.02,903.01,597.51,1332.5,4
grid_06705,5193.34,1298.33,1050.33,1857.74,4
grid_06706,2517.65,629.41,471.45,753.28,4
grid_06707,4903.37,817.23,552.51,1050.48,6
grid_06708,457.4,114.35,71.08,151.08,4
grid_06709,659.4,164.85,114.92,201.46,4
grid_06710,447.02,111.76,89.8,143.4,4
grid_06711,874.8,145.8,114.92,167.62,6
grid_06712,1238.09,309.52,179.42,445.56,4
grid_06713,644.41,161.1,112.52,229.67,4
grid_06714,576.71,144.18,107.26,179.42,4
grid_06715,625.62,156.4,71.08,229.67,4
grid_06716,618.39,154.6,128.06,188.11,4
grid_06717,695.86,139.17,71.08,212.36,5
grid_06718,785.87,130.98,107.26,158.59,6
grid_06719,1026.75,256.69,175.12,411.65,4
grid_06720,560.71,140.18,107.26,193.04,4
grid_06721,822.06,205.52,158.82,279.26,4
grid_06722,1088.86,272.22,212.36,406.8,4
grid_06723,571.72,142.93,107.26,175.12,4
grid_06724,1074.55,268.64,158.82,406.8,4
grid_06725,1158.82,193.14,127.53,240.04,6
grid_06726,794.02,198.5,156.47,260.56,4
grid_06727,628.49,157.12,132.88,180.22,4
grid_06728,1194.58,298.65,269.33,330.57,4
grid_06729,2046.26,341.04,210.13,406.03,6
grid_06730,935.27,233.82,188.07,282.51,4
grid_06731,951.19,237.8,166.25,379.52,4
grid_06732,940.3,235.08,195.36,282.51,4
grid_06733,1409.22,234.87,145.42,379.52,6
grid_06734,896.44,224.11,164.04,275.0,4
grid_06735,794.6,198.65,145.42,275.0,4
grid_06736,888.07,148.01,102.06,221.6,6
grid_06737,613.17,153.29,121.39,188.07,4
grid_06738,1353.49,338.37,279.26,406.8,4
grid_06739,1138.09,284.52,208.09,406.8,4
grid_06740,1267.45,211.24,191.79,240.04,6
grid_06741,676.64,169.16,132.88,193.04,4
grid_06742,1191.05,297.76,195.87,384.27,4
grid_06743,772.45,193.11,156.47,233.89,4
grid_06744,771.2,192.8,158.92,265.83,4
grid_06745,1042.71,260.68,208.09,310.48,4
grid_06746,1174.91,195.82,145.01,240.98,6
grid_06747,1334.43,333.61,288.65,384.27,4
grid_06748,769.74,192.44,144.24,221.6,4
grid_06749,787.26,196.82,156.13,233.89,4
grid_06750,532.91,133.23,102.06,164.04,4
grid_06751,679.23,169.81,139.67,195.36,4
grid_06752,641.34,106.89,80.08,144.24,6
grid_06753,517.78,129.45,113.58,143.14,4
grid_06754,417.89,104.47,80.86,121.39,4
grid_06755,781.29,195.32,156.13,233.89,4
grid_06756,631.52,157.88,116.66,220.08,4
grid_06757,597.81,149.45,139.67,158.86,4
grid_06758,661.96,165.49,145.01,191.79,4
grid_06759,1307.76,326.94,283.16,384.27,4
grid_06760,912.34,228.09,180.22,265.83,4
grid_06761,791.06,197.76,159.63,265.83,4
grid_06762,606.46,151.62,135.59,166.24,4
grid_06763,1212.68,303.17,262.12,332.05,4
grid_06764,1007.46,167.91,135.59,240.98,6
grid_06765,965.99,241.5,151.74,310.48,4
grid_06766,1235.17,308.79,262.79,332.05,4
grid_06767,862.88,215.72,165.28,265.83,4
grid_06768,607.68,151.92,113.58,180.21,4
grid_06769,664.76,110.79,80.08,138.15,6
grid_06770,703.98,176.0,147.44,232.4,4
grid_06771,503.34,125.83,80.86,170.75,4
grid_06772,629.66,157.42,143.14,180.21,4
grid_06773,537.02,134.26,116.66,150.54,4
grid_06774,731.69,182.92,141.86,262.18,4
grid_06775,550.02,137.51,125.94,143.89,4
grid_06776,598.77,149.69,141.86,165.28,4
grid_06777,757.11,189.28,138.15,254.88,4
grid_06778,694.85,173.71,157.26,199.37,4
grid_06779,590.53,147.63,135.59,159.63,4
grid_06780,1253.5,313.38,262.12,358.41,4
grid_06781,1197.93,299.48,262.79,332.05,4
grid_06782,875.28,145.88,135.27,162.3,6
grid_06783,879.0,219.75,151.74,302.18,4
grid_06784,687.43,171.86,144.2,199.37,4
grid_06785,610.88,152.72,138.06,167.65,4
grid_06786,687.28,171.82,157.26,183.77,4
grid_06787,861.45,215.36,160.18,302.18,4
grid_06788,868.01,217.0,170.75,262.18,4
grid_06789,859.87,143.31,123.07,193.34,6
grid_06790,935.81,233.95,141.86,317.89,4
grid_06791,1141.98,285.5,254.88,317.89,4
grid_06792,557.57,139.39,134.27,143.09,4
grid_06793,966.52,241.63,193.34,307.04,4
grid_06794,972.99,162.17,138.5,211.27,6
grid_06795,674.37,168.59,141.86,213.88,4
grid_06796,975.37,243.84,174.43,334.85,4
grid_06797,597.59,149.4,134.27,165.54,4
grid_06798,1186.58,296.65,236.8,346.69,4
grid_06799,1327.04,331.76,300.92,358.41,4
grid_06800,894.64,149.11,135.27,162.3,6
grid_06801,680.99,170.25,144.2,183.77,4
grid_06802,1295.58,215.93,121.74,346.69,6
grid_06803,1166.59,194.43,121.74,346.69,6
grid_06804,1457.63,182.2,147.91,312.65,8
grid_06805,777.34,194.34,147.91,287.81,4
grid_06806,1022.84,170.47,124.94,236.8,6
grid_06807,920.68,230.17,167.65,287.81,4
grid_06808,13300.4,3325.1,1354.27,4571.18,4
grid_06809,1190.72,297.68,284.46,320.15,4
grid_06810,2775.21,693.8,330.69,950.25,4
grid_06811,1074.61,268.65,230.61,320.15,4
grid_06812,1414.0,353.5,259.53,559.47,4
grid_06813,1063.68,265.92,212.42,296.22,4
grid_06814,1116.3,279.07,230.61,320.15,4
grid_06815,6360.12,1060.02,554.69,1921.91,6
grid_06816,6678.17,1669.54,644.19,3451.44,4
grid_06817,1577.89,394.47,239.48,559.47,4
grid_06818,3941.93,985.48,618.23,1316.88,4
grid_06819,8551.09,2137.77,1008.06,3861.76,4
grid_06820,1622.98,405.74,255.45,586.03,4
grid_06821,1592.41,265.4,161.52,527.0,6
grid_06822,5278.95,1319.74,429.15,2839.65,4
grid_06823,7119.67,1779.92,781.88,2839.65,4
grid_06824,2969.3,742.32,586.03,998.76,4
grid_06825,5545.42,1386.35,730.4,2364.39,4
grid_06826,2169.23,542.31,278.05,778.16,4
grid_06827,3652.38,913.1,606.34,1316.88,4
grid_06828,562.15,140.54,136.92,145.83,4
grid_06829,531.15,132.79,124.77,141.28,4
grid_06830,600.98,150.24,127.14,171.04,4
grid_06831,565.9,141.48,124.77,159.79,4
grid_06832,558.25,139.56,124.77,147.55,4
grid_06833,531.41,132.85,119.8,141.9,4
grid_06834,555.65,138.91,132.8,143.39,4
grid_06835,604.2,151.05,124.77,190.6,4
grid_06836,1272.46,212.08,159.9,266.11,6
grid_06837,611.81,152.95,119.8,190.22,4
grid_06838,1332.31,333.08,194.39,438.55,4
grid_06839,1081.88,270.47,161.76,331.65,4
grid_06840,1059.39,264.85,174.12,359.35,4
grid_06841,987.46,246.86,161.76,331.49,4
grid_06842,878.32,219.58,174.12,289.82,4
grid_06843,1999.32,333.22,236.12,438.55,6
grid_06844,1379.19,344.8,249.1,438.55,4
grid_06845,1146.12,286.53,262.12,299.82,4
grid_06846,1051.79,262.95,198.69,361.32,4
grid_06847,1335.46,333.86,289.82,361.32,4
grid_06848,3455.62,575.94,316.7,934.8,6
grid_06849,2746.56,686.64,429.15,1228.27,4
grid_06850,835.71,208.93,166.35,269.31,4
grid_06851,853.13,213.28,169.44,269.31,4
grid_06852,895.97,223.99,166.35,259.53,4
grid_06853,2573.96,643.49,519.41,934.8,4
grid_06854,1635.28,408.82,239.48,544.0,4
grid_06855,2416.01,402.67,312.92,560.28,6
grid_06856,749.15,187.29,169.44,201.96,4
grid_06857,707.92,176.98,166.35,193.08,4
grid_06858,1023.27,255.82,204.56,335.44,4
grid_06859,743.3,185.82,141.28,249.9,4
grid_06860,1381.91,172.74,76.8,254.23,8
grid_06861,687.03,171.76,147.55,190.6,4
grid_06862,502.33,100.47,73.38,132.8,5
grid_06863,584.89,146.22,126.52,168.28,4
grid_06864,662.89,110.48,75.48,142.54,6
grid_06865,807.21,201.8,180.6,249.9,4
grid_06866,1138.62,189.77,134.27,254.23,6
grid_06867,429.88,107.47,73.38,159.9,4
grid_06868,1594.2,398.55,341.25,444.95,4
grid_06869,931.29,232.82,166.35,332.39,4
grid_06870,2026.0,506.5,402.31,560.28,4
grid_06871,1029.92,257.48,179.06,370.11,4
grid_06872,1243.74,310.93,240.83,378.85,4
grid_06873,2093.48,348.91,282.81,402.31,6
grid_06874,1737.14,434.29,332.39,544.0,4
grid_06875,1027.21,256.8,179.06,361.79,4
grid_06876,1386.65,346.66,193.08,491.07,4
grid_06877,1704.85,426.21,369.68,544.0,4
grid_06878,1855.73,463.93,303.45,781.88,4
grid_06879,1989.69,497.42,252.33,778.16,4
grid_06880,2614.36,653.59,350.21,1133.75,4
grid_06881,1939.28,484.82,252.33,730.4,4
grid_06882,1981.83,495.46,323.82,778.16,4
grid_06883,2619.08,654.77,303.45,1133.75,4
grid_06884,1650.43,275.07,166.7,527.0,6
grid_06885,2049.49,341.58,300.76,377.99,6
grid_06886,2062.26,229.14,166.7,339.13,9
grid_06887,1776.2,296.03,207.7,400.0,6
grid_06888,1927.2,321.2,221.01,438.55,6
grid_06889,1286.88,321.72,295.52,360.05,4
grid_06890,1742.93,348.59,289.73,424.97,5
grid_06891,1741.34,290.22,221.01,341.94,6
grid_06892,1231.92,307.98,262.12,358.41,4
grid_06893,1214.79,303.7,249.1,360.05,4
grid_06894,1262.5,315.63,291.06,360.05,4
grid_06895,1346.76,336.69,198.69,424.97,4
grid_06896,1304.65,326.16,284.01,413.71,4
grid_06897,2418.02,403.0,294.49,480.5,6
grid_06898,1071.81,267.95,186.28,341.25,4
grid_06899,1798.21,299.7,250.6,351.36,6
grid_06900,1940.07,323.34,250.6,377.99,6
grid_06901,1478.32,246.39,156.31,400.0,6
grid_06902,1218.59,304.65,236.28,377.99,4
grid_06903,1056.84,176.14,145.66,240.83,6
grid_06904,981.67,196.33,156.31,261.07,5
grid_06905,1274.93,318.73,250.73,351.36,4
grid_06906,1351.25,225.21,171.16,339.13,6
grid_06907,1053.52,263.38,207.7,334.02,4
grid_06908,661.36,165.34,131.53,186.2,4
grid_06909,1216.57,304.14,274.65,359.12,4
grid_06910,1652.55,330.51,215.39,455.02,5
grid_06911,1272.64,212.11,131.53,303.18,6
grid_06912,659.47,164.87,131.53,207.03,4
grid_06913,802.26,200.56,141.7,274.65,4
grid_06914,1112.51,185.42,131.53,245.86,6
grid_06915,1745.42,436.35,215.39,829.15,4
grid_06916,859.41,214.85,161.35,258.47,4
grid_06917,1126.23,281.56,232.56,328.23,4
grid_06918,20325.95,3387.66,1159.27,5668.31,6
grid_06919,16333.5,4083.37,1938.57,7102.33,4
grid_06920,3632.6,908.15,622.66,1327.75,4
grid_06921,3134.87,783.72,606.22,1171.1,4
grid_06922,14296.94,2382.82,612.16,5668.31,6
grid_06923,3324.19,831.05,606.22,1327.75,4
grid_06924,13036.19,3259.05,1067.0,5668.31,4
grid_06925,4839.83,1209.96,698.89,1938.57,4
grid_06926,7757.73,1939.43,1031.28,3720.88,4
grid_06927,6241.45,1560.36,594.01,2579.99,4
grid_06928,3504.94,876.24,600.52,1475.35,4
grid_06929,2578.62,644.65,516.59,770.7,4
grid_06930,2436.42,609.11,516.59,690.81,4
grid_06931,1952.13,488.03,375.29,600.52,4
grid_06932,2018.67,504.67,375.29,658.37,4
grid_06933,4055.51,1013.88,626.87,1634.74,4
grid_06934,2331.52,582.88,459.73,728.32,4
grid_06935,3984.48,996.12,455.02,1634.74,4
grid_06936,2814.29,703.57,384.48,1159.27,4
grid_06937,2050.08,512.52,377.91,675.52,4
grid_06938,2061.87,515.47,471.45,597.51,4
grid_06939,2271.88,567.97,444.54,732.81,4
grid_06940,4131.59,1032.9,482.34,1857.74,4
grid_06941,3578.53,596.42,437.63,1050.33,6
grid_06942,1975.3,493.83,455.45,552.51,4
grid_06943,4658.22,1164.56,731.55,1857.74,4
grid_06944,2520.25,420.04,318.63,482.34,6
grid_06945,1663.62,415.91,336.7,497.03,4
grid_06946,2534.35,633.59,501.82,741.18,4
grid_06947,2174.45,543.61,449.1,741.18,4
grid_06948,1151.87,287.97,242.02,328.23,4
grid_06949,1180.69,295.17,232.56,328.23,4
grid_06950,1071.48,267.87,207.03,337.89,4
grid_06951,952.99,238.25,159.56,337.89,4
grid_06952,3557.82,889.45,245.86,1311.34,4
grid_06953,2767.68,461.28,159.56,1171.47,6
grid_06954,1065.22,266.31,169.07,328.23,4
grid_06955,687.07,171.77,134.27,242.02,4
grid_06956,4575.5,1143.87,994.97,1311.34,4
grid_06957,1240.54,310.14,294.0,325.9,4
grid_06958,3519.95,879.99,459.73,1227.99,4
grid_06959,4945.65,1236.41,728.32,1634.74,4
grid_06960,1864.18,466.04,375.29,726.49,4
grid_06961,2789.5,697.38,375.29,1227.99,4
grid_06962,5253.91,1313.48,829.15,1634.74,4
grid_06963,4790.26,1197.56,726.49,1734.39,4
grid_06964,5507.42,1376.86,1097.72,1619.69,4
grid_06965,2800.13,700.03,377.91,1101.38,4
grid_06966,5114.05,1278.51,1047.76,1734.39,4
grid_06967,5250.03,1312.51,1047.76,1619.69,4
grid_06968,3316.4,829.1,606.22,1171.1,4
grid_06969,3587.7,896.92,570.25,1171.1,4
grid_06970,2621.58,655.39,559.8,731.55,4
grid_06971,3262.54,815.64,570.25,1067.0,4
grid_06972,10078.24,1679.71,612.16,2579.99,6
grid_06973,8758.67,1459.78,675.52,2181.21,6
grid_06974,2627.75,656.94,436.84,815.06,4
grid_06975,2178.26,544.56,473.53,594.01,4
grid_06976,2295.69,573.92,436.84,815.06,4
grid_06977,2442.0,610.5,506.36,724.01,4
grid_06978,1671.68,417.92,336.7,497.03,4
grid_06979,1612.03,403.01,318.63,495.89,4
grid_06980,1757.12,351.42,275.44,449.1,5
grid_06981,1324.48,331.12,299.45,385.36,4
grid_06982,1927.07,481.77,359.1,559.8,4
grid_06983,1253.87,313.47,272.14,342.05,4
grid_06984,2371.93,395.32,336.85,501.82,6
grid_06985,1208.27,302.07,272.14,342.05,4
grid_06986,1245.07,311.27,295.07,347.57,4
grid_06987,2007.37,501.84,359.1,698.58,4
grid_06988,1424.24,356.06,248.52,451.0,4
grid_06989,4621.68,770.28,248.52,1171.47,6
grid_06990,978.93,244.73,169.07,325.9,4
grid_06991,638.69,159.67,134.27,180.65,4
grid_06992,1336.05,334.01,294.0,386.82,4
grid_06993,1323.59,330.9,303.31,387.29,4
grid_06994,1297.82,324.46,278.0,386.82,4
grid_06995,3115.17,778.79,429.59,1097.72,4
grid_06996,807.72,201.93,154.69,238.32,4
grid_06997,1570.8,392.7,278.0,454.98,4
grid_06998,4552.87,1138.22,540.46,2000.45,4
grid_06999,6488.06,1081.34,701.96,1763.39,6
grid_07000,3479.78,869.95,540.46,1417.95,4
grid_07001,2340.19,585.05,473.53,713.92,4
grid_07002,1932.79,483.2,410.14,612.28,4
grid_07003,2300.77,575.19,444.01,698.58,4
grid_07004,1942.81,485.7,410.14,651.83,4
grid_07005,7309.79,1218.3,701.96,1981.66,6
grid_07006,3308.4,827.1,713.92,1035.74,4
grid_07007,2222.42,555.61,410.14,676.64,4
grid_07008,619.09,123.82,76.11,154.19,5
grid_07009,286.68,95.56,75.48,126.52,3
grid_07010,713.05,118.84,67.29,168.28,6
grid_07011,435.77,108.94,76.11,136.14,4
grid_07012,1084.02,180.67,171.09,186.11,6
grid_07013,971.13,161.86,104.62,184.88,6
grid_07014,426.04,85.21,45.11,134.98,5
grid_07015,171.91,85.95,67.29,104.62,2
grid_07016,262.31,65.58,44.78,89.25,4
grid_07017,186.74,93.37,86.34,100.4,2
grid_07018,2247.28,374.55,287.68,467.13,6
grid_07019,1993.06,332.18,292.25,388.86,6
grid_07020,4429.12,738.19,287.68,1682.61,6
grid_07021,1141.46,190.24,142.27,282.81,6
grid_07022,2394.28,266.03,142.27,388.86,9
grid_07023,2981.42,496.9,305.45,893.29,6
grid_07024,5366.15,894.36,370.11,1682.61,6
grid_07025,1561.06,390.27,195.88,581.87,4
grid_07026,2762.83,690.71,355.9,1347.2,4
grid_07027,1485.85,371.46,322.77,443.42,4
grid_07028,2282.28,380.38,289.73,480.5,6
grid_07029,1279.31,319.83,284.01,358.41,4
grid_07030,1573.44,393.36,289.73,555.37,4
grid_07031,1574.73,393.68,291.06,555.37,4
grid_07032,1918.41,383.68,294.49,480.5,5
grid_07033,2134.99,355.83,190.94,555.37,6
grid_07034,2771.78,461.96,334.8,572.98,6
grid_07035,1487.96,247.99,170.05,413.71,6
grid_07036,1292.24,215.37,143.67,321.02,6
grid_07037,3882.78,431.42,294.49,572.98,9
grid_07038,632.99,158.25,109.0,181.74,4
grid_07039,363.43,90.86,59.01,117.67,4
grid_07040,384.72,128.24,104.62,171.09,3
grid_07041,97.28,48.64,45.11,52.17,2
grid_07042,256.99,51.4,44.78,60.75,5
grid_07043,145.35,72.68,59.01,86.34,2
grid_07044,86.34,86.34,86.34,86.34,1
grid_07045,503.68,125.92,72.54,171.16,4
grid_07046,109.0,109.0,109.0,109.0,1
grid_07047,114.93,57.46,54.18,60.75,2
grid_07048,1333.36,333.34,265.18,377.99,4
grid_07049,1081.34,180.22,146.08,236.28,6
grid_07050,1029.42,257.35,170.31,318.92,4
grid_07051,966.16,241.54,135.44,318.92,4
grid_07052,1009.68,252.42,135.44,338.83,4
grid_07053,892.64,223.16,146.08,265.18,4
grid_07054,1133.79,283.45,245.1,338.83,4
grid_07055,747.6,186.9,145.66,279.12,4
grid_07056,831.19,207.8,152.51,279.12,4
grid_07057,1010.56,252.64,135.44,335.05,4
grid_07058,589.4,147.35,142.27,152.51,4
grid_07059,2356.39,589.1,322.77,1347.2,4
grid_07060,1167.41,194.57,142.27,296.76,6
grid_07061,994.68,248.67,195.88,305.45,4
grid_07062,612.66,153.16,148.83,162.37,4
grid_07063,1232.22,308.05,196.21,477.86,4
grid_07064,1579.88,394.97,322.77,443.42,4
grid_07065,956.57,159.43,139.09,196.59,6
grid_07066,1316.17,329.04,202.24,435.26,4
grid_07067,688.8,172.2,139.35,196.59,4
grid_07068,934.51,233.63,146.08,340.71,4
grid_07069,951.35,158.56,122.38,202.63,6
grid_07070,1032.85,258.21,135.44,323.09,4
grid_07071,1158.33,289.58,237.2,323.09,4
grid_07072,1205.53,301.38,245.1,340.71,4
grid_07073,1048.5,262.12,209.43,323.09,4
grid_07074,1199.11,299.78,242.9,340.71,4
grid_07075,875.61,218.9,162.37,266.61,4
grid_07076,1195.01,298.75,255.4,335.05,4
grid_07077,1162.13,193.69,122.38,278.34,6
grid_07078,1731.28,432.82,336.64,572.98,4
grid_07079,2653.51,442.25,310.86,572.98,6
grid_07080,727.86,181.96,152.71,214.15,4
grid_07081,1484.08,371.02,310.86,443.42,4
grid_07082,615.53,153.88,143.67,170.05,4
grid_07083,1148.57,287.14,190.94,406.84,4
grid_07084,1781.23,445.31,336.64,558.91,4
grid_07085,3071.56,767.89,351.37,1813.88,4
grid_07086,1369.65,342.41,214.15,470.86,4
grid_07087,764.69,191.17,149.1,243.52,4
grid_07088,1026.94,256.73,156.98,477.86,4
grid_07089,635.27,158.82,137.16,196.21,4
grid_07090,756.11,189.03,144.92,212.73,4
grid_07091,1795.42,448.85,378.43,527.88,4
grid_07092,775.29,193.82,148.83,266.61,4
grid_07093,953.64,158.94,139.09,197.48,6
grid_07094,1304.08,326.02,202.24,453.85,4
grid_07095,589.38,147.34,137.16,156.98,4
grid_07096,1507.52,251.25,173.0,301.07,6
grid_07097,762.2,190.55,144.92,212.73,4
grid_07098,345.9,115.3,72.54,150.99,3
grid_07099,262.94,131.47,122.38,140.56,2
grid_07100,140.56,140.56,140.56,140.56,1
grid_07101,2367.93,591.98,377.91,720.14,4
grid_07102,4199.59,1049.9,644.79,1734.39,4
grid_07103,3986.14,996.53,592.89,1619.69,4
grid_07104,3282.92,820.73,594.35,1101.38,4
grid_07105,3933.25,983.31,506.31,1734.39,4
grid_07106,3849.59,962.4,506.31,1619.69,4
grid_07107,2884.63,721.16,594.35,868.17,4
grid_07108,1941.02,485.26,360.76,675.83,4
grid_07109,1978.86,494.71,349.37,675.83,4
grid_07110,4467.54,1116.88,719.02,1797.58,4
grid_07111,1073.8,268.45,261.13,275.44,4
grid_07112,1187.77,296.94,265.09,347.57,4
grid_07113,2049.82,341.64,275.34,443.34,6
grid_07114,1148.76,287.19,261.13,336.85,4
grid_07115,1109.47,277.37,234.7,347.57,4
grid_07116,1027.32,256.83,210.58,280.27,4
grid_07117,2155.0,538.75,443.34,698.58,4
grid_07118,971.5,242.87,210.58,265.09,4
grid_07119,2170.22,361.7,275.34,465.44,6
grid_07120,1190.7,297.67,262.12,347.57,4
grid_07121,1109.58,277.39,180.65,387.29,4
grid_07122,3893.38,648.9,429.59,994.97,6
grid_07123,1802.99,300.5,234.06,391.27,6
grid_07124,1906.76,317.79,278.0,427.64,6
grid_07125,1934.61,322.44,278.0,454.98,6
grid_07126,1692.04,423.01,320.18,592.89,4
grid_07127,2241.57,373.59,288.72,427.64,6
grid_07128,2997.35,374.67,278.07,583.23,8
grid_07129,2122.37,353.73,238.32,413.43,6
grid_07130,1019.56,254.89,195.35,313.98,4
grid_07131,2152.34,538.09,444.01,698.58,4
grid_07132,1839.61,459.9,410.14,523.36,4
grid_07133,2754.12,688.53,612.28,751.29,4
grid_07134,13979.95,1747.49,1035.74,2398.93,8
grid_07135,2004.33,501.08,446.33,572.54,4
grid_07136,2923.26,730.81,635.73,859.6,4
grid_07137,2408.27,602.07,523.36,676.64,4
grid_07138,1822.94,455.74,366.86,547.65,4
grid_07139,4402.95,1100.74,751.29,1756.32,4
grid_07140,10330.92,1475.85,549.81,1938.83,7
grid_07141,2221.09,555.27,398.12,671.87,4
grid_07142,5073.53,1268.38,701.96,1797.58,4
grid_07143,3118.44,779.61,644.79,1082.76,4
grid_07144,4097.07,682.85,446.6,1082.76,6
grid_07145,9986.75,1664.46,850.54,2398.93,6
grid_07146,2579.2,429.87,356.14,595.0,6
grid_07147,3161.91,526.98,398.12,671.87,6
grid_07148,2110.45,351.74,306.84,423.83,6
grid_07149,6772.3,1128.72,446.6,1797.58,6
grid_07150,2129.53,532.38,395.45,850.54,4
grid_07151,1219.95,304.99,195.12,413.43,4
grid_07152,1931.48,321.91,304.99,349.37,6
grid_07153,1047.44,261.86,221.51,313.98,4
grid_07154,2415.72,301.97,229.95,337.54,8
grid_07155,1172.63,293.16,220.13,391.27,4
grid_07156,1092.62,273.15,195.12,413.43,4
grid_07157,1168.06,292.02,216.09,336.59,4
grid_07158,1007.51,251.88,220.13,305.84,4
grid_07159,725.5,181.37,155.77,195.35,4
grid_07160,1865.61,310.94,229.95,419.93,6
grid_07161,894.94,223.74,177.74,262.12,4
grid_07162,1018.51,254.63,220.39,285.94,4
grid_07163,1669.5,417.38,289.55,547.65,4
grid_07164,1067.94,266.99,210.58,357.81,4
grid_07165,2208.68,368.11,280.27,465.44,6
grid_07166,842.3,210.57,177.74,234.7,4
grid_07167,1166.61,291.65,219.28,357.81,4
grid_07168,2407.18,300.9,261.42,396.99,8
grid_07169,892.17,223.04,177.74,269.53,4
grid_07170,1732.03,288.67,254.88,366.86,6
grid_07171,1250.13,312.53,216.09,423.83,4
grid_07172,1753.22,438.3,395.45,485.29,4
grid_07173,7365.74,1227.62,436.95,1679.31,6
grid_07174,1709.37,427.34,296.71,595.0,4
grid_07175,1900.0,475.0,393.84,595.0,4
grid_07176,1675.73,418.93,395.45,437.49,4
grid_07177,1060.36,265.09,216.09,296.71,4
grid_07178,1716.66,429.17,395.45,457.84,4
grid_07179,1361.57,340.39,252.73,418.29,4
grid_07180,5477.38,912.9,405.84,1595.28,6
grid_07181,772.18,193.05,155.77,221.51,4
grid_07182,890.73,222.68,199.55,239.72,4
grid_07183,832.49,208.12,179.25,237.99,4
grid_07184,1972.34,328.72,239.72,419.93,6
grid_07185,692.93,173.23,155.77,197.72,4
grid_07186,1107.74,276.93,197.38,366.53,4
grid_07187,1180.14,295.04,216.09,367.33,4
grid_07188,774.8,193.7,160.18,237.99,4
grid_07189,777.0,194.25,155.77,223.96,4
grid_07190,965.57,241.39,199.55,302.34,4
grid_07191,2415.45,402.57,265.4,572.54,6
grid_07192,2920.18,486.7,311.1,635.73,6
grid_07193,1963.68,327.28,254.88,446.33,6
grid_07194,3482.77,580.46,380.94,859.6,6
grid_07195,5813.38,968.9,417.93,1756.32,6
grid_07196,2796.44,699.11,303.48,1320.33,4
grid_07197,995.04,248.76,204.33,311.1,4
grid_07198,1449.7,362.43,302.8,417.93,4
grid_07199,1619.26,404.81,303.48,549.81,4
grid_07200,1209.05,302.26,214.21,380.94,4
grid_07201,1091.08,272.77,211.27,318.46,4
grid_07202,1092.38,182.06,143.09,254.31,6
grid_07203,1189.41,297.35,213.88,334.85,4
grid_07204,1266.18,316.54,307.04,322.79,4
grid_07205,2249.16,281.15,236.83,368.05,8
grid_07206,2067.93,344.66,318.46,412.5,6
grid_07207,1907.36,317.89,252.21,363.37,6
grid_07208,2120.01,353.33,322.79,412.5,6
grid_07209,869.81,217.45,154.69,315.53,4
grid_07210,1639.41,234.2,165.54,315.53,7
grid_07211,891.85,222.96,174.43,281.44,4
grid_07212,1966.04,245.76,162.61,351.39,8
grid_07213,1724.3,287.38,252.21,328.54,6
grid_07214,523.78,130.94,121.74,139.79,4
grid_07215,1422.71,237.12,173.9,287.81,6
grid_07216,1590.07,265.01,173.9,328.54,6
grid_07217,697.37,174.34,124.94,243.6,4
grid_07218,551.82,137.95,121.74,149.1,4
grid_07219,998.16,249.54,173.9,328.54,4
grid_07220,695.15,173.79,137.32,219.35,4
grid_07221,1523.82,253.97,194.92,318.57,6
grid_07222,1119.24,279.81,210.78,327.57,4
grid_07223,1626.07,271.01,194.92,385.59,6
grid_07224,1330.01,332.5,210.78,428.29,4
grid_07225,1837.16,306.19,234.06,385.59,6
grid_07226,1503.73,375.93,312.17,428.29,4
grid_07227,1296.14,216.02,185.64,262.32,6
grid_07228,915.3,228.83,210.78,262.32,4
grid_07229,1310.02,327.51,222.42,428.29,4
grid_07230,1123.17,280.79,243.55,317.68,4
grid_07231,630.12,157.53,137.32,189.39,4
grid_07232,1684.81,280.8,222.86,351.39,6
grid_07233,916.34,229.08,173.9,284.43,4
grid_07234,1323.23,330.81,282.62,399.91,4
grid_07235,769.88,192.47,139.79,243.6,4
grid_07236,993.08,248.27,189.39,319.24,4
grid_07237,754.59,188.65,163.64,222.86,4
grid_07238,1159.83,289.96,217.89,399.91,4
grid_07239,879.0,219.75,165.38,282.62,4
grid_07240,792.28,198.07,165.38,244.9,4
grid_07241,1328.76,221.46,168.9,337.64,6
grid_07242,806.12,201.53,163.64,265.1,4
grid_07243,695.39,173.85,165.38,192.37,4
grid_07244,828.32,207.08,180.1,240.66,4
grid_07245,1227.44,306.86,265.1,358.84,4
grid_07246,956.91,239.23,187.99,284.26,4
grid_07247,1134.31,189.05,168.74,240.66,6
grid_07248,972.27,243.07,212.26,282.7,4
grid_07249,787.91,196.98,165.38,217.89,4
grid_07250,1098.34,274.59,168.74,426.38,4
grid_07251,1084.31,271.08,210.78,428.29,4
grid_07252,948.09,237.02,191.23,316.08,4
grid_07253,1245.41,311.35,243.55,379.94,4
grid_07254,1154.83,288.71,219.37,357.1,4
grid_07255,1011.6,252.9,222.42,282.7,4
grid_07256,1351.68,225.28,185.64,357.1,6
grid_07257,1098.37,274.59,191.23,379.94,4
grid_07258,1047.84,261.96,222.42,355.53,4
grid_07259,1479.93,369.98,305.84,427.62,4
grid_07260,1518.15,253.02,187.21,357.1,6
grid_07261,1689.95,281.66,168.74,400.72,6
grid_07262,1285.29,321.32,219.56,401.65,4
grid_07263,1262.59,315.65,219.56,401.65,4
grid_07264,1173.12,293.28,192.37,426.38,4
grid_07265,1646.68,411.67,284.26,623.76,4
grid_07266,1312.27,328.07,212.26,475.21,4
grid_07267,1973.23,493.31,379.82,623.76,4
grid_07268,1833.38,458.35,310.85,553.72,4
grid_07269,2732.1,455.35,367.43,622.48,6
grid_07270,2255.21,451.04,310.85,622.48,5
grid_07271,1159.84,289.96,193.65,357.1,4
grid_07272,1210.23,302.56,247.07,355.53,4
grid_07273,1359.06,339.76,247.07,475.21,4
grid_07274,1349.15,337.29,211.12,427.62,4
grid_07275,1614.75,403.69,366.53,427.62,4
grid_07276,918.88,229.72,193.65,271.2,4
grid_07277,1726.41,431.6,354.07,475.21,4
grid_07278,1725.87,287.65,193.65,405.13,6
grid_07279,1315.33,328.83,253.56,436.49,4
grid_07280,1582.77,395.69,330.46,427.62,4
grid_07281,1647.12,411.78,379.82,478.91,4
grid_07282,1760.3,440.08,342.1,542.43,4
grid_07283,1727.34,431.84,342.1,475.21,4
grid_07284,1630.47,407.62,266.37,582.91,4
grid_07285,3313.0,828.25,449.39,1348.03,4
grid_07286,3063.34,765.84,542.43,994.04,4
grid_07287,3186.42,796.6,553.72,1016.18,4
grid_07288,3458.87,576.48,391.79,1016.18,6
grid_07289,1523.82,380.95,266.37,478.91,4
grid_07290,2892.85,723.21,449.39,1348.03,4
grid_07291,1603.46,400.86,271.2,588.3,4
grid_07292,1627.19,406.8,383.33,423.25,4
grid_07293,1039.14,259.79,200.47,307.46,4
grid_07294,2050.8,341.8,200.47,447.88,6
grid_07295,2120.22,530.05,436.49,634.79,4
grid_07296,1655.91,413.98,383.33,447.88,4
grid_07297,1775.74,443.94,304.75,588.3,4
grid_07298,1151.74,287.94,260.0,307.46,4
grid_07299,2649.69,662.42,575.24,851.36,4
grid_07300,1457.36,364.34,300.56,447.88,4
grid_07301,1181.36,295.34,255.4,324.1,4
grid_07302,1030.33,257.58,202.63,340.71,4
grid_07303,982.69,245.67,209.43,278.77,4
grid_07304,1040.89,260.22,209.43,295.18,4
grid_07305,856.89,214.22,161.82,244.1,4
grid_07306,1051.49,262.87,223.79,324.1,4
grid_07307,879.23,219.81,161.82,280.46,4
grid_07308,1070.4,214.08,140.56,278.34,5
grid_07309,1022.4,255.6,194.05,324.1,4
grid_07310,623.13,155.78,130.8,194.05,4
grid_07311,5664.11,944.02,351.37,2067.23,6
grid_07312,958.39,239.6,152.71,348.0,4
grid_07313,4896.18,1224.04,377.56,2176.86,4
grid_07314,1118.6,279.65,219.35,336.49,4
grid_07315,1866.3,466.57,348.0,541.07,4
grid_07316,2285.44,571.36,470.86,714.6,4
grid_07317,10356.07,1726.01,558.91,3024.59,6
grid_07318,1434.38,358.6,243.52,506.37,4
grid_07319,2548.87,637.22,456.59,836.61,4
grid_07320,2741.14,685.29,506.37,857.1,4
grid_07321,1567.4,391.85,208.1,527.88,4
grid_07322,790.62,197.65,137.16,316.7,4
grid_07323,1135.57,227.11,155.89,308.12,5
grid_07324,1087.4,271.85,208.1,453.85,4
grid_07325,917.88,229.47,137.16,316.7,4
grid_07326,1032.96,258.24,179.07,377.56,4
grid_07327,784.55,196.14,179.07,212.71,4
grid_07328,777.18,194.3,184.67,212.71,4
grid_07329,987.29,246.82,181.29,308.12,4
grid_07330,1539.12,256.52,181.29,301.07,6
grid_07331,1044.1,261.03,213.46,295.18,4
grid_07332,683.39,170.85,130.8,223.79,4
grid_07333,698.14,174.53,136.46,208.07,4
grid_07334,735.17,183.79,134.76,224.82,4
grid_07335,786.3,196.57,187.11,208.07,4
grid_07336,859.75,214.94,151.8,269.67,4
grid_07337,494.03,123.51,111.63,136.46,4
grid_07338,787.47,196.87,146.38,265.8,4
grid_07339,627.66,156.91,116.01,213.46,4
grid_07340,591.02,147.75,111.63,191.77,4
grid_07341,7397.05,1232.84,398.15,3024.59,6
grid_07342,2180.42,545.11,336.49,857.1,4
grid_07343,1495.03,373.76,319.24,480.47,4
grid_07344,3220.8,805.2,268.23,2176.86,4
grid_07345,2805.87,701.47,500.86,857.1,4
grid_07346,2373.52,593.38,480.47,857.1,4
grid_07347,2382.83,595.71,456.59,836.61,4
grid_07348,2712.33,452.05,309.45,626.26,6
grid_07349,1998.16,499.54,358.84,623.76,4
grid_07350,1225.23,306.31,249.4,398.15,4
grid_07351,926.64,231.66,187.97,316.7,4
grid_07352,1051.77,262.94,196.81,316.7,4
grid_07353,789.14,197.28,174.25,251.15,4
grid_07354,947.85,236.96,179.07,268.23,4
grid_07355,742.52,185.63,154.98,230.13,4
grid_07356,691.61,172.9,154.98,196.81,4
grid_07357,751.38,187.85,160.6,230.13,4
grid_07358,1141.9,190.32,152.84,265.8,6
grid_07359,719.56,179.89,172.68,187.97,4
grid_07360,1000.23,250.06,174.25,342.09,4
grid_07361,521.16,130.29,116.01,151.8,4
grid_07362,499.28,124.82,115.14,134.76,4
grid_07363,713.65,178.41,151.15,191.77,4
grid_07364,233.72,116.86,115.14,118.59,2
grid_07365,226.77,113.38,111.63,115.14,2
grid_07366,480.26,120.06,79.51,146.38,4
grid_07367,383.08,95.77,68.97,118.59,4
grid_07368,585.17,146.29,138.36,161.82,4
grid_07369,250.17,125.09,111.81,138.36,2
grid_07370,527.71,131.93,111.81,138.93,4
grid_07371,1255.53,313.88,249.4,412.89,4
grid_07372,619.75,154.94,141.36,164.88,4
grid_07373,641.85,160.46,154.98,164.88,4
grid_07374,751.79,187.95,172.13,232.73,4
grid_07375,666.79,166.7,160.6,172.68,4
grid_07376,742.58,148.52,130.77,161.82,5
grid_07377,1182.16,295.54,232.73,346.34,4
grid_07378,1500.26,375.06,342.09,412.89,4
grid_07379,843.48,210.87,172.13,261.0,4
grid_07380,638.23,159.56,152.53,164.88,4
grid_07381,2239.35,559.84,497.59,623.76,4
grid_07382,2006.25,501.56,472.71,535.09,4
grid_07383,2615.53,435.92,309.45,529.63,6
grid_07384,2033.94,508.48,449.06,611.3,4
grid_07385,1913.89,478.47,375.21,611.3,4
grid_07386,1451.1,362.77,249.4,479.36,4
grid_07387,1586.74,396.68,263.55,497.59,4
grid_07388,1447.85,361.96,262.52,472.71,4
grid_07389,1827.83,456.96,352.88,582.91,4
grid_07390,2121.19,353.53,211.15,529.63,6
grid_07391,670.57,167.64,159.44,177.62,4
grid_07392,596.95,149.24,138.18,164.88,4
grid_07393,678.94,169.74,159.44,177.62,4
grid_07394,1047.84,261.96,185.44,346.34,4
grid_07395,799.16,199.79,175.11,261.0,4
grid_07396,1244.79,311.2,244.44,398.94,4
grid_07397,441.02,147.01,137.73,152.53,3
grid_07398,629.51,157.38,150.76,166.78,4
grid_07399,615.26,153.81,137.73,186.48,4
grid_07400,906.54,226.63,175.11,342.89,4
grid_07401,975.0,243.75,177.74,308.46,4
grid_07402,954.47,238.62,220.39,259.5,4
grid_07403,1504.95,250.82,205.52,308.46,6
grid_07404,1988.94,248.62,207.98,281.07,8
grid_07405,1684.98,280.83,224.51,347.83,6
grid_07406,972.3,243.08,206.91,274.43,4
grid_07407,1626.63,271.11,205.52,347.83,6
grid_07408,1921.66,320.28,224.51,441.13,6
grid_07409,785.09,196.27,147.41,236.09,4
grid_07410,1267.87,316.97,250.93,441.13,4
grid_07411,1695.85,423.96,393.84,457.84,4
grid_07412,1647.2,411.8,326.3,477.57,4
grid_07413,1131.51,282.88,252.73,327.09,4
grid_07414,1612.81,403.2,306.88,457.84,4
grid_07415,1528.51,382.13,306.88,457.84,4
grid_07416,3767.38,627.9,405.84,1096.17,6
grid_07417,1427.92,356.98,252.73,429.8,4
grid_07418,3405.86,567.64,472.45,692.55,6
grid_07419,1356.6,339.15,264.52,429.8,4
grid_07420,1270.07,317.52,264.52,372.37,4
grid_07421,931.52,232.88,204.33,265.4,4
grid_07422,605.67,151.42,81.07,214.21,4
grid_07423,1050.86,262.72,129.66,348.03,4
grid_07424,727.74,181.94,81.07,302.8,4
grid_07425,1735.4,433.85,303.48,622.81,4
grid_07426,664.7,166.18,106.06,206.91,4
grid_07427,1258.54,314.64,270.37,348.03,4
grid_07428,1768.53,442.13,336.66,597.37,4
grid_07429,742.48,185.62,92.6,270.37,4
grid_07430,366.99,91.75,81.07,106.06,4
grid_07431,1192.18,298.05,197.38,401.03,4
grid_07432,769.53,192.38,160.18,211.72,4
grid_07433,1179.68,294.92,256.85,367.33,4
grid_07434,983.18,245.79,209.43,302.34,4
grid_07435,842.83,210.71,197.72,223.96,4
grid_07436,784.71,196.18,160.18,227.25,4
grid_07437,1781.19,296.86,247.44,367.33,6
grid_07438,1572.04,393.01,227.25,520.51,4
grid_07439,859.92,214.98,181.0,247.44,4
grid_07440,1067.58,266.9,256.85,281.8,4
grid_07441,1153.53,288.38,256.85,327.09,4
grid_07442,1413.6,353.4,301.31,429.8,4
grid_07443,1786.71,446.68,326.3,610.47,4
grid_07444,1227.04,306.76,268.27,344.93,4
grid_07445,1536.47,384.12,301.31,506.25,4
grid_07446,4264.68,710.78,555.45,1104.54,6
grid_07447,2419.8,604.95,264.52,1102.52,4
grid_07448,1806.56,451.64,264.52,680.39,4
grid_07449,1288.03,322.01,268.27,373.51,4
grid_07450,3189.91,797.48,372.37,1104.54,4
grid_07451,1218.94,304.73,249.86,362.05,4
grid_07452,392.27,98.07,81.07,129.66,4
grid_07453,455.91,113.98,90.92,147.41,4
grid_07454,1125.68,281.42,199.02,362.05,4
grid_07455,355.27,88.82,76.6,97.13,4
grid_07456,638.6,159.65,92.6,249.86,4
grid_07457,322.97,80.74,66.5,90.92,4
grid_07458,1860.43,465.11,314.75,597.37,4
grid_07459,349.68,87.42,66.5,111.52,4
grid_07460,473.59,118.4,76.6,179.68,4
grid_07461,1654.35,413.59,344.93,511.05,4
grid_07462,4695.62,1173.91,506.25,2580.23,4
grid_07463,2233.37,558.34,373.51,928.75,4
grid_07464,1612.84,403.21,332.04,511.05,4
grid_07465,5124.35,1281.09,808.34,2108.94,4
grid_07466,4282.49,713.75,355.44,1104.54,6
grid_07467,6472.08,1618.02,680.39,2580.23,4
grid_07468,2137.73,534.43,424.82,614.27,4
grid_07469,5949.86,1487.47,911.32,2580.23,4
grid_07470,4511.1,1127.77,546.18,2108.94,4
grid_07471,335.89,83.97,66.5,120.18,4
grid_07472,1086.98,271.74,199.02,328.53,4
grid_07473,1584.97,396.24,314.75,586.25,4
grid_07474,720.5,180.13,97.13,244.68,4
grid_07475,315.77,78.94,66.5,95.93,4
grid_07476,928.4,232.1,120.18,370.13,4
grid_07477,631.2,157.8,72.6,258.41,4
grid_07478,1126.81,281.7,179.68,370.13,4
grid_07479,1134.83,283.71,229.31,332.32,4
grid_07480,1098.34,274.58,185.07,355.44,4
grid_07481,2115.02,528.75,424.86,614.27,4
grid_07482,7266.36,1816.59,1047.64,2580.23,4
grid_07483,2829.78,707.44,424.86,928.75,4
grid_07484,2892.19,482.03,185.07,808.34,6
grid_07485,3734.73,933.68,587.59,1568.59,4
grid_07486,4368.06,1092.01,564.84,1620.36,4
grid_07487,2813.79,703.45,532.97,1047.64,4
grid_07488,2405.83,400.97,185.07,546.18,6
grid_07489,3913.19,978.3,649.0,1529.56,4
grid_07490,3826.74,956.68,564.84,1620.36,4
grid_07491,529.56,132.39,72.6,181.02,4
grid_07492,1362.47,340.62,258.41,370.13,4
grid_07493,1050.61,262.65,180.02,365.72,4
grid_07494,919.63,229.91,185.07,296.96,4
grid_07495,1297.05,324.26,226.39,370.13,4
grid_07496,913.45,228.36,180.02,305.95,4
grid_07497,996.31,249.08,208.3,332.32,4
grid_07498,1141.09,285.27,199.69,368.21,4
grid_07499,1493.63,373.41,208.3,540.3,4
grid_07500,988.17,247.04,176.3,365.72,4
grid_07501,883.03,220.76,199.91,268.98,4
grid_07502,1559.93,259.99,222.05,285.7,6
grid_07503,804.58,201.14,181.0,211.72,4
grid_07504,1216.64,304.16,199.91,520.51,4
grid_07505,1802.54,450.63,375.85,520.51,4
grid_07506,969.47,242.37,181.0,296.4,4
grid_07507,1020.83,255.21,202.42,289.65,4
grid_07508,1457.15,291.43,222.05,335.57,5
grid_07509,1611.86,268.64,181.0,335.57,6
grid_07510,1532.19,383.05,259.78,520.51,4
grid_07511,1297.95,324.49,211.15,449.06,4
grid_07512,1577.02,394.26,285.83,479.36,4
grid_07513,1133.98,283.5,179.78,394.45,4
grid_07514,955.49,238.87,159.28,352.88,4
grid_07515,863.64,215.91,159.28,263.55,4
grid_07516,1159.68,289.92,230.47,398.94,4
grid_07517,1336.48,222.75,179.18,285.83,6
grid_07518,831.14,207.79,178.29,262.52,4
grid_07519,644.85,161.21,130.14,179.78,4
grid_07520,729.2,182.3,166.91,206.87,4
grid_07521,1058.97,264.74,191.28,394.45,4
grid_07522,2965.63,741.41,385.41,1016.18,4
grid_07523,5971.4,1492.85,973.16,2298.41,4
grid_07524,1046.7,261.67,191.28,391.79,4
grid_07525,3889.01,972.25,570.01,1351.8,4
grid_07526,2769.38,461.56,197.25,1016.18,6
grid_07527,5132.6,1283.15,634.79,2298.41,4
grid_07528,1758.33,439.58,282.39,570.01,4
grid_07529,703.37,175.84,152.19,197.25,4
grid_07530,717.25,179.31,152.19,206.87,4
grid_07531,1483.0,370.75,300.56,423.25,4
grid_07532,2024.71,337.45,260.0,447.88,6
grid_07533,2044.86,511.22,304.75,727.45,4
grid_07534,1395.4,348.85,300.56,375.85,4
grid_07535,1327.63,331.91,279.53,437.43,4
grid_07536,2635.14,658.78,481.09,851.36,4
grid_07537,1899.97,316.66,279.53,347.23,6
grid_07538,1287.45,321.86,300.56,351.56,4
grid_07539,2206.43,551.61,437.43,727.45,4
grid_07540,1974.73,493.68,327.57,727.45,4
grid_07541,1518.85,253.14,162.65,385.41,6
grid_07542,4594.62,1148.65,440.46,2298.41,4
grid_07543,2946.26,736.56,503.93,1351.8,4
grid_07544,4071.33,1017.83,440.46,2298.41,4
grid_07545,1303.73,217.29,142.94,329.58,6
grid_07546,1898.49,474.62,377.28,520.52,4
grid_07547,617.0,154.25,112.77,185.13,4
grid_07548,570.55,142.64,112.77,162.65,4
grid_07549,1629.25,407.31,282.39,520.52,4
grid_07550,1690.49,422.62,368.81,503.93,4
grid_07551,1095.78,182.63,147.79,230.47,6
grid_07552,616.45,154.11,130.14,178.29,4
grid_07553,654.0,163.5,147.79,179.18,4
grid_07554,935.5,233.88,191.27,269.33,4
grid_07555,898.91,149.82,119.61,191.27,6
grid_07556,655.81,163.95,130.14,185.0,4
grid_07557,712.68,178.17,166.91,185.13,4
grid_07558,602.1,150.52,130.14,165.02,4
grid_07559,574.34,143.58,119.61,158.19,4
grid_07560,917.81,229.45,162.79,294.42,4
grid_07561,1587.66,396.92,361.46,482.92,4
grid_07562,1402.6,350.65,310.17,424.82,4
grid_07563,1321.91,330.48,217.75,482.92,4
grid_07564,1120.78,280.19,254.23,296.4,4
grid_07565,1021.41,255.35,217.75,289.65,4
grid_07566,1890.89,315.15,280.51,377.1,6
grid_07567,1267.21,316.8,255.16,367.43,4
grid_07568,1678.24,419.56,310.17,587.59,4
grid_07569,1888.97,314.83,242.74,377.1,6
grid_07570,999.55,249.89,222.07,280.51,4
grid_07571,1874.03,312.34,220.49,410.17,6
grid_07572,1245.2,311.3,243.04,367.43,4
grid_07573,1756.46,439.11,305.93,602.93,4
grid_07574,1124.83,281.21,220.49,351.56,4
grid_07575,1733.74,433.43,260.76,602.93,4
grid_07576,1230.02,307.5,203.06,438.62,4
grid_07577,2327.37,387.89,220.49,530.32,6
grid_07578,1134.62,283.65,243.04,332.69,4
grid_07579,1973.33,493.33,410.17,602.93,4
grid_07580,1096.36,274.09,220.49,357.11,4
grid_07581,1038.46,259.61,204.1,361.46,4
grid_07582,898.14,224.53,204.1,254.23,4
grid_07583,1195.22,298.81,255.16,332.69,4
grid_07584,883.5,220.87,208.62,242.74,4
grid_07585,2334.67,583.67,355.65,964.28,4
grid_07586,1132.4,283.1,204.1,348.94,4
grid_07587,1974.15,329.02,210.06,427.15,6
grid_07588,983.73,245.93,204.1,348.94,4
grid_07589,1298.47,324.62,257.02,384.56,4
grid_07590,1236.89,309.22,257.02,348.94,4
grid_07591,1617.94,404.48,327.57,481.09,4
grid_07592,1225.31,306.33,219.11,377.28,4
grid_07593,519.93,129.98,112.77,151.43,4
grid_07594,1537.51,384.38,260.11,496.76,4
grid_07595,1342.68,223.78,142.94,329.58,6
grid_07596,594.73,148.68,112.77,185.13,4
grid_07597,1543.59,385.9,313.88,496.76,4
grid_07598,1118.56,279.64,203.06,368.81,4
grid_07599,910.31,227.58,173.07,260.11,4
grid_07600,1053.98,263.5,203.06,373.79,4
grid_07601,502.85,125.71,94.11,158.19,4
grid_07602,673.25,168.31,130.94,219.1,4
grid_07603,1115.2,139.4,94.11,181.05,8
grid_07604,815.3,203.82,165.02,246.18,4
grid_07605,1483.98,185.5,129.71,294.42,8
grid_07606,800.36,200.09,184.05,246.18,4
grid_07607,880.29,146.72,94.11,192.59,6
grid_07608,1316.34,219.39,164.37,265.54,6
grid_07609,764.49,152.9,94.11,184.08,5
grid_07610,1471.17,245.19,203.82,292.79,6
grid_07611,1180.92,295.23,203.06,373.79,4
grid_07612,3444.18,574.03,357.11,696.7,6
grid_07613,1584.02,396.0,275.72,591.05,4
grid_07614,2075.96,518.99,419.03,696.7,4
grid_07615,1862.02,465.5,275.72,638.13,4
grid_07616,1454.52,363.63,260.76,431.43,4
grid_07617,4870.36,608.79,488.2,696.7,8
grid_07618,3043.06,608.61,384.56,769.78,5
grid_07619,3995.45,499.43,267.51,696.7,8
grid_07620,2383.35,397.22,305.51,532.64,6
grid_07621,1440.86,240.14,112.78,407.08,6
grid_07622,1570.96,261.83,187.06,403.36,6
grid_07623,1236.56,247.31,173.07,403.36,5
grid_07624,2400.87,266.76,151.43,407.08,9
grid_07625,1184.26,197.38,112.78,335.52,6
grid_07626,2115.87,352.64,228.51,494.6,6
grid_07627,1648.53,412.13,335.52,498.07,4
grid_07628,2097.39,349.56,258.02,532.64,6
grid_07629,1364.68,227.45,173.07,269.76,6
grid_07630,1400.62,350.16,212.46,498.07,4
grid_07631,986.69,164.45,129.71,190.63,6
grid_07632,1196.65,199.44,130.94,292.79,6
grid_07633,812.28,203.07,173.35,253.38,4
grid_07634,1322.54,220.42,167.46,265.43,6
grid_07635,1131.36,282.84,249.07,323.96,4
grid_07636,781.57,195.39,173.35,214.17,4
grid_07637,948.62,237.15,192.59,292.79,4
grid_07638,1156.54,289.13,212.46,354.57,4
grid_07639,1191.01,238.2,201.98,265.43,5
grid_07640,1215.96,303.99,228.17,414.75,4
grid_07641,3640.54,606.76,511.42,767.5,6
grid_07642,2297.54,382.92,267.51,538.56,6
grid_07643,2258.8,376.47,267.51,488.2,6
grid_07644,1778.76,444.69,351.0,511.42,4
grid_07645,1425.93,356.48,267.51,457.52,4
grid_07646,1944.0,486.0,428.15,530.17,4
grid_07647,1665.12,416.28,305.51,497.62,4
grid_07648,5165.74,860.96,474.27,1445.44,6
grid_07649,2349.95,391.66,312.8,499.61,6
grid_07650,1457.36,364.34,312.8,428.15,4
grid_07651,1170.43,195.07,173.07,214.92,6
grid_07652,894.51,223.63,187.06,286.73,4
grid_07653,1990.07,497.52,354.57,681.44,4
grid_07654,2614.89,435.81,286.73,559.15,6
grid_07655,1228.18,307.05,192.21,420.55,4
grid_07656,1276.69,319.17,214.92,420.55,4
grid_07657,1346.67,336.67,192.21,467.23,4
grid_07658,1761.24,440.31,399.32,498.07,4
grid_07659,1543.32,385.83,258.7,497.62,4
grid_07660,1963.54,490.89,397.8,681.44,4
grid_07661,909.64,227.41,214.17,249.07,4
grid_07662,828.94,207.23,195.08,218.23,4
grid_07663,858.58,214.64,195.08,253.38,4
grid_07664,1774.72,443.68,323.96,681.44,4
grid_07665,783.16,195.79,184.68,218.23,4
grid_07666,737.96,184.49,149.54,208.66,4
grid_07667,1239.16,309.79,228.17,414.75,4
grid_07668,709.41,177.35,149.22,208.66,4
grid_07669,1863.82,465.95,339.32,681.44,4
grid_07670,888.48,222.12,185.17,256.91,4
grid_07671,5968.15,994.69,333.85,1445.44,6
grid_07672,4471.09,496.79,287.26,961.48,9
grid_07673,3893.02,648.84,286.93,1132.09,6
grid_07674,2437.47,406.24,286.93,639.43,6
grid_07675,3798.03,633.01,307.67,1349.76,6
grid_07676,2375.72,395.95,310.92,578.94,6
grid_07677,1236.29,309.07,274.55,337.19,4
grid_07678,1800.44,300.07,140.7,439.93,6
grid_07679,1414.13,353.53,307.67,439.93,4
grid_07680,2561.82,640.45,380.4,1132.09,4
grid_07681,1756.48,439.12,382.52,559.91,4
grid_07682,1841.03,460.26,382.52,567.38,4
grid_07683,1967.5,491.87,400.5,595.85,4
grid_07684,3121.57,520.26,399.32,595.85,6
grid_07685,1884.87,471.22,400.5,559.91,4
grid_07686,1777.46,444.36,397.8,524.34,4
grid_07687,1424.52,356.13,256.1,428.31,4
grid_07688,2982.38,497.06,384.81,595.85,6
grid_07689,1980.43,495.11,393.51,559.91,4
grid_07690,2126.42,531.6,503.92,559.91,4
grid_07691,2167.36,541.84,240.03,1178.59,4
grid_07692,1542.3,385.58,274.48,474.27,4
grid_07693,2186.74,546.69,457.52,664.23,4
grid_07694,2016.75,504.19,395.39,664.23,4
grid_07695,1344.34,336.09,281.93,384.21,4
grid_07696,1125.27,281.32,203.46,365.41,4
grid_07697,1026.58,256.64,203.46,308.61,4
grid_07698,2183.44,545.86,324.53,695.07,4
grid_07699,2215.6,369.27,312.8,499.61,6
grid_07700,2586.46,646.61,567.38,695.07,4
grid_07701,1150.43,287.61,244.44,381.59,4
grid_07702,663.1,165.77,150.76,186.48,4
grid_07703,704.06,176.02,159.08,203.1,4
grid_07704,1164.99,291.25,185.44,381.59,4
grid_07705,866.06,216.52,159.08,344.66,4
grid_07706,608.1,152.02,122.63,186.48,4
grid_07707,1180.38,295.1,201.55,381.59,4
grid_07708,1199.69,299.92,254.35,381.59,4
grid_07709,1092.2,273.05,201.55,344.66,4
grid_07710,663.48,165.87,158.7,186.48,4
grid_07711,148.48,74.24,68.97,79.51,2
grid_07712,115.84,57.92,57.39,58.44,2
grid_07713,57.39,57.39,57.39,57.39,1
grid_07714,122.63,122.63,122.63,122.63,1
grid_07715,825.8,137.63,90.81,164.67,6
grid_07716,1296.47,216.08,129.27,344.66,6
grid_07717,1476.04,246.01,133.75,294.42,6
grid_07718,1495.43,249.24,201.55,344.66,6
grid_07719,1423.27,237.21,201.55,291.08,6
grid_07720,522.14,104.43,84.72,122.63,5
grid_07721,703.82,117.3,90.81,158.7,6
grid_07722,552.32,138.08,91.49,208.76,4
grid_07723,385.52,96.38,73.96,129.27,4
grid_07724,691.23,172.81,111.41,248.25,4
grid_07725,355.43,71.09,57.39,91.47,5
grid_07726,640.91,160.23,113.98,225.71,4
grid_07727,699.35,174.84,111.41,248.25,4
grid_07728,337.31,84.33,73.96,91.47,4
grid_07729,404.87,101.22,78.17,122.81,4
grid_07730,673.65,168.41,113.98,265.43,4
grid_07731,430.34,107.58,78.17,126.78,4
grid_07732,251.54,83.85,73.96,91.49,3
grid_07733,155.03,77.52,73.96,81.08,2
grid_07734,392.88,98.22,86.1,122.81,4
grid_07735,120.79,60.4,57.39,63.4,2
grid_07736,429.88,107.47,78.17,126.78,4
grid_07737,178.59,89.29,86.1,92.49,2
grid_07738,670.45,167.61,111.9,265.43,4
grid_07739,283.69,94.56,78.17,113.04,3
grid_07740,224.93,112.47,111.9,113.04,2
grid_07741,278.25,139.12,111.9,166.35,2
grid_07742,402.1,201.05,148.83,253.27,2
grid_07743,148.83,148.83,148.83,148.83,1
grid_07744,616.54,205.51,184.68,246.69,3
grid_07745,334.23,167.11,149.54,184.68,2
grid_07746,298.77,149.38,149.22,149.54,2
grid_07747,1519.09,379.77,339.32,428.31,4
grid_07748,1389.26,347.31,256.91,409.15,4
grid_07749,1072.65,268.16,185.17,383.88,4
grid_07750,1212.51,303.13,246.69,370.53,4
grid_07751,1568.68,392.17,342.31,409.72,4
grid_07752,1563.72,390.93,363.2,409.15,4
grid_07753,1015.23,253.81,189.58,337.93,4
grid_07754,1364.3,341.07,246.69,383.88,4
grid_07755,1233.5,308.37,230.35,352.67,4
grid_07756,1460.57,365.14,337.93,399.44,4
grid_07757,1455.88,363.97,318.13,407.49,4
grid_07758,1437.35,359.34,302.0,409.72,4
grid_07759,589.66,294.83,277.13,312.54,2
grid_07760,1500.23,375.06,363.2,399.44,4
grid_07761,1208.05,302.01,201.46,367.06,4
grid_07762,1477.14,369.28,336.22,399.44,4
grid_07763,1351.48,337.87,312.54,352.67,4
grid_07764,726.77,181.69,123.88,253.27,4
grid_07765,227.3,113.65,111.76,115.53,2
grid_07766,500.01,125.0,111.76,148.83,4
grid_07767,1535.51,307.1,253.27,350.05,5
grid_07768,1009.89,252.47,188.31,318.13,4
grid_07769,1476.71,369.18,321.41,399.44,4
grid_07770,1426.89,285.38,200.79,350.05,5
grid_07771,1083.29,270.82,167.85,388.81,4
grid_07772,791.1,197.78,170.45,230.89,4
grid_07773,1135.16,283.79,204.92,388.81,4
grid_07774,861.16,215.29,167.85,321.41,4
grid_07775,1172.04,293.01,204.92,350.05,4
grid_07776,652.73,163.18,148.45,170.45,4
grid_07777,3820.09,955.02,649.0,1529.56,4
grid_07778,8425.21,2106.3,964.28,3512.29,4
grid_07779,8625.37,2156.34,1568.59,3512.29,4
grid_07780,2427.28,606.82,516.43,730.21,4
grid_07781,2243.68,560.92,469.81,687.0,4
grid_07782,2406.31,601.58,516.43,687.0,4
grid_07783,2732.22,455.37,296.96,540.3,6
grid_07784,4806.35,1201.59,531.65,1924.13,4
grid_07785,8389.68,2097.42,1147.58,3512.29,4
grid_07786,1922.41,480.6,412.9,531.65,4
grid_07787,951.17,237.79,208.62,272.83,4
grid_07788,4766.32,1191.58,427.15,2380.06,4
grid_07789,2648.56,441.43,210.06,994.84,6
grid_07790,1137.11,284.28,208.62,348.94,4
grid_07791,1745.21,436.3,257.02,769.78,4
grid_07792,1184.2,296.05,259.65,340.8,4
grid_07793,5686.13,1421.53,961.48,2380.06,4
grid_07794,3453.03,575.51,259.65,994.84,6
grid_07795,1184.52,296.13,257.02,333.85,4
grid_07796,1177.4,294.35,272.83,310.92,4
grid_07797,1109.5,277.38,208.3,448.07,4
grid_07798,1028.81,257.2,207.47,368.21,4
grid_07799,929.69,232.42,176.3,305.95,4
grid_07800,1045.68,261.42,207.47,358.31,4
grid_07801,735.5,183.88,160.42,199.69,4
grid_07802,859.4,214.85,199.1,253.15,4
grid_07803,3711.09,927.77,448.07,1407.26,4
grid_07804,2440.39,610.1,226.75,1407.26,4
grid_07805,646.93,161.73,109.23,200.98,4
grid_07806,848.98,212.25,160.42,292.68,4
grid_07807,1939.06,484.76,412.9,553.89,4
grid_07808,3451.99,575.33,322.39,1315.46,6
grid_07809,1856.22,464.06,376.67,553.89,4
grid_07810,4003.04,1000.76,461.43,1924.13,4
grid_07811,7669.83,1917.46,1085.83,3512.29,4
grid_07812,2416.47,604.12,405.99,1085.83,4
grid_07813,1927.46,481.86,412.9,589.91,4
grid_07814,1881.08,470.27,412.9,589.91,4
grid_07815,3489.82,581.64,322.39,1315.46,6
grid_07816,1684.59,421.15,376.67,455.84,4
grid_07817,4016.57,1004.14,637.61,1407.26,4
grid_07818,1098.87,274.72,199.1,353.95,4
grid_07819,2800.14,700.03,358.31,1407.26,4
grid_07820,1343.74,335.93,253.15,378.32,4
grid_07821,604.76,151.19,109.23,196.79,4
grid_07822,1551.93,387.98,353.95,415.06,4
grid_07823,2249.58,449.92,371.1,656.24,5
grid_07824,1276.56,319.14,214.87,415.06,4
grid_07825,902.59,225.65,196.79,292.68,4
grid_07826,2949.78,491.63,371.1,656.24,6
grid_07827,2968.42,742.11,329.02,1147.58,4
grid_07828,3455.63,691.13,307.67,1349.76,5
grid_07829,3672.52,408.06,361.71,460.85,9
grid_07830,2657.89,442.98,298.39,591.86,6
grid_07831,3190.27,455.75,390.25,637.61,7
grid_07832,2235.86,372.64,298.39,463.22,6
grid_07833,2664.45,444.07,310.44,591.86,6
grid_07834,2061.64,343.61,310.17,405.99,6
grid_07835,1966.42,327.74,307.67,345.7,6
grid_07836,1210.21,302.55,238.67,362.71,4
grid_07837,695.63,173.91,138.32,198.25,4
grid_07838,2170.51,361.75,262.81,439.31,6
grid_07839,1276.7,212.78,162.27,260.08,6
grid_07840,1654.79,413.7,373.47,455.27,4
grid_07841,2143.69,357.28,262.81,415.06,6
grid_07842,2150.04,358.34,214.87,415.06,6
grid_07843,1666.96,277.83,198.25,397.86,6
grid_07844,1407.05,351.76,305.96,386.75,4
grid_07845,1298.91,324.73,245.13,397.86,4
grid_07846,1205.58,301.4,251.56,386.86,4
grid_07847,1513.1,378.27,310.44,478.24,4
grid_07848,1119.98,280.0,228.89,354.03,4
grid_07849,2432.68,405.45,353.97,478.24,6
grid_07850,1675.53,418.88,372.66,460.85,4
grid_07851,1198.58,299.64,228.89,354.03,4
grid_07852,1303.3,325.82,280.54,345.7,4
grid_07853,1051.01,262.75,228.89,280.54,4
grid_07854,1785.89,446.47,362.71,521.82,4
grid_07855,2431.8,405.3,342.25,521.82,6
grid_07856,1009.71,252.43,228.89,271.37,4
grid_07857,1295.28,323.82,238.67,423.12,4
grid_07858,1407.62,351.91,305.96,386.75,4
grid_07859,1150.73,287.68,258.04,341.95,4
grid_07860,2356.06,392.68,336.21,521.82,6
grid_07861,1415.97,353.99,270.78,423.12,4
grid_07862,1234.97,308.74,270.21,355.63,4
grid_07863,1130.75,282.69,258.04,337.76,4
grid_07864,1764.77,441.19,393.57,521.82,4
grid_07865,1226.28,306.57,270.78,355.63,4
grid_07866,1288.41,322.1,303.99,342.25,4
grid_07867,1286.68,321.67,262.81,367.94,4
grid_07868,1210.15,302.54,245.13,397.86,4
grid_07869,1345.09,336.27,262.81,373.47,4
grid_07870,1406.66,351.67,316.09,381.67,4
grid_07871,1238.71,309.68,245.13,401.19,4
grid_07872,1672.55,418.14,307.08,577.42,4
grid_07873,1187.49,296.87,245.13,340.96,4
grid_07874,1291.12,322.78,303.99,340.87,4
grid_07875,1430.78,357.69,340.3,381.67,4
grid_07876,1551.08,387.77,340.96,415.3,4
grid_07877,1644.38,411.1,298.0,639.43,4
grid_07878,2960.61,740.15,240.03,1178.59,4
grid_07879,1156.14,289.04,268.55,315.04,4
grid_07880,1406.38,351.6,274.22,409.9,4
grid_07881,1263.98,316.0,255.52,345.7,4
grid_07882,1502.46,250.41,140.7,320.82,6
grid_07883,1267.66,316.91,274.22,380.4,4
grid_07884,1300.4,325.1,240.03,409.9,4
grid_07885,1104.6,276.15,230.11,315.04,4
grid_07886,1705.86,284.31,242.33,364.63,6
grid_07887,1996.42,499.11,384.81,595.85,4
grid_07888,1683.64,420.91,256.1,524.34,4
grid_07889,1272.67,318.17,256.1,409.72,4
grid_07890,2133.89,355.65,220.54,505.39,6
grid_07891,2121.91,530.48,438.25,621.06,4
grid_07892,1959.21,489.8,438.25,550.75,4
grid_07893,1246.56,311.64,220.54,505.39,4
grid_07894,1873.19,468.3,355.48,621.06,4
grid_07895,1914.52,478.63,429.99,552.35,4
grid_07896,1992.57,498.14,429.99,621.06,4
grid_07897,2096.94,524.23,393.51,659.78,4
grid_07898,1605.76,401.44,281.93,471.4,4
grid_07899,1218.81,304.7,203.46,471.4,4
grid_07900,1044.89,261.22,203.46,308.61,4
grid_07901,2635.95,658.99,630.92,695.07,4
grid_07902,2260.9,565.23,476.27,659.78,4
grid_07903,2085.01,521.25,324.53,695.07,4
grid_07904,2202.92,367.15,295.67,468.23,6
grid_07905,2984.21,746.05,468.23,1049.28,4
grid_07906,1131.91,282.98,262.02,319.87,4
grid_07907,1159.2,289.8,255.52,341.95,4
grid_07908,1269.41,317.35,270.79,348.14,4
grid_07909,1084.83,271.21,230.11,315.04,4
grid_07910,1249.46,312.36,274.22,348.14,4
grid_07911,1200.97,300.24,273.47,348.14,4
grid_07912,1969.77,328.3,267.81,390.02,6
grid_07913,1192.28,298.07,270.79,348.14,4
grid_07914,1198.96,299.74,258.04,372.48,4
grid_07915,1042.92,260.73,230.11,273.87,4
grid_07916,1062.67,265.67,230.11,285.23,4
grid_07917,1224.32,306.08,248.07,409.72,4
grid_07918,1710.42,285.07,220.54,392.1,6
grid_07919,2048.01,512.0,355.48,621.06,4
grid_07920,1807.69,361.54,220.54,568.21,5
grid_07921,1662.91,415.73,356.45,503.27,4
grid_07922,2061.14,343.52,248.07,425.99,6
grid_07923,1796.48,449.12,392.1,568.21,4
grid_07924,1805.17,451.29,373.2,552.35,4
grid_07925,1838.1,459.53,356.45,568.21,4
grid_07926,1009.12,252.28,188.31,302.0,4
grid_07927,2548.63,424.77,173.53,995.3,6
grid_07928,2102.58,525.64,262.02,1049.28,4
grid_07929,1747.93,436.98,200.69,650.19,4
grid_07930,2247.67,561.92,493.93,630.92,4
grid_07931,2333.42,583.35,481.84,650.19,4
grid_07932,2725.79,681.45,314.62,1049.28,4
grid_07933,1927.32,321.22,119.1,995.3,6
grid_07934,1404.29,351.07,279.22,411.59,4
grid_07935,1038.95,259.74,119.1,481.84,4
grid_07936,1706.05,426.51,237.32,570.48,4
grid_07937,1185.09,296.27,264.74,372.48,4
grid_07938,1364.41,341.1,279.22,411.59,4
grid_07939,1266.59,316.65,273.47,379.46,4
grid_07940,1143.71,285.93,273.47,319.53,4
grid_07941,1366.53,273.31,259.28,288.72,5
grid_07942,1850.89,308.48,259.28,390.02,6
grid_07943,1079.32,269.83,253.98,288.72,4
grid_07944,1152.13,288.03,264.04,340.22,4
grid_07945,1306.55,326.64,254.89,379.46,4
grid_07946,1495.73,373.93,352.0,411.59,4
grid_07947,1988.87,497.22,416.41,570.48,4
grid_07948,2129.36,532.34,319.87,1049.28,4
grid_07949,1266.58,316.65,194.45,393.61,4
grid_07950,1009.66,252.42,134.0,366.6,4
grid_07951,865.62,216.4,119.1,309.78,4
grid_07952,1029.76,171.63,119.1,314.62,6
grid_07953,1461.38,365.34,237.32,497.86,4
grid_07954,1746.41,436.6,382.5,497.86,4
grid_07955,1469.13,367.28,311.93,411.59,4
grid_07956,1093.12,273.28,194.45,353.83,4
grid_07957,1763.93,440.98,356.45,519.12,4
grid_07958,2182.47,363.74,270.75,425.99,6
grid_07959,1724.46,431.11,373.2,519.12,4
grid_07960,1035.61,258.9,188.31,345.66,4
grid_07961,1584.76,396.19,347.68,425.99,4
grid_07962,1682.69,420.67,356.45,515.16,4
grid_07963,2142.94,535.73,514.74,593.92,4
grid_07964,1867.85,466.96,357.87,593.92,4
grid_07965,1227.35,306.84,230.89,345.66,4
grid_07966,1317.53,329.38,211.07,400.9,4
grid_07967,1100.09,275.02,248.83,319.53,4
grid_07968,1601.17,266.86,248.83,288.72,6
grid_07969,1268.99,317.25,280.47,352.67,4
grid_07970,1032.77,258.19,248.83,277.19,4
grid_07971,1099.82,274.95,244.83,336.97,4
grid_07972,1265.35,316.34,264.04,340.22,4
grid_07973,1139.89,284.97,251.86,352.67,4
grid_07974,1540.99,256.83,242.65,277.19,6
grid_07975,1181.8,295.45,251.86,351.3,4
grid_07976,1484.43,247.4,165.84,351.3,6
grid_07977,1707.32,426.83,331.28,577.42,4
grid_07978,1337.14,334.28,285.3,415.3,4
grid_07979,1299.42,324.86,303.99,340.3,4
grid_07980,1313.34,328.34,285.3,401.19,4
grid_07981,1472.22,368.06,337.11,413.15,4
grid_07982,1559.56,389.89,342.14,415.3,4
grid_07983,1529.78,382.45,337.11,413.15,4
grid_07984,1387.32,346.83,318.02,390.55,4
grid_07985,1180.27,295.07,252.22,331.28,4
grid_07986,1305.22,326.31,252.22,415.3,4
grid_07987,1221.61,305.4,264.74,343.81,4
grid_07988,1289.35,322.34,252.14,355.63,4
grid_07989,1215.78,303.95,226.49,393.57,4
grid_07990,1162.76,290.69,226.49,355.63,4
grid_07991,2349.76,391.63,336.21,452.34,6
grid_07992,1511.28,377.82,267.23,426.26,4
grid_07993,1302.27,325.57,303.99,344.04,4
grid_07994,1307.36,326.84,303.65,344.04,4
grid_07995,2389.41,398.23,303.65,470.05,6
grid_07996,1257.49,314.37,252.14,368.35,4
grid_07997,1543.1,385.78,267.23,470.05,4
grid_07998,1327.67,331.92,275.3,368.35,4
grid_07999,1168.66,292.17,226.49,381.59,4
grid_08000,1065.18,266.29,226.49,293.35,4
grid_08001,1502.64,375.66,293.19,504.69,4
grid_08002,1230.62,307.65,293.19,336.41,4
grid_08003,1330.76,332.69,303.65,348.61,4
grid_08004,1537.38,384.35,324.13,504.69,4
grid_08005,1577.4,394.35,324.28,470.05,4
grid_08006,1306.9,326.72,293.35,381.59,4
grid_08007,1376.47,344.12,301.21,397.44,4
grid_08008,1516.66,379.17,342.14,443.27,4
grid_08009,1299.43,324.86,252.22,362.8,4
grid_08010,1422.05,355.51,336.87,390.55,4
grid_08011,1575.8,393.95,353.0,443.27,4
grid_08012,1282.54,320.63,252.22,366.31,4
grid_08013,1858.63,309.77,229.91,366.31,6
grid_08014,1304.24,326.06,248.45,443.27,4
grid_08015,1341.95,335.49,270.24,366.62,4
grid_08016,1261.21,315.3,249.93,353.0,4
grid_08017,2227.34,371.22,303.65,470.05,6
grid_08018,1550.76,387.69,324.28,447.59,4
grid_08019,1360.55,340.14,242.04,504.69,4
grid_08020,1300.61,325.15,293.72,348.61,4
grid_08021,1209.63,302.41,277.41,336.41,4
grid_08022,1297.5,324.38,288.14,377.41,4
grid_08023,1367.79,341.95,242.04,504.69,4
grid_08024,2122.79,353.8,293.72,447.59,6
grid_08025,1079.49,269.87,202.69,337.83,4
grid_08026,1212.17,303.04,292.85,321.41,4
grid_08027,1527.5,381.87,362.8,431.76,4
grid_08028,1294.65,323.66,248.45,443.27,4
grid_08029,1787.79,297.96,229.91,431.76,6
grid_08030,1769.88,294.98,235.58,431.76,6
grid_08031,1133.1,283.28,248.45,375.39,4
grid_08032,1012.12,253.03,234.1,270.24,4
grid_08033,1399.8,349.95,288.24,431.76,4
grid_08034,1159.2,289.8,234.1,366.62,4
grid_08035,1250.92,312.73,249.93,375.39,4
grid_08036,1193.29,298.32,259.34,375.39,4
grid_08037,1196.86,299.21,277.41,319.7,4
grid_08038,1389.55,347.39,288.14,404.3,4
grid_08039,2081.45,346.91,292.85,447.59,6
grid_08040,1632.71,408.18,377.41,447.59,4
grid_08041,1033.74,258.44,202.69,311.61,4
grid_08042,1093.2,273.3,202.69,358.74,4
grid_08043,992.74,248.18,187.8,304.18,4
grid_08044,1324.39,331.1,311.61,358.74,4
grid_08045,1324.29,331.07,265.95,404.3,4
grid_08046,913.51,228.38,152.82,337.83,4
grid_08047,1039.91,259.98,234.1,277.2,4
grid_08048,1753.31,292.22,251.77,340.67,6
grid_08049,1047.17,261.79,234.1,288.24,4
grid_08050,1189.72,297.43,247.64,340.67,4
grid_08051,1156.66,289.16,187.8,375.39,4
grid_08052,867.84,216.96,165.51,289.29,4
grid_08053,1171.64,292.91,225.25,387.83,4
grid_08054,1346.18,336.55,269.27,411.88,4
grid_08055,1651.92,275.32,240.45,340.67,6
grid_08056,1202.24,300.56,247.64,411.88,4
grid_08057,1912.12,318.69,207.9,403.41,6
grid_08058,1386.97,346.74,265.95,404.3,4
grid_08059,864.03,216.01,131.13,358.74,4
grid_08060,622.58,155.65,118.47,220.17,4
grid_08061,1443.08,240.51,162.07,373.7,6
grid_08062,993.91,248.48,146.84,358.74,4
grid_08063,723.28,180.82,162.07,207.9,4
grid_08064,909.32,227.33,146.84,334.34,4
grid_08065,925.8,231.45,162.19,313.31,4
grid_08066,795.91,198.98,146.84,276.83,4
grid_08067,1101.26,275.32,247.43,340.67,4
grid_08068,1207.82,301.95,225.25,387.83,4
grid_08069,1355.26,338.82,262.53,411.88,4
grid_08070,981.81,245.45,165.51,301.71,4
grid_08071,1301.74,325.43,262.53,411.88,4
grid_08072,1475.08,245.85,234.44,254.09,6
grid_08073,1128.85,282.21,247.43,361.81,4
grid_08074,1054.92,263.73,231.34,293.03,4
grid_08075,1132.86,283.21,231.34,361.81,4
grid_08076,1659.52,276.59,226.61,306.28,6
grid_08077,3395.26,848.81,382.5,1948.68,4
grid_08078,1228.04,204.67,134.0,364.42,6
grid_08079,1301.61,325.4,283.84,353.83,4
grid_08080,3924.63,981.16,309.78,1948.68,4
grid_08081,732.27,183.07,134.0,232.91,4
grid_08082,2041.92,510.48,199.41,1168.3,4
grid_08083,2879.81,719.95,322.32,1168.3,4
grid_08084,1177.28,294.32,238.59,353.83,4
grid_08085,1396.73,232.79,130.34,364.42,6
grid_08086,1089.01,272.25,201.25,353.83,4
grid_08087,1982.57,495.64,382.5,566.21,4
grid_08088,1829.2,304.87,209.85,381.98,6
grid_08089,1534.43,383.61,200.87,593.92,4
grid_08090,1410.91,352.73,224.91,593.92,4
grid_08091,1011.12,252.78,207.96,357.87,4
grid_08092,1272.14,212.02,137.38,332.95,6
grid_08093,974.28,243.57,150.55,332.95,4
grid_08094,1641.52,410.38,200.87,566.21,4
grid_08095,1050.97,175.16,129.48,233.84,6
grid_08096,751.31,187.83,152.16,224.91,4
grid_08097,885.17,221.29,165.98,317.85,4
grid_08098,668.09,167.02,146.57,205.22,4
grid_08099,204.92,204.92,204.92,204.92,1
grid_08100,709.36,177.34,146.57,205.22,4
grid_08101,577.54,144.38,122.16,156.15,4
grid_08102,365.87,121.96,91.05,152.66,3
grid_08103,616.56,154.14,140.24,165.98,4
grid_08104,796.27,199.07,150.55,317.85,4
grid_08105,591.41,147.85,140.24,156.15,4
grid_08106,638.91,159.73,131.96,204.82,4
grid_08107,1015.21,253.8,165.84,336.97,4
grid_08108,1225.6,306.4,267.58,336.97,4
grid_08109,1092.55,273.14,251.86,301.44,4
grid_08110,1061.67,265.42,238.59,283.84,4
grid_08111,1590.14,397.53,301.44,543.33,4
grid_08112,1204.87,301.22,250.6,394.06,4
grid_08113,1770.14,295.02,165.84,543.33,6
grid_08114,1035.94,258.99,238.59,287.98,4
grid_08115,918.73,229.68,165.84,300.18,4
grid_08116,1202.53,300.63,267.58,337.83,4
grid_08117,4191.21,1047.8,359.7,1948.68,4
grid_08118,735.4,183.85,130.34,232.91,4
grid_08119,5458.36,1364.59,1024.77,1948.68,4
grid_08120,1874.09,624.7,197.77,1316.61,3
grid_08121,1091.5,181.92,122.42,322.32,6
grid_08122,832.27,208.07,134.91,301.02,4
grid_08123,1022.68,255.67,195.1,301.02,4
grid_08124,2753.84,688.46,197.77,1316.61,4
grid_08125,1748.32,437.08,186.54,1024.77,4
grid_08126,608.37,152.09,130.34,201.25,4
grid_08127,672.39,168.1,150.55,204.82,4
grid_08128,525.12,131.28,120.06,156.15,4
grid_08129,548.42,137.1,120.06,156.15,4
grid_08130,880.97,146.83,126.57,204.82,6
grid_08131,930.73,155.12,130.88,204.82,6
grid_08132,641.16,128.23,118.46,138.55,5
grid_08133,151.35,151.35,151.35,151.35,1
grid_08134,269.43,134.72,130.88,138.55,2
grid_08135,544.94,136.24,125.62,151.35,4
grid_08136,546.76,136.69,125.62,144.04,4
grid_08137,860.44,215.11,184.41,234.22,4
grid_08138,353.03,176.51,152.16,200.87,2
grid_08139,816.92,204.23,173.38,234.22,4
grid_08140,608.09,152.02,129.48,172.93,4
grid_08141,2119.59,264.95,129.48,370.61,8
grid_08142,1282.73,256.55,177.63,353.82,5
grid_08143,677.63,169.41,142.21,184.41,4
grid_08144,637.88,159.47,129.48,201.04,4
grid_08145,1250.7,250.14,144.92,370.61,5
grid_08146,333.02,333.02,333.02,333.02,1
grid_08147,1625.19,270.86,128.46,543.33,6
grid_08148,1470.77,367.69,263.01,543.33,4
grid_08149,1165.24,291.31,250.6,368.48,4
grid_08150,919.32,229.83,128.49,337.83,4
grid_08151,742.27,185.57,128.46,300.18,4
grid_08152,1173.2,293.3,250.6,394.06,4
grid_08153,1010.86,252.71,170.95,368.48,4
grid_08154,891.88,222.97,147.89,270.37,4
grid_08155,944.73,157.46,102.52,263.01,6
grid_08156,507.96,126.99,108.19,152.82,4
grid_08157,268.94,134.47,71.17,197.77,2
grid_08158,886.35,147.73,91.1,196.14,6
grid_08159,566.92,141.73,71.17,214.69,4
grid_08160,644.8,161.2,134.91,195.1,4
grid_08161,1026.56,256.64,175.0,368.48,4
grid_08162,492.33,164.11,91.1,214.69,3
grid_08163,612.73,153.18,134.91,196.14,4
grid_08164,1248.06,208.01,135.38,368.48,6
grid_08165,922.88,153.81,135.38,183.86,6
grid_08166,807.51,134.59,61.06,196.14,6
grid_08167,270.36,135.18,130.88,139.48,2
grid_08168,267.97,133.99,129.43,138.55,2
grid_08169,138.55,138.55,138.55,138.55,1
grid_08170,501.2,167.07,139.48,216.8,3
grid_08171,330.26,165.13,144.92,185.35,2
grid_08172,144.92,144.92,144.92,144.92,1
grid_08173,467.66,116.92,102.52,128.49,4
grid_08174,910.09,227.52,170.95,270.37,4
grid_08175,697.41,116.24,47.33,210.6,6
grid_08176,1011.77,168.63,129.81,213.25,6
grid_08177,762.57,84.73,45.29,147.89,9
grid_08178,592.13,98.69,71.03,118.47,6
grid_08179,489.03,81.51,63.74,108.19,6
grid_08180,845.45,140.91,75.51,210.6,6
grid_08181,369.77,92.44,57.92,123.44,4
grid_08182,671.28,167.82,135.45,205.44,4
grid_08183,911.02,151.84,116.84,196.14,6
grid_08184,835.35,208.84,147.64,282.97,4
grid_08185,177.9,88.95,61.06,116.84,2
grid_08186,1042.39,208.48,172.08,282.97,5
grid_08187,583.56,145.89,98.21,220.87,4
grid_08188,319.08,159.54,98.21,220.87,2
grid_08189,933.67,233.42,190.23,282.97,4
grid_08190,845.96,211.49,87.09,282.97,4
grid_08191,885.18,221.3,205.44,255.03,4
grid_08192,565.42,141.36,87.09,204.94,4
grid_08193,289.1,72.28,47.33,106.78,4
grid_08194,242.38,60.6,49.69,71.03,4
grid_08195,314.83,52.47,45.29,63.74,6
grid_08196,457.9,114.47,75.51,140.16,4
grid_08197,310.05,77.51,57.67,123.44,4
grid_08198,208.87,52.22,43.58,57.92,4
grid_08199,640.66,160.16,81.52,213.54,4
grid_08200,400.07,100.02,71.61,140.16,4
grid_08201,311.58,51.93,43.58,59.48,6
grid_08202,295.72,73.93,57.85,106.78,4
grid_08203,251.97,41.99,27.38,57.85,6
grid_08204,188.33,47.08,28.33,58.74,4
grid_08205,484.61,121.15,30.02,213.54,4
grid_08206,204.61,51.15,21.46,81.52,4
grid_08207,194.07,48.52,21.46,71.61,4
grid_08208,273.25,68.31,57.67,85.82,4
grid_08209,58.74,58.74,58.74,58.74,1
grid_08210,131.97,43.99,28.33,58.74,3
grid_08211,345.37,86.34,30.02,159.53,4
grid_08212,116.5,29.12,21.46,40.1,4
grid_08213,647.18,161.8,87.09,255.03,4
grid_08214,769.02,192.25,93.89,256.6,4
grid_08215,461.54,230.77,204.94,256.6,2
grid_08216,760.27,190.07,93.89,241.63,4
grid_08217,825.87,206.47,159.53,241.63,4
grid_08218,746.33,186.58,115.72,241.63,4
grid_08219,256.6,256.6,256.6,256.6,1
grid_08220,947.86,236.96,213.58,263.19,4
grid_08221,918.51,229.63,185.14,263.19,4
grid_08222,627.37,209.12,134.73,263.19,3
grid_08223,117.72,29.43,21.46,43.15,4
grid_08224,196.78,32.8,24.81,44.9,6
grid_08225,260.71,65.18,40.1,115.72,4
grid_08226,164.03,41.01,24.91,53.09,4
grid_08227,227.17,37.86,24.81,53.09,6
grid_08228,193.96,38.79,24.81,50.75,5
grid_08229,95.65,47.83,44.9,50.75,2
grid_08230,50.75,50.75,50.75,50.75,1
grid_08231,177.57,44.39,35.07,58.96,4
grid_08232,202.73,50.68,37.61,66.1,4
grid_08233,448.33,224.16,185.14,263.19,2
grid_08234,524.11,131.03,58.96,229.45,4
grid_08235,214.01,71.34,35.07,119.99,3
grid_08236,315.28,52.55,45.29,66.1,6
grid_08237,189.64,47.41,45.29,50.75,4
grid_08238,66.1,66.1,66.1,66.1,1
grid_08239,1179.83,294.96,247.05,378.68,4
grid_08240,1317.08,329.27,253.34,380.37,4
grid_08241,1871.82,311.97,259.73,380.37,6
grid_08242,983.65,245.91,199.89,305.39,4
grid_08243,727.68,181.92,111.6,218.64,4
grid_08244,1096.21,274.05,247.05,300.77,4
grid_08245,1012.72,253.18,207.45,304.7,4
grid_08246,1807.7,301.28,247.24,346.68,6
grid_08247,918.98,229.74,207.45,253.34,4
grid_08248,990.28,247.57,196.37,305.39,4
grid_08249,663.34,165.83,152.09,188.1,4
grid_08250,520.88,130.22,92.76,172.05,4
grid_08251,482.07,120.52,92.76,155.72,4
grid_08252,538.17,134.54,96.4,185.92,4
grid_08253,492.11,123.03,92.76,150.56,4
grid_08254,1068.93,178.16,138.32,238.52,6
grid_08255,649.19,162.3,100.13,211.04,4
grid_08256,789.76,197.44,152.09,238.52,4
grid_08257,804.99,201.25,155.72,233.11,4
grid_08258,1158.69,231.74,185.92,272.69,5
grid_08259,1170.03,292.51,240.89,344.04,4
grid_08260,2520.31,630.08,352.34,990.39,4
grid_08261,1400.43,350.11,240.89,577.86,4
grid_08262,2331.39,582.85,272.56,990.39,4
grid_08263,961.57,240.39,206.03,275.99,4
grid_08264,1144.07,286.02,149.26,490.58,4
grid_08265,1082.68,270.67,151.89,490.58,4
grid_08266,887.13,221.78,167.66,272.56,4
grid_08267,595.15,148.79,138.0,155.99,4
grid_08268,658.73,164.68,132.84,206.03,4
grid_08269,1670.04,417.51,275.99,633.82,4
grid_08270,2744.48,457.41,367.83,633.82,6
grid_08271,1662.73,415.68,367.83,468.67,4
grid_08272,1220.63,305.16,258.68,379.16,4
grid_08273,1617.65,404.41,336.69,454.74,4
grid_08274,2840.52,473.42,355.38,709.74,6
grid_08275,1286.24,321.56,238.66,416.2,4
grid_08276,1375.15,343.79,293.08,429.53,4
grid_08277,1123.87,280.97,256.25,315.85,4
grid_08278,2965.12,494.19,343.3,709.74,6
grid_08279,658.42,164.6,111.6,199.89,4
grid_08280,973.13,243.28,211.14,258.68,4
grid_08281,841.57,210.39,194.41,228.57,4
grid_08282,853.5,213.38,194.41,247.24,4
grid_08283,711.45,177.86,150.56,199.71,4
grid_08284,1442.66,240.44,175.99,315.07,6
grid_08285,1037.12,207.42,164.82,288.63,5
grid_08286,1042.54,260.64,211.14,346.58,4
grid_08287,881.23,220.31,194.41,263.01,4
grid_08288,1409.75,234.96,164.82,301.43,6
grid_08289,1951.43,216.83,162.27,251.56,9
grid_08290,756.77,189.19,137.19,233.62,4
grid_08291,721.08,180.27,137.19,233.62,4
grid_08292,1442.42,240.4,211.04,272.69,6
grid_08293,1706.65,284.44,230.24,318.89,6
grid_08294,1072.54,268.14,229.63,296.19,4
grid_08295,1664.1,277.35,233.11,318.49,6
grid_08296,1741.52,290.25,227.64,386.86,6
grid_08297,1396.16,232.69,199.71,270.02,6
grid_08298,1543.73,257.29,222.58,318.89,6
grid_08299,1197.34,299.34,238.66,355.38,4
grid_08300,1233.89,308.47,279.35,336.69,4
grid_08301,1220.69,305.17,256.25,346.58,4
grid_08302,1555.45,388.86,279.35,484.68,4
grid_08303,1283.36,320.84,279.35,360.01,4
grid_08304,3114.94,519.16,313.56,713.09,6
grid_08305,1124.31,281.08,207.45,343.3,4
grid_08306,1819.11,454.78,279.35,713.09,4
grid_08307,1391.07,347.77,302.0,382.47,4
grid_08308,2585.94,430.99,342.0,638.74,6
grid_08309,856.9,214.23,152.21,260.0,4
grid_08310,590.39,147.6,132.84,167.66,4
grid_08311,516.72,129.18,88.37,155.99,4
grid_08312,455.93,113.98,88.37,138.0,4
grid_08313,750.86,187.72,131.2,260.0,4
grid_08314,512.96,128.24,96.71,152.21,4
grid_08315,358.84,89.71,59.97,131.2,4
grid_08316,322.27,80.57,59.97,96.71,4
grid_08317,413.36,103.34,77.22,134.35,4
grid_08318,512.23,128.06,70.96,207.45,4
grid_08319,920.51,153.42,114.08,211.31,6
grid_08320,1643.05,182.56,114.08,301.43,9
grid_08321,863.64,172.73,116.17,204.41,5
grid_08322,1220.63,305.16,228.57,382.47,4
grid_08323,1279.23,213.21,121.12,301.43,6
grid_08324,642.95,160.74,116.17,205.87,4
grid_08325,1446.97,241.16,185.51,326.5,6
grid_08326,1088.65,181.44,116.17,232.45,6
grid_08327,1146.29,286.57,270.02,301.43,4
grid_08328,1838.06,306.34,244.26,382.47,6
grid_08329,2328.79,388.13,296.19,577.42,6
grid_08330,960.9,240.23,171.18,297.13,4
grid_08331,1135.39,283.85,262.4,302.76,4
grid_08332,885.88,221.47,171.18,296.08,4
grid_08333,1097.55,274.39,242.63,318.49,4
grid_08334,1053.24,263.31,196.05,318.49,4
grid_08335,904.9,226.23,166.27,297.13,4
grid_08336,2510.21,418.37,302.76,577.42,6
grid_08337,775.02,193.76,136.76,242.63,4
grid_08338,1001.3,250.32,199.58,296.68,4
grid_08339,6647.67,1661.92,1345.44,1777.6,4
grid_08340,1246.63,311.66,187.54,494.24,4
grid_08341,3006.43,601.29,193.47,1345.44,5
grid_08342,569.22,142.31,121.49,187.54,4
grid_08343,5094.29,1273.57,645.28,1773.86,4
grid_08344,1462.36,243.73,128.84,507.56,6
grid_08345,401.41,100.35,75.33,128.84,4
grid_08346,1177.98,294.49,97.09,645.28,4
grid_08347,2998.97,749.74,242.14,1329.71,4
grid_08348,697.43,116.24,72.43,193.47,6
grid_08349,3158.2,789.55,547.94,1044.73,4
grid_08350,1794.41,448.6,318.4,593.93,4
grid_08351,1408.66,352.16,289.73,420.24,4
grid_08352,3410.85,852.71,648.39,1329.71,4
grid_08353,2601.34,650.34,335.35,1044.73,4
grid_08354,2009.27,502.32,289.73,650.91,4
grid_08355,1581.97,395.49,318.4,547.94,4
grid_08356,2379.3,594.83,448.75,781.84,4
grid_08357,1974.19,493.55,405.23,650.91,4
grid_08358,1798.12,449.53,317.97,673.33,4
grid_08359,1383.68,345.92,317.97,380.29,4
grid_08360,1555.84,388.96,350.08,420.24,4
grid_08361,1894.8,473.7,409.92,538.33,4
grid_08362,1366.29,341.57,317.97,368.08,4
grid_08363,1559.15,389.79,350.08,435.76,4
grid_08364,1877.13,469.28,405.23,538.33,4
grid_08365,1507.56,376.89,317.97,471.48,4
grid_08366,1946.09,486.52,435.76,538.33,4
grid_08367,1814.09,453.52,392.83,538.33,4
grid_08368,1465.44,366.36,330.16,387.94,4
grid_08369,4148.77,691.46,210.15,1193.86,6
grid_08370,1251.73,417.24,210.15,803.98,3
grid_08371,379.03,379.03,379.03,379.03,1
grid_08372,3469.89,578.31,387.94,803.98,6
grid_08373,1188.28,396.09,237.6,571.65,3
grid_08374,2143.51,535.88,237.6,803.98,4
grid_08375,1695.59,423.9,111.73,772.96,4
grid_08376,2434.67,405.78,311.16,530.28,6
grid_08377,1656.96,414.24,274.41,571.65,4
grid_08378,1687.5,421.87,274.41,571.65,4
grid_08379,1524.24,381.06,330.16,454.46,4
grid_08380,1757.29,439.32,368.08,498.99,4
grid_08381,1841.91,460.48,392.83,564.64,4
grid_08382,3014.44,602.89,371.54,1192.72,5
grid_08383,2634.58,658.64,454.46,1121.65,4
grid_08384,1942.91,485.73,411.43,559.48,4
grid_08385,3140.37,785.09,371.54,1192.72,4
grid_08386,4030.57,671.76,398.05,1192.72,6
grid_08387,3513.07,878.27,559.48,1121.65,4
grid_08388,2300.05,575.01,395.76,933.37,4
grid_08389,2397.05,399.51,286.44,676.34,6
grid_08390,3336.91,834.23,431.87,1402.08,4
grid_08391,1262.2,315.55,274.41,390.19,4
grid_08392,1826.47,456.62,274.41,730.0,4
grid_08393,4562.34,1140.58,730.0,1606.15,4
grid_08394,1588.74,397.18,286.44,464.61,4
grid_08395,2499.55,624.89,390.19,824.11,4
grid_08396,1696.49,424.12,286.44,555.25,4
grid_08397,3594.69,898.67,434.74,1606.15,4
grid_08398,1724.24,431.06,294.63,555.25,4
grid_08399,772.96,772.96,772.96,772.96,1
grid_08400,3354.98,1118.33,772.96,1402.08,3
grid_08401,1179.94,1179.94,1179.94,1179.94,1
grid_08402,5041.05,1260.26,852.88,1606.15,4
grid_08403,2032.82,1016.41,852.88,1179.94,2
grid_08404,1246.16,415.39,19.68,852.88,3
grid_08405,3562.33,890.58,373.6,1606.15,4
grid_08406,19.68,19.68,19.68,19.68,1
grid_08407,2244.39,561.1,373.6,729.7,4
grid_08408,1266.08,316.52,19.68,507.71,4
grid_08409,1826.25,456.56,395.76,564.64,4
grid_08410,4028.79,1007.2,815.85,1192.72,4
grid_08411,2627.05,437.84,183.14,933.37,6
grid_08412,3089.03,514.84,294.31,815.85,6
grid_08413,2599.41,649.85,319.44,933.37,4
grid_08414,2006.55,334.43,179.43,454.42,6
grid_08415,2328.17,582.04,294.31,898.57,4
grid_08416,1272.61,212.1,140.61,319.44,6
grid_08417,2958.78,328.75,140.61,600.89,9
grid_08418,1433.8,238.97,148.52,448.03,6
grid_08419,2108.73,527.18,294.63,824.11,4
grid_08420,1914.88,478.72,409.74,600.89,4
grid_08421,2268.28,567.07,434.74,729.7,4
grid_08422,3038.06,506.34,409.74,721.88,6
grid_08423,3057.85,509.64,294.63,788.59,6
grid_08424,2384.43,476.89,294.63,788.59,5
grid_08425,3152.92,525.49,318.39,738.82,6
grid_08426,2351.11,587.78,358.86,853.26,4
grid_08427,3885.81,971.45,721.88,1522.09,4
grid_08428,4471.02,745.17,396.0,1522.09,6
grid_08429,1214.07,242.81,148.52,448.03,5
grid_08430,888.29,222.07,179.43,274.48,4
grid_08431,621.11,155.28,139.61,186.08,4
grid_08432,584.14,146.03,139.61,154.81,4
grid_08433,1602.93,267.16,140.61,417.11,6
grid_08434,1043.64,260.91,209.86,330.93,4
grid_08435,727.95,181.99,141.2,228.38,4
grid_08436,1133.47,283.37,228.38,339.5,4
grid_08437,762.9,190.72,139.61,248.86,4
grid_08438,1657.75,276.29,186.08,358.86,6
grid_08439,2203.8,367.3,308.84,460.85,6
grid_08440,799.32,199.83,102.61,313.56,4
grid_08441,4386.84,731.14,342.0,1342.75,6
grid_08442,5185.21,648.15,175.69,1342.75,8
grid_08443,1526.84,381.71,312.98,460.85,4
grid_08444,1074.59,179.1,102.61,262.41,6
grid_08445,2787.95,696.99,432.98,1255.39,4
grid_08446,4966.28,1241.57,638.74,1729.4,4
grid_08447,5468.1,683.51,175.69,1729.4,8
grid_08448,1460.08,365.02,319.59,432.98,4
grid_08449,1065.07,266.27,219.9,297.13,4
grid_08450,1243.0,207.17,162.3,277.72,6
grid_08451,980.0,245.0,205.87,276.52,4
grid_08452,842.11,210.53,171.3,265.16,4
grid_08453,1150.49,287.62,232.45,326.5,4
grid_08454,1274.53,318.63,312.98,326.5,4
grid_08455,1095.75,182.62,162.3,219.9,6
grid_08456,1160.81,290.2,265.16,315.15,4
grid_08457,925.34,231.34,171.3,315.15,4
grid_08458,1217.0,304.25,262.36,320.02,4
grid_08459,670.26,167.57,136.76,196.05,4
grid_08460,1219.09,304.77,262.4,357.24,4
grid_08461,740.1,185.02,147.96,270.32,4
grid_08462,2145.82,357.64,234.8,459.43,6
grid_08463,560.93,140.23,109.94,166.27,4
grid_08464,781.89,195.47,122.06,296.68,4
grid_08465,568.34,142.09,109.94,199.58,4
grid_08466,1052.29,263.07,163.56,357.24,4
grid_08467,1362.21,272.44,200.57,350.38,5
grid_08468,763.18,190.79,163.56,234.8,4
grid_08469,1078.57,179.76,59.97,342.8,6
grid_08470,1240.27,206.71,77.22,353.91,6
grid_08471,1184.67,197.44,59.97,351.05,6
grid_08472,982.1,163.68,70.96,318.39,6
grid_08473,1194.21,298.55,232.88,353.91,4
grid_08474,1253.66,313.41,256.37,351.05,4
grid_08475,1298.03,324.51,303.45,342.8,4
grid_08476,1209.72,302.43,262.41,333.4,4
grid_08477,827.97,206.99,152.18,256.37,4
grid_08478,969.09,242.27,186.54,303.45,4
grid_08479,1157.89,289.47,262.36,315.02,4
grid_08480,843.87,210.97,155.55,270.32,4
grid_08481,1104.73,276.18,238.11,315.15,4
grid_08482,1099.03,183.17,148.42,227.33,6
grid_08483,954.33,238.58,173.74,315.15,4
grid_08484,1120.25,280.06,262.36,319.59,4
grid_08485,1083.66,270.92,247.5,303.97,4
grid_08486,654.22,163.55,148.42,198.1,4
grid_08487,1129.47,282.37,268.47,300.69,4
grid_08488,1124.7,281.18,247.5,316.89,4
grid_08489,1203.62,300.91,243.91,401.78,4
grid_08490,6016.0,1002.67,243.91,1729.4,6
grid_08491,5170.89,1292.72,687.83,1729.4,4
grid_08492,2763.69,690.92,387.48,1255.39,4
grid_08493,3879.63,969.91,611.77,1498.27,4
grid_08494,1539.28,384.82,295.52,545.0,4
grid_08495,1318.29,329.57,268.47,387.48,4
grid_08496,5728.04,954.67,401.78,1498.27,6
grid_08497,2029.83,507.46,342.75,687.83,4
grid_08498,1227.83,306.96,268.47,342.75,4
grid_08499,563.98,140.99,109.94,158.04,4
grid_08500,607.02,151.76,122.06,164.24,4
grid_08501,613.7,153.42,147.96,158.04,4
grid_08502,537.2,134.3,109.94,157.15,4
grid_08503,809.3,202.33,157.15,293.46,4
grid_08504,779.19,194.8,152.15,234.96,4
grid_08505,749.9,187.48,148.04,234.04,4
grid_08506,922.1,230.52,200.57,256.03,4
grid_08507,914.31,228.58,164.24,293.46,4
grid_08508,709.42,177.36,148.04,209.78,4
grid_08509,1153.61,288.4,222.74,333.4,4
grid_08510,1219.92,304.98,294.03,333.4,4
grid_08511,767.43,191.86,153.79,222.74,4
grid_08512,965.97,241.49,204.37,294.03,4
grid_08513,615.66,153.92,123.15,186.54,4
grid_08514,1077.64,269.41,241.81,296.97,4
grid_08515,994.31,248.58,204.37,279.56,4
grid_08516,633.92,158.48,123.15,210.99,4
grid_08517,834.71,208.68,153.79,265.56,4
grid_08518,1115.66,278.91,241.81,349.46,4
grid_08519,1094.28,273.57,238.11,316.89,4
grid_08520,1232.93,205.49,148.42,323.71,6
grid_08521,686.52,171.63,148.42,234.96,4
grid_08522,1080.93,270.23,227.33,323.71,4
grid_08523,1185.99,296.5,274.89,323.71,4
grid_08524,1264.64,316.16,291.78,360.35,4
grid_08525,1256.85,314.21,273.87,391.8,4
grid_08526,1241.6,310.4,273.87,360.35,4
grid_08527,779.04,194.76,151.0,234.96,4
grid_08528,1395.6,232.6,151.0,323.71,6
grid_08529,1471.52,367.88,241.81,545.0,4
grid_08530,1670.89,417.72,315.92,611.77,4
grid_08531,3200.71,640.14,379.85,1081.76,5
grid_08532,4016.72,669.45,379.85,1081.76,6
grid_08533,1536.4,384.1,241.81,557.39,4
grid_08534,1458.92,364.73,315.92,413.84,4
grid_08535,1337.12,334.28,300.69,391.8,4
grid_08536,3179.6,529.93,379.85,825.29,6
grid_08537,1748.63,437.16,379.85,557.39,4
grid_08538,2205.97,551.49,423.66,712.6,4
grid_08539,1153.43,288.36,229.13,366.65,4
grid_08540,464.78,116.19,79.63,166.36,4
grid_08541,656.39,164.1,106.78,200.54,4
grid_08542,964.32,241.08,195.98,366.65,4
grid_08543,993.94,248.49,171.05,366.65,4
grid_08544,652.42,163.11,112.0,200.44,4
grid_08545,768.49,192.12,166.36,201.16,4
grid_08546,789.58,197.4,192.91,201.16,4
grid_08547,830.78,207.7,173.63,273.15,4
grid_08548,722.31,180.58,162.36,195.98,4
grid_08549,1387.46,346.86,259.99,409.92,4
grid_08550,979.89,244.97,117.79,324.72,4
grid_08551,1163.87,290.97,173.63,483.86,4
grid_08552,1771.61,442.9,324.72,564.64,4
grid_08553,1666.39,416.6,277.4,574.86,4
grid_08554,2386.96,397.83,233.23,574.86,6
grid_08555,1548.43,387.11,273.15,506.42,4
grid_08556,1921.65,480.41,410.71,574.86,4
grid_08557,1955.15,488.79,446.68,564.64,4
grid_08558,3026.13,504.36,410.71,574.86,6
grid_08559,622.04,155.51,144.16,171.05,4
grid_08560,1148.9,287.23,231.7,353.91,4
grid_08561,843.06,140.51,118.16,163.68,6
grid_08562,1469.95,183.74,118.16,330.41,8
grid_08563,947.31,157.88,135.35,182.4,6
grid_08564,729.8,182.45,113.04,232.88,4
grid_08565,391.46,97.86,56.02,135.35,4
grid_08566,493.56,123.39,81.92,159.04,4
grid_08567,794.99,132.5,56.02,231.7,6
grid_08568,489.73,122.43,101.36,152.18,4
grid_08569,784.7,196.17,183.57,201.16,4
grid_08570,1163.35,193.89,149.36,239.22,6
grid_08571,1500.5,250.08,183.57,316.13,6
grid_08572,1083.19,180.53,150.87,235.61,6
grid_08573,1116.52,186.09,149.36,235.61,6
grid_08574,888.75,222.19,149.36,322.35,4
grid_08575,579.62,144.9,101.57,177.82,4
grid_08576,1511.91,302.38,239.22,349.22,5
grid_08577,528.73,132.18,101.57,159.04,4
grid_08578,1268.91,317.23,177.82,432.07,4
grid_08579,1945.97,324.33,190.56,446.68,6
grid_08580,2616.49,436.08,285.0,712.68,6
grid_08581,1856.7,309.45,179.43,454.42,6
grid_08582,4183.66,464.85,271.44,712.68,9
grid_08583,919.55,229.89,190.56,271.44,4
grid_08584,890.66,222.67,179.43,274.48,4
grid_08585,1293.83,323.46,222.65,447.04,4
grid_08586,1843.72,307.29,211.35,447.04,6
grid_08587,1265.41,253.08,196.15,287.3,5
grid_08588,1098.42,274.6,246.2,330.93,4
grid_08589,1378.55,344.64,274.91,432.07,4
grid_08590,446.8,111.7,71.97,156.02,4
grid_08591,772.08,193.02,101.57,336.68,4
grid_08592,607.36,151.84,71.97,204.84,4
grid_08593,1349.63,337.41,274.91,432.07,4
grid_08594,938.07,234.52,156.02,336.68,4
grid_08595,1367.52,341.88,240.53,432.07,4
grid_08596,638.08,159.52,125.08,204.84,4
grid_08597,1175.07,293.77,207.65,358.25,4
grid_08598,739.7,184.92,133.62,240.53,4
grid_08599,529.33,88.22,56.02,113.04,6
grid_08600,277.38,69.34,56.02,81.92,4
grid_08601,333.68,83.42,62.54,117.25,4
grid_08602,500.0,125.0,101.36,145.99,4
grid_08603,400.61,100.15,62.54,143.99,4
grid_08604,636.89,106.15,76.9,129.5,6
grid_08605,453.03,113.26,62.54,174.53,4
grid_08606,772.52,193.13,129.5,251.6,4
grid_08607,516.66,129.17,113.7,143.99,4
grid_08608,996.77,166.13,117.18,251.6,6
grid_08609,931.51,232.88,211.35,246.81,4
grid_08610,1412.52,235.42,196.15,287.3,6
grid_08611,1105.86,276.47,227.15,318.39,4
grid_08612,1180.95,295.24,246.81,339.5,4
grid_08613,1694.31,282.39,196.15,324.78,6
grid_08614,1010.69,252.67,227.15,273.02,4
grid_08615,1330.3,332.58,273.02,380.5,4
grid_08616,2110.14,351.69,283.29,420.1,6
grid_08617,1140.96,285.24,254.98,339.5,4
grid_08618,1150.11,287.53,254.98,358.4,4
grid_08619,967.14,241.78,160.71,358.25,4
grid_08620,1183.74,295.93,207.65,420.1,4
grid_08621,587.52,146.88,133.62,160.71,4
grid_08622,545.17,136.29,125.08,148.13,4
grid_08623,754.43,188.61,154.86,231.21,4
grid_08624,1537.64,384.41,231.21,515.29,4
grid_08625,913.26,228.31,138.34,320.6,4
grid_08626,800.75,200.19,138.34,299.46,4
grid_08627,1077.71,269.43,154.86,371.04,4
grid_08628,2402.11,600.53,371.04,1034.44,4
grid_08629,557.3,139.33,113.7,174.53,4
grid_08630,945.35,236.34,223.42,251.6,4
grid_08631,559.1,139.77,113.7,175.03,4
grid_08632,1264.46,210.74,141.79,251.6,6
grid_08633,515.48,128.87,113.7,148.13,4
grid_08634,928.42,232.1,223.42,248.07,4
grid_08635,710.69,177.67,128.57,219.18,4
grid_08636,800.31,200.08,128.57,277.53,4
grid_08637,1438.77,239.79,175.03,277.9,6
grid_08638,1103.4,275.85,232.03,343.75,4
grid_08639,964.02,241.01,217.64,277.39,4
grid_08640,972.55,243.14,209.78,277.39,4
grid_08641,1053.02,263.25,194.62,308.91,4
grid_08642,1068.37,267.09,235.58,308.91,4
grid_08643,958.84,239.71,194.44,293.46,4
grid_08644,931.89,232.97,194.44,276.32,4
grid_08645,985.51,246.38,228.2,276.32,4
grid_08646,944.21,236.05,178.59,308.91,4
grid_08647,1090.62,272.65,251.77,308.91,4
grid_08648,994.13,248.53,228.2,277.39,4
grid_08649,1139.57,284.89,237.01,332.06,4
grid_08650,867.57,216.89,175.44,254.32,4
grid_08651,1117.6,279.4,204.88,360.35,4
grid_08652,1400.74,233.46,175.44,274.89,6
grid_08653,1266.52,316.63,278.5,360.35,4
grid_08654,1136.76,284.19,204.88,391.8,4
grid_08655,879.51,219.88,195.69,254.32,4
grid_08656,962.55,240.64,204.88,278.5,4
grid_08657,886.92,221.73,188.18,266.21,4
grid_08658,1420.23,236.7,209.33,268.36,6
grid_08659,879.17,219.79,178.59,276.32,4
grid_08660,986.54,246.64,217.64,277.39,4
grid_08661,856.57,214.14,197.66,229.65,4
grid_08662,875.5,218.87,201.06,237.2,4
grid_08663,915.78,228.94,178.59,262.09,4
grid_08664,825.36,206.34,178.59,229.65,4
grid_08665,1009.95,252.49,240.45,262.09,4
grid_08666,896.25,224.06,195.69,254.32,4
grid_08667,947.88,236.97,219.46,255.64,4
grid_08668,983.31,245.83,240.45,255.64,4
grid_08669,1246.84,311.71,260.12,391.8,4
grid_08670,2019.09,504.77,349.46,599.92,4
grid_08671,4482.06,747.01,413.84,1455.94,6
grid_08672,1653.4,413.35,260.12,650.74,4
grid_08673,4484.99,747.5,391.93,1455.94,6
grid_08674,1983.51,495.88,366.67,712.6,4
grid_08675,1629.21,407.3,201.15,650.74,4
grid_08676,915.67,228.92,188.18,266.21,4
grid_08677,2230.95,557.74,366.67,752.05,4
grid_08678,2117.51,529.38,366.67,752.05,4
grid_08679,912.55,228.14,145.99,310.13,4
grid_08680,2137.57,534.39,279.56,908.63,4
grid_08681,1330.52,332.63,210.99,543.83,4
grid_08682,1997.58,499.4,265.56,908.63,4
grid_08683,3721.54,930.38,599.92,1460.94,4
grid_08684,1875.42,468.86,285.43,736.02,4
grid_08685,1064.42,266.11,223.42,310.13,4
grid_08686,3649.43,912.36,543.83,1460.94,4
grid_08687,1699.54,424.88,278.27,736.02,4
grid_08688,3539.27,884.82,617.34,1460.94,4
grid_08689,1115.76,278.94,251.52,332.06,4
grid_08690,1084.0,271.0,237.01,332.06,4
grid_08691,817.39,204.35,195.69,215.82,4
grid_08692,1603.82,267.3,209.33,329.16,6
grid_08693,1115.92,278.98,227.65,375.13,4
grid_08694,1231.53,307.88,188.18,440.56,4
grid_08695,1096.86,274.22,252.78,329.16,4
grid_08696,1019.59,254.9,251.52,261.62,4
grid_08697,2107.13,526.78,261.62,1149.17,4
grid_08698,1064.15,266.04,232.9,329.16,4
grid_08699,1845.68,461.42,201.15,705.72,4
grid_08700,1251.52,312.88,188.18,440.56,4
grid_08701,1446.53,361.63,306.48,391.93,4
grid_08702,3106.62,517.77,306.48,756.59,6
grid_08703,1706.24,426.56,286.69,617.34,4
grid_08704,2420.58,605.15,421.62,705.72,4
grid_08705,1280.77,320.19,286.69,381.45,4
grid_08706,3795.0,948.75,421.62,2323.43,4
grid_08707,2869.4,478.23,306.14,705.72,6
grid_08708,4731.91,1182.98,580.68,2323.43,4
grid_08709,1019.15,254.79,223.42,285.43,4
grid_08710,3305.72,826.43,399.81,1460.94,4
grid_08711,2369.41,592.35,420.75,708.95,4
grid_08712,1378.47,344.62,278.27,399.93,4
grid_08713,2131.06,532.77,399.81,708.95,4
grid_08714,1090.3,272.58,232.03,300.45,4
grid_08715,1491.41,372.85,300.45,462.61,4
grid_08716,1857.07,464.27,317.14,622.37,4
grid_08717,1285.47,321.37,279.55,377.05,4
grid_08718,1981.72,495.43,399.93,622.37,4
grid_08719,1084.92,271.23,249.31,321.22,4
grid_08720,1319.57,263.91,215.82,329.16,5
grid_08721,1382.33,230.39,196.54,319.89,6
grid_08722,4288.3,1072.07,375.13,2323.43,4
grid_08723,1279.28,319.82,249.31,436.28,4
grid_08724,6050.97,1512.74,1149.17,2323.43,4
grid_08725,1261.75,210.29,177.93,222.28,6
grid_08726,908.41,227.1,221.79,232.9,4
grid_08727,986.12,246.53,231.44,272.47,4
grid_08728,3266.63,816.66,321.22,1359.96,4
grid_08729,1239.31,309.83,286.69,332.08,4
grid_08730,2443.86,610.97,569.93,683.86,4
grid_08731,2628.7,438.12,298.19,683.86,6
grid_08732,1338.98,334.75,286.69,420.75,4
grid_08733,2354.4,392.4,298.19,569.93,6
grid_08734,1250.85,312.71,294.35,324.96,4
grid_08735,2443.07,610.77,503.49,788.97,4
grid_08736,1313.84,328.46,314.4,342.4,4
grid_08737,3182.02,795.5,580.68,1218.41,4
grid_08738,3376.13,562.69,341.95,788.97,6
grid_08739,863.66,215.91,197.66,230.92,4
grid_08740,833.45,208.36,195.69,232.18,4
grid_08741,838.85,209.71,197.66,224.51,4
grid_08742,866.8,216.7,201.06,232.18,4
grid_08743,913.47,228.37,192.61,245.35,4
grid_08744,847.37,211.84,181.97,241.87,4
grid_08745,829.56,207.39,181.97,230.92,4
grid_08746,918.51,229.63,196.54,272.5,4
grid_08747,853.09,213.27,201.06,224.51,4
grid_08748,941.1,235.27,211.91,272.5,4
grid_08749,934.91,186.98,162.07,201.75,5
grid_08750,720.75,120.12,100.96,151.35,6
grid_08751,1254.17,209.03,162.19,276.83,6
grid_08752,649.53,129.91,100.96,153.99,5
grid_08753,622.99,155.75,112.11,210.05,4
grid_08754,804.78,201.19,162.07,289.34,4
grid_08755,1529.78,254.96,187.86,338.59,6
grid_08756,3163.04,351.45,198.88,537.8,9
grid_08757,1569.27,261.55,187.86,306.28,6
grid_08758,1282.77,213.79,112.11,349.45,6
grid_08759,704.45,176.11,117.37,312.29,4
grid_08760,1000.79,166.8,100.96,312.29,6
grid_08761,2129.2,354.87,210.05,537.8,6
grid_08762,1469.97,367.49,263.94,545.27,4
grid_08763,645.8,161.45,71.01,312.29,4
grid_08764,821.4,205.35,139.05,312.29,4
grid_08765,1133.53,283.38,263.01,322.17,4
grid_08766,825.71,206.43,168.58,287.07,4
grid_08767,2563.26,427.21,295.19,545.27,6
grid_08768,1288.64,322.16,168.58,537.8,4
grid_08769,1441.27,240.21,222.61,254.09,6
grid_08770,1144.23,286.06,251.14,361.81,4
grid_08771,1565.07,260.84,224.53,301.71,6
grid_08772,2364.65,262.74,222.61,315.25,9
grid_08773,1072.36,268.09,226.61,298.33,4
grid_08774,1428.93,238.16,224.53,268.03,6
grid_08775,1252.83,250.57,224.53,298.33,5
grid_08776,1644.93,274.15,239.27,350.13,6
grid_08777,1570.74,261.79,231.34,350.13,6
grid_08778,1149.75,287.44,236.65,350.13,4
grid_08779,1361.84,226.97,181.97,287.63,6
grid_08780,870.62,217.66,177.93,272.5,4
grid_08781,1465.08,244.18,192.61,285.43,6
grid_08782,1357.8,226.3,181.97,268.1,6
grid_08783,785.24,196.31,173.2,211.91,4
grid_08784,860.51,215.13,173.2,272.5,4
grid_08785,1000.2,250.05,204.38,268.1,4
grid_08786,1315.78,219.3,177.93,256.37,6
grid_08787,1230.88,246.18,199.08,287.63,5
grid_08788,1461.27,243.54,173.2,352.99,6
grid_08789,1122.3,280.58,231.7,350.13,4
grid_08790,1179.54,294.89,263.01,335.16,4
grid_08791,1575.11,262.52,221.9,315.25,6
grid_08792,1026.85,256.71,210.14,298.33,4
grid_08793,989.43,247.36,210.14,307.31,4
grid_08794,1201.38,300.35,283.04,335.16,4
grid_08795,1076.27,269.07,210.14,319.02,4
grid_08796,1293.53,215.59,182.04,236.02,6
grid_08797,1186.12,296.53,255.65,319.02,4
grid_08798,1026.97,256.74,210.14,293.98,4
grid_08799,3899.42,974.86,322.17,1810.27,4
grid_08800,785.35,196.34,168.58,218.96,4
grid_08801,415.44,103.86,71.01,139.05,4
grid_08802,859.19,214.8,168.58,295.19,4
grid_08803,2142.05,535.51,263.01,1221.72,4
grid_08804,3738.38,623.06,188.43,1810.27,6
grid_08805,668.4,167.1,119.56,218.96,4
grid_08806,2670.81,667.7,289.2,1221.72,4
grid_08807,4832.16,1208.04,824.74,1810.27,4
grid_08808,847.41,211.85,188.43,230.79,4
grid_08809,1036.93,259.23,221.9,285.43,4
grid_08810,1559.66,259.94,173.2,352.99,6
grid_08811,962.94,240.73,177.42,350.26,4
grid_08812,967.37,241.84,204.38,261.5,4
grid_08813,1118.7,279.67,236.23,352.99,4
grid_08814,981.76,245.44,204.38,273.58,4
grid_08815,969.27,242.32,177.42,352.99,4
grid_08816,919.01,229.75,182.04,261.5,4
grid_08817,1005.75,251.44,242.64,261.63,4
grid_08818,1175.36,293.84,247.91,409.93,4
grid_08819,1020.21,255.05,228.73,304.13,4
grid_08820,1197.55,299.39,289.2,315.13,4
grid_08821,1009.02,252.26,210.32,319.02,4
grid_08822,1059.24,264.81,210.32,315.13,4
grid_08823,1114.06,222.81,148.11,304.13,5
grid_08824,1122.82,280.71,239.88,319.02,4
grid_08825,1116.03,186.0,148.11,228.73,6
grid_08826,1127.76,187.96,148.11,259.79,6
grid_08827,1099.43,274.86,240.49,315.13,4
grid_08828,747.15,186.79,125.85,239.88,4
grid_08829,4005.23,667.54,188.43,1810.27,6
grid_08830,338.52,169.26,119.56,218.96,2
grid_08831,758.42,189.61,101.69,230.79,4
grid_08832,205.38,102.69,85.82,119.56,2
grid_08833,1778.42,444.6,289.2,824.74,4
grid_08834,805.56,201.39,113.26,240.31,4
grid_08835,2456.12,614.03,290.71,975.43,4
grid_08836,344.05,172.03,113.26,230.79,2
grid_08837,2303.31,383.88,221.2,975.43,6
grid_08838,919.63,229.91,14.65,365.25,4
grid_08839,838.19,209.55,141.2,234.66,4
grid_08840,703.11,175.78,139.61,233.95,4
grid_08841,1531.82,255.3,237.94,281.23,6
grid_08842,1099.04,274.76,234.66,339.5,4
grid_08843,983.6,245.9,233.95,272.88,4
grid_08844,869.33,217.33,188.35,248.86,4
grid_08845,885.1,221.27,188.35,272.88,4
grid_08846,1449.74,241.62,224.49,257.61,6
grid_08847,1238.63,309.66,242.1,372.68,4
grid_08848,859.74,214.94,170.01,257.61,4
grid_08849,2321.42,580.35,335.8,810.0,4
grid_08850,2261.13,565.28,281.23,853.26,4
grid_08851,4174.41,1043.6,738.82,1522.09,4
grid_08852,4246.62,1061.66,767.78,1522.09,4
grid_08853,2687.31,671.83,359.96,1103.5,4
grid_08854,1731.92,432.98,172.27,810.0,4
grid_08855,2563.95,640.99,332.71,1103.5,4
grid_08856,1625.25,406.31,243.53,767.78,4
grid_08857,958.68,239.67,150.28,413.85,4
grid_08858,1078.65,269.66,224.49,332.71,4
grid_08859,1146.5,286.63,242.1,372.68,4
grid_08860,891.64,222.91,170.01,272.88,4
grid_08861,1822.81,455.7,341.07,556.56,4
grid_08862,1375.69,229.28,177.44,257.61,6
grid_08863,1527.39,381.85,258.84,556.56,4
grid_08864,809.16,202.29,157.76,257.61,4
grid_08865,925.92,231.48,157.76,339.31,4
grid_08866,922.0,230.5,157.76,288.25,4
grid_08867,1874.14,468.53,381.93,556.56,4
grid_08868,1577.06,394.26,298.04,556.56,4
grid_08869,1238.58,309.64,222.28,413.85,4
grid_08870,1213.08,303.27,242.49,359.96,4
grid_08871,912.23,228.06,150.28,333.2,4
grid_08872,967.25,241.81,177.44,287.4,4
grid_08873,1070.48,267.62,222.28,333.2,4
grid_08874,1080.32,270.08,242.49,287.4,4
grid_08875,1053.53,263.38,226.44,287.4,4
grid_08876,899.95,224.99,167.93,287.4,4
grid_08877,1145.93,286.48,226.44,333.2,4
grid_08878,1096.61,274.15,206.48,333.2,4
grid_08879,1322.35,220.39,167.93,288.25,6
grid_08880,1047.32,261.83,157.76,339.31,4
grid_08881,1356.48,271.3,167.93,393.3,5
grid_08882,1272.92,318.23,274.49,383.15,4
grid_08883,1462.05,365.51,317.24,383.15,4
grid_08884,1072.7,268.17,247.95,298.04,4
grid_08885,1572.13,262.02,216.55,290.45,6
grid_08886,1146.06,286.52,247.95,362.25,4
grid_08887,1366.18,341.54,298.74,379.73,4
grid_08888,1252.72,313.18,274.49,362.25,4
grid_08889,955.86,238.96,198.12,313.77,4
grid_08890,1229.6,307.4,213.33,522.66,4
grid_08891,1351.06,337.77,167.93,522.66,4
grid_08892,954.35,238.59,200.8,313.77,4
grid_08893,2117.78,529.44,393.3,630.86,4
grid_08894,942.79,235.7,183.39,345.27,4
grid_08895,1712.11,428.03,213.33,630.86,4
grid_08896,737.29,184.32,154.98,200.8,4
grid_08897,1932.84,483.21,345.27,630.86,4
grid_08898,2407.35,601.84,570.96,630.86,4
grid_08899,1655.13,413.78,290.45,570.96,4
grid_08900,1756.64,292.77,247.95,400.42,6
grid_08901,1199.82,299.95,262.77,370.47,4
grid_08902,1984.43,496.11,400.42,612.49,4
grid_08903,1310.92,327.73,262.77,387.17,4
grid_08904,1948.63,324.77,261.37,400.56,6
grid_08905,1337.81,334.45,261.37,387.17,4
grid_08906,1010.62,252.66,220.49,267.85,4
grid_08907,1882.07,470.52,355.49,612.49,4
grid_08908,1312.09,328.02,290.5,387.17,4
grid_08909,1053.61,263.4,161.29,363.67,4
grid_08910,633.64,158.41,133.99,183.39,4
grid_08911,1751.63,437.91,363.67,593.04,4
grid_08912,1263.72,315.93,161.29,408.81,4
grid_08913,2105.18,526.29,386.11,612.49,4
grid_08914,783.01,195.75,133.99,329.96,4
grid_08915,1015.07,253.77,157.78,329.96,4
grid_08916,1642.33,410.58,287.53,513.53,4
grid_08917,1365.77,341.44,283.32,408.81,4
grid_08918,1302.96,325.74,280.87,408.81,4
grid_08919,1959.05,326.51,279.52,400.56,6
grid_08920,1216.87,304.22,259.52,387.17,4
grid_08921,1072.2,268.05,228.57,307.4,4
grid_08922,1847.99,308.0,245.73,367.14,6
grid_08923,1475.36,245.89,208.03,307.4,6
grid_08924,1691.33,422.83,355.49,513.53,4
grid_08925,1332.67,222.11,202.87,259.52,6
grid_08926,1259.52,314.88,202.87,433.09,4
grid_08927,2863.96,477.33,367.14,612.18,6
grid_08928,1686.72,281.12,228.57,409.1,6
grid_08929,3380.0,375.56,245.73,612.18,9
grid_08930,1388.43,277.69,221.98,401.57,5
grid_08931,1439.39,359.85,286.44,409.1,4
grid_08932,1644.6,411.15,286.44,591.11,4
grid_08933,2818.43,469.74,348.18,612.18,6
grid_08934,1943.93,485.98,401.57,591.11,4
grid_08935,2167.61,541.9,467.97,612.18,4
grid_08936,2893.89,482.31,378.38,576.43,6
grid_08937,2243.76,560.94,365.47,742.56,4
grid_08938,2412.34,603.09,518.14,742.56,4
grid_08939,1578.75,394.69,358.4,425.24,4
grid_08940,1345.44,336.36,254.98,466.61,4
grid_08941,1494.62,373.65,254.98,466.61,4
grid_08942,2661.51,443.59,380.5,537.3,6
grid_08943,2619.51,654.88,414.63,917.35,4
grid_08944,2353.2,588.3,414.63,917.35,4
grid_08945,1914.79,478.7,341.07,554.61,4
grid_08946,4878.57,813.1,425.24,1504.0,6
grid_08947,3755.67,938.92,620.29,1355.74,4
grid_08948,1908.38,477.1,381.93,554.61,4
grid_08949,1061.39,265.35,214.82,330.97,4
grid_08950,1809.38,301.56,248.07,374.02,6
grid_08951,1081.24,270.31,219.18,296.43,4
grid_08952,2003.92,333.99,279.55,377.05,6
grid_08953,1524.77,304.95,206.63,374.02,5
grid_08954,1212.8,303.2,233.31,352.09,4
grid_08955,1024.47,256.12,206.63,296.43,4
grid_08956,1906.68,317.78,254.97,377.05,6
grid_08957,1082.38,270.6,206.63,312.26,4
grid_08958,1351.94,337.98,233.31,420.02,4
grid_08959,1536.91,384.23,299.46,486.04,4
grid_08960,1603.78,400.95,320.6,481.34,4
grid_08961,1331.3,332.82,214.82,486.04,4
grid_08962,3778.65,944.66,481.34,1624.49,4
grid_08963,2012.64,503.16,430.8,572.52,4
grid_08964,1741.62,435.41,330.97,572.52,4
grid_08965,2073.81,518.45,430.8,638.38,4
grid_08966,1684.9,421.23,346.52,572.52,4
grid_08967,2004.62,501.15,413.78,572.52,4
grid_08968,3657.61,914.4,529.06,1624.49,4
grid_08969,8850.48,1475.08,862.3,2469.52,6
grid_08970,2511.59,627.9,419.34,917.35,4
grid_08971,2050.81,512.7,419.34,620.29,4
grid_08972,1602.56,400.64,379.73,421.55,4
grid_08973,8793.4,1465.57,865.68,2469.52,6
grid_08974,3498.76,874.69,589.63,1355.74,4
grid_08975,3258.96,814.74,589.63,1093.61,4
grid_08976,2289.81,572.45,421.55,642.62,4
grid_08977,1807.76,451.94,370.47,636.01,4
grid_08978,6229.7,1038.28,658.67,1544.87,6
grid_08979,2185.76,546.44,495.04,638.38,4
grid_08980,1385.65,346.41,300.33,413.78,4
grid_08981,2535.95,633.99,482.54,865.68,4
grid_08982,1600.04,400.01,325.03,495.04,4
grid_08983,1872.83,468.21,366.19,529.06,4
grid_08984,2132.45,533.11,453.8,658.67,4
grid_08985,1248.18,312.05,264.18,366.19,4
grid_08986,1130.78,282.7,241.25,325.03,4
grid_08987,1595.32,398.83,292.78,482.54,4
grid_08988,3559.56,593.26,453.8,734.38,6
grid_08989,1126.06,281.52,206.63,420.02,4
grid_08990,2145.96,357.66,241.62,722.33,6
grid_08991,1102.61,275.65,257.19,297.39,4
grid_08992,1510.67,377.67,300.33,443.81,4
grid_08993,1387.12,346.78,257.19,443.81,4
grid_08994,3913.03,434.78,188.36,1263.62,9
grid_08995,1194.41,238.88,188.36,281.93,5
grid_08996,1224.49,306.12,239.11,443.81,4
grid_08997,1137.68,284.42,197.57,443.81,4
grid_08998,1729.14,288.19,226.0,417.81,6
grid_08999,1599.23,399.81,267.85,636.01,4
grid_09000,4691.12,781.85,504.7,1133.76,6
grid_09001,1966.11,491.53,324.9,642.62,4
grid_09002,2861.75,715.44,362.58,1093.61,4
grid_09003,1063.14,265.78,220.49,324.9,4
grid_09004,1303.36,325.84,249.9,365.97,4
grid_09005,3429.22,571.54,504.7,762.94,6
grid_09006,2011.88,502.97,362.58,762.94,4
grid_09007,1761.53,293.59,202.87,468.78,6
grid_09008,5702.74,712.84,506.34,1162.23,8
grid_09009,1951.08,325.18,264.18,561.0,6
grid_09010,2874.72,479.12,278.99,734.38,6
grid_09011,1633.41,272.24,241.25,293.95,6
grid_09012,2792.63,698.16,561.0,774.13,4
grid_09013,4936.79,705.26,597.42,843.54,7
grid_09014,1270.27,317.57,282.1,349.58,4
grid_09015,1915.8,478.95,282.1,723.12,4
grid_09016,1485.42,371.35,344.64,412.32,4
grid_09017,4251.95,708.66,568.5,843.54,6
grid_09018,2872.52,718.13,661.79,774.13,4
grid_09019,1935.8,322.63,188.36,571.39,6
grid_09020,1789.3,298.22,239.11,459.73,6
grid_09021,2034.48,339.08,197.57,571.39,6
grid_09022,1704.89,284.15,205.25,417.81,6
grid_09023,2337.07,584.27,459.73,689.69,4
grid_09024,1939.44,484.86,333.98,616.26,4
grid_09025,1788.01,447.0,293.95,689.69,4
grid_09026,1767.52,441.88,320.88,689.69,4
grid_09027,1670.82,278.47,205.25,333.98,6
grid_09028,1613.74,403.44,313.29,616.26,4
grid_09029,4705.85,784.31,365.97,1162.23,6
grid_09030,3212.59,535.43,249.9,902.79,6
grid_09031,2517.95,629.49,468.78,825.43,4
grid_09032,1718.65,429.66,202.87,613.91,4
grid_09033,2760.16,690.04,568.5,929.04,4
grid_09034,2935.92,733.98,571.61,929.04,4
grid_09035,2462.96,615.74,553.3,685.92,4
grid_09036,2118.45,529.61,433.09,613.91,4
grid_09037,2454.26,613.56,568.5,664.12,4
grid_09038,2517.39,629.35,571.61,685.92,4
grid_09039,2059.0,228.78,177.93,248.33,9
grid_09040,1597.48,266.25,231.44,304.11,6
grid_09041,1730.97,346.19,272.47,436.28,5
grid_09042,1421.62,236.94,222.28,250.98,6
grid_09043,2827.41,706.85,421.17,1359.96,4
grid_09044,3782.32,945.58,593.96,1359.96,4
grid_09045,2391.87,398.64,313.0,609.99,6
grid_09046,1057.38,264.34,239.19,324.35,4
grid_09047,2869.91,478.32,313.0,609.99,6
grid_09048,1560.15,260.03,232.64,350.26,6
grid_09049,1717.87,429.47,328.42,564.38,4
grid_09050,1549.77,387.44,294.35,496.8,4
grid_09051,1415.65,353.91,328.42,377.05,4
grid_09052,1965.27,491.32,441.48,564.38,4
grid_09053,2194.64,548.66,362.46,874.43,4
grid_09054,2306.95,576.74,347.73,874.43,4
grid_09055,1705.14,426.28,305.92,564.38,4
grid_09056,1330.08,332.52,288.34,441.48,4
grid_09057,3472.06,578.68,205.6,1298.14,6
grid_09058,4794.06,799.01,315.07,1298.14,6
grid_09059,1996.4,332.73,316.82,359.12,6
grid_09060,3018.13,335.35,282.01,503.49,9
grid_09061,1583.59,316.72,288.34,359.12,5
grid_09062,2868.93,478.15,282.94,788.97,6
grid_09063,1508.37,377.09,265.58,470.84,4
grid_09064,1771.55,295.26,234.2,336.63,6
grid_09065,1187.64,296.91,234.2,323.88,4
grid_09066,1909.81,318.3,280.74,359.12,6
grid_09067,1170.4,292.6,265.58,341.95,4
grid_09068,1354.39,338.6,256.23,430.01,4
grid_09069,1196.56,299.14,250.98,324.35,4
grid_09070,2043.03,340.5,296.94,421.17,6
grid_09071,1344.71,336.18,308.08,374.75,4
grid_09072,1473.04,368.26,344.03,409.51,4
grid_09073,1096.88,274.22,239.19,324.35,4
grid_09074,1654.38,413.6,344.03,470.84,4
grid_09075,1647.16,274.53,239.19,350.26,6
grid_09076,1207.15,301.79,257.59,324.35,4
grid_09077,1124.02,281.0,253.03,337.65,4
grid_09078,1566.2,391.55,330.26,481.69,4
grid_09079,1699.33,283.22,199.71,393.37,6
grid_09080,1636.04,272.67,199.71,352.05,6
grid_09081,1017.34,254.34,205.6,315.07,4
grid_09082,855.17,213.79,199.71,231.4,4
grid_09083,1126.83,281.71,226.0,320.48,4
grid_09084,1079.05,269.76,199.71,352.05,4
grid_09085,1202.26,300.57,218.46,347.54,4
grid_09086,1131.6,282.9,231.4,339.64,4
grid_09087,1067.85,266.96,226.0,295.28,4
grid_09088,1116.94,279.24,218.46,339.64,4
grid_09089,1648.73,274.79,247.22,337.65,6
grid_09090,1723.77,430.94,402.57,481.69,4
grid_09091,1313.62,328.41,308.08,344.75,4
grid_09092,1149.24,287.31,253.03,330.53,4
grid_09093,1116.76,279.19,230.24,337.65,4
grid_09094,1761.03,440.26,296.25,652.84,4
grid_09095,1652.19,275.37,243.33,337.65,6
grid_09096,1904.49,476.12,367.4,652.84,4
grid_09097,1192.31,298.08,235.27,330.53,4
grid_09098,1049.07,262.27,230.24,330.53,4
grid_09099,1438.36,287.67,234.2,317.21,5
grid_09100,1241.78,310.45,234.2,377.64,4
grid_09101,1351.25,337.81,308.83,377.64,4
grid_09102,1709.36,284.89,256.23,313.97,6
grid_09103,1289.54,322.38,256.23,402.57,4
grid_09104,1367.06,341.76,293.05,390.28,4
grid_09105,1483.05,370.76,317.21,397.92,4
grid_09106,1797.11,299.52,256.23,366.51,6
grid_09107,1431.92,357.98,308.83,397.92,4
grid_09108,1966.72,327.79,263.33,366.51,6
grid_09109,1007.38,251.84,230.24,303.1,4
grid_09110,1567.81,261.3,197.34,295.84,6
grid_09111,1917.83,479.46,296.25,652.84,4
grid_09112,2136.37,534.09,367.4,652.84,4
grid_09113,1205.26,301.32,235.27,370.65,4
grid_09114,1032.25,258.06,230.24,295.84,4
grid_09115,1242.38,310.59,238.77,438.91,4
grid_09116,1578.47,394.62,238.77,597.69,4
grid_09117,1597.27,266.21,197.34,297.73,6
grid_09118,2336.01,584.0,370.65,746.26,4
grid_09119,1291.3,322.83,272.74,397.92,4
grid_09120,1429.62,357.4,321.88,390.28,4
grid_09121,1499.37,374.84,263.33,518.03,4
grid_09122,1382.82,345.71,272.74,397.92,4
grid_09123,1481.93,370.48,274.04,518.03,4
grid_09124,1368.22,342.06,321.88,351.03,4
grid_09125,1273.89,318.47,272.74,351.03,4
grid_09126,1936.57,322.76,274.04,350.95,6
grid_09127,1123.6,280.9,249.52,328.24,4
grid_09128,1917.31,319.55,239.65,456.87,6
grid_09129,2017.69,504.42,303.1,746.26,4
grid_09130,2076.39,519.1,339.25,621.0,4
grid_09131,2629.28,657.32,495.31,766.71,4
grid_09132,2193.98,548.5,297.28,798.75,4
grid_09133,2292.15,573.04,438.91,798.75,4
grid_09134,2567.46,641.86,456.8,766.71,4
grid_09135,1966.76,327.79,148.64,659.04,6
grid_09136,1918.79,479.7,339.25,621.0,4
grid_09137,4165.98,1041.49,659.04,1459.93,4
grid_09138,3225.56,806.39,456.8,1459.93,4
grid_09139,924.53,231.13,174.22,336.65,4
grid_09140,989.77,247.44,174.22,350.26,4
grid_09141,1238.71,309.68,236.23,409.93,4
grid_09142,868.96,217.24,182.04,253.58,4
grid_09143,953.16,238.29,173.36,275.53,4
grid_09144,840.09,210.02,173.36,242.64,4
grid_09145,1713.05,428.26,174.22,946.49,4
grid_09146,969.18,242.29,174.22,287.87,4
grid_09147,2888.5,722.13,336.65,1195.43,4
grid_09148,2142.52,535.63,261.63,1195.43,4
grid_09149,895.86,223.96,125.85,315.13,4
grid_09150,846.95,211.74,171.11,259.79,4
grid_09151,790.45,197.61,148.11,233.38,4
grid_09152,1092.75,182.12,116.64,274.32,6
grid_09153,859.86,214.96,150.17,244.56,4
grid_09154,576.39,144.1,125.85,171.11,4
grid_09155,602.87,150.72,116.64,176.18,4
grid_09156,735.53,183.88,125.85,244.56,4
grid_09157,946.77,236.69,218.26,274.32,4
grid_09158,463.99,116.0,98.27,138.94,4
grid_09159,2993.37,748.34,423.73,1195.43,4
grid_09160,1878.16,469.54,248.27,946.49,4
grid_09161,2049.76,512.44,155.07,1195.43,4
grid_09162,764.92,191.23,137.37,233.38,4
grid_09163,741.33,185.33,137.37,275.53,4
grid_09164,1030.48,257.62,248.27,275.12,4
grid_09165,560.08,140.02,92.88,220.81,4
grid_09166,1129.72,282.43,205.15,427.72,4
grid_09167,1251.83,312.96,151.79,427.72,4
grid_09168,830.63,207.66,100.04,423.73,4
grid_09169,704.3,176.07,14.65,365.25,4
grid_09170,353.57,176.78,113.26,240.31,2
grid_09171,1046.31,174.38,33.69,290.71,6
grid_09172,432.12,108.03,14.65,240.49,4
grid_09173,90.44,22.61,14.65,33.69,4
grid_09174,112.49,56.25,33.69,78.8,2
grid_09175,491.16,122.79,26.8,247.24,4
grid_09176,160.46,40.11,15.3,66.95,4
grid_09177,676.81,169.2,66.95,247.24,4
grid_09178,66.95,66.95,66.95,66.95,1
grid_09179,691.57,172.89,131.62,224.63,4
grid_09180,816.87,204.22,150.17,247.24,4
grid_09181,521.19,130.3,110.14,140.5,4
grid_09182,897.01,149.5,98.27,274.32,6
grid_09183,744.96,186.24,109.01,274.32,4
grid_09184,368.83,92.21,49.88,110.55,4
grid_09185,807.51,201.88,133.81,247.24,4
grid_09186,586.41,146.6,126.16,194.83,4
grid_09187,478.45,119.61,110.14,131.62,4
grid_09188,533.0,88.83,49.88,140.81,6
grid_09189,485.36,121.34,92.88,155.07,4
grid_09190,925.88,231.47,197.34,275.12,4
grid_09191,321.39,80.35,52.14,109.01,4
grid_09192,661.28,165.32,96.68,248.59,4
grid_09193,342.07,85.52,67.35,100.04,4
grid_09194,854.25,213.56,164.21,248.59,4
grid_09195,430.3,107.58,81.79,151.79,4
grid_09196,887.53,221.88,197.34,248.73,4
grid_09197,263.19,65.8,54.55,81.79,4
grid_09198,485.26,121.32,79.66,164.21,4
grid_09199,369.86,92.47,52.14,140.81,4
grid_09200,525.82,131.45,93.59,195.53,4
grid_09201,800.53,200.13,133.81,231.63,4
grid_09202,312.3,78.07,49.88,110.55,4
grid_09203,436.84,72.81,49.88,108.0,6
grid_09204,675.29,168.82,126.16,219.79,4
grid_09205,285.21,71.3,52.14,88.38,4
grid_09206,692.86,173.22,93.59,279.52,4
grid_09207,309.79,77.45,33.69,124.23,4
grid_09208,939.42,234.86,195.53,279.52,4
grid_09209,712.47,178.12,144.71,236.3,4
grid_09210,800.93,200.23,148.64,248.73,4
grid_09211,255.78,63.94,52.14,76.79,4
grid_09212,312.68,78.17,54.55,96.68,4
grid_09213,312.81,78.2,48.65,129.96,4
grid_09214,362.04,90.51,59.5,128.31,4
grid_09215,372.31,93.08,54.55,129.96,4
grid_09216,333.86,83.46,48.65,144.71,4
grid_09217,1088.11,181.35,87.83,315.33,6
grid_09218,460.63,115.16,60.84,167.25,4
grid_09219,423.67,70.61,33.69,108.0,6
grid_09220,833.44,208.36,153.77,244.58,4
grid_09221,352.55,88.14,76.79,97.45,4
grid_09222,244.58,244.58,244.58,244.58,1
grid_09223,580.76,145.19,57.07,279.52,4
grid_09224,270.88,67.72,33.69,124.23,4
grid_09225,321.8,53.63,33.69,89.93,6
grid_09226,798.79,199.7,119.94,279.52,4
grid_09227,308.14,77.03,51.23,97.45,4
grid_09228,378.58,63.1,45.68,95.61,6
grid_09229,495.74,123.93,48.65,164.41,4
grid_09230,351.37,87.84,60.84,108.26,4
grid_09231,370.47,92.62,48.65,152.72,4
grid_09232,854.3,142.38,87.83,265.54,6
grid_09233,398.87,99.72,69.53,128.31,4
grid_09234,526.26,131.56,103.58,164.41,4
grid_09235,719.59,179.9,152.72,239.9,4
grid_09236,314.67,78.67,60.12,103.58,4
grid_09237,1019.55,169.93,94.44,251.74,6
grid_09238,757.1,189.28,108.26,256.23,4
grid_09239,602.54,200.85,19.68,365.09,3
grid_09240,217.77,217.77,217.77,217.77,1
grid_09241,2583.06,430.51,278.53,633.38,6
grid_09242,2568.42,428.07,278.53,526.75,6
grid_09243,2404.0,400.67,217.77,526.75,6
grid_09244,510.19,255.09,36.17,474.02,2
grid_09245,2218.49,316.93,36.17,522.06,7
grid_09246,1405.57,351.39,224.73,436.8,4
grid_09247,1165.44,291.36,21.11,539.86,4
grid_09248,1373.69,343.42,224.73,482.1,4
grid_09249,1584.68,396.17,258.62,482.1,4
grid_09250,2336.78,467.36,36.17,1009.6,5
grid_09251,4149.15,691.53,380.01,1299.51,6
grid_09252,878.79,219.7,145.98,335.8,4
grid_09253,2686.08,671.52,539.86,1009.6,4
grid_09254,1695.5,423.88,279.52,548.78,4
grid_09255,761.79,190.45,132.45,258.62,4
grid_09256,2704.69,450.78,132.45,1299.51,6
grid_09257,3729.63,745.93,368.73,1299.51,5
grid_09258,636.66,159.17,145.98,172.27,4
grid_09259,348.46,174.23,21.11,327.35,2
grid_09260,830.84,207.71,71.59,327.35,4
grid_09261,296.99,99.0,71.59,152.37,3
grid_09262,764.26,191.07,122.29,279.52,4
grid_09263,120.7,120.7,120.7,120.7,1
grid_09264,461.36,115.34,73.03,152.37,4
grid_09265,320.79,80.2,13.4,120.7,4
grid_09266,462.38,115.6,112.54,122.29,4
grid_09267,579.67,144.92,113.89,210.08,4
grid_09268,603.96,301.98,216.24,387.72,2
grid_09269,1782.8,445.7,256.42,587.84,4
grid_09270,1196.83,199.47,132.45,368.73,6
grid_09271,1376.65,344.16,163.66,587.84,4
grid_09272,1428.14,357.03,210.08,548.78,4
grid_09273,639.21,159.8,132.45,192.65,4
grid_09274,707.89,176.97,150.28,206.48,4
grid_09275,755.07,188.77,168.13,211.28,4
grid_09276,967.82,241.95,154.93,389.76,4
grid_09277,1015.14,169.19,139.38,211.28,6
grid_09278,899.96,224.99,133.42,389.76,4
grid_09279,524.21,131.05,112.54,177.3,4
grid_09280,707.88,176.97,22.16,387.72,4
grid_09281,490.1,122.53,113.89,133.42,4
grid_09282,1165.06,291.27,169.99,430.05,4
grid_09283,1942.92,485.73,216.24,908.91,4
grid_09284,582.54,145.64,112.54,177.3,4
grid_09285,467.32,116.83,112.54,122.71,4
grid_09286,499.45,124.86,118.19,128.42,4
grid_09287,1217.95,304.49,169.99,430.05,4
grid_09288,528.89,132.22,118.19,159.58,4
grid_09289,714.38,178.6,139.38,256.42,4
grid_09290,547.48,136.87,122.74,166.71,4
grid_09291,933.79,155.63,123.83,211.28,6
grid_09292,544.75,136.19,123.83,154.93,4
grid_09293,729.57,182.39,157.81,211.28,4
grid_09294,570.99,142.75,122.74,166.71,4
grid_09295,790.46,197.61,157.81,243.16,4
grid_09296,786.25,196.56,157.81,243.16,4
grid_09297,510.06,127.52,123.83,133.0,4
grid_09298,493.69,123.42,118.1,128.24,4
grid_09299,873.71,145.62,123.83,177.47,6
grid_09300,695.39,173.85,157.81,187.15,4
grid_09301,500.45,125.11,118.1,133.0,4
grid_09302,727.27,181.82,154.98,198.12,4
grid_09303,494.23,123.56,117.54,130.36,4
grid_09304,773.85,193.46,172.96,226.72,4
grid_09305,986.34,164.39,126.62,226.72,6
grid_09306,534.66,133.66,126.62,139.89,4
grid_09307,503.79,125.95,117.54,135.15,4
grid_09308,623.58,155.9,133.99,187.02,4
grid_09309,755.43,188.86,122.71,303.16,4
grid_09310,2876.51,479.42,14.36,908.91,6
grid_09311,523.92,130.98,128.24,136.91,4
grid_09312,2154.98,359.16,287.1,643.02,6
grid_09313,2905.54,581.11,310.99,1071.36,5
grid_09314,611.06,152.77,128.42,186.16,4
grid_09315,935.99,234.0,159.58,303.16,4
grid_09316,673.13,168.28,130.36,205.71,4
grid_09317,1837.15,306.19,287.1,317.06,6
grid_09318,1026.48,256.62,186.16,317.06,4
grid_09319,579.78,289.89,14.36,565.42,2
grid_09320,2067.07,516.77,11.49,1071.36,4
grid_09321,418.79,418.79,418.79,418.79,1
grid_09322,418.79,418.79,418.79,418.79,1
grid_09323,2859.35,714.84,343.54,1071.36,4
grid_09324,2151.04,537.76,327.7,1025.65,4
grid_09325,671.25,335.62,327.7,343.54,2
grid_09326,1323.62,330.91,2.95,786.84,4
grid_09327,206.13,206.13,206.13,206.13,1
grid_09328,2126.28,531.57,327.7,786.84,4
grid_09329,575.82,143.95,117.54,200.15,4
grid_09330,1152.79,192.13,139.89,226.72,6
grid_09331,633.69,158.42,135.15,221.73,4
grid_09332,731.24,182.81,147.6,226.72,4
grid_09333,517.39,129.35,117.54,136.92,4
grid_09334,571.74,142.93,132.38,157.78,4
grid_09335,1178.32,196.39,122.5,281.02,6
grid_09336,843.23,210.81,136.92,281.02,4
grid_09337,572.38,143.1,122.5,169.91,4
grid_09338,837.38,209.34,127.78,288.71,4
grid_09339,764.94,191.24,136.91,236.16,4
grid_09340,2722.1,680.53,310.99,1071.36,4
grid_09341,1967.04,327.84,301.33,382.84,6
grid_09342,2176.74,544.19,314.11,1025.65,4
grid_09343,1105.93,276.48,236.16,317.06,4
grid_09344,919.1,229.77,205.71,251.38,4
grid_09345,920.41,230.1,200.15,288.71,4
grid_09346,1887.78,314.63,239.2,382.84,6
grid_09347,1256.85,314.21,225.84,388.03,4
grid_09348,1324.83,331.21,251.38,456.44,4
grid_09349,689.0,172.25,127.78,220.75,4
grid_09350,663.47,165.87,126.86,246.46,4
grid_09351,1118.76,186.46,122.5,281.02,6
grid_09352,1050.94,262.73,203.55,316.53,4
grid_09353,679.63,135.93,122.5,161.94,5
grid_09354,1147.62,286.9,220.75,388.03,4
grid_09355,990.96,247.74,203.55,316.53,4
grid_09356,1240.01,310.0,250.13,397.62,4
grid_09357,994.24,248.56,161.94,317.04,4
grid_09358,1368.74,342.19,250.13,454.84,4
grid_09359,1287.93,321.98,225.84,456.44,4
grid_09360,1703.53,425.88,308.95,557.59,4
grid_09361,1655.36,413.84,354.27,458.21,4
grid_09362,1574.51,262.42,165.81,315.68,6
grid_09363,1579.93,394.98,294.59,557.59,4
grid_09364,1434.0,358.5,250.28,456.44,4
grid_09365,1680.52,420.13,354.27,458.21,4
grid_09366,1197.76,299.44,234.07,418.79,4
grid_09367,1240.95,206.82,138.9,294.59,6
grid_09368,1043.19,260.8,141.06,411.59,4
grid_09369,1060.54,176.76,126.86,265.43,6
grid_09370,1281.02,320.25,249.84,397.62,4
grid_09371,843.86,210.97,126.86,296.19,4
grid_09372,2275.94,379.32,310.8,564.94,6
grid_09373,3783.37,945.84,275.74,1666.52,4
grid_09374,4204.39,700.73,275.74,1666.52,6
grid_09375,1770.67,295.11,263.89,329.53,6
grid_09376,1649.57,274.93,174.36,323.2,6
grid_09377,2239.96,248.88,174.36,316.35,9
grid_09378,1047.01,261.75,245.21,286.82,4
grid_09379,854.49,284.83,166.45,481.91,3
grid_09380,2464.87,616.22,206.13,989.99,4
grid_09381,220.1,110.05,53.65,166.45,2
grid_09382,2753.22,688.3,418.79,989.99,4
grid_09383,1041.73,260.43,166.45,481.91,4
grid_09384,777.01,194.25,53.65,355.85,4
grid_09385,554.01,184.67,53.65,355.85,3
grid_09386,1857.9,464.48,192.31,989.99,4
grid_09387,1836.54,459.13,193.69,989.99,4
grid_09388,832.46,208.11,192.31,237.62,4
grid_09389,1538.09,384.52,240.26,458.21,4
grid_09390,2727.36,681.84,428.03,1386.27,4
grid_09391,4039.52,673.25,276.12,1386.27,6
grid_09392,1506.38,251.06,141.06,428.15,6
grid_09393,1114.24,222.85,171.51,276.85,5
grid_09394,1745.43,193.94,138.9,276.85,9
grid_09395,5553.45,925.58,224.28,1666.52,6
grid_09396,2265.32,377.55,240.26,493.61,6
grid_09397,1411.85,352.96,245.01,493.61,4
grid_09398,1896.46,316.08,171.51,558.57,6
grid_09399,1017.39,254.35,201.06,355.85,4
grid_09400,919.58,229.89,144.52,355.85,4
grid_09401,736.73,184.18,149.26,201.47,4
grid_09402,466.49,116.62,8.7,196.35,4
grid_09403,748.53,187.13,149.26,234.07,4
grid_09404,1477.0,246.17,201.47,317.36,6
grid_09405,1437.61,239.6,149.26,317.36,6
grid_09406,1266.26,211.04,136.43,238.86,6
grid_09407,857.67,142.95,8.7,206.7,6
grid_09408,1153.72,192.29,136.43,259.62,6
grid_09409,1570.64,261.77,240.36,279.94,6
grid_09410,1234.96,308.74,244.57,356.01,4
grid_09411,1178.21,294.55,263.89,323.58,4
grid_09412,3434.95,686.99,224.28,1666.52,5
grid_09413,1084.18,271.05,245.21,315.36,4
grid_09414,998.6,249.65,183.83,323.58,4
grid_09415,1605.31,267.55,211.25,315.36,6
grid_09416,936.01,234.0,183.83,323.58,4
grid_09417,874.04,218.51,184.03,244.57,4
grid_09418,1057.13,264.28,235.42,315.36,4
grid_09419,966.57,241.64,221.16,276.12,4
grid_09420,1951.87,325.31,189.59,558.57,6
grid_09421,1605.86,401.47,249.1,584.83,4
grid_09422,1903.7,475.92,397.11,584.83,4
grid_09423,902.38,225.59,203.25,245.01,4
grid_09424,2718.74,453.12,333.98,584.83,6
grid_09425,2052.5,513.12,434.48,617.18,4
grid_09426,2295.94,459.19,333.98,617.18,5
grid_09427,1813.08,453.27,318.87,584.83,4
grid_09428,1193.96,298.49,232.96,397.11,4
grid_09429,8.7,8.7,8.7,8.7,1
grid_09430,77.28,77.28,77.28,77.28,1
grid_09431,292.69,97.56,8.7,206.7,3
grid_09432,1710.43,342.09,77.28,661.36,5
grid_09433,1211.26,302.82,38.86,661.36,4
grid_09434,223.18,111.59,38.86,184.33,2
grid_09435,1238.12,206.35,77.28,449.55,6
grid_09436,1557.94,519.31,95.17,793.48,3
grid_09437,865.84,216.46,176.44,326.71,4
grid_09438,1251.34,312.83,95.17,793.48,4
grid_09439,1083.62,270.9,246.46,296.19,4
grid_09440,1727.39,287.9,266.39,340.57,6
grid_09441,2222.93,370.49,266.39,467.97,6
grid_09442,1633.66,272.28,259.79,283.32,6
grid_09443,1704.31,284.05,259.79,323.2,6
grid_09444,1371.27,274.25,259.79,304.11,5
grid_09445,1315.32,328.83,269.06,401.58,4
grid_09446,1721.15,430.29,340.57,511.03,4
grid_09447,1157.33,289.33,264.88,310.13,4
grid_09448,1075.12,268.78,245.21,286.82,4
grid_09449,1372.17,343.04,304.11,401.58,4
grid_09450,1663.13,415.78,356.35,511.03,4
grid_09451,1413.64,353.41,310.13,401.45,4
grid_09452,1305.5,326.37,264.88,401.45,4
grid_09453,1676.18,419.05,345.72,579.94,4
grid_09454,1100.41,275.1,245.21,329.04,4
grid_09455,3405.01,851.25,579.94,1062.96,4
grid_09456,1524.94,381.23,345.72,401.45,4
grid_09457,2123.55,530.89,345.72,810.32,4
grid_09458,1141.82,285.46,235.42,329.04,4
grid_09459,1702.54,425.63,365.47,544.62,4
grid_09460,2040.03,510.01,394.18,576.43,4
grid_09461,2536.07,634.02,544.62,742.56,4
grid_09462,2484.3,621.08,394.18,951.79,4
grid_09463,4340.0,723.33,414.06,1242.26,6
grid_09464,2924.26,731.07,560.53,977.11,4
grid_09465,2264.54,566.13,414.06,701.03,4
grid_09466,3401.41,850.35,644.07,987.43,4
grid_09467,6400.17,1066.7,604.83,1916.06,6
grid_09468,2905.19,726.3,604.83,863.5,4
grid_09469,1436.76,359.19,316.08,401.45,4
grid_09470,1782.84,445.71,387.58,538.94,4
grid_09471,2624.11,656.03,387.58,887.27,4
grid_09472,1165.01,291.25,235.42,328.66,4
grid_09473,1501.06,375.26,316.08,466.13,4
grid_09474,3810.19,952.55,810.32,1062.96,4
grid_09475,2305.71,576.43,446.54,854.1,4
grid_09476,1664.53,416.13,328.66,466.13,4
grid_09477,3456.74,864.19,538.94,1176.43,4
grid_09478,1443.3,360.83,284.85,423.2,4
grid_09479,817.16,204.29,184.03,221.16,4
grid_09480,872.12,218.03,183.83,247.91,4
grid_09481,1545.1,257.52,211.25,315.36,6
grid_09482,805.72,201.43,183.83,229.14,4
grid_09483,1089.42,272.36,235.42,324.09,4
grid_09484,1046.34,261.58,203.25,336.67,4
grid_09485,1279.29,319.82,229.14,433.27,4
grid_09486,1766.55,294.42,245.07,368.97,6
grid_09487,1168.83,292.21,208.72,433.27,4
grid_09488,1481.46,370.37,284.85,465.93,4
grid_09489,5874.11,1174.82,701.03,1916.06,5
grid_09490,4801.03,1200.26,792.8,1582.84,4
grid_09491,5773.58,1443.4,1049.64,1916.06,4
grid_09492,9092.7,1515.45,863.5,1933.84,6
grid_09493,4179.51,1044.88,792.8,1582.84,4
grid_09494,6463.25,1615.81,1442.17,1876.36,4
grid_09495,6491.84,1622.96,1049.64,2317.17,4
grid_09496,12635.53,2105.92,1561.89,3201.35,6
grid_09497,4947.72,1236.93,816.44,1582.84,4
grid_09498,5544.45,1386.11,644.29,1876.36,4
grid_09499,4493.45,1123.36,887.27,1380.11,4
grid_09500,3273.13,818.28,446.54,1318.86,4
grid_09501,5153.75,1288.44,854.1,1804.35,4
grid_09502,2609.23,652.31,406.59,906.71,4
grid_09503,2396.09,599.02,423.2,872.73,4
grid_09504,6125.67,1531.42,1176.43,1804.35,4
grid_09505,7234.07,1808.52,653.62,3070.33,4
grid_09506,10264.3,2566.08,1318.86,4070.76,4
grid_09507,4492.51,1123.13,872.73,1836.33,4
grid_09508,10989.34,2747.33,1764.78,4070.76,4
grid_09509,1754.14,438.54,368.97,493.86,4
grid_09510,1325.46,331.37,297.7,351.41,4
grid_09511,2382.24,397.04,319.96,465.93,6
grid_09512,1564.51,391.13,297.7,493.86,4
grid_09513,2354.4,588.6,406.59,906.71,4
grid_09514,1596.1,399.02,307.94,493.86,4
grid_09515,2711.51,451.92,336.26,575.17,6
grid_09516,1317.3,329.32,293.6,351.41,4
grid_09517,1435.08,358.77,293.6,493.86,4
grid_09518,2672.77,445.46,336.26,575.17,6
grid_09519,9151.8,2287.95,1380.11,3689.74,4
grid_09520,17614.95,2935.82,1581.63,4948.69,6
grid_09521,4125.67,1031.42,644.29,1442.17,4
grid_09522,4954.78,1238.69,644.29,1677.03,4
grid_09523,20406.62,3401.1,1581.63,4948.69,6
grid_09524,12757.95,3189.49,1764.78,3953.98,4
grid_09525,3794.78,948.7,644.29,1165.74,4
grid_09526,22922.75,5730.69,3349.45,9846.72,4
grid_09527,7289.01,1822.25,1051.82,3064.72,4
grid_09528,29509.84,4918.31,1677.03,9846.72,6
grid_09529,5553.94,1388.48,653.62,2191.25,4
grid_09530,15957.45,3989.36,2191.25,6261.79,4
grid_09531,21205.96,5301.49,3070.33,7803.09,4
grid_09532,5649.97,1412.49,535.51,2401.39,4
grid_09533,20995.89,5248.97,3349.45,7803.09,4
grid_09534,10863.05,2715.76,1836.33,4434.07,4
grid_09535,30573.01,7643.25,6261.79,8904.28,4
grid_09536,22638.46,5659.62,4338.75,7603.85,4
grid_09537,4288.74,1072.18,319.84,2401.39,4
grid_09538,25450.06,6362.51,2970.09,8904.28,4
grid_09539,1552.3,258.72,149.26,442.26,6
grid_09540,1017.67,254.42,224.17,317.36,4
grid_09541,1102.3,275.58,237.27,317.36,4
grid_09542,1424.41,356.1,248.29,442.26,4
grid_09543,843.88,210.97,186.04,238.86,4
grid_09544,1023.13,204.63,143.65,259.62,5
grid_09545,1729.87,192.21,131.98,259.62,9
grid_09546,919.96,229.99,204.56,253.95,4
grid_09547,757.62,189.4,158.77,239.02,4
grid_09548,1318.77,329.69,248.29,434.48,4
grid_09549,1255.28,313.82,203.25,482.4,4
grid_09550,1548.3,387.07,232.96,514.06,4
grid_09551,3218.96,536.49,442.42,752.76,6
grid_09552,1804.78,451.2,318.87,514.06,4
grid_09553,2374.76,593.69,442.42,752.76,4
grid_09554,1968.26,492.07,354.21,617.18,4
grid_09555,1506.1,376.52,335.61,482.4,4
grid_09556,1688.48,422.12,335.61,514.06,4
grid_09557,1949.39,487.35,356.41,619.34,4
grid_09558,3568.96,594.83,459.58,752.76,6
grid_09559,912.51,228.13,176.44,326.71,4
grid_09560,721.21,180.3,131.98,213.84,4
grid_09561,1568.99,523.0,217.86,681.83,3
grid_09562,789.25,197.31,176.44,213.84,4
grid_09563,1527.75,381.94,178.36,793.48,4
grid_09564,2518.94,629.73,374.33,793.48,4
grid_09565,732.57,183.14,176.44,196.19,4
grid_09566,777.83,194.46,179.88,213.84,4
grid_09567,805.63,201.41,181.32,215.16,4
grid_09568,797.76,199.44,183.63,215.16,4
grid_09569,1021.3,255.32,237.27,281.78,4
grid_09570,788.56,197.14,173.79,224.17,4
grid_09571,1038.33,173.05,131.98,239.02,6
grid_09572,1070.38,267.6,204.56,339.84,4
grid_09573,1387.12,346.78,281.78,459.41,4
grid_09574,1167.29,291.82,253.95,339.84,4
grid_09575,865.36,216.34,173.79,272.03,4
grid_09576,730.13,182.53,158.77,214.98,4
grid_09577,1008.09,168.02,147.06,182.59,6
grid_09578,1178.05,294.51,247.13,339.84,4
grid_09579,2492.91,623.23,515.56,752.76,4
grid_09580,2038.2,509.55,354.21,662.19,4
grid_09581,1439.46,359.87,335.61,400.93,4
grid_09582,2457.66,614.41,356.41,1080.98,4
grid_09583,2033.61,508.4,388.08,662.19,4
grid_09584,4563.33,760.56,388.08,1288.12,6
grid_09585,1366.14,341.53,332.6,351.41,4
grid_09586,2223.49,555.87,459.41,662.19,4
grid_09587,2764.89,691.22,383.81,1080.98,4
grid_09588,4850.4,808.4,364.27,1288.12,6
grid_09589,1733.96,433.49,291.71,634.11,4
grid_09590,1299.33,324.83,291.71,348.73,4
grid_09591,836.42,209.11,182.59,219.6,4
grid_09592,953.39,238.35,214.98,272.03,4
grid_09593,1135.31,189.22,158.47,219.6,6
grid_09594,1142.85,285.71,247.13,319.05,4
grid_09595,1370.45,274.09,219.25,362.39,5
grid_09596,2141.17,535.29,348.73,652.14,4
grid_09597,1478.12,369.53,304.15,506.2,4
grid_09598,1101.3,275.32,219.25,362.39,4
grid_09599,897.21,224.3,164.39,374.33,4
grid_09600,1185.41,296.35,138.42,681.83,4
grid_09601,1367.85,341.96,147.3,681.83,4
grid_09602,738.3,184.58,176.91,196.19,4
grid_09603,866.31,216.58,206.36,233.16,4
grid_09604,795.17,198.79,183.63,215.16,4
grid_09605,585.22,146.3,138.42,150.58,4
grid_09606,723.79,180.95,164.39,205.53,4
grid_09607,639.22,159.8,147.3,176.96,4
grid_09608,750.83,187.71,176.91,205.53,4
grid_09609,2146.56,536.64,392.54,652.14,4
grid_09610,1443.45,360.86,312.19,400.93,4
grid_09611,1317.8,329.45,312.19,346.51,4
grid_09612,1612.67,403.17,364.27,467.78,4
grid_09613,1180.36,295.09,232.66,383.81,4
grid_09614,1868.34,467.09,251.7,899.16,4
grid_09615,3147.82,524.64,333.68,899.16,6
grid_09616,1418.54,354.64,310.22,392.54,4
grid_09617,1141.35,285.34,232.66,326.5,4
grid_09618,1718.03,429.51,310.22,652.14,4
grid_09619,1415.29,235.88,186.96,339.17,6
grid_09620,1644.0,411.0,272.53,523.78,4
grid_09621,2116.22,352.7,230.04,485.3,6
grid_09622,945.16,236.29,212.05,269.91,4
grid_09623,2160.5,540.12,363.14,652.14,4
grid_09624,1566.13,391.53,272.53,523.78,4
grid_09625,1915.03,478.76,304.15,639.02,4
grid_09626,3704.93,926.23,465.67,1738.09,4
grid_09627,3468.96,867.24,485.3,1738.09,4
grid_09628,2745.96,457.66,269.91,721.79,6
grid_09629,1144.88,286.22,234.09,351.52,4
grid_09630,1406.04,351.51,251.7,427.01,4
grid_09631,1989.85,331.64,249.05,393.66,6
grid_09632,1102.4,275.6,232.66,316.56,4
grid_09633,1227.93,306.98,232.66,427.01,4
grid_09634,1205.35,301.34,234.09,363.14,4
grid_09635,1677.41,279.57,190.4,393.66,6
grid_09636,1118.7,279.68,253.03,316.56,4
grid_09637,1434.54,358.63,265.93,427.01,4
grid_09638,925.73,231.43,190.4,252.18,4
grid_09639,521.11,104.22,4.11,217.86,5
grid_09640,39.89,39.89,39.89,39.89,1
grid_09641,317.63,105.88,39.89,169.22,3
grid_09642,785.71,130.95,39.89,169.22,6
grid_09643,108.52,108.52,108.52,108.52,1
grid_09644,894.2,149.03,120.74,169.22,6
grid_09645,220.75,73.58,20.87,141.0,3
grid_09646,595.76,148.94,108.52,178.73,4
grid_09647,449.13,112.28,20.87,178.73,4
grid_09648,762.27,127.04,102.38,147.6,6
grid_09649,794.88,198.72,184.76,205.53,4
grid_09650,783.29,195.82,176.96,205.53,4
grid_09651,639.49,159.87,147.6,192.4,4
grid_09652,884.64,221.16,211.63,233.16,4
grid_09653,823.24,205.81,184.76,227.79,4
grid_09654,715.19,178.8,150.58,195.26,4
grid_09655,1029.87,257.47,199.06,321.1,4
grid_09656,965.68,241.42,212.05,281.93,4
grid_09657,986.7,246.68,199.06,321.1,4
grid_09658,833.64,208.41,192.4,232.51,4
grid_09659,224.7,112.35,81.97,142.73,2
grid_09660,325.06,81.26,3.94,142.73,4
grid_09661,535.81,133.95,106.51,178.73,4
grid_09662,529.97,132.49,102.38,178.73,4
grid_09663,425.89,106.47,58.87,141.0,4
grid_09664,817.04,136.17,102.38,170.6,6
grid_09665,439.85,109.96,106.51,116.87,4
grid_09666,433.61,108.4,100.69,119.51,4
grid_09667,455.16,113.79,102.38,126.34,4
grid_09668,524.62,131.16,81.97,151.72,4
grid_09669,697.05,174.26,143.59,213.47,4
grid_09670,894.33,223.58,195.26,261.01,4
grid_09671,1133.46,283.36,243.91,322.51,4
grid_09672,1268.99,317.25,261.01,363.32,4
grid_09673,906.12,226.53,186.38,273.76,4
grid_09674,714.03,178.51,143.59,213.47,4
grid_09675,1090.85,272.71,232.51,323.56,4
grid_09676,1288.85,322.21,281.93,363.32,4
grid_09677,1006.06,251.51,186.38,344.28,4
grid_09678,2402.63,600.66,323.56,1243.08,4
grid_09679,511.14,127.78,100.69,148.21,4
grid_09680,346.39,86.6,1.29,151.72,4
grid_09681,198.63,99.31,87.22,111.41,2
grid_09682,501.95,125.49,109.2,151.72,4
grid_09683,452.02,113.0,100.69,127.38,4
grid_09684,548.11,137.03,116.87,152.51,4
grid_09685,503.66,125.92,106.9,152.51,4
grid_09686,481.58,120.39,100.69,148.21,4
grid_09687,1040.52,173.42,126.34,220.95,6
grid_09688,524.77,131.19,109.2,151.72,4
grid_09689,779.56,194.89,170.6,220.95,4
grid_09690,3121.01,780.25,322.51,1243.08,4
grid_09691,2314.34,578.58,285.12,1192.1,4
grid_09692,1414.27,353.57,273.76,472.68,4
grid_09693,7242.91,1810.73,1192.1,2888.84,4
grid_09694,1054.94,263.73,201.12,344.28,4
grid_09695,4125.13,1031.28,472.68,1918.89,4
grid_09696,1615.34,403.84,307.9,490.48,4
grid_09697,6071.65,1517.91,514.62,2888.84,4
grid_09698,1225.82,204.3,197.66,220.95,6
grid_09699,676.44,135.29,87.22,236.92,5
grid_09700,571.11,142.78,109.2,197.22,4
grid_09701,576.97,144.24,117.05,189.64,4
grid_09702,610.1,152.52,142.75,162.45,4
grid_09703,619.54,154.88,115.63,197.22,4
grid_09704,565.55,141.39,127.38,152.51,4
grid_09705,940.23,188.05,152.38,220.95,5
grid_09706,540.28,135.07,109.2,152.42,4
grid_09707,882.31,147.05,111.28,236.92,6
grid_09708,701.37,175.34,142.9,213.19,4
grid_09709,143.3,71.65,32.02,111.28,2
grid_09710,629.68,314.84,111.52,518.16,2
grid_09711,423.59,105.9,32.02,160.76,4
grid_09712,710.94,236.98,32.02,518.16,3
grid_09713,468.56,117.14,89.1,160.76,4
grid_09714,1024.48,256.12,111.52,518.16,4
grid_09715,190.54,95.27,76.2,114.34,2
grid_09716,387.55,129.18,111.52,161.69,3
grid_09717,1011.19,252.8,99.16,518.16,4
grid_09718,752.32,188.08,76.2,344.91,4
grid_09719,1124.4,281.1,201.12,384.59,4
grid_09720,1986.47,496.62,307.9,803.5,4
grid_09721,8577.47,2144.37,1412.32,2888.84,4
grid_09722,4625.19,1156.3,490.48,1918.89,4
grid_09723,9176.59,2294.15,1476.1,2888.84,4
grid_09724,1241.72,206.95,185.3,230.79,6
grid_09725,2196.08,549.02,384.59,803.5,4
grid_09726,5222.15,1305.54,603.4,2357.43,4
grid_09727,1393.78,348.44,230.79,474.01,4
grid_09728,3353.19,838.3,533.98,1412.32,4
grid_09729,548.04,137.01,107.02,152.42,4
grid_09730,623.12,155.78,142.75,181.83,4
grid_09731,734.11,183.53,162.45,199.66,4
grid_09732,673.48,168.37,139.56,197.22,4
grid_09733,673.72,168.43,142.75,186.69,4
grid_09734,787.71,196.93,187.66,213.19,4
grid_09735,689.92,114.99,89.1,152.42,6
grid_09736,715.26,178.81,163.65,186.69,4
grid_09737,658.87,164.72,144.21,213.19,4
grid_09738,765.63,191.41,183.08,210.55,4
grid_09739,1274.99,318.75,293.6,349.3,4
grid_09740,3349.58,669.92,493.44,906.71,5
grid_09741,1307.86,326.96,307.94,339.51,4
grid_09742,1302.0,325.5,293.6,349.3,4
grid_09743,1361.69,340.42,324.14,363.6,4
grid_09744,3136.5,522.75,354.32,876.74,6
grid_09745,1560.42,390.1,339.51,497.52,4
grid_09746,1396.32,349.08,324.14,369.06,4
grid_09747,1270.43,317.61,270.0,349.3,4
grid_09748,2147.67,357.95,243.51,535.51,6
grid_09749,4523.05,1130.76,810.05,1495.44,4
grid_09750,28739.07,7184.77,2970.09,10149.66,4
grid_09751,9672.38,2418.1,1404.18,3708.04,4
grid_09752,39475.01,6579.17,3064.72,10149.66,6
grid_09753,4488.06,1122.02,778.39,1495.44,4
grid_09754,28304.29,7076.07,2970.09,10149.66,4
grid_09755,6117.44,1019.57,777.26,1404.18,6
grid_09756,12834.12,2139.02,989.18,3708.04,6
grid_09757,42029.45,5253.68,2253.5,10149.66,8
grid_09758,24621.51,3077.69,646.66,6200.39,8
grid_09759,12206.22,3051.55,1032.0,4434.07,4
grid_09760,3210.27,802.57,319.84,1488.67,4
grid_09761,9289.52,2322.38,1032.0,4338.75,4
grid_09762,30800.77,7700.19,4339.7,9952.95,4
grid_09763,30846.31,7711.58,2970.09,9952.95,4
grid_09764,18712.4,4678.1,2430.1,7603.85,4
grid_09765,27943.87,4657.31,1087.12,9952.95,6
grid_09766,9433.06,1572.18,831.01,2430.1,6
grid_09767,22987.47,3831.24,1295.1,9952.95,6
grid_09768,15078.15,2513.02,1486.0,4339.7,6
grid_09769,1394.17,348.54,324.64,363.6,4
grid_09770,1230.06,307.51,270.0,352.24,4
grid_09771,1431.45,357.86,345.1,369.06,4
grid_09772,1384.02,346.0,315.53,369.06,4
grid_09773,1746.86,291.14,243.51,369.76,6
grid_09774,1490.57,372.64,352.24,409.93,4
grid_09775,1263.17,315.79,253.03,374.71,4
grid_09776,1423.18,355.79,314.46,409.93,4
grid_09777,1229.49,307.37,254.4,345.1,4
grid_09778,1808.36,301.39,243.83,399.2,6
grid_09779,3950.18,790.04,369.76,1488.67,5
grid_09780,4836.88,1209.22,568.2,2020.26,4
grid_09781,3346.02,836.51,455.7,1295.1,4
grid_09782,4167.94,1041.98,568.2,1486.0,4
grid_09783,4585.88,1146.47,508.11,2020.26,4
grid_09784,4957.0,826.17,399.2,1252.2,6
grid_09785,2019.17,504.79,413.93,641.43,4
grid_09786,2853.98,713.49,451.4,1252.2,4
grid_09787,4626.84,1156.71,582.18,1767.98,4
grid_09788,2132.42,533.11,350.4,762.42,4
grid_09789,1156.63,289.16,254.4,317.57,4
grid_09790,1723.54,430.89,374.71,504.55,4
grid_09791,1341.8,335.45,253.03,434.35,4
grid_09792,1546.52,386.63,314.46,504.55,4
grid_09793,4532.79,503.64,270.2,1024.48,9
grid_09794,2394.87,399.15,321.74,504.55,6
grid_09795,2198.41,366.4,270.2,487.94,6
grid_09796,2064.68,344.11,279.71,434.35,6
grid_09797,2354.04,392.34,317.57,504.55,6
grid_09798,5904.18,984.03,354.12,1767.98,6
grid_09799,24216.8,4036.13,1087.12,9019.0,6
grid_09800,3164.77,791.19,558.14,989.18,4
grid_09801,4729.53,1182.38,646.66,2253.5,4
grid_09802,3752.53,750.51,483.68,1135.03,5
grid_09803,2567.6,641.9,488.78,840.19,4
grid_09804,4138.96,689.83,483.68,982.61,6
grid_09805,3182.4,795.6,455.7,1135.03,4
grid_09806,2123.27,530.82,455.7,641.43,4
grid_09807,2191.01,547.75,462.46,680.5,4
grid_09808,3162.07,527.01,462.46,680.5,6
grid_09809,2034.86,508.71,350.4,762.42,4
grid_09810,1602.05,400.51,273.04,641.43,4
grid_09811,4664.55,1166.14,524.99,1789.4,4
grid_09812,1236.78,309.19,198.79,413.93,4
grid_09813,1830.93,457.73,272.36,582.18,4
grid_09814,1272.95,318.24,198.79,451.4,4
grid_09815,997.27,249.32,207.89,273.66,4
grid_09816,854.51,213.63,177.74,272.36,4
grid_09817,4679.37,1169.84,524.99,1832.79,4
grid_09818,858.08,214.52,177.74,273.66,4
grid_09819,1440.87,360.22,321.74,424.92,4
grid_09820,1598.3,319.66,263.62,354.96,5
grid_09821,1781.29,445.32,354.12,642.68,4
grid_09822,1548.66,387.16,339.25,424.92,4
grid_09823,1720.07,430.02,354.96,470.67,4
grid_09824,8281.95,1380.32,642.68,1789.4,6
grid_09825,1492.5,373.13,263.62,470.67,4
grid_09826,2673.3,668.32,423.72,836.92,4
grid_09827,2088.13,522.03,423.72,769.97,4
grid_09828,8324.19,1387.37,398.15,1832.79,6
grid_09829,2063.04,515.76,483.68,553.22,4
grid_09830,3027.13,504.52,417.06,661.71,6
grid_09831,1734.41,433.6,295.61,559.28,4
grid_09832,1868.77,467.19,338.17,553.22,4
grid_09833,1774.23,443.56,273.04,641.43,4
grid_09834,1418.69,354.67,288.11,455.8,4
grid_09835,3098.1,516.35,336.61,661.71,6
grid_09836,1638.23,409.56,269.69,655.87,4
grid_09837,1142.0,285.5,242.68,338.17,4
grid_09838,2021.08,505.27,269.69,693.92,4
grid_09839,1065.14,266.28,212.05,339.27,4
grid_09840,2568.87,642.22,465.67,977.39,4
grid_09841,1786.85,446.71,297.9,639.02,4
grid_09842,4620.32,1155.08,721.79,1738.09,4
grid_09843,4605.67,1151.42,495.15,1738.09,4
grid_09844,1164.3,291.08,186.19,486.79,4
grid_09845,1299.32,324.83,243.91,431.02,4
grid_09846,3178.44,529.74,339.27,765.41,6
grid_09847,2145.52,536.38,186.19,977.39,4
grid_09848,2492.26,623.07,132.11,1395.04,4
grid_09849,1595.75,398.94,350.04,427.01,4
grid_09850,977.6,244.4,193.42,297.9,4
grid_09851,1030.14,257.53,231.47,279.71,4
grid_09852,1132.74,283.18,210.3,425.04,4
grid_09853,1235.91,205.99,154.06,350.04,6
grid_09854,727.88,181.97,131.24,252.18,4
grid_09855,1170.71,292.68,185.33,425.04,4
grid_09856,674.66,168.67,97.81,252.18,4
grid_09857,1137.85,284.46,231.47,348.68,4
grid_09858,880.99,220.25,161.23,278.0,4
grid_09859,3008.9,501.48,420.68,765.41,6
grid_09860,1757.42,439.36,285.12,526.67,4
grid_09861,930.31,232.58,116.86,495.15,4
grid_09862,594.28,148.57,97.81,193.42,4
grid_09863,3067.46,766.86,437.05,1395.04,4
grid_09864,934.88,233.72,127.4,469.96,4
grid_09865,1404.35,351.09,205.41,469.96,4
grid_09866,513.97,128.49,97.81,153.74,4
grid_09867,3317.97,829.49,514.62,1476.1,4
grid_09868,2831.2,471.87,291.93,800.59,6
grid_09869,965.68,160.95,123.95,210.3,6
grid_09870,747.04,149.41,123.95,185.33,5
grid_09871,587.14,146.79,129.34,172.5,4
grid_09872,555.3,138.82,97.81,172.5,4
grid_09873,1734.22,192.69,123.95,327.41,9
grid_09874,1717.0,286.17,257.06,348.68,6
grid_09875,1469.23,244.87,161.23,327.41,6
grid_09876,995.14,165.86,123.95,244.79,6
grid_09877,1151.11,191.85,129.34,278.56,6
grid_09878,886.0,177.2,117.51,278.56,5
grid_09879,521.93,130.48,116.86,145.56,4
grid_09880,641.8,160.45,127.4,205.41,4
grid_09881,552.94,138.23,117.51,153.74,4
grid_09882,5453.15,1363.29,722.24,2454.23,4
grid_09883,567.55,141.89,127.4,158.46,4
grid_09884,803.36,200.84,150.54,291.93,4
grid_09885,2606.59,434.43,155.48,800.59,6
grid_09886,1113.28,185.55,136.13,303.19,6
grid_09887,1170.74,195.12,150.54,239.04,6
grid_09888,1611.23,268.54,117.51,526.72,6
grid_09889,1135.43,283.86,230.84,381.25,4
grid_09890,1099.29,274.82,222.84,327.41,4
grid_09891,847.75,211.94,174.18,244.79,4
grid_09892,1475.41,245.9,174.18,327.41,6
grid_09893,1215.92,303.98,257.06,403.26,4
grid_09894,1799.56,299.93,117.51,526.72,6
grid_09895,1359.53,339.88,238.58,425.69,4
grid_09896,721.17,180.29,130.36,230.84,4
grid_09897,883.45,220.86,130.04,291.99,4
grid_09898,1774.3,443.57,354.57,526.72,4
grid_09899,3046.66,338.52,155.48,722.24,9
grid_09900,5120.34,1280.08,578.97,2454.23,4
grid_09901,1052.24,175.37,150.54,236.3,6
grid_09902,663.2,165.8,149.55,187.28,4
grid_09903,710.69,177.67,149.55,202.1,4
grid_09904,1636.93,409.23,295.25,526.72,4
grid_09905,2038.07,291.15,171.77,578.97,7
grid_09906,3658.18,609.7,266.0,1364.9,6
grid_09907,924.81,231.2,154.41,303.19,4
grid_09908,1246.48,249.3,171.77,290.1,5
grid_09909,1152.44,288.11,185.79,381.25,4
grid_09910,1003.58,167.26,113.42,232.73,6
grid_09911,1083.33,270.83,185.79,354.57,4
grid_09912,736.1,184.03,130.36,271.69,4
grid_09913,1378.32,344.58,240.71,511.76,4
grid_09914,684.44,171.11,114.14,238.58,4
grid_09915,919.53,153.26,113.42,201.69,6
grid_09916,912.54,228.13,114.14,425.69,4
grid_09917,1223.34,305.83,271.28,386.17,4
grid_09918,912.45,228.11,148.26,294.19,4
grid_09919,1256.57,314.14,208.84,511.76,4
grid_09920,1122.96,280.74,213.76,353.1,4
grid_09921,820.41,205.1,144.35,295.25,4
grid_09922,1196.93,199.49,149.55,276.61,6
grid_09923,633.85,158.46,144.35,171.97,4
grid_09924,719.23,179.81,144.11,221.93,4
grid_09925,896.07,224.02,173.69,290.1,4
grid_09926,983.51,245.88,173.69,290.1,4
grid_09927,1224.32,204.05,132.51,276.61,6
grid_09928,941.69,235.42,208.84,270.21,4
grid_09929,777.0,194.25,114.14,292.24,4
grid_09930,1168.38,292.1,240.71,386.17,4
grid_09931,1322.49,220.42,148.26,292.24,6
grid_09932,532.67,133.17,114.14,168.94,4
grid_09933,891.92,222.98,168.94,292.24,4
grid_09934,917.53,229.38,175.44,294.19,4
grid_09935,1380.31,345.08,270.21,386.17,4
grid_09936,1461.43,243.57,175.44,292.24,6
grid_09937,1268.33,317.08,249.59,386.17,4
grid_09938,647.59,161.9,115.48,192.88,4
grid_09939,567.9,141.97,111.23,187.66,4
grid_09940,506.54,126.63,107.02,139.56,4
grid_09941,657.92,164.48,111.23,213.19,4
grid_09942,645.32,161.33,144.21,181.83,4
grid_09943,624.54,104.09,89.1,130.52,6
grid_09944,581.25,145.31,121.71,163.65,4
grid_09945,713.67,178.42,151.69,215.25,4
grid_09946,473.57,118.39,104.18,145.84,4
grid_09947,860.43,215.11,183.08,251.55,4
grid_09948,479.64,119.91,111.23,129.45,4
grid_09949,803.35,200.84,5.39,376.85,4
grid_09950,623.55,155.89,114.34,216.87,4
grid_09951,509.47,254.73,132.62,376.85,2
grid_09952,390.82,97.71,89.1,105.63,4
grid_09953,632.74,158.19,107.29,233.1,4
grid_09954,545.18,136.3,99.16,233.1,4
grid_09955,1471.41,367.85,344.91,379.96,4
grid_09956,491.62,122.9,105.63,143.52,4
grid_09957,1244.2,311.05,216.87,369.69,4
grid_09958,480.7,160.23,29.61,259.68,3
grid_09959,7025.56,1756.39,849.0,2454.23,4
grid_09960,1370.62,228.44,185.3,304.39,6
grid_09961,2995.56,499.26,252.59,849.0,6
grid_09962,2101.71,350.28,195.89,603.4,6
grid_09963,1734.03,289.0,185.02,474.01,6
grid_09964,4309.34,718.22,343.92,1364.9,6
grid_09965,1641.63,273.61,210.55,351.52,6
grid_09966,1880.95,313.49,185.02,533.98,6
grid_09967,1083.05,216.61,185.02,311.22,5
grid_09968,795.31,198.83,185.02,209.74,4
grid_09969,517.39,129.35,126.64,130.79,4
grid_09970,515.93,128.98,104.18,145.84,4
grid_09971,728.36,121.39,96.93,146.56,6
grid_09972,1496.5,249.42,151.69,391.47,6
grid_09973,1147.15,191.19,104.18,306.32,6
grid_09974,1713.57,285.59,215.25,391.47,6
grid_09975,1303.02,217.17,121.71,307.29,6
grid_09976,523.29,130.82,112.31,155.49,4
grid_09977,494.52,123.63,104.18,149.19,4
grid_09978,722.95,144.59,126.64,158.18,5
grid_09979,1459.99,243.33,29.61,379.96,6
grid_09980,449.63,112.41,96.93,135.18,4
grid_09981,536.47,134.12,107.29,155.0,4
grid_09982,815.25,203.81,130.66,312.73,4
grid_09983,1862.33,310.39,259.68,379.96,6
grid_09984,636.12,159.03,135.18,207.65,4
grid_09985,1000.47,250.12,191.41,305.06,4
grid_09986,703.26,175.81,143.52,207.65,4
grid_09987,505.4,126.35,108.56,149.77,4
grid_09988,881.98,220.5,155.0,312.73,4
grid_09989,281.97,140.99,90.56,191.41,2
grid_09990,90.56,90.56,90.56,90.56,1
grid_09991,790.64,197.66,90.56,264.34,4
grid_09992,80.69,80.69,80.69,80.69,1
grid_09993,664.93,166.23,8.37,301.66,4
grid_09994,274.4,137.2,80.69,193.71,2
grid_09995,503.73,167.91,8.37,301.66,3
grid_09996,363.92,181.96,124.95,238.97,2
grid_09997,822.88,205.72,80.69,274.26,4
grid_09998,885.0,221.25,181.77,264.34,4
grid_09999,982.16,245.54,195.89,289.8,4
grid_10000,2341.33,260.15,181.04,352.78,9
grid_10001,1131.01,282.75,213.76,353.1,4
grid_10002,1140.68,285.17,220.24,343.92,4
grid_10003,799.83,199.96,185.98,209.74,4
grid_10004,1010.16,252.54,220.24,286.73,4
grid_10005,757.98,189.49,178.58,204.66,4
grid_10006,917.14,229.28,199.45,286.73,4
grid_10007,934.49,233.62,213.76,281.98,4
grid_10008,1275.72,212.62,178.58,280.36,6
grid_10009,1140.59,285.15,217.17,369.69,4
grid_10010,1317.73,329.43,241.0,379.96,4
grid_10011,786.54,196.63,149.77,228.11,4
grid_10012,1100.29,275.07,194.57,356.35,4
grid_10013,817.63,204.41,197.09,211.89,4
grid_10014,1864.45,310.74,239.93,356.35,6
grid_10015,1088.37,181.39,108.56,235.6,6
grid_10016,941.13,235.28,197.09,314.99,4
grid_10017,1055.35,263.84,217.17,314.99,4
grid_10018,1090.2,272.55,239.93,327.08,4
grid_10019,807.82,134.64,108.56,158.18,6
grid_10020,1258.29,209.71,128.84,282.98,6
grid_10021,1142.21,190.37,128.84,229.29,6
grid_10022,1377.14,344.29,247.37,457.94,4
grid_10023,1564.41,391.1,307.29,457.94,4
grid_10024,1361.51,272.3,149.19,364.66,5
grid_10025,1385.97,346.49,306.32,407.71,4
grid_10026,1740.19,193.35,151.85,244.86,9
grid_10027,1114.27,185.71,108.56,244.86,6
grid_10028,1592.11,398.03,247.37,482.0,4
grid_10029,596.59,149.15,2.71,274.22,4
grid_10030,975.64,243.91,181.77,301.66,4
grid_10031,997.5,249.38,193.71,301.66,4
grid_10032,1116.58,279.14,270.57,297.53,4
grid_10033,94.42,94.42,94.42,94.42,1
grid_10034,1105.14,276.28,238.97,297.53,4
grid_10035,784.91,196.23,181.77,227.87,4
grid_10036,962.2,240.55,189.5,274.26,4
grid_10037,733.45,183.36,171.34,194.57,4
grid_10038,1273.36,254.67,94.42,520.6,5
grid_10039,1535.16,383.79,205.61,532.19,4
grid_10040,991.69,247.92,207.89,327.59,4
grid_10041,929.96,232.49,177.74,279.37,4
grid_10042,8376.11,1396.02,532.19,1832.79,6
grid_10043,980.47,245.12,177.74,327.59,4
grid_10044,2385.06,596.27,205.61,1367.9,4
grid_10045,1140.34,285.09,213.54,358.4,4
grid_10046,1301.11,325.28,267.24,358.4,4
grid_10047,1254.82,313.7,267.24,360.32,4
grid_10048,2690.75,672.69,279.37,1367.9,4
grid_10049,1708.44,427.11,403.26,470.67,4
grid_10050,1755.23,438.81,406.22,470.67,4
grid_10051,2360.67,590.17,355.64,836.92,4
grid_10052,2001.35,500.34,355.64,769.97,4
grid_10053,1139.6,284.9,143.49,408.81,4
grid_10054,1112.12,278.03,134.12,425.69,4
grid_10055,1237.25,309.31,212.4,398.15,4
grid_10056,5439.19,1087.84,271.07,1832.79,5
grid_10057,1155.34,288.83,181.08,406.22,4
grid_10058,1097.29,274.32,212.4,389.49,4
grid_10059,1011.07,252.77,213.54,288.11,4
grid_10060,3057.05,509.51,336.61,693.92,6
grid_10061,1263.92,315.98,266.75,372.45,4
grid_10062,938.05,234.51,213.54,266.75,4
grid_10063,2203.21,550.8,401.6,693.92,4
grid_10064,2710.61,451.77,254.17,693.92,6
grid_10065,1110.32,277.58,216.95,372.45,4
grid_10066,1026.91,256.73,216.95,285.06,4
grid_10067,1952.51,488.13,391.38,643.43,4
grid_10068,951.29,237.82,196.1,284.07,4
grid_10069,6263.36,1043.89,618.86,1706.04,6
grid_10070,1063.15,265.79,178.87,358.4,4
grid_10071,1477.16,369.29,281.96,486.99,4
grid_10072,1924.83,481.21,360.32,683.15,4
grid_10073,1167.11,291.78,178.87,358.4,4
grid_10074,3319.27,553.21,394.36,714.98,6
grid_10075,823.71,205.93,159.05,285.06,4
grid_10076,1318.0,329.5,210.14,486.99,4
grid_10077,2192.89,365.48,271.57,471.24,6
grid_10078,830.02,207.51,159.05,281.96,4
grid_10079,616.37,154.09,122.86,181.08,4
grid_10080,2451.85,612.96,271.07,1172.42,4
grid_10081,515.95,128.99,115.48,143.49,4
grid_10082,786.76,196.69,168.95,224.34,4
grid_10083,1334.83,333.71,224.34,420.98,4
grid_10084,1866.02,466.5,389.49,618.86,4
grid_10085,649.97,162.49,122.86,192.98,4
grid_10086,573.83,143.46,115.48,170.31,4
grid_10087,886.28,221.57,168.95,300.02,4
grid_10088,1466.84,366.71,271.57,436.68,4
grid_10089,2039.27,339.88,196.1,643.43,6
grid_10090,1124.26,281.07,200.73,354.4,4
grid_10091,1108.43,277.11,196.1,354.4,4
grid_10092,1810.78,452.7,391.38,489.72,4
grid_10093,1960.27,326.71,196.1,476.24,6
grid_10094,1028.69,257.17,200.73,354.4,4
grid_10095,1197.62,299.4,263.52,354.4,4
grid_10096,2173.8,362.3,273.86,476.24,6
grid_10097,1724.91,431.23,365.55,489.72,4
grid_10098,1830.11,366.02,327.85,407.54,5
grid_10099,1544.22,386.06,323.97,486.99,4
grid_10100,815.71,203.93,159.05,245.89,4
grid_10101,1285.37,321.34,201.44,421.06,4
grid_10102,950.45,237.61,199.97,338.9,4
grid_10103,815.06,203.76,159.05,245.89,4
grid_10104,1953.82,325.64,271.57,421.06,6
grid_10105,1965.92,327.65,200.33,421.06,6
grid_10106,982.32,245.58,159.49,421.06,4
grid_10107,824.48,206.12,159.49,263.58,4
grid_10108,1008.39,252.1,199.97,298.95,4
grid_10109,1045.31,261.33,165.19,392.75,4
grid_10110,1383.21,345.8,300.02,420.98,4
grid_10111,1041.2,260.3,165.19,392.75,4
grid_10112,1111.99,278.0,192.98,324.59,4
grid_10113,1397.97,349.49,271.57,506.63,4
grid_10114,1526.77,381.69,294.4,502.78,4
grid_10115,1779.1,444.77,324.59,610.26,4
grid_10116,1579.85,394.96,312.96,502.78,4
grid_10117,1566.09,391.52,294.4,610.26,4
grid_10118,1660.85,415.21,310.6,610.26,4
grid_10119,963.35,240.84,208.46,298.95,4
grid_10120,1038.96,259.74,208.46,298.95,4
grid_10121,1686.7,281.12,188.68,356.55,6
grid_10122,1155.45,288.86,263.58,315.68,4
grid_10123,951.77,237.94,159.49,315.68,4
grid_10124,761.53,190.38,159.49,213.02,4
grid_10125,1581.12,263.52,199.4,339.38,6
grid_10126,1364.99,227.5,140.6,315.68,6
grid_10127,1803.25,225.41,146.17,301.75,8
grid_10128,1399.51,233.25,140.6,315.68,6
grid_10129,946.44,236.61,174.45,305.84,4
grid_10130,856.48,214.12,174.45,263.52,4
grid_10131,1981.63,330.27,202.63,407.54,6
grid_10132,2777.02,308.56,225.09,407.54,9
grid_10133,870.13,174.03,144.55,202.63,5
grid_10134,822.13,205.53,174.45,254.3,4
grid_10135,1308.35,218.06,144.55,335.77,6
grid_10136,1686.04,281.01,225.09,312.0,6
grid_10137,1050.04,262.51,163.59,349.37,4
grid_10138,1456.53,242.76,170.4,339.38,6
grid_10139,984.04,246.01,205.47,297.23,4
grid_10140,1844.59,461.15,282.98,774.96,4
grid_10141,1231.49,307.87,229.29,421.99,4
grid_10142,1347.13,224.52,205.14,252.05,6
grid_10143,2511.41,627.85,364.66,964.08,4
grid_10144,2311.72,577.93,407.71,964.08,4
grid_10145,921.46,230.36,211.23,244.86,4
grid_10146,1775.15,443.79,404.8,482.0,4
grid_10147,1097.44,274.36,250.56,297.6,4
grid_10148,2929.54,732.38,387.14,1345.44,4
grid_10149,796.17,199.04,178.58,226.72,4
grid_10150,1522.2,253.7,178.58,404.8,6
grid_10151,855.04,213.76,185.98,242.89,4
grid_10152,921.22,230.3,199.45,257.67,4
grid_10153,1046.37,261.59,218.52,300.5,4
grid_10154,1061.36,265.34,221.22,300.5,4
grid_10155,1062.79,265.7,226.72,299.77,4
grid_10156,991.54,247.88,204.89,299.77,4
grid_10157,1889.42,314.9,204.89,469.77,6
grid_10158,1111.85,277.96,204.81,361.16,4
grid_10159,905.99,226.5,171.34,356.35,4
grid_10160,1624.11,270.69,211.89,328.17,6
grid_10161,1485.07,247.51,177.13,356.35,6
grid_10162,1509.87,251.64,201.0,328.17,6
grid_10163,1107.29,221.46,196.22,236.13,5
grid_10164,1603.74,267.29,216.47,314.99,6
grid_10165,1446.48,241.08,201.16,282.2,6
grid_10166,1378.62,229.77,196.22,312.56,6
grid_10167,1246.11,311.53,258.75,346.64,4
grid_10168,1176.07,294.02,236.13,346.64,4
grid_10169,1403.96,350.99,297.23,421.99,4
grid_10170,1456.88,242.81,209.84,291.62,6
grid_10171,3204.3,801.08,418.59,1339.64,4
grid_10172,4424.12,1106.03,774.96,1345.44,4
grid_10173,968.13,242.03,211.23,291.62,4
grid_10174,961.76,240.44,194.85,297.6,4
grid_10175,2630.2,657.55,344.03,1345.44,4
grid_10176,1497.63,249.61,194.85,327.5,6
grid_10177,2378.26,594.57,240.54,1339.64,4
grid_10178,1247.52,311.88,218.75,387.14,4
grid_10179,1040.83,260.21,216.47,365.31,4
grid_10180,1889.25,209.92,175.76,319.58,9
grid_10181,1357.26,271.45,201.16,365.31,5
grid_10182,963.61,240.9,211.23,280.75,4
grid_10183,1025.28,256.32,216.47,328.17,4
grid_10184,1094.47,182.41,171.34,199.25,6
grid_10185,1105.98,221.2,182.25,319.58,5
grid_10186,830.88,207.72,182.25,260.39,4
grid_10187,1267.55,316.89,235.51,419.0,4
grid_10188,963.48,240.87,221.9,258.75,4
grid_10189,1835.85,305.97,94.42,520.6,6
grid_10190,1222.15,305.54,267.61,362.59,4
grid_10191,1381.57,230.26,189.5,270.57,6
grid_10192,531.07,177.02,94.42,285.58,3
grid_10193,1260.51,210.08,171.34,273.35,6
grid_10194,1335.11,222.52,185.77,273.35,6
grid_10195,1065.02,266.25,229.31,297.53,4
grid_10196,1572.51,262.09,220.36,362.59,6
grid_10197,1189.42,297.36,199.25,456.43,4
grid_10198,1371.35,274.27,229.31,361.43,5
grid_10199,1240.18,310.05,257.67,361.16,4
grid_10200,1114.82,278.71,242.89,320.86,4
grid_10201,1404.16,234.03,152.2,299.77,6
grid_10202,1316.36,329.09,253.0,470.17,4
grid_10203,1344.5,268.9,152.2,469.77,5
grid_10204,1109.84,277.46,178.86,365.0,4
grid_10205,1676.46,419.12,320.86,629.44,4
grid_10206,1713.89,428.47,293.41,629.44,4
grid_10207,603.59,150.9,124.29,199.53,4
grid_10208,1029.16,171.53,124.29,253.0,6
grid_10209,2207.16,245.24,174.71,362.59,9
grid_10210,1405.54,234.26,151.07,347.82,6
grid_10211,1326.82,331.7,235.61,456.43,4
grid_10212,1508.83,251.47,220.36,290.63,6
grid_10213,869.19,217.3,194.4,246.55,4
grid_10214,1130.02,282.5,229.41,361.43,4
grid_10215,1283.04,320.76,260.39,456.43,4
grid_10216,967.8,241.95,201.21,290.63,4
grid_10217,1401.54,233.59,194.4,291.67,6
grid_10218,1250.37,312.59,224.92,385.97,4
grid_10219,1088.27,272.07,224.25,346.64,4
grid_10220,1117.38,279.34,221.9,365.31,4
grid_10221,1667.07,277.84,201.11,365.31,6
grid_10222,1183.92,295.98,224.25,346.64,4
grid_10223,939.79,234.95,224.19,258.64,4
grid_10224,1225.9,306.47,224.25,414.17,4
grid_10225,897.76,224.44,188.98,260.83,4
grid_10226,1584.93,396.23,332.29,419.47,4
grid_10227,963.26,240.81,224.25,258.64,4
grid_10228,1090.06,272.51,224.19,328.12,4
grid_10229,3618.16,904.54,379.5,1345.44,4
grid_10230,1328.43,332.11,199.53,469.77,4
grid_10231,1273.64,318.41,235.51,419.0,4
grid_10232,1131.82,282.95,211.86,379.5,4
grid_10233,923.82,230.95,194.85,279.5,4
grid_10234,1422.6,237.1,194.85,327.5,6
grid_10235,1187.68,296.92,218.75,345.39,4
grid_10236,1536.53,384.13,299.92,553.58,4
grid_10237,779.5,194.87,127.57,240.54,4
grid_10238,1546.53,386.63,303.53,553.58,4
grid_10239,1318.4,329.6,295.28,358.08,4
grid_10240,1252.36,313.09,281.29,358.08,4
grid_10241,1300.0,325.0,273.1,351.92,4
grid_10242,1344.4,336.1,325.39,351.92,4
grid_10243,1119.98,280.0,245.44,351.92,4
grid_10244,1205.51,301.38,245.57,358.08,4
grid_10245,1209.49,302.37,257.24,358.08,4
grid_10246,1168.33,292.08,245.44,351.92,4
grid_10247,845.09,211.27,170.91,249.52,4
grid_10248,1155.7,288.92,245.57,319.02,4
grid_10249,2165.05,541.26,349.58,723.12,4
grid_10250,4297.77,716.29,568.5,860.95,6
grid_10251,2647.31,661.83,378.88,932.96,4
grid_10252,1886.76,471.69,378.88,621.99,4
grid_10253,3169.18,792.29,661.79,932.96,4
grid_10254,4338.95,1084.74,860.95,1297.13,4
grid_10255,3990.74,997.68,621.99,1247.91,4
grid_10256,5944.17,990.7,664.12,1309.29,6
grid_10257,2735.26,683.82,451.84,1187.87,4
grid_10258,6232.11,1038.69,657.85,1309.29,6
grid_10259,1977.03,494.26,320.88,689.69,4
grid_10260,1702.53,283.76,219.3,326.19,6
grid_10261,1294.58,323.64,304.89,350.21,4
grid_10262,1224.72,306.18,248.73,350.21,4
grid_10263,1455.49,363.87,248.73,473.56,4
grid_10264,2701.05,450.18,257.24,1033.43,6
grid_10265,2257.9,564.47,304.89,1033.43,4
grid_10266,1467.15,366.79,248.73,593.39,4
grid_10267,1494.26,373.56,248.73,473.56,4
grid_10268,4962.47,827.08,305.74,1886.29,6
grid_10269,2376.35,594.09,542.54,685.92,4
grid_10270,2174.51,543.63,518.14,560.53,4
grid_10271,2968.55,742.14,650.02,983.27,4
grid_10272,2601.68,650.42,594.6,685.92,4
grid_10273,2626.54,656.64,542.54,819.43,4
grid_10274,2899.6,724.9,542.54,977.11,4
grid_10275,3534.18,883.55,671.14,983.27,4
grid_10276,2857.07,714.27,594.6,921.36,4
grid_10277,3384.76,846.19,653.67,958.42,4
grid_10278,3421.37,855.34,637.4,987.43,4
grid_10279,1154.07,288.52,257.24,314.63,4
grid_10280,980.95,245.24,170.91,319.02,4
grid_10281,789.68,197.42,170.91,237.2,4
grid_10282,1139.05,284.76,252.52,319.02,4
grid_10283,2100.25,420.05,252.52,882.44,5
grid_10284,945.16,236.29,170.91,319.02,4
grid_10285,1277.69,319.42,202.35,433.25,4
grid_10286,2201.01,366.83,185.54,882.44,6
grid_10287,965.22,241.3,214.41,252.87,4
grid_10288,1105.52,276.38,202.35,404.89,4
grid_10289,3729.95,932.49,527.05,1297.13,4
grid_10290,2819.32,704.83,451.84,1187.87,4
grid_10291,3645.81,911.45,527.05,1247.91,4
grid_10292,4396.66,732.78,492.57,1026.15,6
grid_10293,2032.48,508.12,384.05,682.97,4
grid_10294,2051.13,512.78,373.65,657.85,4
grid_10295,2052.5,513.13,373.65,682.97,4
grid_10296,3682.13,613.69,492.57,676.03,6
grid_10297,1990.31,497.58,373.65,654.63,4
grid_10298,1587.2,396.8,332.4,468.82,4
grid_10299,4452.34,1113.09,593.39,1886.29,4
grid_10300,1629.88,407.47,320.13,496.64,4
grid_10301,2214.03,553.51,320.13,939.23,4
grid_10302,3641.29,910.32,321.18,1886.29,4
grid_10303,1583.92,395.98,341.96,496.64,4
grid_10304,1980.66,495.16,338.19,939.23,4
grid_10305,3715.09,928.77,338.19,1886.29,4
grid_10306,1511.06,377.77,290.94,551.38,4
grid_10307,1392.7,348.18,338.19,374.31,4
grid_10308,1432.71,358.18,332.4,384.05,4
grid_10309,2811.17,702.79,637.4,819.43,4
grid_10310,3127.01,781.75,669.97,921.36,4
grid_10311,2736.27,684.07,591.09,851.32,4
grid_10312,2693.29,673.32,591.09,851.32,4
grid_10313,2524.17,631.04,592.91,684.36,4
grid_10314,3034.18,758.55,592.91,987.43,4
grid_10315,2272.53,568.13,520.31,597.21,4
grid_10316,2221.42,555.35,500.52,609.5,4
grid_10317,2368.53,592.13,500.52,665.6,4
grid_10318,3181.23,795.31,592.91,1106.28,4
grid_10319,1513.41,378.35,333.68,433.25,4
grid_10320,1417.89,354.47,214.41,544.67,4
grid_10321,1696.07,282.68,185.54,413.39,6
grid_10322,1536.56,384.14,245.41,544.67,4
grid_10323,1670.26,417.56,329.47,544.67,4
grid_10324,1794.66,448.66,382.07,544.67,4
grid_10325,1331.52,332.88,326.78,341.59,4
grid_10326,1910.57,318.43,243.82,413.39,6
grid_10327,1425.28,356.32,326.78,423.84,4
grid_10328,1547.44,386.86,329.47,454.52,4
grid_10329,1713.86,428.47,373.65,469.45,4
grid_10330,1498.22,374.56,332.4,425.35,4
grid_10331,2047.53,511.88,445.65,654.63,4
grid_10332,3416.91,569.49,445.65,676.03,6
grid_10333,1774.53,443.63,401.93,477.79,4
grid_10334,2946.17,491.03,359.1,716.36,6
grid_10335,1498.83,374.71,319.59,425.35,4
grid_10336,2127.65,531.91,381.68,822.52,4
grid_10337,2141.01,535.25,415.35,822.52,4
grid_10338,1406.53,351.63,312.64,415.35,4
grid_10339,1287.4,321.85,239.65,352.36,4
grid_10340,1533.39,383.35,274.04,463.23,4
grid_10341,1341.2,335.3,309.58,352.36,4
grid_10342,1066.55,266.64,179.22,328.24,4
grid_10343,2057.86,342.98,217.53,456.87,6
grid_10344,1135.44,283.86,222.48,352.36,4
grid_10345,1820.83,455.21,434.1,466.63,4
grid_10346,1032.01,258.0,217.53,352.36,4
grid_10347,977.03,244.26,179.22,309.58,4
grid_10348,1221.28,305.32,237.2,433.25,4
grid_10349,2747.05,686.76,495.31,973.6,4
grid_10350,2636.82,527.36,148.64,1248.27,5
grid_10351,2707.2,676.8,456.8,973.6,4
grid_10352,1936.6,484.15,463.23,511.43,4
grid_10353,3806.76,951.69,473.27,1459.93,4
grid_10354,3149.94,787.49,510.08,1459.93,4
grid_10355,2786.24,696.56,393.07,973.6,4
grid_10356,2946.46,736.61,510.08,973.6,4
grid_10357,2192.45,548.11,205.37,1248.27,4
grid_10358,1776.27,444.07,393.07,511.43,4
grid_10359,1867.36,311.23,206.36,434.1,6
grid_10360,1074.92,268.73,222.48,301.61,4
grid_10361,947.97,236.99,206.36,301.61,4
grid_10362,1655.97,413.99,350.1,466.63,4
grid_10363,1308.87,327.22,296.82,410.65,4
grid_10364,1363.55,340.89,296.82,433.25,4
grid_10365,1782.89,297.15,206.36,369.65,6
grid_10366,1450.22,362.56,325.34,405.14,4
grid_10367,1262.42,315.6,206.36,410.65,4
grid_10368,1278.69,319.67,296.82,333.68,4
grid_10369,2158.41,539.6,304.89,908.14,4
grid_10370,1250.01,312.5,205.37,473.27,4
grid_10371,1820.78,455.19,319.63,625.29,4
grid_10372,2051.53,512.88,402.59,625.29,4
grid_10373,2484.09,621.02,469.01,908.14,4
grid_10374,1428.45,357.11,304.89,405.14,4
grid_10375,2124.15,531.04,469.01,627.37,4
grid_10376,1649.45,412.36,304.89,552.31,4
grid_10377,1073.89,268.47,216.22,319.63,4
grid_10378,1970.51,492.63,402.59,627.37,4
grid_10379,1401.41,350.35,296.82,410.65,4
grid_10380,1513.98,378.5,325.34,434.41,4
grid_10381,1530.53,382.63,343.81,410.65,4
grid_10382,2147.12,357.85,259.69,434.41,6
grid_10383,1572.58,393.15,321.41,500.55,4
grid_10384,1461.74,365.43,320.85,434.41,4
grid_10385,1796.51,449.13,372.54,523.28,4
grid_10386,2457.73,409.62,321.9,523.28,6
grid_10387,1691.66,422.91,321.41,500.55,4
grid_10388,3319.96,415.0,320.85,508.05,8
grid_10389,1480.07,370.02,286.3,471.55,4
grid_10390,1331.59,332.9,304.89,384.58,4
grid_10391,1956.15,326.03,178.52,685.26,6
grid_10392,4155.4,692.57,286.3,1592.58,6
grid_10393,4138.27,689.71,475.47,1049.66,6
grid_10394,5453.91,908.98,471.55,1592.58,6
grid_10395,1412.32,353.08,316.78,390.12,4
grid_10396,2189.08,437.82,316.78,510.0,5
grid_10397,3952.39,658.73,390.12,1417.05,6
grid_10398,2689.46,448.24,320.85,702.03,6
grid_10399,564.53,282.27,178.52,386.02,2
grid_10400,4912.33,1228.08,510.0,2006.22,4
grid_10401,4343.11,1085.78,624.14,2006.22,4
grid_10402,1936.95,484.24,193.11,733.68,4
grid_10403,8287.34,2071.83,1417.05,2551.41,4
grid_10404,817.25,408.63,193.11,624.14,2
grid_10405,2815.83,703.96,498.97,1045.81,4
grid_10406,5716.3,1429.08,702.03,2551.41,4
grid_10407,4943.02,1647.67,624.14,2312.66,3
grid_10408,1771.56,442.89,251.5,710.28,4
grid_10409,2676.17,446.03,378.02,523.28,6
grid_10410,2503.39,417.23,329.16,500.55,6
grid_10411,2626.33,437.72,337.37,500.55,6
grid_10412,3439.39,429.92,321.9,523.28,8
grid_10413,1661.5,415.38,378.02,467.17,4
grid_10414,1734.12,433.53,378.02,498.97,4
grid_10415,1561.43,390.36,337.37,467.17,4
grid_10416,1787.92,357.58,292.88,450.5,5
grid_10417,2928.02,488.0,419.69,569.01,6
grid_10418,1841.73,460.43,378.01,577.84,4
grid_10419,7218.58,1804.65,892.24,2551.41,4
grid_10420,2368.55,592.14,341.68,1045.81,4
grid_10421,4996.64,1249.16,511.43,2312.66,4
grid_10422,4901.5,1225.38,412.04,2551.41,4
grid_10423,1106.14,368.71,251.5,511.43,3
grid_10424,3167.67,791.92,337.1,1462.28,4
grid_10425,1412.55,353.14,323.46,412.04,4
grid_10426,1976.73,494.18,335.36,892.24,4
grid_10427,2792.98,698.24,343.21,1462.28,4
grid_10428,1392.58,348.15,318.87,414.89,4
grid_10429,1934.96,483.74,437.44,577.84,4
grid_10430,1757.81,439.45,419.69,452.51,4
grid_10431,2688.99,448.16,341.68,569.01,6
grid_10432,1364.96,341.24,275.36,418.71,4
grid_10433,1556.2,389.05,275.36,470.49,4
grid_10434,1852.58,463.15,385.54,577.84,4
grid_10435,1751.19,437.8,335.3,577.84,4
grid_10436,1685.59,421.4,335.3,452.51,4
grid_10437,2491.47,415.24,323.46,477.11,6
grid_10438,1396.58,349.15,269.43,449.61,4
grid_10439,512.0,128.0,81.44,164.41,4
grid_10440,681.86,170.47,94.44,256.23,4
grid_10441,700.21,140.04,66.28,239.9,5
grid_10442,270.48,54.1,25.95,81.44,5
grid_10443,853.02,170.6,66.28,256.23,5
grid_10444,407.31,101.83,59.61,162.57,4
grid_10445,192.61,38.52,25.95,56.23,5
grid_10446,1289.21,214.87,147.46,257.88,6
grid_10447,899.89,224.97,162.84,257.88,4
grid_10448,66.28,66.28,66.28,66.28,1
grid_10449,352.79,58.8,29.08,119.94,6
grid_10450,261.3,65.33,52.73,95.61,4
grid_10451,237.1,59.27,51.23,69.53,4
grid_10452,385.59,77.12,29.08,154.75,5
grid_10453,511.02,56.78,26.57,95.61,9
grid_10454,230.29,46.06,29.08,54.41,5
grid_10455,385.52,64.25,44.22,95.61,6
grid_10456,29.08,29.08,29.08,29.08,1
grid_10457,53.36,53.36,53.36,53.36,1
grid_10458,190.34,31.72,15.98,62.83,6
grid_10459,577.93,192.64,131.0,231.63,3
grid_10460,111.95,27.99,21.65,39.21,4
grid_10461,102.02,34.01,24.69,39.21,3
grid_10462,87.41,21.85,13.81,30.61,4
grid_10463,630.81,126.16,51.8,257.88,5
grid_10464,1409.83,156.65,51.8,257.88,9
grid_10465,82.31,20.58,13.81,26.57,4
grid_10466,47.65,23.82,17.04,30.61,2
grid_10467,427.28,106.82,66.28,162.84,4
grid_10468,53.14,26.57,23.62,29.52,2
grid_10469,250.71,125.35,72.19,178.52,2
grid_10470,85.27,21.32,15.08,29.52,4
grid_10471,60.47,15.12,13.81,17.04,4
grid_10472,188.81,47.2,42.93,51.82,4
grid_10473,176.95,44.24,26.97,62.83,4
grid_10474,155.02,51.67,49.85,53.36,3
grid_10475,124.77,62.38,51.82,72.95,2
grid_10476,225.1,56.28,42.93,72.95,4
grid_10477,196.94,32.82,21.37,57.41,6
grid_10478,112.54,22.51,15.98,26.97,5
grid_10479,218.76,54.69,34.87,72.95,4
grid_10480,132.5,33.12,21.32,51.68,4
grid_10481,212.37,35.4,21.37,57.41,6
grid_10482,186.44,46.61,24.73,72.95,4
grid_10483,180.8,45.2,35.23,53.53,4
grid_10484,156.34,39.09,29.26,53.53,4
grid_10485,200.55,33.42,22.35,51.68,6
grid_10486,126.52,42.17,37.24,51.68,3
grid_10487,53.37,53.37,53.37,53.37,1
grid_10488,59.41,29.7,21.81,37.6,2
grid_10489,145.08,36.27,29.26,41.67,4
grid_10490,116.32,38.77,26.39,53.37,3
grid_10491,164.07,41.02,35.47,53.37,4
grid_10492,178.09,29.68,21.81,41.67,6
grid_10493,183.96,30.66,21.81,47.14,6
grid_10494,43.93,21.96,21.81,22.11,2
grid_10495,132.07,33.02,26.39,39.21,4
grid_10496,165.33,41.33,35.47,47.14,4
grid_10497,142.98,35.74,29.9,41.05,4
grid_10498,153.34,38.34,29.88,47.14,4
grid_10499,129.92,32.48,23.69,41.05,4
grid_10500,130.92,32.73,23.69,39.21,4
grid_10501,72.96,36.48,25.82,47.14,2
grid_10502,65.65,16.41,13.81,21.32,4
grid_10503,53.97,26.99,24.45,29.52,2
grid_10504,69.06,23.02,15.08,29.52,3
grid_10505,71.15,17.79,14.54,21.5,4
grid_10506,93.13,23.28,14.54,37.24,4
grid_10507,41.53,20.76,20.03,21.5,2
grid_10508,46.62,23.31,22.17,24.45,2
grid_10509,99.29,24.82,22.17,28.94,4
grid_10510,57.27,28.64,20.03,37.24,2
grid_10511,72.76,72.76,72.76,72.76,1
grid_10512,120.94,30.23,25.15,35.28,4
grid_10513,23.69,23.69,23.69,23.69,1
grid_10514,89.61,29.87,23.69,35.28,3
grid_10515,1575.38,393.85,338.19,551.38,4
grid_10516,1401.33,350.33,328.55,374.31,4
grid_10517,1373.8,343.45,328.55,374.31,4
grid_10518,1230.52,307.63,243.82,348.19,4
grid_10519,1394.23,348.56,338.24,360.23,4
grid_10520,1118.07,279.52,238.64,348.19,4
grid_10521,1352.2,338.05,319.59,365.52,4
grid_10522,1377.64,344.41,323.34,365.52,4
grid_10523,1319.17,329.79,287.41,360.23,4
grid_10524,1340.72,335.18,238.64,479.79,4
grid_10525,1820.54,455.13,382.07,565.68,4
grid_10526,2058.46,343.08,238.64,565.68,6
grid_10527,1526.66,381.67,307.13,450.5,4
grid_10528,1613.55,403.39,307.13,542.97,4
grid_10529,2026.49,506.62,418.26,565.68,4
grid_10530,2361.89,393.65,238.64,565.68,6
grid_10531,2180.01,363.34,303.37,542.97,6
grid_10532,2374.81,395.8,303.18,542.97,6
grid_10533,3298.8,366.53,225.97,499.57,9
grid_10534,2023.36,337.23,292.88,450.5,6
grid_10535,2241.42,560.36,462.02,665.6,4
grid_10536,2409.81,602.45,520.31,716.36,4
grid_10537,3318.1,829.52,613.28,1106.28,4
grid_10538,2092.07,523.02,462.02,609.22,4
grid_10539,2312.01,578.0,485.02,716.36,4
grid_10540,3397.57,849.39,613.28,1165.74,4
grid_10541,2088.92,522.23,462.02,609.22,4
grid_10542,2277.2,569.3,462.02,685.61,4
grid_10543,3243.94,810.98,582.54,1165.74,4
grid_10544,1842.73,460.68,425.31,501.4,4
grid_10545,1444.59,361.15,287.41,479.79,4
grid_10546,1348.07,337.02,305.16,365.52,4
grid_10547,1302.91,325.73,305.16,365.52,4
grid_10548,2384.28,397.38,299.75,483.52,6
grid_10549,1308.3,327.08,305.16,354.04,4
grid_10550,2132.87,355.48,211.4,479.79,6
grid_10551,1261.09,315.27,305.16,336.74,4
grid_10552,1934.45,322.41,248.14,408.55,6
grid_10553,1601.06,266.84,205.71,342.55,6
grid_10554,2046.19,511.55,281.71,981.21,4
grid_10555,2587.91,431.32,266.39,716.36,6
grid_10556,2367.59,473.52,266.39,822.52,5
grid_10557,2114.47,528.62,358.95,822.52,4
grid_10558,1358.93,339.73,312.64,358.95,4
grid_10559,2221.85,370.31,266.39,517.65,6
grid_10560,1463.43,365.86,266.39,485.02,4
grid_10561,1631.62,407.91,350.6,517.65,4
grid_10562,2691.41,448.57,350.6,526.7,6
grid_10563,2542.61,423.77,281.0,603.66,6
grid_10564,3976.51,441.83,281.0,603.66,9
grid_10565,2275.86,568.97,491.43,685.61,4
grid_10566,1934.42,483.6,425.31,516.28,4
grid_10567,2026.93,405.39,341.26,443.26,5
grid_10568,2742.07,685.52,571.09,810.05,4
grid_10569,1728.68,432.17,341.26,491.43,4
grid_10570,2115.74,528.94,470.68,582.54,4
grid_10571,2528.69,421.45,341.26,485.57,6
grid_10572,3063.18,510.53,341.26,812.02,6
grid_10573,4219.28,703.21,571.09,843.24,6
grid_10574,3645.4,607.57,470.68,812.02,6
grid_10575,1385.66,346.41,335.33,357.88,4
grid_10576,2783.9,463.98,225.97,981.21,6
grid_10577,1243.89,310.97,275.36,340.32,4
grid_10578,1431.09,357.77,342.87,378.21,4
grid_10579,1293.12,323.28,258.72,378.21,4
grid_10580,2601.07,433.51,258.72,981.21,6
grid_10581,1411.01,352.75,275.36,408.68,4
grid_10582,1400.2,350.05,304.07,408.68,4
grid_10583,1363.75,340.94,288.89,408.68,4
grid_10584,1125.59,281.4,258.72,304.07,4
grid_10585,2426.77,404.46,336.74,526.7,6
grid_10586,1942.24,485.56,391.22,526.7,4
grid_10587,1876.55,469.14,408.55,526.7,4
grid_10588,1959.91,489.98,443.26,603.66,4
grid_10589,2838.37,473.06,391.22,603.66,6
grid_10590,1726.73,431.68,362.69,517.05,4
grid_10591,1766.23,441.56,369.15,517.05,4
grid_10592,2210.97,552.74,451.81,780.51,4
grid_10593,2504.54,417.42,362.69,517.46,6
grid_10594,1734.96,433.74,353.18,563.32,4
grid_10595,1341.12,268.22,205.71,342.55,5
grid_10596,1214.27,303.57,205.71,396.23,4
grid_10597,1969.9,492.48,281.71,981.21,4
grid_10598,1439.45,359.86,286.71,424.25,4
grid_10599,1142.98,285.75,205.71,330.63,4
grid_10600,1456.29,364.07,319.94,424.25,4
grid_10601,1392.58,348.15,320.51,396.23,4
grid_10602,1338.73,334.68,319.94,345.22,4
grid_10603,1399.19,349.8,310.75,396.23,4
grid_10604,1406.48,351.62,308.39,432.37,4
grid_10605,1439.77,359.94,277.33,408.68,4
grid_10606,1866.18,311.03,258.72,371.7,6
grid_10607,1519.69,379.92,277.33,561.03,4
grid_10608,1791.26,358.25,273.91,432.76,5
grid_10609,1633.91,408.48,288.89,561.03,4
grid_10610,2030.24,338.37,273.91,421.88,6
grid_10611,1691.73,422.93,319.21,561.03,4
grid_10612,1446.52,361.63,296.7,432.76,4
grid_10613,1752.87,438.22,334.01,561.03,4
grid_10614,2174.5,362.42,332.67,421.88,6
grid_10615,1659.45,414.86,341.74,470.49,4
grid_10616,2140.79,356.8,269.43,451.43,6
grid_10617,1524.77,381.19,335.3,461.68,4
grid_10618,1481.19,370.3,277.33,470.49,4
grid_10619,1821.78,303.63,269.43,327.99,6
grid_10620,1258.89,314.72,177.11,461.68,4
grid_10621,1537.06,384.27,278.37,461.68,4
grid_10622,1380.37,345.09,269.43,454.76,4
grid_10623,1115.38,278.85,177.11,341.74,4
grid_10624,1368.23,342.06,278.37,454.76,4
grid_10625,1514.16,378.54,274.26,476.06,4
grid_10626,1514.09,378.52,335.36,426.75,4
grid_10627,1278.31,319.58,184.77,476.06,4
grid_10628,874.4,218.6,121.4,343.21,4
grid_10629,1390.13,347.53,272.64,426.75,4
grid_10630,1316.32,329.08,272.64,414.89,4
grid_10631,1209.81,302.45,232.95,426.75,4
grid_10632,844.63,211.16,152.64,274.26,4
grid_10633,567.08,141.77,108.27,184.77,4
grid_10634,534.8,178.27,149.21,232.95,3
grid_10635,1438.17,359.54,313.94,454.76,4
grid_10636,1283.28,256.66,175.98,317.47,5
grid_10637,936.06,234.01,177.11,283.1,4
grid_10638,1069.34,267.33,177.11,375.54,4
grid_10639,1345.69,336.42,283.1,361.78,4
grid_10640,1453.35,242.22,175.98,317.47,6
grid_10641,1346.44,336.61,315.2,361.78,4
grid_10642,1145.18,286.3,197.48,348.81,4
grid_10643,1364.2,341.05,197.48,475.39,4
grid_10644,1512.96,378.24,348.81,429.61,4
grid_10645,548.49,274.25,272.64,275.85,2
grid_10646,152.64,152.64,152.64,152.64,1
grid_10647,175.98,175.98,175.98,175.98,1
grid_10648,508.8,254.4,232.95,275.85,2
grid_10649,440.45,220.22,183.22,257.23,2
grid_10650,346.34,173.17,163.12,183.22,2
grid_10651,880.57,220.14,175.98,269.41,4
grid_10652,264.21,132.1,101.09,163.12,2
grid_10653,526.64,263.32,257.23,269.41,2
grid_10654,550.74,137.68,101.09,171.29,4
grid_10655,855.68,213.92,181.29,269.41,4
grid_10656,1446.36,361.59,315.2,429.61,4
grid_10657,1486.9,247.82,181.29,339.78,6
grid_10658,1373.91,343.48,315.79,372.76,4
grid_10659,1393.7,348.42,265.97,475.39,4
grid_10660,800.34,266.78,91.03,372.76,3
grid_10661,1242.29,207.05,118.54,339.78,6
grid_10662,938.68,312.89,136.31,429.61,3
grid_10663,1101.23,275.31,136.31,429.61,4
grid_10664,537.71,134.43,53.01,184.86,4
grid_10665,646.48,161.62,128.86,183.22,4
grid_10666,675.7,168.92,106.39,257.23,4
grid_10667,817.9,204.47,106.39,269.41,4
grid_10668,115.24,115.24,115.24,115.24,1
grid_10669,509.14,127.29,101.58,171.29,4
grid_10670,491.08,122.77,69.9,171.29,4
grid_10671,348.1,87.02,58.51,115.24,4
grid_10672,349.88,87.47,44.72,128.86,4
grid_10673,388.99,97.25,44.72,184.86,4
grid_10674,419.5,104.88,69.9,124.83,4
grid_10675,856.13,214.03,150.03,265.97,4
grid_10676,691.18,172.8,82.57,236.57,4
grid_10677,893.93,223.48,172.35,276.9,4
grid_10678,437.67,109.42,82.44,150.03,4
grid_10679,537.95,134.49,61.74,203.57,4
grid_10680,682.59,113.77,82.44,173.94,6
grid_10681,386.78,96.7,73.55,122.62,4
grid_10682,754.58,188.65,129.53,270.75,4
grid_10683,668.97,111.49,73.55,172.35,6
grid_10684,230.79,115.4,108.18,122.62,2
grid_10685,897.11,224.28,91.03,336.54,4
grid_10686,131.41,43.8,17.55,91.03,3
grid_10687,673.69,168.42,83.08,206.94,4
grid_10688,350.28,175.14,162.15,188.13,2
grid_10689,414.92,138.31,83.08,195.54,3
grid_10690,153.86,76.93,17.55,136.31,2
grid_10691,379.16,94.79,22.82,203.57,4
grid_10692,416.19,104.05,3.48,188.13,4
grid_10693,164.75,54.92,3.48,83.08,3
grid_10694,594.82,148.71,103.04,188.13,4
grid_10695,227.3,56.82,49.78,72.76,4
grid_10696,234.15,39.02,24.97,54.55,6
grid_10697,71.0,35.5,35.28,35.72,2
grid_10698,414.58,103.64,67.14,124.83,4
grid_10699,296.03,74.01,54.55,101.58,4
grid_10700,173.64,86.82,69.9,103.74,2
grid_10701,638.22,106.37,67.14,135.89,6
grid_10702,211.57,105.79,103.74,107.83,2
grid_10703,376.84,62.81,33.85,99.85,6
grid_10704,680.91,113.49,84.29,135.89,6
grid_10705,352.19,117.4,99.85,135.89,3
grid_10706,220.18,110.09,84.29,135.89,2
grid_10707,328.58,82.14,35.28,116.45,4
grid_10708,2272.99,568.25,461.18,780.51,4
grid_10709,2545.99,636.5,551.94,777.26,4
grid_10710,2596.03,649.01,551.94,812.02,4
grid_10711,2416.74,604.19,485.57,812.02,4
grid_10712,1937.15,484.29,401.64,573.42,4
grid_10713,2148.81,537.2,401.64,780.51,4
grid_10714,2175.56,543.89,488.78,576.71,4
grid_10715,2118.41,529.6,416.35,576.71,4
grid_10716,3393.89,848.47,416.35,1490.27,4
grid_10717,3115.03,778.76,488.78,1490.27,4
grid_10718,1578.96,394.74,342.95,467.49,4
grid_10719,1588.03,397.01,342.95,467.49,4
grid_10720,1433.35,358.34,308.39,432.76,4
grid_10721,1292.14,323.03,261.22,432.37,4
grid_10722,1479.38,369.84,303.26,467.49,4
grid_10723,1499.28,374.82,290.16,467.49,4
grid_10724,1299.06,324.77,261.22,432.76,4
grid_10725,1113.81,278.45,252.64,309.8,4
grid_10726,1055.79,263.95,219.25,309.25,4
grid_10727,1076.08,269.02,224.03,309.25,4
grid_10728,2190.5,365.08,266.77,517.46,6
grid_10729,1985.66,496.42,266.77,780.51,4
grid_10730,1787.61,446.9,369.15,563.32,4
grid_10731,1629.6,271.6,221.56,353.18,6
grid_10732,1225.3,306.32,221.56,420.91,4
grid_10733,1380.2,345.05,223.18,563.32,4
grid_10734,1506.47,376.62,240.52,563.32,4
grid_10735,934.74,233.69,171.71,303.26,4
grid_10736,935.46,233.86,171.71,300.04,4
grid_10737,1320.76,330.19,221.56,421.74,4
grid_10738,2233.11,558.28,401.64,910.56,4
grid_10739,1643.17,410.79,316.06,504.55,4
grid_10740,2904.62,726.16,295.61,1490.27,4
grid_10741,2207.58,551.9,385.5,910.56,4
grid_10742,1567.52,391.88,316.06,504.55,4
grid_10743,3367.25,841.81,406.97,1490.27,4
grid_10744,1332.96,333.24,208.2,559.46,4
grid_10745,1352.93,338.23,205.65,406.97,4
grid_10746,1380.28,345.07,205.65,559.46,4
grid_10747,1416.92,354.23,315.2,385.5,4
grid_10748,2183.46,363.91,334.01,444.85,6
grid_10749,1661.66,415.42,374.78,475.39,4
grid_10750,1324.59,331.15,296.7,355.21,4
grid_10751,1490.34,372.59,334.01,435.95,4
grid_10752,1840.57,306.76,176.85,444.85,6
grid_10753,1352.71,338.18,236.57,475.39,4
grid_10754,1388.5,347.12,316.34,399.47,4
grid_10755,1178.96,294.74,222.01,374.78,4
grid_10756,1054.48,175.75,82.57,316.34,6
grid_10757,1166.65,291.66,173.94,399.47,4
grid_10758,1205.49,301.37,261.22,337.78,4
grid_10759,1414.99,353.75,252.64,450.17,4
grid_10760,1245.88,311.47,224.03,450.17,4
grid_10761,1449.43,362.36,309.8,402.39,4
grid_10762,1108.91,277.23,219.25,346.58,4
grid_10763,1460.15,365.04,276.9,402.39,4
grid_10764,1439.33,359.83,309.75,450.17,4
grid_10765,1317.13,329.28,309.75,346.58,4
grid_10766,1594.31,398.58,360.36,450.17,4
grid_10767,1159.25,289.81,203.36,341.75,4
grid_10768,1779.83,296.64,221.56,421.74,6
grid_10769,981.66,245.41,171.71,346.58,4
grid_10770,1449.05,362.26,315.2,421.74,4
grid_10771,995.52,248.88,171.71,300.04,4
grid_10772,2035.71,339.28,279.66,421.74,6
grid_10773,1700.64,340.13,244.11,444.91,5
grid_10774,1162.22,290.55,207.26,350.7,4
grid_10775,2065.59,344.27,279.66,444.91,6
grid_10776,1290.74,322.69,244.11,358.3,4
grid_10777,2245.58,374.26,348.25,444.91,6
grid_10778,1121.93,280.48,208.2,401.6,4
grid_10779,922.85,230.71,205.65,266.55,4
grid_10780,1260.96,315.24,205.65,433.94,4
grid_10781,1311.21,327.8,207.26,433.94,4
grid_10782,1478.85,369.71,242.45,464.26,4
grid_10783,1124.76,281.19,242.45,370.55,4
grid_10784,1226.35,306.59,245.22,433.94,4
grid_10785,1114.08,278.52,192.23,433.94,4
grid_10786,1748.17,437.04,370.55,464.26,4
grid_10787,1323.98,330.99,245.22,459.92,4
grid_10788,1352.68,338.17,304.38,358.3,4
grid_10789,1337.74,334.43,236.83,444.91,4
grid_10790,925.37,231.34,192.23,289.05,4
grid_10791,2047.04,341.17,251.93,366.95,6
grid_10792,974.48,243.62,190.63,354.79,4
grid_10793,1274.79,318.7,262.28,359.87,4
grid_10794,1046.33,261.58,190.63,366.95,4
grid_10795,2199.23,366.54,251.93,484.16,6
grid_10796,1012.83,253.21,185.56,354.79,4
grid_10797,1320.1,330.03,250.71,447.24,4
grid_10798,1331.76,332.94,270.75,402.72,4
grid_10799,1223.24,305.81,203.36,360.36,4
grid_10800,1494.23,373.56,349.76,402.72,4
grid_10801,1156.01,289.0,181.96,402.72,4
grid_10802,950.15,237.54,180.13,304.38,4
grid_10803,1055.17,263.79,180.13,349.76,4
grid_10804,1374.98,343.75,300.58,402.72,4
grid_10805,696.93,174.23,102.23,300.58,4
grid_10806,917.8,229.45,102.23,321.92,4
grid_10807,921.71,230.43,180.13,262.28,4
grid_10808,1112.83,278.21,245.22,338.68,4
grid_10809,1166.34,291.58,192.23,354.79,4
grid_10810,2005.78,501.44,453.44,602.69,4
grid_10811,1110.61,277.65,230.72,338.68,4
grid_10812,1603.83,400.96,248.29,602.69,4
grid_10813,1206.03,301.51,230.72,354.79,4
grid_10814,1129.87,282.47,230.72,318.82,4
grid_10815,1874.53,468.63,365.55,602.69,4
grid_10816,1599.59,399.9,287.41,602.69,4
grid_10817,1134.51,283.63,230.72,318.82,4
grid_10818,917.61,229.4,185.56,289.5,4
grid_10819,1326.34,331.58,250.71,447.24,4
grid_10820,2092.75,348.79,193.19,484.16,6
grid_10821,952.28,238.07,181.75,303.12,4
grid_10822,850.0,212.5,181.75,289.5,4
grid_10823,2067.42,344.57,274.12,394.12,6
grid_10824,2796.82,310.76,193.19,354.28,9
grid_10825,1947.3,324.55,181.75,422.38,6
grid_10826,1665.91,277.65,181.75,359.12,6
grid_10827,1834.16,305.69,262.51,353.24,6
grid_10828,923.71,230.93,180.13,321.92,4
grid_10829,531.69,88.62,54.81,112.16,6
grid_10830,746.98,149.4,98.43,228.59,5
grid_10831,659.22,109.87,54.81,193.06,6
grid_10832,871.34,217.84,117.92,274.12,4
grid_10833,164.49,54.83,46.69,63.0,3
grid_10834,341.44,113.81,54.81,188.2,3
grid_10835,1652.73,275.45,117.92,394.12,6
grid_10836,1041.16,173.53,98.43,328.72,6
grid_10837,684.16,171.04,49.0,304.34,4
grid_10838,1373.53,343.38,263.56,416.56,4
grid_10839,1217.02,304.25,281.98,328.81,4
grid_10840,1249.52,312.38,263.56,416.56,4
grid_10841,1708.29,341.66,303.12,422.38,5
grid_10842,2083.2,347.2,281.98,517.82,6
grid_10843,2105.95,350.99,263.56,517.82,6
grid_10844,1935.09,322.51,263.56,449.98,6
grid_10845,2064.71,344.12,318.42,422.38,6
grid_10846,1334.57,333.64,318.42,342.15,4
grid_10847,1841.42,460.36,334.32,647.13,4
grid_10848,1454.4,363.6,328.72,394.12,4
grid_10849,46.69,46.69,46.69,46.69,1
grid_10850,1163.2,290.8,188.2,341.94,4
grid_10851,142.62,142.62,142.62,142.62,1
grid_10852,1468.52,367.13,322.01,414.95,4
grid_10853,1232.46,308.12,264.18,341.94,4
grid_10854,838.22,209.55,127.08,304.34,4
grid_10855,127.08,127.08,127.08,127.08,1
grid_10856,1529.46,382.36,309.34,483.16,4
grid_10857,1079.68,269.92,184.16,322.01,4
grid_10858,1369.44,342.36,318.42,370.1,4
grid_10859,1356.74,339.19,313.09,370.1,4
grid_10860,1399.49,349.87,262.51,394.12,4
grid_10861,1649.83,274.97,244.99,315.6,6
grid_10862,1326.89,331.72,298.69,370.1,4
grid_10863,1382.69,345.67,262.51,414.95,4
grid_10864,1230.63,307.66,248.75,370.1,4
grid_10865,1555.62,388.91,315.6,483.16,4
grid_10866,1418.49,354.62,298.69,460.4,4
grid_10867,1753.45,292.24,244.99,341.9,6
grid_10868,2052.43,513.11,437.5,647.13,4
grid_10869,1425.66,356.41,267.74,449.98,4
grid_10870,1737.97,434.49,335.31,647.13,4
grid_10871,1656.4,414.1,236.46,647.13,4
grid_10872,1555.61,388.9,339.68,460.4,4
grid_10873,1145.26,286.32,203.56,437.5,4
grid_10874,1616.13,404.03,318.43,549.02,4
grid_10875,1080.23,270.06,190.02,335.31,4
grid_10876,1801.23,450.31,378.44,549.02,4
grid_10877,809.9,202.48,179.85,236.46,4
grid_10878,1171.39,292.85,248.75,319.73,4
grid_10879,1557.21,389.3,319.73,460.4,4
grid_10880,1437.32,359.33,295.32,483.16,4
grid_10881,1846.18,307.7,294.58,341.9,6
grid_10882,1334.76,333.69,304.22,398.64,4
grid_10883,1702.78,425.69,376.86,548.84,4
grid_10884,1857.55,309.59,292.8,357.5,6
grid_10885,1495.33,299.07,292.8,312.17,5
grid_10886,1388.14,347.03,300.46,398.64,4
grid_10887,2531.55,632.89,376.86,1194.88,4
grid_10888,675.53,168.88,100.1,264.18,4
grid_10889,1410.67,352.67,301.24,483.16,4
grid_10890,1008.2,252.05,184.16,309.34,4
grid_10891,595.9,148.97,98.16,213.47,4
grid_10892,693.62,173.41,98.16,272.42,4
grid_10893,1095.94,273.99,213.47,308.81,4
grid_10894,1284.48,321.12,301.24,357.5,4
grid_10895,1136.03,284.01,259.57,308.81,4
grid_10896,342.22,114.07,109.37,123.28,3
grid_10897,1250.48,312.62,288.95,357.5,4
grid_10898,1146.25,286.56,258.4,300.46,4
grid_10899,1779.15,296.53,258.4,357.5,6
grid_10900,1382.89,345.72,294.58,410.98,4
grid_10901,2670.34,667.59,350.61,1194.88,4
grid_10902,1713.08,285.51,256.24,360.22,6
grid_10903,1166.09,291.52,256.24,356.87,4
grid_10904,1413.05,353.26,294.58,410.98,4
grid_10905,1689.44,422.36,276.14,713.87,4
grid_10906,1875.67,312.61,256.24,433.78,6
grid_10907,1199.18,299.8,256.24,356.87,4
grid_10908,1490.53,372.63,282.16,506.63,4
grid_10909,1452.65,363.16,302.43,502.78,4
grid_10910,1875.96,468.99,355.92,610.26,4
grid_10911,1454.72,363.68,278.15,502.78,4
grid_10912,1309.17,327.29,290.09,403.15,4
grid_10913,1311.4,327.85,302.43,393.04,4
grid_10914,1292.95,323.24,289.45,355.92,4
grid_10915,1338.61,334.65,289.45,403.15,4
grid_10916,1314.56,328.64,278.15,393.04,4
grid_10917,1215.71,303.93,270.24,354.26,4
grid_10918,1354.75,338.69,268.81,393.04,4
grid_10919,1166.55,291.64,268.81,305.33,4
grid_10920,1525.02,381.26,340.95,403.46,4
grid_10921,1236.12,309.03,289.45,354.26,4
grid_10922,1704.79,284.13,218.06,354.26,6
grid_10923,1747.64,291.27,245.46,354.26,6
grid_10924,1705.48,284.25,245.46,332.4,6
grid_10925,1802.28,300.38,268.42,387.57,6
grid_10926,1921.78,320.3,268.42,403.46,6
grid_10927,947.96,236.99,185.18,280.4,4
grid_10928,1236.52,206.09,146.17,296.84,6
grid_10929,911.21,227.8,191.97,260.55,4
grid_10930,750.53,187.63,140.6,250.25,4
grid_10931,845.1,211.27,146.17,324.56,4
grid_10932,798.91,199.73,140.6,324.56,4
grid_10933,1701.84,212.73,132.93,349.02,8
grid_10934,1078.24,179.71,120.91,324.56,6
grid_10935,793.93,198.48,170.61,222.91,4
grid_10936,915.89,228.97,151.24,324.56,4
grid_10937,787.47,196.87,151.24,257.18,4
grid_10938,1259.81,209.97,144.55,349.37,6
grid_10939,1035.65,258.91,170.4,349.37,4
grid_10940,818.06,204.51,170.4,260.55,4
grid_10941,1692.58,282.1,203.56,312.0,6
grid_10942,1291.55,322.89,309.45,349.37,4
grid_10943,914.01,228.5,191.97,303.98,4
grid_10944,1133.85,283.46,195.15,320.74,4
grid_10945,1270.2,317.55,309.45,326.04,4
grid_10946,1641.07,273.51,179.85,326.04,6
grid_10947,1275.99,319.0,232.19,425.85,4
grid_10948,1331.77,332.94,271.52,460.03,4
grid_10949,1298.34,324.59,236.92,460.03,4
grid_10950,922.49,230.62,218.06,247.26,4
grid_10951,896.61,224.15,185.18,247.26,4
grid_10952,1169.21,292.3,227.03,460.03,4
grid_10953,781.66,195.42,145.37,232.39,4
grid_10954,737.85,184.46,135.3,238.46,4
grid_10955,1194.71,298.68,210.21,460.03,4
grid_10956,881.52,220.38,185.18,236.92,4
grid_10957,986.24,246.56,227.03,271.38,4
grid_10958,906.36,181.27,125.07,238.46,5
grid_10959,922.28,230.57,170.61,310.32,4
grid_10960,792.95,132.16,111.71,182.92,6
grid_10961,922.9,230.72,170.61,276.67,4
grid_10962,855.77,213.94,139.01,276.67,4
grid_10963,610.53,152.63,111.71,238.46,4
grid_10964,947.77,236.94,156.94,310.32,4
grid_10965,855.56,142.59,111.71,192.91,6
grid_10966,585.08,146.27,111.71,177.56,4
grid_10967,677.0,169.25,123.25,276.67,4
grid_10968,1114.45,278.61,232.19,326.04,4
grid_10969,1768.81,294.8,179.85,374.77,6
grid_10970,1263.06,315.77,222.91,425.85,4
grid_10971,1264.67,316.17,232.19,425.85,4
grid_10972,1025.85,256.46,214.82,336.59,4
grid_10973,1871.29,311.88,214.82,439.03,6
grid_10974,1268.28,317.07,262.06,425.85,4
grid_10975,1129.24,282.31,242.59,336.59,4
grid_10976,1085.66,271.42,214.82,336.59,4
grid_10977,1842.56,307.09,214.82,439.03,6
grid_10978,3246.26,811.56,318.43,1632.69,4
grid_10979,1623.72,405.93,190.02,746.12,4
grid_10980,3108.98,777.25,378.44,1632.69,4
grid_10981,1113.79,278.45,179.85,374.77,4
grid_10982,5977.72,1494.43,548.84,2601.32,4
grid_10983,1618.81,404.7,369.14,439.03,4
grid_10984,6882.96,1720.74,746.12,2601.32,4
grid_10985,3453.96,863.49,369.14,1902.83,4
grid_10986,6729.74,1682.44,708.64,2601.32,4
grid_10987,1580.44,395.11,335.33,439.03,4
grid_10988,775.3,193.82,123.25,276.67,4
grid_10989,889.67,222.42,156.94,301.32,4
grid_10990,1205.92,200.99,138.07,251.21,6
grid_10991,684.36,171.09,123.25,235.45,4
grid_10992,769.09,192.27,123.25,301.32,4
grid_10993,785.09,196.27,160.52,227.76,4
grid_10994,1519.61,253.27,223.09,316.02,6
grid_10995,1172.55,293.14,187.59,390.92,4
grid_10996,1112.5,278.13,169.35,390.92,4
grid_10997,776.55,194.14,106.44,227.76,4
grid_10998,812.95,203.24,145.37,271.38,4
grid_10999,1092.7,273.18,227.03,365.01,4
grid_11000,622.03,155.51,135.3,177.56,4
grid_11001,1095.73,273.93,210.21,365.01,4
grid_11002,997.81,249.45,226.73,271.38,4
grid_11003,822.88,205.72,160.97,271.38,4
grid_11004,1056.56,264.14,191.85,365.01,4
grid_11005,721.58,180.4,160.97,219.26,4
grid_11006,1086.97,271.74,191.85,365.01,4
grid_11007,851.75,212.94,132.59,248.16,4
grid_11008,202.56,67.52,17.55,106.81,3
grid_11009,245.02,61.25,17.55,106.81,4
grid_11010,284.94,71.23,22.82,102.55,4
grid_11011,175.59,87.8,78.19,97.4,2
grid_11012,636.5,106.08,3.48,261.13,6
grid_11013,920.0,153.33,3.48,283.75,6
grid_11014,1209.43,201.57,103.04,302.15,6
grid_11015,758.31,189.58,102.95,283.75,4
grid_11016,675.76,168.94,79.28,283.75,4
grid_11017,506.99,169.0,110.48,261.13,3
grid_11018,294.87,73.72,53.74,108.18,4
grid_11019,599.75,99.96,59.4,129.53,6
grid_11020,199.05,66.35,37.13,108.18,3
grid_11021,541.26,135.32,112.16,181.96,4
grid_11022,611.08,101.85,63.0,128.28,6
grid_11023,338.14,112.71,92.25,128.28,3
grid_11024,271.84,45.31,28.65,59.4,6
grid_11025,121.08,40.36,28.65,53.74,3
grid_11026,260.44,65.11,46.69,92.25,4
grid_11027,92.25,92.25,92.25,92.25,1
grid_11028,67.25,33.62,28.65,38.6,2
grid_11029,45.19,22.59,16.54,28.65,2
grid_11030,105.19,52.59,46.69,58.5,2
grid_11031,246.64,123.32,123.28,123.35,2
grid_11032,438.28,146.09,123.35,164.27,3
grid_11033,568.01,142.0,123.28,164.27,4
grid_11034,232.59,116.29,81.93,150.66,2
grid_11035,669.95,167.49,150.66,183.23,4
grid_11036,561.14,112.23,61.26,171.78,5
grid_11037,61.26,61.26,61.26,61.26,1
grid_11038,164.4,82.2,53.92,110.48,2
grid_11039,267.35,89.12,53.92,110.48,3
grid_11040,494.26,123.56,70.11,152.77,4
grid_11041,573.21,143.3,118.93,171.8,4
grid_11042,813.55,203.39,107.6,291.81,4
grid_11043,868.33,217.08,152.77,275.06,4
grid_11044,835.6,208.9,152.44,268.69,4
grid_11045,718.23,179.56,107.6,291.81,4
grid_11046,790.93,197.73,99.76,268.69,4
grid_11047,974.87,243.72,143.27,374.03,4
grid_11048,116.45,116.45,116.45,116.45,1
grid_11049,193.45,96.72,76.99,116.45,2
grid_11050,459.36,114.84,77.48,174.93,4
grid_11051,655.42,163.85,150.81,183.23,4
grid_11052,952.05,238.01,171.78,298.81,4
grid_11053,117.75,58.88,56.49,61.26,2
grid_11054,879.83,219.96,150.81,298.81,4
grid_11055,788.84,131.47,56.49,298.22,6
grid_11056,196.53,98.27,56.49,140.04,2
grid_11057,1156.21,192.7,56.49,370.51,6
grid_11058,1565.88,391.47,298.22,598.34,4
grid_11059,1573.12,393.28,246.97,598.34,4
grid_11060,2634.06,439.01,346.95,598.34,6
grid_11061,1831.73,305.29,185.38,404.16,6
grid_11062,2543.95,423.99,266.15,598.34,6
grid_11063,1411.42,352.85,230.52,404.16,4
grid_11064,1502.54,375.64,353.54,404.16,4
grid_11065,1610.07,268.34,143.27,365.72,6
grid_11066,1225.14,306.29,230.52,397.62,4
grid_11067,1661.07,276.85,226.18,353.54,6
grid_11068,1203.93,300.98,216.15,379.12,4
grid_11069,1099.66,274.92,230.52,358.87,4
grid_11070,1086.01,271.5,216.15,379.12,4
grid_11071,977.62,244.41,160.78,275.06,4
grid_11072,964.34,241.09,89.44,374.03,4
grid_11073,742.71,185.68,89.44,291.81,4
grid_11074,723.08,241.03,174.93,275.06,3
grid_11075,1001.96,250.49,89.44,397.29,4
grid_11076,613.21,153.3,89.44,282.81,4
grid_11077,776.25,194.06,99.76,282.81,4
grid_11078,1322.78,330.69,248.51,397.29,4
grid_11079,847.3,211.82,160.78,273.09,4
grid_11080,736.96,184.24,108.41,273.09,4
grid_11081,1254.9,313.73,141.2,397.29,4
grid_11082,517.39,129.35,103.38,180.53,4
grid_11083,1018.02,254.5,141.2,350.06,4
grid_11084,873.61,218.4,113.96,282.81,4
grid_11085,630.77,157.69,103.38,232.9,4
grid_11086,1304.42,326.1,237.81,397.29,4
grid_11087,455.78,113.95,103.38,131.09,4
grid_11088,475.07,118.77,103.38,131.09,4
grid_11089,579.37,144.84,107.36,243.95,4
grid_11090,894.01,223.5,114.11,350.06,4
grid_11091,1431.23,238.54,194.6,302.96,6
grid_11092,904.72,226.18,214.56,255.12,4
grid_11093,1071.17,267.79,216.15,375.91,4
grid_11094,1430.46,357.61,260.22,435.46,4
grid_11095,1237.6,206.27,188.02,237.81,6
grid_11096,1597.0,399.25,373.54,435.46,4
grid_11097,1249.08,312.27,218.9,375.91,4
grid_11098,924.18,231.04,209.98,280.74,4
grid_11099,1098.48,183.08,142.06,209.98,6
grid_11100,926.34,231.58,205.02,280.74,4
grid_11101,750.93,187.73,109.37,272.42,4
grid_11102,956.04,239.01,139.25,295.22,4
grid_11103,615.68,153.92,107.49,259.57,4
grid_11104,497.25,124.31,107.49,157.1,4
grid_11105,1114.36,278.59,262.0,295.22,4
grid_11106,501.58,125.39,107.49,139.25,4
grid_11107,700.26,175.07,129.34,262.0,4
grid_11108,540.9,135.23,107.49,157.1,4
grid_11109,996.06,249.01,169.68,296.19,4
grid_11110,649.15,162.29,129.34,180.72,4
grid_11111,1308.64,327.16,276.14,356.87,4
grid_11112,1109.19,277.3,176.39,348.81,4
grid_11113,1118.66,279.67,261.05,325.02,4
grid_11114,1041.16,260.29,176.39,325.02,4
grid_11115,1891.2,315.2,261.05,433.78,6
grid_11116,989.17,247.29,176.39,339.62,4
grid_11117,970.61,242.65,176.39,307.85,4
grid_11118,1187.59,296.9,263.61,339.62,4
grid_11119,1809.42,301.57,268.98,337.03,6
grid_11120,901.0,225.25,206.4,276.82,4
grid_11121,929.45,232.36,169.41,296.19,4
grid_11122,705.67,176.42,125.5,270.11,4
grid_11123,793.4,198.35,125.5,270.11,4
grid_11124,826.69,206.67,169.41,273.68,4
grid_11125,1026.85,256.71,169.41,294.17,4
grid_11126,1048.61,262.15,180.72,394.9,4
grid_11127,1340.99,335.25,246.97,429.0,4
grid_11128,1370.45,228.41,166.11,289.84,6
grid_11129,1229.95,307.49,273.68,376.85,4
grid_11130,1617.39,269.56,166.11,394.9,6
grid_11131,1336.32,334.08,315.38,345.01,4
grid_11132,1100.57,275.14,206.4,345.01,4
grid_11133,2027.32,337.89,289.59,404.91,6
grid_11134,1732.18,288.7,206.4,345.01,6
grid_11135,1655.1,275.85,206.4,410.04,6
grid_11136,1963.85,327.31,292.04,345.01,6
grid_11137,3385.58,376.18,336.31,419.83,9
grid_11138,1356.11,339.03,292.04,365.68,4
grid_11139,1332.28,333.07,302.22,410.04,4
grid_11140,1256.68,314.17,292.04,358.26,4
grid_11141,2185.91,364.32,293.79,429.0,6
grid_11142,1305.87,261.17,193.42,289.84,5
grid_11143,2013.43,335.57,244.52,419.83,6
grid_11144,1275.47,318.87,250.05,366.29,4
grid_11145,1161.38,290.34,193.42,366.29,4
grid_11146,1324.59,331.15,250.05,403.49,4
grid_11147,1437.2,359.3,288.61,454.41,4
grid_11148,1537.13,384.28,288.61,423.99,4
grid_11149,1459.57,364.89,289.49,454.41,4
grid_11150,1611.3,402.82,358.87,435.46,4
grid_11151,2297.06,382.84,340.12,423.99,6
grid_11152,1405.92,351.48,326.17,365.68,4
grid_11153,1304.98,326.24,304.16,358.26,4
grid_11154,1890.06,378.01,355.8,423.99,5
grid_11155,1285.32,321.33,304.16,348.92,4
grid_11156,1536.07,384.02,326.17,445.13,4
grid_11157,1438.27,359.57,316.38,445.13,4
grid_11158,1512.64,378.16,355.8,408.97,4
grid_11159,1420.84,355.21,316.38,404.95,4
grid_11160,1576.09,394.02,350.59,445.13,4
grid_11161,1655.16,413.79,383.78,454.41,4
grid_11162,1467.54,366.89,224.65,454.41,4
grid_11163,2116.98,352.83,224.65,423.99,6
grid_11164,1618.17,404.54,357.14,435.46,4
grid_11165,1467.28,366.82,312.88,413.48,4
grid_11166,1168.23,292.06,224.65,383.78,4
grid_11167,1944.66,324.11,224.65,406.17,6
grid_11168,1284.33,321.08,218.15,412.09,4
grid_11169,1289.53,322.38,218.15,401.36,4
grid_11170,1313.82,328.45,246.91,401.36,4
grid_11171,1624.61,406.15,367.52,445.13,4
grid_11172,1553.99,388.5,352.83,408.97,4
grid_11173,1587.27,396.82,350.59,418.87,4
grid_11174,1568.05,392.01,335.38,462.16,4
grid_11175,1592.72,398.18,335.38,476.97,4
grid_11176,1654.47,413.62,352.83,462.16,4
grid_11177,1748.43,437.11,412.85,476.97,4
grid_11178,1305.74,326.44,244.34,476.97,4
grid_11179,2078.43,519.61,249.05,1031.83,4
grid_11180,2925.86,731.46,436.5,1031.83,4
grid_11181,1971.85,328.64,224.08,406.17,6
grid_11182,840.41,210.1,152.17,296.95,4
grid_11183,1942.17,323.7,224.08,436.5,6
grid_11184,1007.97,251.99,173.14,401.36,4
grid_11185,1215.91,303.98,215.32,401.36,4
grid_11186,649.46,162.37,145.6,178.55,4
grid_11187,775.28,193.82,173.14,215.32,4
grid_11188,2592.75,432.13,246.57,995.37,6
grid_11189,930.37,232.59,208.27,260.21,4
grid_11190,674.02,168.51,145.6,197.22,4
grid_11191,1500.76,375.19,244.34,476.97,4
grid_11192,1159.46,289.87,244.34,351.85,4
grid_11193,3089.97,772.49,480.96,1031.83,4
grid_11194,2113.69,528.42,249.05,1031.83,4
grid_11195,1233.73,308.43,244.34,339.71,4
grid_11196,1369.63,342.41,314.23,370.42,4
grid_11197,1664.37,416.09,351.85,480.96,4
grid_11198,1933.93,483.48,410.01,581.81,4
grid_11199,1293.77,323.44,310.94,335.46,4
grid_11200,1350.1,337.53,165.34,461.15,4
grid_11201,588.96,147.24,132.51,167.99,4
grid_11202,979.36,244.84,173.69,290.18,4
grid_11203,1221.66,305.41,221.93,385.55,4
grid_11204,954.95,238.74,132.51,446.76,4
grid_11205,1156.77,289.19,144.11,446.76,4
grid_11206,909.96,227.49,173.69,272.38,4
grid_11207,1338.58,223.1,132.51,290.18,6
grid_11208,1319.52,329.88,272.38,441.31,4
grid_11209,1506.22,376.55,314.38,446.76,4
grid_11210,1309.58,327.39,230.14,446.76,4
grid_11211,861.74,215.43,175.44,249.59,4
grid_11212,914.56,228.64,192.88,256.12,4
grid_11213,1489.09,248.18,175.44,330.77,6
grid_11214,1093.04,273.26,219.16,338.38,4
grid_11215,1341.24,335.31,285.92,385.55,4
grid_11216,903.84,225.96,170.31,312.96,4
grid_11217,1440.2,240.03,210.37,330.77,6
grid_11218,1150.81,287.7,227.7,371.36,4
grid_11219,934.24,233.56,214.53,283.01,4
grid_11220,1186.28,296.57,240.06,331.4,4
grid_11221,1649.74,274.96,226.11,441.31,6
grid_11222,1038.21,259.55,204.81,315.65,4
grid_11223,1375.3,343.83,314.38,385.55,4
grid_11224,926.24,231.56,178.86,315.65,4
grid_11225,1380.19,345.05,303.0,401.1,4
grid_11226,1580.15,263.36,182.47,441.31,6
grid_11227,1196.9,299.22,203.95,401.1,4
grid_11228,1188.84,297.21,240.06,331.4,4
grid_11229,1275.72,318.93,226.92,441.31,4
grid_11230,1070.76,267.69,240.06,303.0,4
grid_11231,1143.84,228.77,210.37,256.12,5
grid_11232,1116.99,279.25,219.16,328.9,4
grid_11233,800.72,200.18,170.91,214.53,4
grid_11234,1177.1,294.27,238.79,371.36,4
grid_11235,937.21,234.3,170.91,283.01,4
grid_11236,1511.3,251.88,204.91,357.56,6
grid_11237,1188.13,297.03,268.76,328.9,4
grid_11238,1145.98,286.5,240.06,328.9,4
grid_11239,1531.25,255.21,204.91,357.56,6
grid_11240,869.75,217.44,170.91,281.93,4
grid_11241,897.79,224.45,170.67,291.85,4
grid_11242,760.74,190.19,170.67,226.92,4
grid_11243,1089.95,272.49,203.95,361.7,4
grid_11244,1230.73,307.68,258.14,361.7,4
grid_11245,1341.68,223.61,182.47,291.85,6
grid_11246,1031.65,257.91,189.61,317.74,4
grid_11247,1832.69,305.45,208.35,531.59,6
grid_11248,945.73,236.43,189.61,307.89,4
grid_11249,913.11,228.28,170.67,319.96,4
grid_11250,965.72,241.43,190.1,269.56,4
grid_11251,1135.67,283.92,227.77,340.95,4
grid_11252,1076.52,269.13,170.91,354.91,4
grid_11253,1249.79,312.45,268.76,354.91,4
grid_11254,1143.6,285.9,247.93,318.66,4
grid_11255,1256.67,314.17,227.77,403.46,4
grid_11256,1218.48,304.62,241.82,354.91,4
grid_11257,945.52,236.38,209.77,281.93,4
grid_11258,1506.28,251.05,209.77,332.05,6
grid_11259,1283.21,320.8,269.82,354.91,4
grid_11260,1159.75,289.94,247.93,323.34,4
grid_11261,923.71,230.93,170.67,354.62,4
grid_11262,2011.7,335.28,230.08,531.59,6
grid_11263,936.99,234.25,189.61,300.46,4
grid_11264,1061.83,265.46,190.1,323.34,4
grid_11265,1015.93,253.98,214.13,319.96,4
grid_11266,1062.19,265.55,189.61,317.74,4
grid_11267,1339.91,334.98,214.13,519.39,4
grid_11268,1913.17,318.86,230.08,421.42,6
grid_11269,1255.21,313.8,256.82,392.66,4
grid_11270,1076.55,269.14,230.08,341.25,4
grid_11271,1522.92,304.58,269.83,403.46,5
grid_11272,1574.67,262.44,187.09,332.05,6
grid_11273,902.24,225.56,187.09,263.57,4
grid_11274,1355.9,338.98,241.82,510.7,4
grid_11275,1547.37,386.84,269.82,510.7,4
grid_11276,1477.33,369.33,269.82,457.13,4
grid_11277,1647.06,274.51,256.8,293.63,6
grid_11278,5224.79,870.8,427.03,1346.28,6
grid_11279,4239.69,706.62,384.1,1346.28,6
grid_11280,2714.64,452.44,263.57,764.29,6
grid_11281,1473.6,368.4,300.46,457.13,4
grid_11282,1426.42,356.6,251.77,519.39,4
grid_11283,1677.42,335.48,256.82,421.42,5
grid_11284,2395.92,598.98,392.66,1037.15,4
grid_11285,1338.65,334.66,314.01,355.3,4
grid_11286,1299.41,324.85,253.45,395.88,4
grid_11287,2244.57,374.1,305.27,421.42,6
grid_11288,1565.29,391.32,305.27,508.98,4
grid_11289,1205.99,301.5,253.45,341.25,4
grid_11290,3313.94,368.22,295.56,474.13,9
grid_11291,2215.5,369.25,187.09,598.47,6
grid_11292,3104.57,344.95,187.09,598.47,9
grid_11293,1001.23,250.31,210.21,279.24,4
grid_11294,4698.63,1174.66,764.29,1533.07,4
grid_11295,3747.09,936.77,463.72,1533.07,4
grid_11296,5200.57,1040.11,612.25,1346.28,5
grid_11297,2861.74,715.44,463.72,986.01,4
grid_11298,2960.7,493.45,254.98,813.55,6
grid_11299,3058.94,509.82,254.98,813.55,6
grid_11300,1015.15,253.79,210.21,275.28,4
grid_11301,183.94,91.97,32.87,151.07,2
grid_11302,32.87,32.87,32.87,32.87,1
grid_11303,322.65,161.33,122.03,200.63,2
grid_11304,1239.37,206.56,32.87,347.82,6
grid_11305,45.64,45.64,45.64,45.64,1
grid_11306,167.67,83.84,45.64,122.03,2
grid_11307,488.01,162.67,32.87,254.51,3
grid_11308,1341.89,223.65,200.63,254.51,6
grid_11309,1317.95,219.66,122.03,278.48,6
grid_11310,1118.8,223.76,45.64,285.35,5
grid_11311,1131.44,226.29,41.28,453.79,5
grid_11312,1426.78,285.36,206.84,385.97,5
grid_11313,1269.3,211.55,45.64,285.35,6
grid_11314,820.87,205.22,190.16,214.46,4
grid_11315,1201.3,300.33,278.48,328.53,4
grid_11316,4341.33,542.67,41.28,1333.87,8
grid_11317,1194.9,298.72,264.15,328.53,4
grid_11318,1011.29,252.82,209.41,308.94,4
grid_11319,967.53,241.88,184.56,385.97,4
grid_11320,1033.72,258.43,190.16,348.79,4
grid_11321,1342.41,335.6,248.55,456.43,4
grid_11322,845.85,211.46,197.35,229.41,4
grid_11323,828.58,207.15,194.4,235.63,4
grid_11324,1176.48,294.12,271.58,338.67,4
grid_11325,1433.97,238.99,194.4,291.67,6
grid_11326,1024.86,256.21,217.88,329.03,4
grid_11327,1068.34,267.08,184.56,385.97,4
grid_11328,1125.15,281.29,248.55,329.03,4
grid_11329,1539.64,307.93,197.35,466.44,5
grid_11330,1259.19,314.8,271.58,365.54,4
grid_11331,41.28,41.28,41.28,41.28,1
grid_11332,1506.94,376.73,48.58,578.47,4
grid_11333,522.99,174.33,48.58,316.82,3
grid_11334,3824.93,764.99,41.28,1333.87,5
grid_11335,1792.13,448.03,316.82,578.47,4
grid_11336,780.31,195.08,32.06,326.2,4
grid_11337,1311.63,327.91,157.59,511.02,4
grid_11338,2664.8,666.2,366.64,1333.87,4
grid_11339,423.24,141.08,32.06,264.46,3
grid_11340,910.65,227.66,126.72,267.39,4
grid_11341,1479.62,369.91,308.94,436.49,4
grid_11342,1585.2,396.3,316.87,503.31,4
grid_11343,1037.72,259.43,184.56,348.79,4
grid_11344,1209.37,302.34,209.41,405.66,4
grid_11345,3430.03,571.67,316.87,1333.87,6
grid_11346,1541.54,385.39,285.36,474.56,4
grid_11347,1805.24,451.31,405.66,557.06,4
grid_11348,1760.95,440.24,406.04,503.31,4
grid_11349,1561.17,390.29,314.2,465.35,4
grid_11350,1722.64,430.66,285.36,557.06,4
grid_11351,1618.33,404.58,326.2,511.02,4
grid_11352,1735.75,433.94,385.82,511.02,4
grid_11353,1591.34,397.84,366.64,439.28,4
grid_11354,1199.85,299.96,264.46,341.81,4
grid_11355,630.62,157.66,30.9,252.08,4
grid_11356,956.03,239.01,196.86,267.39,4
grid_11357,1576.54,394.14,367.29,439.3,4
grid_11358,1464.6,366.15,313.15,439.3,4
grid_11359,1162.05,290.51,239.7,341.81,4
grid_11360,1660.54,415.14,367.29,454.37,4
grid_11361,2594.04,432.34,366.64,503.31,6
grid_11362,2560.18,640.04,432.83,950.52,4
grid_11363,2013.26,503.31,406.04,557.06,4
grid_11364,1942.02,485.51,406.04,609.61,4
grid_11365,2101.87,525.47,432.83,702.27,4
grid_11366,2521.04,630.26,474.56,950.52,4
grid_11367,3019.66,503.28,415.11,635.6,6
grid_11368,2434.57,608.64,511.26,786.33,4
grid_11369,2549.56,637.39,511.26,786.33,4
grid_11370,2739.96,684.99,501.42,782.85,4
grid_11371,220.92,220.92,220.92,220.92,1
grid_11372,323.31,161.66,24.23,299.08,2
grid_11373,1156.94,192.82,24.23,299.08,6
grid_11374,977.37,244.34,153.07,301.62,4
grid_11375,1734.01,289.0,237.89,324.03,6
grid_11376,653.71,163.43,45.19,231.86,4
grid_11377,449.77,149.92,45.19,231.86,3
grid_11378,952.6,238.15,66.17,381.47,4
grid_11379,1052.79,263.2,223.6,313.63,4
grid_11380,715.22,238.41,66.17,332.25,3
grid_11381,907.75,226.94,196.86,252.08,4
grid_11382,993.23,248.31,196.86,324.03,4
grid_11383,891.86,222.97,196.86,239.7,4
grid_11384,1380.45,345.11,290.31,370.34,4
grid_11385,1026.83,256.71,220.85,313.15,4
grid_11386,1226.94,306.73,253.13,370.34,4
grid_11387,1581.16,395.29,352.5,454.37,4
grid_11388,1596.38,399.1,352.5,432.38,4
grid_11389,1364.99,341.25,289.79,432.38,4
grid_11390,1131.31,282.83,253.13,298.07,4
grid_11391,2993.41,748.35,538.89,950.52,4
grid_11392,3269.85,544.97,407.01,642.35,6
grid_11393,3341.55,835.39,702.27,950.52,4
grid_11394,3769.82,628.3,479.7,796.28,6
grid_11395,4727.61,1181.9,753.41,2234.82,4
grid_11396,6521.73,1630.43,782.85,2598.14,4
grid_11397,5245.04,1311.26,598.08,2598.14,4
grid_11398,3323.59,830.9,598.08,1142.9,4
grid_11399,2454.47,490.89,404.49,642.35,5
grid_11400,9286.18,2321.55,956.52,4765.12,4
grid_11401,1713.1,285.52,201.11,356.02,6
grid_11402,986.43,246.61,188.98,290.23,4
grid_11403,973.78,243.45,225.18,267.9,4
grid_11404,1140.58,285.15,246.84,324.19,4
grid_11405,1192.43,298.11,231.77,383.61,4
grid_11406,3203.77,800.94,255.19,1789.37,4
grid_11407,3139.42,784.85,414.17,1789.37,4
grid_11408,2148.34,358.06,260.83,511.04,6
grid_11409,1493.31,373.33,225.18,745.04,4
grid_11410,1199.93,299.98,246.84,338.67,4
grid_11411,1231.52,307.88,192.46,470.17,4
grid_11412,978.98,244.75,178.86,365.0,4
grid_11413,1699.05,424.76,250.82,629.44,4
grid_11414,1869.27,467.32,315.88,629.44,4
grid_11415,1155.83,288.96,184.29,366.09,4
grid_11416,1307.15,326.79,236.46,453.78,4
grid_11417,1254.81,313.7,236.46,453.78,4
grid_11418,880.98,146.83,124.29,192.46,6
grid_11419,917.91,229.48,160.87,315.88,4
grid_11420,505.51,126.38,122.92,130.73,4
grid_11421,1417.49,354.37,251.51,419.47,4
grid_11422,1075.86,268.96,187.4,376.68,4
grid_11423,1316.49,329.12,279.5,374.62,4
grid_11424,1824.63,304.11,207.97,398.53,6
grid_11425,649.74,162.44,122.92,211.86,4
grid_11426,1416.68,354.17,299.92,436.55,4
grid_11427,1402.44,350.61,303.53,436.55,4
grid_11428,1283.36,320.84,230.71,398.53,4
grid_11429,1541.58,385.39,251.51,516.41,4
grid_11430,1930.93,482.73,376.68,685.5,4
grid_11431,1839.68,306.61,206.14,466.44,6
grid_11432,993.11,248.28,184.56,314.2,4
grid_11433,1167.11,291.78,217.88,374.54,4
grid_11434,914.3,228.57,197.35,253.4,4
grid_11435,1340.69,335.17,271.58,374.54,4
grid_11436,1334.56,333.64,277.26,374.54,4
grid_11437,1400.14,350.03,288.22,465.35,4
grid_11438,1176.75,294.19,245.67,374.54,4
grid_11439,1263.38,315.84,283.4,365.54,4
grid_11440,2162.34,360.39,253.4,466.44,6
grid_11441,2264.88,377.48,291.26,511.04,6
grid_11442,1008.72,252.18,211.9,280.0,4
grid_11443,1257.88,314.47,286.21,338.76,4
grid_11444,4179.06,1044.77,516.41,1789.37,4
grid_11445,1905.16,476.29,267.9,745.04,4
grid_11446,1135.69,283.92,211.9,383.61,4
grid_11447,4476.9,1119.23,612.23,1789.37,4
grid_11448,1232.48,308.12,283.4,338.67,4
grid_11449,2415.42,603.85,280.0,800.6,4
grid_11450,2201.79,366.96,291.26,431.5,6
grid_11451,1887.86,471.96,316.97,685.5,4
grid_11452,1202.7,300.68,187.4,432.19,4
grid_11453,662.97,165.74,122.92,206.43,4
grid_11454,2382.0,397.0,330.61,470.1,6
grid_11455,1410.75,352.69,307.0,398.53,4
grid_11456,1447.42,361.86,307.0,448.84,4
grid_11457,1883.72,470.93,354.19,543.02,4
grid_11458,1006.52,251.63,146.23,400.29,4
grid_11459,1692.4,423.1,219.9,685.5,4
grid_11460,1416.82,354.2,206.43,432.19,4
grid_11461,1673.92,418.48,354.62,519.39,4
grid_11462,927.88,154.65,130.73,175.13,6
grid_11463,1069.13,267.28,209.25,374.72,4
grid_11464,551.88,137.97,122.92,152.0,4
grid_11465,786.37,196.59,160.87,248.7,4
grid_11466,1411.09,352.77,236.46,433.82,4
grid_11467,771.01,192.75,146.23,253.58,4
grid_11468,1217.75,202.96,152.0,284.57,6
grid_11469,1553.23,388.31,286.01,519.39,4
grid_11470,1327.7,331.93,209.25,432.04,4
grid_11471,1199.56,299.89,219.9,448.84,4
grid_11472,1833.77,458.44,338.17,685.5,4
grid_11473,1717.15,343.43,232.29,470.1,5
grid_11474,1780.73,296.79,223.83,446.85,6
grid_11475,1560.17,390.04,237.3,543.02,4
grid_11476,1205.76,301.44,227.53,377.91,4
grid_11477,1277.29,319.32,240.77,400.29,4
grid_11478,1145.06,190.84,140.75,240.16,6
grid_11479,968.81,242.2,183.22,338.17,4
grid_11480,1423.0,355.75,262.15,400.29,4
grid_11481,1634.46,408.62,211.9,722.6,4
grid_11482,3142.2,785.55,399.11,1330.27,4
grid_11483,1277.38,319.34,286.21,342.08,4
grid_11484,1342.88,335.72,211.9,419.97,4
grid_11485,2582.15,645.54,309.75,1330.27,4
grid_11486,1177.16,294.29,283.4,310.33,4
grid_11487,2546.68,636.67,478.5,800.6,4
grid_11488,1311.18,327.79,286.39,399.11,4
grid_11489,1416.47,354.12,310.33,416.35,4
grid_11490,2249.71,562.43,419.97,722.6,4
grid_11491,1459.7,364.93,288.22,466.44,4
grid_11492,1103.1,275.77,245.67,324.75,4
grid_11493,1985.47,330.91,307.99,372.68,6
grid_11494,1729.88,432.47,332.37,501.42,4
grid_11495,1274.71,318.68,277.26,405.63,4
grid_11496,1362.64,340.66,277.26,405.63,4
grid_11497,1443.78,360.94,307.99,430.73,4
grid_11498,1301.24,325.31,297.22,362.53,4
grid_11499,1229.26,307.32,279.27,324.75,4
grid_11500,1727.81,431.95,307.99,588.28,4
grid_11501,1526.59,381.65,286.01,433.82,4
grid_11502,907.8,226.95,167.55,311.69,4
grid_11503,929.02,232.25,215.47,253.58,4
grid_11504,1147.82,286.96,219.3,327.83,4
grid_11505,1309.56,327.39,286.01,355.3,4
grid_11506,1390.42,347.61,311.69,432.04,4
grid_11507,1391.16,347.79,286.01,432.04,4
grid_11508,1610.5,268.42,215.47,382.96,6
grid_11509,1258.38,314.6,237.11,354.24,4
grid_11510,1126.56,281.64,237.11,327.83,4
grid_11511,1994.12,498.53,315.92,800.6,4
grid_11512,2260.64,565.16,419.76,858.76,4
grid_11513,3041.44,506.91,342.08,858.76,6
grid_11514,1279.53,319.88,297.22,347.71,4
grid_11515,1063.78,265.95,225.28,315.92,4
grid_11516,1880.03,470.01,347.71,604.18,4
grid_11517,1283.84,320.96,236.18,478.5,4
grid_11518,1849.97,462.49,293.99,562.15,4
grid_11519,2687.59,671.9,448.84,858.76,4
grid_11520,1570.72,392.68,253.23,544.99,4
grid_11521,767.7,191.92,140.75,223.83,4
grid_11522,836.09,209.02,165.46,237.3,4
grid_11523,1034.49,258.62,201.05,309.75,4
grid_11524,850.18,212.55,180.78,258.66,4
grid_11525,982.66,163.78,140.75,218.62,6
grid_11526,954.18,238.54,165.46,369.05,4
grid_11527,647.49,161.87,140.75,183.22,4
grid_11528,1026.03,256.51,227.53,277.69,4
grid_11529,1229.23,307.31,240.77,382.65,4
grid_11530,1246.56,311.64,262.15,382.65,4
grid_11531,2158.71,359.79,307.99,415.68,6
grid_11532,2273.84,568.46,430.73,753.41,4
grid_11533,1595.16,398.79,312.54,496.31,4
grid_11534,1709.54,427.39,362.53,496.31,4
grid_11535,1418.33,354.58,312.54,412.43,4
grid_11536,1576.14,394.03,324.28,445.07,4
grid_11537,2897.81,482.97,400.8,600.61,6
grid_11538,1768.49,442.12,380.67,496.31,4
grid_11539,1896.8,474.2,445.07,496.31,4
grid_11540,3009.75,752.44,588.28,956.52,4
grid_11541,4247.33,707.89,416.35,924.15,6
grid_11542,1628.05,407.01,324.28,511.8,4
grid_11543,821.54,205.38,159.12,253.23,4
grid_11544,810.9,202.72,159.12,236.18,4
grid_11545,3128.76,782.19,511.8,1115.59,4
grid_11546,1407.4,351.85,253.0,448.84,4
grid_11547,5705.42,950.9,604.18,1430.95,6
grid_11548,3921.91,784.38,411.57,1430.95,5
grid_11549,973.23,243.31,173.0,293.99,4
grid_11550,2418.9,604.72,444.26,897.2,4
grid_11551,1081.77,270.44,201.05,369.05,4
grid_11552,1192.96,198.83,142.74,264.04,6
grid_11553,1702.17,425.54,281.74,552.23,4
grid_11554,1105.07,276.27,225.41,343.31,4
grid_11555,1497.3,374.33,277.69,552.23,4
grid_11556,675.61,168.9,142.74,184.88,4
grid_11557,1196.69,299.17,218.62,369.05,4
grid_11558,849.73,212.43,180.78,258.66,4
grid_11559,1129.62,282.4,190.31,369.05,4
grid_11560,1477.55,246.26,154.79,343.31,6
grid_11561,1691.44,422.86,380.67,472.12,4
grid_11562,1945.11,486.28,444.26,565.64,4
grid_11563,2301.24,575.31,400.8,711.55,4
grid_11564,1895.76,473.94,426.22,505.5,4
grid_11565,3622.35,603.73,472.12,783.43,6
grid_11566,2095.55,523.89,426.22,712.13,4
grid_11567,2877.11,719.28,490.13,982.78,4
grid_11568,2925.52,731.38,600.61,948.85,4
grid_11569,2506.11,626.53,465.29,838.56,4
grid_11570,3946.63,986.66,711.55,1329.72,4
grid_11571,2189.6,364.93,177.49,552.23,6
grid_11572,763.38,190.84,167.21,223.4,4
grid_11573,1988.76,331.46,154.79,552.23,6
grid_11574,1102.59,275.65,196.54,344.98,4
grid_11575,1164.71,194.12,146.34,245.87,6
grid_11576,1323.44,220.57,167.21,264.04,6
grid_11577,1048.38,262.09,190.31,344.98,4
grid_11578,1806.26,200.7,131.77,290.3,9
grid_11579,1638.85,273.14,196.54,418.38,6
grid_11580,781.55,156.31,127.27,187.89,5
grid_11581,798.96,199.74,159.12,256.92,4
grid_11582,1381.64,345.41,253.0,411.57,4
grid_11583,4159.14,1039.78,897.2,1201.66,4
grid_11584,5722.6,953.77,411.29,1824.72,6
grid_11585,988.7,247.18,173.0,305.78,4
grid_11586,5572.91,1393.23,1115.59,1824.72,4
grid_11587,775.41,193.85,159.12,216.06,4
grid_11588,3390.31,847.58,565.64,982.78,4
grid_11589,1253.66,208.94,157.03,272.69,6
grid_11590,6401.92,1066.99,368.93,2291.73,6
grid_11591,2579.72,644.93,491.91,713.31,4
grid_11592,4550.05,758.34,505.5,1008.77,6
grid_11593,3517.21,879.3,664.52,1179.33,4
grid_11594,2574.04,643.51,491.91,863.31,4
grid_11595,3085.35,771.34,621.49,982.78,4
grid_11596,5963.75,1490.94,948.85,2505.85,4
grid_11597,2834.54,708.64,621.49,838.56,4
grid_11598,2516.82,629.21,562.92,713.31,4
grid_11599,2475.06,618.76,562.92,662.36,4
grid_11600,6395.91,1598.98,724.52,3223.46,4
grid_11601,1864.34,372.87,298.98,538.89,5
grid_11602,1181.87,295.47,242.76,327.83,4
grid_11603,1739.71,289.95,215.47,382.96,6
grid_11604,990.05,247.51,215.47,281.74,4
grid_11605,1596.6,399.15,348.17,538.89,4
grid_11606,2177.96,362.99,257.51,538.89,6
grid_11607,1373.62,343.41,252.07,544.13,4
grid_11608,1938.2,323.03,242.76,422.77,6
grid_11609,2007.94,334.66,237.11,383.04,6
grid_11610,2267.45,377.91,257.51,538.89,6
grid_11611,2321.92,386.99,324.17,508.98,6
grid_11612,4070.98,678.5,324.17,1149.91,6
grid_11613,1956.68,326.11,283.19,419.98,6
grid_11614,1844.41,307.4,283.19,343.08,6
grid_11615,1364.81,341.2,324.17,350.97,4
grid_11616,2503.93,417.32,342.22,477.92,6
grid_11617,1846.54,461.64,324.17,612.25,4
grid_11618,1494.8,373.7,305.44,442.22,4
grid_11619,1255.65,313.91,279.97,343.08,4
grid_11620,1205.86,301.46,275.61,327.16,4
grid_11621,5729.72,1432.43,986.01,1743.06,4
grid_11622,5469.62,1367.41,1054.99,1743.06,4
grid_11623,4027.3,1006.83,760.16,1467.59,4
grid_11624,3364.9,841.22,559.16,1138.5,4
grid_11625,1012.12,253.03,207.32,275.28,4
grid_11626,2506.13,417.69,207.32,760.16,6
grid_11627,6469.34,1617.33,1138.5,1826.39,4
grid_11628,5938.92,1484.73,966.89,1761.39,4
grid_11629,3667.23,916.81,472.59,1467.59,4
grid_11630,4278.37,1069.59,559.16,1826.39,4
grid_11631,2029.75,338.29,237.11,422.77,6
grid_11632,2157.64,269.7,173.88,338.73,8
grid_11633,1089.82,272.46,257.51,279.97,4
grid_11634,1686.77,281.13,173.88,367.78,6
grid_11635,1727.93,287.99,177.49,544.13,6
grid_11636,1264.72,316.18,251.08,376.29,4
grid_11637,1087.58,271.9,251.08,302.25,4
grid_11638,1428.29,357.07,335.1,376.29,4
grid_11639,1621.6,231.66,173.88,295.69,7
grid_11640,1396.1,349.02,275.61,452.09,4
grid_11641,1443.66,360.92,337.7,407.54,4
grid_11642,2002.14,500.54,337.7,754.31,4
grid_11643,2448.09,408.01,347.46,477.92,6
grid_11644,1459.99,365.0,323.12,442.22,4
grid_11645,2065.46,516.36,337.7,687.15,4
grid_11646,1376.53,344.13,275.61,391.66,4
grid_11647,2272.93,568.23,337.7,754.31,4
grid_11648,2835.25,472.54,367.49,687.15,6
grid_11649,1524.93,381.23,323.12,448.18,4
grid_11650,5441.71,1360.43,633.07,2114.27,4
grid_11651,3780.92,945.23,522.83,1761.39,4
grid_11652,1889.37,377.87,207.32,552.7,5
grid_11653,4706.78,1176.7,529.81,1826.39,4
grid_11654,1536.03,256.01,195.51,331.98,6
grid_11655,2515.01,628.75,472.59,966.89,4
grid_11656,3717.74,929.44,547.85,1826.39,4
grid_11657,1508.85,377.21,265.38,552.7,4
grid_11658,1798.87,449.72,358.8,529.81,4
grid_11659,2029.65,507.41,387.43,589.19,4
grid_11660,1401.66,233.61,183.88,324.77,6
grid_11661,1727.1,431.78,391.66,452.09,4
grid_11662,1151.26,287.81,220.35,350.98,4
grid_11663,1831.11,457.78,384.61,548.55,4
grid_11664,1311.81,327.95,236.12,406.69,4
grid_11665,1571.62,261.94,172.43,397.31,6
grid_11666,974.4,243.6,175.7,322.57,4
grid_11667,1501.77,375.44,284.4,435.27,4
grid_11668,1746.35,436.59,397.5,465.5,4
grid_11669,1066.89,266.72,172.43,406.69,4
grid_11670,944.46,236.11,175.7,350.98,4
grid_11671,1733.64,433.41,386.14,507.76,4
grid_11672,5618.98,936.5,448.18,2114.27,6
grid_11673,3873.88,968.47,547.85,2007.22,4
grid_11674,2095.92,523.98,386.14,753.83,4
grid_11675,4914.98,1228.74,525.57,2007.22,4
grid_11676,8585.13,2146.28,1696.44,2767.21,4
grid_11677,2526.27,631.57,469.32,795.36,4
grid_11678,1890.67,472.67,448.08,507.76,4
grid_11679,9086.48,1514.41,753.83,2767.21,6
grid_11680,6945.68,1736.42,994.83,2767.21,4
grid_11681,1800.32,450.08,358.8,552.7,4
grid_11682,2346.0,586.5,523.21,685.75,4
grid_11683,1399.63,349.91,322.36,387.43,4
grid_11684,1319.58,329.89,265.38,365.99,4
grid_11685,1641.97,410.49,331.04,523.21,4
grid_11686,1723.98,287.33,183.88,414.8,6
grid_11687,1406.86,351.71,322.36,365.99,4
grid_11688,2134.82,533.71,400.29,685.75,4
grid_11689,1439.94,359.99,322.36,383.11,4
grid_11690,1378.04,344.51,306.72,383.11,4
grid_11691,1617.7,404.43,339.75,465.5,4
grid_11692,811.31,202.83,160.75,255.79,4
grid_11693,1078.14,269.53,187.54,370.08,4
grid_11694,698.87,174.72,160.75,197.43,4
grid_11695,764.7,191.17,168.61,236.12,4
grid_11696,1068.85,178.14,163.57,201.82,6
grid_11697,1466.93,366.73,284.4,414.95,4
grid_11698,1279.11,319.78,248.46,414.95,4
grid_11699,907.65,226.91,160.75,278.35,4
grid_11700,1052.82,263.21,187.54,370.08,4
grid_11701,2207.59,367.93,301.62,537.67,6
grid_11702,1234.23,308.56,223.6,425.31,4
grid_11703,1099.68,274.92,172.72,381.47,4
grid_11704,1604.28,401.07,145.25,613.55,4
grid_11705,1781.1,445.28,316.81,603.38,4
grid_11706,2330.39,388.4,290.28,537.67,6
grid_11707,1253.36,313.34,283.7,354.9,4
grid_11708,1373.07,343.27,283.7,425.31,4
grid_11709,1721.62,430.41,332.25,603.38,4
grid_11710,1454.54,363.63,313.63,404.54,4
grid_11711,1106.04,276.51,234.45,324.03,4
grid_11712,1059.41,264.85,220.85,298.07,4
grid_11713,982.84,245.71,220.85,287.35,4
grid_11714,1150.44,287.61,240.18,312.6,4
grid_11715,1516.77,379.19,287.35,498.78,4
grid_11716,1563.0,390.75,289.79,458.25,4
grid_11717,1469.22,367.3,289.79,498.78,4
grid_11718,1751.75,437.94,404.49,458.25,4
grid_11719,1272.69,318.17,240.18,432.56,4
grid_11720,1354.92,338.73,290.28,447.25,4
grid_11721,13336.46,3334.11,2234.82,4765.12,4
grid_11722,4280.31,713.39,479.7,1267.0,6
grid_11723,9189.07,2297.27,1142.9,3738.37,4
grid_11724,4915.83,1228.96,796.28,1709.65,4
grid_11725,1861.42,465.35,404.49,520.59,4
grid_11726,22579.19,5644.8,3738.37,7361.8,4
grid_11727,15962.5,3990.62,1329.72,7361.8,4
grid_11728,7941.92,1323.65,520.59,2506.41,6
grid_11729,10025.35,2506.34,1267.0,4542.29,4
grid_11730,4847.25,1211.81,456.63,1956.22,4
grid_11731,1620.89,405.22,312.6,447.25,4
grid_11732,1893.77,473.44,382.57,561.27,4
grid_11733,1810.97,452.74,428.48,498.78,4
grid_11734,3652.93,913.23,456.63,1913.81,4
grid_11735,2226.34,556.58,382.57,824.24,4
grid_11736,1907.66,476.91,404.29,561.27,4
grid_11737,1737.03,434.26,348.63,512.67,4
grid_11738,1920.04,384.01,304.79,460.6,5
grid_11739,5040.39,1260.1,643.57,1913.81,4
grid_11740,1796.59,449.15,404.29,512.67,4
grid_11741,2012.78,503.2,328.12,676.75,4
grid_11742,1223.58,305.89,258.15,362.95,4
grid_11743,1149.02,287.26,234.85,354.9,4
grid_11744,2482.19,620.55,528.67,676.75,4
grid_11745,1322.41,330.6,234.85,404.54,4
grid_11746,1953.48,325.58,287.29,406.81,6
grid_11747,2367.42,591.86,528.67,673.39,4
grid_11748,2218.01,554.5,398.87,676.75,4
grid_11749,2121.88,353.65,287.29,460.6,6
grid_11750,2060.77,515.19,366.57,673.39,4
grid_11751,16704.22,4176.05,1709.65,6713.9,4
grid_11752,12577.81,3144.45,1422.0,4542.29,4
grid_11753,33955.32,8488.83,6713.9,10173.22,4
grid_11754,24844.56,6211.14,2505.85,9706.41,4
grid_11755,9254.39,1542.4,754.76,2506.41,6
grid_11756,7124.6,1781.15,1595.8,1956.22,4
grid_11757,25536.53,6384.13,4107.12,10173.22,4
grid_11758,37855.34,9463.84,8698.15,10173.22,4
grid_11759,11450.65,2862.66,1422.0,4353.03,4
grid_11760,28607.09,7151.77,4932.02,9706.41,4
grid_11761,2520.02,630.01,490.94,824.24,4
grid_11762,2336.89,389.48,320.38,509.44,6
grid_11763,2102.74,525.69,444.26,643.57,4
grid_11764,1537.44,384.36,320.38,512.67,4
grid_11765,1647.46,411.87,355.76,512.67,4
grid_11766,3605.25,901.31,523.97,1658.77,4
grid_11767,1714.24,428.56,374.75,490.94,4
grid_11768,1388.27,347.07,323.42,374.75,4
grid_11769,2036.61,509.15,444.26,596.37,4
grid_11770,2532.03,633.01,523.97,778.94,4
grid_11771,7227.42,1204.57,754.76,1595.8,6
grid_11772,4828.96,1207.24,778.94,1658.77,4
grid_11773,27910.93,6977.73,4107.12,10173.22,4
grid_11774,9655.13,2413.78,1568.5,4353.03,4
grid_11775,31313.89,7828.47,4213.85,9277.56,4
grid_11776,31781.99,5297.0,2077.82,9124.33,6
grid_11777,9264.03,1544.01,795.45,2735.01,6
grid_11778,3169.57,792.39,632.74,962.44,4
grid_11779,19466.32,4866.58,1621.88,9277.56,4
grid_11780,8746.83,1457.81,834.97,2111.72,6
grid_11781,1381.27,345.32,320.38,370.79,4
grid_11782,2305.18,384.2,320.38,509.44,6
grid_11783,1614.43,403.61,323.42,472.0,4
grid_11784,1648.11,412.03,334.35,529.68,4
grid_11785,2368.42,394.74,340.39,529.68,6
grid_11786,1440.22,360.05,323.42,413.3,4
grid_11787,2665.34,666.33,596.37,825.55,4
grid_11788,1645.43,411.36,323.42,480.86,4
grid_11789,2159.9,539.97,472.0,610.67,4
grid_11790,3098.92,516.49,369.15,711.07,6
grid_11791,3628.79,907.2,511.33,1382.87,4
grid_11792,1594.1,398.52,315.14,503.26,4
grid_11793,2285.86,571.46,419.32,883.0,4
grid_11794,2804.4,467.4,397.2,576.82,6
grid_11795,5213.52,1303.38,851.58,2077.82,4
grid_11796,1407.53,351.88,320.94,378.5,4
grid_11797,2625.51,656.38,511.33,851.58,4
grid_11798,1966.03,491.51,419.32,593.42,4
grid_11799,3207.47,801.87,669.19,901.25,4
grid_11800,1622.75,405.69,362.1,503.26,4
grid_11801,6027.02,1506.76,713.87,2601.32,4
grid_11802,3382.67,845.67,335.33,1902.83,4
grid_11803,1573.54,393.38,204.29,708.64,4
grid_11804,3177.61,794.4,348.81,1516.95,4
grid_11805,3148.85,787.21,325.28,1516.95,4
grid_11806,1124.12,281.03,204.29,370.21,4
grid_11807,1863.82,465.95,307.85,609.18,4
grid_11808,1291.23,322.81,204.29,452.89,4
grid_11809,1985.32,496.33,325.28,609.18,4
grid_11810,1383.34,276.67,204.29,359.13,5
grid_11811,944.05,236.01,169.35,270.05,4
grid_11812,1314.09,328.52,242.59,418.49,4
grid_11813,1778.89,296.48,214.29,370.21,6
grid_11814,1035.84,258.96,169.35,372.99,4
grid_11815,1297.34,324.34,254.23,418.49,4
grid_11816,1572.47,393.12,366.13,418.49,4
grid_11817,1377.7,344.43,199.75,418.49,4
grid_11818,1721.76,286.96,199.75,359.13,6
grid_11819,1249.83,312.46,250.92,372.99,4
grid_11820,1119.57,279.89,214.73,366.13,4
grid_11821,1031.79,257.95,187.59,316.02,4
grid_11822,1550.92,258.49,204.45,316.02,6
grid_11823,1094.6,273.65,192.97,390.92,4
grid_11824,633.34,158.33,99.35,223.09,4
grid_11825,1049.66,262.42,187.39,316.02,4
grid_11826,1064.0,266.0,187.39,390.92,4
grid_11827,547.8,136.95,97.28,204.45,4
grid_11828,931.83,232.96,192.97,278.91,4
grid_11829,812.86,203.21,187.39,232.34,4
grid_11830,854.95,213.74,181.7,253.52,4
grid_11831,598.74,149.68,78.45,226.73,4
grid_11832,949.61,237.4,191.85,265.34,4
grid_11833,565.12,141.28,78.45,219.26,4
grid_11834,933.64,233.41,191.85,265.34,4
grid_11835,659.66,164.91,118.32,248.16,4
grid_11836,413.41,103.35,78.45,132.59,4
grid_11837,368.28,92.07,78.45,106.44,4
grid_11838,916.13,229.03,183.88,265.34,4
grid_11839,919.37,229.84,160.58,265.34,4
grid_11840,621.37,155.34,118.32,199.57,4
grid_11841,2366.42,394.4,296.86,589.93,6
grid_11842,1664.19,416.05,308.77,477.95,4
grid_11843,2051.48,512.87,452.89,609.18,4
grid_11844,1705.32,426.33,276.82,609.18,4
grid_11845,2420.64,403.44,253.75,589.93,6
grid_11846,1908.17,477.04,403.08,602.56,4
grid_11847,1471.03,367.76,208.24,511.46,4
grid_11848,2066.49,516.62,474.51,602.56,4
grid_11849,1477.95,369.49,220.72,602.56,4
grid_11850,1688.33,422.08,251.59,602.56,4
grid_11851,1278.36,213.06,146.71,287.75,6
grid_11852,520.36,130.09,97.28,149.68,4
grid_11853,992.15,248.04,193.27,319.81,4
grid_11854,810.07,202.52,184.29,232.34,4
grid_11855,1080.89,180.15,146.71,207.63,6
grid_11856,789.3,197.32,181.7,232.34,4
grid_11857,964.48,241.12,190.83,319.81,4
grid_11858,822.22,205.55,184.29,260.52,4
grid_11859,1361.93,226.99,149.68,327.1,6
grid_11860,754.84,188.71,184.29,193.27,4
grid_11861,1174.48,293.62,178.76,414.86,4
grid_11862,982.98,245.75,178.76,414.86,4
grid_11863,1073.36,268.34,189.61,387.15,4
grid_11864,875.37,218.84,174.04,307.84,4
grid_11865,714.05,178.51,171.64,189.61,4
grid_11866,1121.29,280.32,214.73,319.81,4
grid_11867,1002.14,250.54,171.64,387.15,4
grid_11868,858.4,214.6,171.64,253.75,4
grid_11869,722.18,180.55,171.64,193.03,4
grid_11870,1164.39,291.1,260.57,319.81,4
grid_11871,885.82,221.45,160.58,280.37,4
grid_11872,454.25,113.56,84.05,142.9,4
grid_11873,1030.47,257.62,183.88,320.93,4
grid_11874,389.66,97.41,84.05,108.99,4
grid_11875,699.74,174.94,142.9,201.22,4
grid_11876,1262.83,315.71,278.78,382.75,4
grid_11877,563.37,140.84,108.99,156.06,4
grid_11878,959.94,239.99,199.57,280.37,4
grid_11879,488.39,122.1,97.28,155.44,4
grid_11880,661.2,165.3,145.93,201.22,4
grid_11881,2181.19,363.53,208.24,474.94,6
grid_11882,1787.46,297.91,220.72,403.08,6
grid_11883,1924.81,384.96,315.86,474.94,5
grid_11884,1442.54,240.42,194.52,281.64,6
grid_11885,1966.21,327.7,234.06,474.94,6
grid_11886,2899.36,322.15,194.52,514.5,9
grid_11887,1818.25,303.04,194.52,384.87,6
grid_11888,1536.35,384.09,315.86,507.27,4
grid_11889,1499.96,374.99,281.64,507.27,4
grid_11890,1090.11,272.53,194.52,346.75,4
grid_11891,728.14,182.04,126.69,226.04,4
grid_11892,923.72,230.93,180.16,292.16,4
grid_11893,1782.85,356.57,186.44,480.69,5
grid_11894,1089.53,272.38,225.73,327.6,4
grid_11895,2072.84,345.47,226.04,480.69,6
grid_11896,1056.3,264.07,186.44,386.86,4
grid_11897,1672.26,278.71,180.16,412.51,6
grid_11898,4982.0,553.56,350.78,1437.49,9
grid_11899,4689.77,781.63,310.15,1437.49,6
grid_11900,2893.43,578.69,310.15,1425.18,5
grid_11901,724.8,181.2,140.82,231.66,4
grid_11902,981.37,163.56,127.27,223.4,6
grid_11903,891.23,222.81,177.49,284.56,4
grid_11904,615.67,153.92,140.82,174.33,4
grid_11905,1617.44,269.57,180.34,418.38,6
grid_11906,572.31,143.08,127.27,157.06,4
grid_11907,574.54,143.63,127.27,173.23,4
grid_11908,633.43,158.36,140.82,189.82,4
grid_11909,980.1,245.03,194.15,290.3,4
grid_11910,1318.29,219.72,131.77,290.3,6
grid_11911,1185.22,296.3,256.92,322.86,4
grid_11912,4819.01,1204.75,665.02,2007.63,4
grid_11913,7325.73,1831.43,1201.66,2291.73,4
grid_11914,1408.85,352.21,305.78,411.29,4
grid_11915,984.12,246.03,209.91,299.66,4
grid_11916,3235.02,808.75,642.52,982.78,4
grid_11917,7303.96,1217.33,555.03,2291.73,6
grid_11918,3969.38,992.35,487.98,2007.63,4
grid_11919,979.56,195.91,157.03,217.62,5
grid_11920,7239.22,804.36,348.07,2291.73,9
grid_11921,1901.64,316.94,255.5,349.12,6
grid_11922,935.42,233.86,177.49,284.56,4
grid_11923,1471.18,367.79,251.08,491.27,4
grid_11924,1563.38,390.84,330.61,548.55,4
grid_11925,1055.02,263.76,219.59,326.15,4
grid_11926,1626.0,406.5,251.08,548.55,4
grid_11927,1763.23,440.81,384.61,491.27,4
grid_11928,1537.5,384.37,251.65,548.55,4
grid_11929,1081.25,270.31,220.35,322.57,4
grid_11930,2000.33,333.39,251.65,397.31,6
grid_11931,848.88,212.22,140.82,286.58,4
grid_11932,1125.36,281.34,231.66,322.57,4
grid_11933,824.38,206.1,180.34,232.93,4
grid_11934,797.35,199.34,142.26,257.03,4
grid_11935,1109.18,277.29,244.24,322.57,4
grid_11936,1455.17,242.53,173.23,280.22,6
grid_11937,963.14,240.78,189.82,286.58,4
grid_11938,830.37,207.59,157.06,242.49,4
grid_11939,849.91,212.48,142.26,277.39,4
grid_11940,793.91,198.48,149.09,262.72,4
grid_11941,2988.85,747.21,578.23,863.31,4
grid_11942,12179.14,3044.79,1179.33,5270.5,4
grid_11943,2370.96,592.74,478.66,642.52,4
grid_11944,5819.49,969.92,724.52,1268.6,6
grid_11945,2703.15,450.52,301.84,578.23,6
grid_11946,2747.5,457.92,279.81,628.29,6
grid_11947,9617.26,2404.31,1268.6,3763.67,4
grid_11948,2481.67,413.61,262.18,628.29,6
grid_11949,3412.86,682.57,441.92,833.99,5
grid_11950,17189.65,4297.41,3223.46,5270.5,4
grid_11951,1977.75,329.62,221.67,449.24,6
grid_11952,1582.8,263.8,211.07,322.86,6
grid_11953,1353.55,225.59,157.03,299.66,6
grid_11954,2274.18,568.55,478.66,665.02,4
grid_11955,1286.43,321.61,260.57,422.05,4
grid_11956,3140.4,523.4,355.01,719.06,6
grid_11957,2882.56,480.43,259.14,808.74,6
grid_11958,910.8,227.7,207.6,268.72,4
grid_11959,1073.72,268.43,207.6,336.83,4
grid_11960,2661.47,532.29,332.28,808.74,5
grid_11961,1700.39,425.1,266.97,562.12,4
grid_11962,2206.26,367.71,259.14,487.98,6
grid_11963,1927.81,481.95,397.37,562.12,4
grid_11964,1096.08,274.02,227.93,332.28,4
grid_11965,1611.37,402.84,306.22,546.26,4
grid_11966,2295.69,382.61,228.45,562.12,6
grid_11967,1143.68,285.92,227.93,355.01,4
grid_11968,858.34,214.58,169.68,268.72,4
grid_11969,1114.19,278.55,202.42,336.83,4
grid_11970,1066.5,266.62,259.14,276.72,4
grid_11971,6143.13,1023.86,732.34,1361.53,6
grid_11972,1798.15,359.63,301.84,441.92,5
grid_11973,4971.38,552.38,342.04,826.38,9
grid_11974,1155.65,288.91,258.85,315.14,4
grid_11975,10183.13,1697.19,883.0,3763.67,6
grid_11976,17636.91,2939.48,1382.87,4932.02,6
grid_11977,1069.3,267.32,258.85,279.81,4
grid_11978,5374.01,895.67,472.2,1361.53,6
grid_11979,1248.38,312.09,258.85,400.13,4
grid_11980,1273.44,318.36,258.85,378.5,4
grid_11981,777.72,194.43,149.09,217.51,4
grid_11982,1571.07,261.85,229.59,280.22,6
grid_11983,1052.39,263.1,241.0,277.27,4
grid_11984,1022.01,255.5,241.0,277.27,4
grid_11985,1011.82,252.96,219.07,292.72,4
grid_11986,663.56,165.89,149.09,187.95,4
grid_11987,1157.43,231.49,162.13,280.22,5
grid_11988,700.68,175.17,149.09,217.51,4
grid_11989,1040.7,260.18,242.49,292.72,4
grid_11990,1163.65,290.91,219.07,373.52,4
grid_11991,2286.55,571.64,397.37,847.42,4
grid_11992,1249.88,312.47,202.42,502.75,4
grid_11993,1137.04,284.26,227.93,386.06,4
grid_11994,1020.58,255.14,227.93,317.87,4
grid_11995,2202.65,550.66,306.22,847.42,4
grid_11996,2026.24,337.71,228.45,495.5,6
grid_11997,836.86,209.21,169.68,238.49,4
grid_11998,1331.37,332.84,268.45,400.13,4
grid_11999,1259.35,314.84,246.32,386.06,4
grid_12000,2911.72,727.93,502.75,1018.23,4
grid_12001,2066.12,344.35,306.72,414.8,6
grid_12002,1541.31,385.33,331.04,434.61,4
grid_12003,1462.77,365.69,322.36,434.61,4
grid_12004,1827.83,456.96,375.38,526.59,4
grid_12005,1286.15,321.54,231.65,383.11,4
grid_12006,1476.16,369.04,353.63,383.11,4
grid_12007,1483.85,370.96,331.59,434.61,4
grid_12008,1505.28,376.32,342.27,434.61,4
grid_12009,1782.74,297.12,231.65,382.75,6
grid_12010,1616.89,404.22,331.59,526.59,4
grid_12011,1955.47,488.87,342.42,795.36,4
grid_12012,1622.95,405.74,339.75,469.32,4
grid_12013,3743.43,935.86,525.57,1696.44,4
grid_12014,7622.95,1270.49,342.42,2767.21,6
grid_12015,4297.06,716.18,349.25,1487.21,6
grid_12016,1290.29,322.57,275.95,348.37,4
grid_12017,3190.13,638.03,340.19,1487.21,5
grid_12018,2308.82,577.21,383.33,994.83,4
grid_12019,1357.2,339.3,326.21,348.37,4
grid_12020,1252.26,313.07,273.99,340.19,4
grid_12021,788.27,197.07,160.75,249.48,4
grid_12022,820.26,205.06,168.61,238.12,4
grid_12023,1128.69,188.11,163.57,226.0,6
grid_12024,1290.58,322.65,248.46,414.95,4
grid_12025,893.69,223.42,164.8,275.95,4
grid_12026,1686.48,281.08,192.48,452.64,6
grid_12027,1508.46,377.11,226.0,768.51,4
grid_12028,1655.98,413.99,238.12,768.51,4
grid_12029,1160.67,290.17,213.05,452.64,4
grid_12030,998.09,249.52,224.77,278.35,4
grid_12031,1209.87,302.47,243.73,353.63,4
grid_12032,1251.31,312.83,270.23,342.27,4
grid_12033,1646.52,274.42,231.65,310.55,6
grid_12034,1260.59,315.15,238.46,383.33,4
grid_12035,1226.28,306.57,243.73,364.66,4
grid_12036,1120.54,280.13,231.65,364.66,4
grid_12037,1094.28,273.57,250.74,307.21,4
grid_12038,963.88,240.97,167.47,307.21,4
grid_12039,1059.12,264.78,252.18,282.71,4
grid_12040,1043.35,260.84,243.73,270.23,4
grid_12041,1062.62,265.65,164.8,392.27,4
grid_12042,795.02,198.75,164.8,236.81,4
grid_12043,1053.34,263.34,224.77,306.21,4
grid_12044,1956.06,489.02,230.36,768.51,4
grid_12045,2206.33,551.58,364.19,768.51,4
grid_12046,1218.54,304.64,243.54,452.64,4
grid_12047,1723.28,287.21,194.42,452.64,6
grid_12048,1158.07,289.52,164.8,392.27,4
grid_12049,877.24,219.31,188.94,236.81,4
grid_12050,1360.0,226.67,184.41,276.88,6
grid_12051,1080.62,270.16,204.47,326.21,4
grid_12052,1276.04,319.01,238.46,404.07,4
grid_12053,1890.83,315.14,236.87,404.07,6
grid_12054,1238.18,309.55,236.87,349.25,4
grid_12055,1348.03,224.67,170.84,259.82,6
grid_12056,1060.9,265.22,212.23,311.87,4
grid_12057,879.62,219.91,188.94,273.99,4
grid_12058,826.95,206.74,167.47,250.19,4
grid_12059,1048.25,262.06,236.7,311.87,4
grid_12060,662.52,165.63,138.75,185.47,4
grid_12061,1053.99,263.5,243.73,282.71,4
grid_12062,1739.19,289.87,252.18,328.17,6
grid_12063,822.01,205.5,167.47,250.74,4
grid_12064,1357.64,339.41,263.29,456.57,4
grid_12065,1138.57,284.64,254.13,355.06,4
grid_12066,1254.55,313.64,252.18,456.57,4
grid_12067,2295.44,286.93,242.39,358.69,8
grid_12068,989.29,247.32,218.33,266.09,4
grid_12069,1289.09,214.85,123.26,355.06,6
grid_12070,1754.4,292.4,137.8,456.57,6
grid_12071,1606.04,321.21,184.41,681.36,5
grid_12072,1588.86,397.22,263.79,681.36,4
grid_12073,1376.82,344.2,276.87,424.12,4
grid_12074,1094.38,273.59,229.58,364.19,4
grid_12075,1221.42,305.36,243.54,424.12,4
grid_12076,1053.04,263.26,221.91,305.76,4
grid_12077,996.52,249.13,184.41,293.11,4
grid_12078,1470.49,245.08,184.41,279.52,6
grid_12079,1079.75,269.94,261.36,279.52,4
grid_12080,1060.5,265.12,229.58,305.76,4
grid_12081,854.64,213.66,188.94,231.56,4
grid_12082,956.74,239.18,212.23,262.81,4
grid_12083,1149.26,191.54,138.75,265.7,6
grid_12084,1015.34,253.84,236.7,265.7,4
grid_12085,961.48,240.37,212.21,295.79,4
grid_12086,619.59,154.9,132.88,185.47,4
grid_12087,1000.31,166.72,132.88,265.7,6
grid_12088,871.89,217.97,177.98,250.13,4
grid_12089,879.35,219.84,177.98,265.7,4
grid_12090,1643.78,273.96,212.21,321.26,6
grid_12091,2015.69,251.96,210.16,305.59,8
grid_12092,1707.47,284.58,210.16,456.57,6
grid_12093,1122.26,187.04,123.26,254.13,6
grid_12094,1052.79,175.47,129.19,218.33,6
grid_12095,478.43,119.61,104.02,139.09,4
grid_12096,686.66,137.33,112.05,162.5,5
grid_12097,496.91,124.23,104.02,137.8,4
grid_12098,724.16,181.04,131.82,237.02,4
grid_12099,919.27,229.82,214.41,241.8,4
grid_12100,918.64,229.66,217.51,241.8,4
grid_12101,911.06,227.76,162.13,295.66,4
grid_12102,1202.02,300.5,221.94,425.71,4
grid_12103,1017.02,254.25,221.94,277.27,4
grid_12104,856.01,214.0,164.39,295.66,4
grid_12105,1007.64,251.91,162.13,306.89,4
grid_12106,1184.04,296.01,256.55,373.52,4
grid_12107,1730.67,288.44,229.59,425.71,6
grid_12108,1149.54,287.39,221.94,425.71,4
grid_12109,2010.0,335.0,241.63,453.94,6
grid_12110,1512.29,378.07,288.88,513.47,4
grid_12111,1183.22,295.8,224.77,373.52,4
grid_12112,1010.77,252.69,221.94,281.97,4
grid_12113,1218.63,304.66,256.55,373.52,4
grid_12114,1563.17,390.79,288.88,513.47,4
grid_12115,1291.15,322.79,226.27,414.28,4
grid_12116,1005.05,251.26,239.91,263.26,4
grid_12117,1062.66,265.66,239.91,290.48,4
grid_12118,1215.82,303.95,281.97,336.78,4
grid_12119,1653.99,413.5,342.18,513.47,4
grid_12120,1174.34,293.59,224.77,336.78,4
grid_12121,2581.76,430.29,317.87,617.61,6
grid_12122,1224.2,306.05,226.27,404.51,4
grid_12123,1245.82,311.45,246.32,394.68,4
grid_12124,2978.76,744.69,495.5,1018.23,4
grid_12125,1689.07,422.27,238.49,543.32,4
grid_12126,1542.1,385.53,340.02,415.89,4
grid_12127,1492.14,373.04,340.02,415.89,4
grid_12128,4430.18,1107.54,543.32,1567.81,4
grid_12129,1683.16,420.79,286.95,551.37,4
grid_12130,4223.14,1055.79,404.51,1707.5,4
grid_12131,2753.42,458.9,378.89,576.82,6
grid_12132,1482.95,370.74,320.94,415.89,4
grid_12133,2449.12,408.19,328.75,475.85,6
grid_12134,2156.13,539.03,441.95,644.91,4
grid_12135,1346.13,336.53,276.39,378.89,4
grid_12136,1297.92,324.48,276.39,362.1,4
grid_12137,1446.04,361.51,313.44,415.89,4
grid_12138,3110.85,777.71,669.19,896.68,4
grid_12139,2667.04,666.76,593.42,759.53,4
grid_12140,1237.39,309.35,250.54,370.72,4
grid_12141,2059.42,343.24,251.59,453.94,6
grid_12142,1707.75,426.94,342.18,513.47,4
grid_12143,1721.72,430.43,354.93,568.44,4
grid_12144,1214.51,303.63,199.31,384.06,4
grid_12145,1421.68,355.42,306.21,409.08,4
grid_12146,1111.26,277.82,239.91,319.0,4
grid_12147,1135.6,283.9,239.91,319.0,4
grid_12148,1322.56,330.64,286.22,409.08,4
grid_12149,1214.67,303.67,199.31,398.17,4
grid_12150,1926.1,321.02,263.26,398.17,6
grid_12151,3035.39,758.85,354.93,1707.5,4
grid_12152,3447.98,574.66,394.68,918.61,6
grid_12153,4399.12,879.82,543.86,1300.81,5
grid_12154,1442.64,360.66,286.95,450.17,4
grid_12155,1883.66,470.91,406.1,551.37,4
grid_12156,6825.24,1706.31,1300.81,2048.97,4
grid_12157,2073.78,518.44,476.03,551.37,4
grid_12158,7282.75,1820.69,1567.81,2048.97,4
grid_12159,1310.01,327.5,271.1,370.72,4
grid_12160,6816.49,1136.08,502.52,1907.66,6
grid_12161,1492.87,373.22,271.1,450.17,4
grid_12162,4816.92,1204.23,568.44,1958.47,4
grid_12163,1595.61,398.9,249.78,502.52,4
grid_12164,4087.41,1021.85,529.78,1958.47,4
grid_12165,1342.32,335.58,271.1,406.1,4
grid_12166,1412.54,353.13,249.78,476.03,4
grid_12167,1328.04,332.01,271.1,384.5,4
grid_12168,5742.28,1435.57,718.18,2048.97,4
grid_12169,5420.73,1355.18,718.18,2048.97,4
grid_12170,5999.55,999.92,367.28,1907.66,6
grid_12171,1823.98,455.99,288.97,582.5,4
grid_12172,879.28,219.82,168.77,288.97,4
grid_12173,1168.34,292.08,265.41,319.0,4
grid_12174,1590.78,265.13,181.52,338.34,6
grid_12175,1178.37,294.59,272.56,319.0,4
grid_12176,824.62,206.15,168.77,275.02,4
grid_12177,1362.08,340.52,251.17,409.08,4
grid_12178,1292.93,323.23,265.41,409.08,4
grid_12179,1623.48,405.87,222.23,582.5,4
grid_12180,1151.2,287.8,241.92,332.22,4
grid_12181,1190.54,297.63,250.54,369.76,4
grid_12182,2667.58,444.6,337.86,517.89,6
grid_12183,1222.29,305.57,232.75,379.9,4
grid_12184,3420.58,570.1,379.9,774.65,6
grid_12185,2191.82,547.95,499.38,673.33,4
grid_12186,1322.54,330.63,267.55,377.38,4
grid_12187,1431.56,357.89,307.85,384.5,4
grid_12188,1298.54,324.63,267.55,381.83,4
grid_12189,2522.69,630.67,498.0,774.1,4
grid_12190,2143.34,535.83,498.0,640.34,4
grid_12191,2679.65,669.91,478.2,1016.66,4
grid_12192,2683.19,670.8,293.33,1016.66,4
grid_12193,2082.37,520.59,293.33,745.93,4
grid_12194,2938.7,489.78,268.52,833.13,6
grid_12195,1187.43,296.86,249.78,367.28,4
grid_12196,1208.97,302.24,249.78,376.71,4
grid_12197,1411.3,352.83,280.63,384.5,4
grid_12198,1111.39,277.85,210.09,376.71,4
grid_12199,1843.2,460.8,340.16,655.03,4
grid_12200,980.8,245.2,200.35,301.84,4
grid_12201,1172.65,390.88,145.25,613.55,3
grid_12202,441.47,220.73,79.96,361.5,2
grid_12203,2454.47,409.08,79.96,613.55,6
grid_12204,1177.96,294.49,175.32,361.5,4
grid_12205,786.2,262.07,175.32,319.42,3
grid_12206,291.46,291.46,291.46,291.46,1
grid_12207,2325.53,387.59,290.14,551.81,6
grid_12208,1247.31,311.83,117.56,440.44,4
grid_12209,172.44,172.44,172.44,172.44,1
grid_12210,687.85,229.28,117.56,397.85,3
grid_12211,1120.68,280.17,234.85,328.12,4
grid_12212,1305.77,326.44,258.15,409.08,4
grid_12213,1679.07,419.77,275.34,676.75,4
grid_12214,1112.55,278.14,234.85,337.18,4
grid_12215,1392.84,348.21,275.34,404.5,4
grid_12216,1546.14,386.54,273.77,469.0,4
grid_12217,1833.47,458.37,409.08,509.44,4
grid_12218,1540.21,385.05,337.18,454.35,4
grid_12219,1189.47,297.37,275.34,317.64,4
grid_12220,1367.79,341.95,258.45,469.0,4
grid_12221,1303.2,325.8,251.89,440.44,4
grid_12222,1183.9,295.98,251.89,321.72,4
grid_12223,1886.01,314.33,258.45,366.57,6
grid_12224,1080.33,270.08,172.44,397.85,4
grid_12225,679.57,169.89,28.24,251.03,4
grid_12226,1225.12,306.28,232.46,440.44,4
grid_12227,1032.92,258.23,232.46,290.88,4
grid_12228,1420.81,355.2,282.18,440.44,4
grid_12229,329.8,164.9,78.77,251.03,2
grid_12230,1718.22,286.37,235.46,358.25,6
grid_12231,1276.78,319.19,282.36,339.6,4
grid_12232,1318.28,329.57,274.11,404.5,4
grid_12233,1771.78,442.95,366.93,509.44,4
grid_12234,1021.49,255.37,235.46,273.77,4
grid_12235,1142.11,285.53,236.23,317.64,4
grid_12236,1554.63,388.66,319.62,454.35,4
grid_12237,1257.62,314.4,253.81,404.5,4
grid_12238,1213.09,303.27,236.23,339.6,4
grid_12239,1490.98,372.74,340.39,441.07,4
grid_12240,1018.63,254.66,236.23,274.11,4
grid_12241,1097.64,274.41,235.46,305.66,4
grid_12242,1406.89,351.72,303.61,441.07,4
grid_12243,1184.0,296.0,271.9,325.54,4
grid_12244,1194.52,298.63,253.81,325.54,4
grid_12245,1095.85,273.96,236.23,319.62,4
grid_12246,1208.85,302.21,250.08,342.59,4
grid_12247,1369.06,342.26,302.72,389.74,4
grid_12248,1088.2,272.05,236.38,319.65,4
grid_12249,1190.51,297.63,268.52,342.59,4
grid_12250,1268.15,317.04,271.9,364.14,4
grid_12251,1092.98,273.24,78.77,474.34,4
grid_12252,1070.6,267.65,232.46,300.34,4
grid_12253,1002.71,250.68,232.46,260.89,4
grid_12254,1019.59,254.9,227.86,282.18,4
grid_12255,1138.46,284.62,269.81,300.34,4
grid_12256,1192.96,298.24,227.86,474.34,4
grid_12257,1751.24,291.87,235.46,374.06,6
grid_12258,1260.29,315.07,239.73,478.37,4
grid_12259,1020.93,255.23,249.61,260.89,4
grid_12260,1051.08,262.77,249.61,286.13,4
grid_12261,2242.87,560.72,239.73,1050.43,4
grid_12262,1091.98,272.99,263.66,286.13,4
grid_12263,1949.72,487.43,136.11,1050.43,4
grid_12264,1465.64,293.13,258.76,374.06,5
grid_12265,1725.24,431.31,272.37,660.86,4
grid_12266,1084.23,271.06,234.56,313.63,4
grid_12267,926.67,231.67,164.61,266.27,4
grid_12268,955.84,238.96,208.0,263.66,4
grid_12269,3369.04,842.26,136.11,1637.93,4
grid_12270,3827.6,956.9,478.37,1637.93,4
grid_12271,1068.78,267.19,236.38,303.61,4
grid_12272,1945.95,324.32,266.27,389.74,6
grid_12273,1699.02,283.17,239.85,321.44,6
grid_12274,1669.05,278.17,206.83,320.14,6
grid_12275,1119.4,279.85,259.23,319.65,4
grid_12276,1235.5,308.88,226.09,389.74,4
grid_12277,1705.4,284.23,226.09,389.74,6
grid_12278,1472.21,245.37,171.33,306.04,6
grid_12279,1219.59,304.9,255.53,364.14,4
grid_12280,1182.54,295.63,248.59,321.44,4
grid_12281,880.98,220.25,164.61,258.76,4
grid_12282,1018.84,254.71,204.96,313.63,4
grid_12283,795.32,198.83,164.61,243.23,4
grid_12284,2003.66,500.92,265.69,763.48,4
grid_12285,1108.43,221.69,164.61,243.23,5
grid_12286,2869.68,717.42,99.32,1637.93,4
grid_12287,3650.13,912.53,587.86,1637.93,4
grid_12288,827.0,206.75,179.48,234.56,4
grid_12289,1333.42,222.24,179.48,258.61,6
grid_12290,2083.6,347.27,173.77,763.48,6
grid_12291,1589.57,264.93,226.09,341.03,6
grid_12292,1223.17,244.63,171.33,319.83,5
grid_12293,2189.81,243.31,193.72,306.46,9
grid_12294,1524.4,254.07,170.55,341.03,6
grid_12295,1446.73,241.12,170.55,319.83,6
grid_12296,1085.3,271.32,206.83,320.14,4
grid_12297,1391.72,347.93,248.59,440.56,4
grid_12298,1401.66,350.42,306.46,424.23,4
grid_12299,1229.58,307.4,265.96,359.81,4
grid_12300,1306.85,326.71,245.54,424.23,4
grid_12301,11811.29,1968.55,1139.6,4213.85,6
grid_12302,21269.52,3544.92,1139.6,9124.33,6
grid_12303,16782.3,3356.46,901.25,9124.33,5
grid_12304,12314.5,1368.28,600.52,2735.01,9
grid_12305,4532.56,906.51,632.74,1232.3,5
grid_12306,4607.65,767.94,498.96,1244.76,6
grid_12307,4082.42,1020.6,785.46,1471.94,4
grid_12308,5103.1,850.52,560.66,1232.3,6
grid_12309,3374.65,674.93,498.96,879.53,5
grid_12310,3924.02,981.01,751.34,1244.76,4
grid_12311,2144.78,357.46,250.08,529.68,6
grid_12312,3857.5,642.92,480.86,775.52,6
grid_12313,2770.02,461.67,341.32,609.08,6
grid_12314,4568.03,761.34,610.67,966.99,6
grid_12315,3310.39,551.73,369.15,711.07,6
grid_12316,3393.91,848.48,704.61,1172.88,4
grid_12317,2459.02,614.75,507.39,751.24,4
grid_12318,3168.7,792.18,609.08,1172.88,4
grid_12319,2770.46,307.83,239.85,390.42,9
grid_12320,2768.58,692.14,507.39,805.34,4
grid_12321,4286.65,1071.66,751.34,1471.94,4
grid_12322,4203.42,1050.85,785.46,1597.5,4
grid_12323,3380.59,845.15,751.34,993.64,4
grid_12324,3772.45,628.74,447.49,847.29,6
grid_12325,2152.71,538.18,447.49,645.6,4
grid_12326,2406.65,601.66,560.66,645.6,4
grid_12327,4266.26,1066.56,751.34,1597.5,4
grid_12328,3216.12,536.02,396.94,847.29,6
grid_12329,2465.04,616.26,533.39,723.73,4
grid_12330,2023.42,505.86,396.94,645.6,4
grid_12331,2383.67,476.73,341.32,675.67,5
grid_12332,2835.38,708.84,507.39,944.6,4
grid_12333,2095.12,349.19,248.59,442.41,6
grid_12334,3161.99,790.5,367.19,1676.72,4
grid_12335,5537.33,1384.33,805.34,2614.51,4
grid_12336,2371.5,592.88,507.39,723.73,4
grid_12337,6139.78,1534.95,675.67,2614.51,4
grid_12338,2393.79,598.45,476.93,723.73,4
grid_12339,2577.31,644.33,476.93,944.6,4
grid_12340,4063.3,1015.83,442.41,1676.72,4
grid_12341,2451.4,408.57,328.75,479.79,6
grid_12342,2100.6,525.15,475.85,644.91,4
grid_12343,1073.13,268.28,232.75,313.44,4
grid_12344,1175.75,293.94,232.75,337.86,4
grid_12345,3200.42,800.1,646.31,897.9,4
grid_12346,2550.8,637.7,500.05,759.53,4
grid_12347,1998.95,499.74,479.79,513.5,4
grid_12348,2292.32,573.08,500.05,646.31,4
grid_12349,1022.63,255.66,232.75,271.78,4
grid_12350,2958.66,739.66,640.34,897.9,4
grid_12351,3290.5,822.62,560.54,993.64,4
grid_12352,4808.99,1202.25,889.03,1597.5,4
grid_12353,4720.9,1180.22,896.68,1597.5,4
grid_12354,2599.27,433.21,380.24,560.54,6
grid_12355,1872.44,468.11,393.22,548.89,4
grid_12356,3763.2,940.8,720.57,1328.82,4
grid_12357,2421.1,605.27,533.39,723.73,4
grid_12358,3825.6,956.4,774.1,1328.82,4
grid_12359,2624.89,656.22,454.75,889.03,4
grid_12360,1953.08,488.27,393.22,548.89,4
grid_12361,1745.05,290.84,238.92,358.82,6
grid_12362,1221.22,305.31,245.54,359.81,4
grid_12363,1252.52,313.13,265.96,410.2,4
grid_12364,3132.4,783.1,410.2,1690.83,4
grid_12365,1838.41,306.4,255.68,364.93,6
grid_12366,1356.95,339.24,266.89,424.23,4
grid_12367,1495.69,373.92,296.05,488.6,4
grid_12368,1610.56,402.64,283.99,488.6,4
grid_12369,1407.41,351.85,296.05,424.23,4
grid_12370,1763.17,440.79,283.99,590.82,4
grid_12371,2721.73,453.62,248.59,784.28,6
grid_12372,5257.29,1314.32,577.73,2614.51,4
grid_12373,6571.58,1642.9,1120.46,2614.51,4
grid_12374,2572.84,643.21,400.83,1120.46,4
grid_12375,5168.69,1033.74,423.32,1829.7,5
grid_12376,1977.07,494.27,417.16,615.09,4
grid_12377,6926.22,1154.37,423.32,1829.7,6
grid_12378,3768.68,942.17,473.82,1159.89,4
grid_12379,1872.65,468.16,400.83,577.73,4
grid_12380,1796.37,449.09,400.83,473.82,4
grid_12381,2884.04,721.01,610.25,824.78,4
grid_12382,2980.89,745.22,674.91,824.78,4
grid_12383,2107.13,526.78,467.89,615.09,4
grid_12384,2646.39,441.06,380.24,535.71,6
grid_12385,2397.71,599.43,454.75,760.63,4
grid_12386,2382.36,595.59,503.92,674.91,4
grid_12387,2073.02,518.25,469.4,592.65,4
grid_12388,2013.26,503.31,467.89,600.7,4
grid_12389,2709.2,677.3,593.28,760.63,4
grid_12390,2393.69,598.42,461.75,760.63,4
grid_12391,2434.84,405.81,262.14,904.16,6
grid_12392,2035.04,508.76,439.68,628.61,4
grid_12393,1211.57,302.89,266.89,335.89,4
grid_12394,1566.97,391.74,287.46,488.6,4
grid_12395,5079.85,1269.96,590.82,1818.76,4
grid_12396,2677.03,669.26,478.16,979.45,4
grid_12397,1278.34,319.59,287.46,351.24,4
grid_12398,1370.59,342.65,303.76,431.94,4
grid_12399,2807.13,467.86,305.04,904.16,6
grid_12400,3997.26,999.32,491.75,1818.76,4
grid_12401,1351.26,225.21,173.77,271.49,6
grid_12402,408.61,136.2,99.32,169.51,3
grid_12403,1522.53,253.76,215.66,358.82,6
grid_12404,1961.83,490.46,228.62,763.48,4
grid_12405,1313.71,218.95,179.48,271.49,6
grid_12406,1225.09,245.02,99.32,587.86,5
grid_12407,2050.47,227.83,139.78,321.71,9
grid_12408,1564.31,312.86,231.36,393.11,5
grid_12409,1296.09,324.02,215.66,364.93,4
grid_12410,1062.55,265.64,204.0,393.11,4
grid_12411,883.16,176.63,90.99,232.61,5
grid_12412,880.36,220.09,195.18,247.1,4
grid_12413,1773.72,295.62,228.62,381.87,6
grid_12414,1014.61,253.65,195.18,356.67,4
grid_12415,800.52,200.13,194.46,206.5,4
grid_12416,2578.82,644.71,356.67,953.06,4
grid_12417,1376.34,344.09,284.83,407.88,4
grid_12418,1392.9,348.22,234.08,407.88,4
grid_12419,1930.72,482.68,247.1,953.06,4
grid_12420,1142.5,285.62,283.56,290.52,4
grid_12421,1212.9,303.22,234.08,373.89,4
grid_12422,1408.25,234.71,194.46,283.59,6
grid_12423,1139.4,284.85,190.03,407.88,4
grid_12424,1290.83,322.71,256.66,407.88,4
grid_12425,918.05,229.51,159.6,284.83,4
grid_12426,1147.52,191.25,138.93,283.59,6
grid_12427,2733.44,683.36,427.22,953.06,4
grid_12428,2040.64,510.16,264.68,953.06,4
grid_12429,1264.86,316.22,264.68,373.89,4
grid_12430,721.0,180.25,151.08,206.5,4
grid_12431,286.57,143.29,90.99,195.58,2
grid_12432,572.4,190.8,170.31,206.5,3
grid_12433,751.88,187.97,159.44,215.62,4
grid_12434,560.28,186.76,170.31,215.62,3
grid_12435,760.14,190.04,159.44,215.62,4
grid_12436,555.02,185.01,164.16,216.52,3
grid_12437,797.58,199.39,174.34,216.52,4
grid_12438,886.7,221.67,191.1,255.84,4
grid_12439,841.5,210.37,164.16,257.34,4
grid_12440,642.07,214.02,164.16,257.34,3
grid_12441,1060.7,265.17,190.03,315.53,4
grid_12442,658.53,164.63,151.08,193.98,4
grid_12443,980.44,163.41,138.93,213.78,6
grid_12444,878.95,219.74,159.6,315.53,4
grid_12445,1061.73,265.43,238.13,298.47,4
grid_12446,1431.29,357.82,263.56,449.01,4
grid_12447,992.9,248.23,221.62,268.46,4
grid_12448,1198.88,299.72,221.62,449.01,4
grid_12449,1180.23,295.06,277.28,315.53,4
grid_12450,773.73,193.43,154.02,245.78,4
grid_12451,1064.03,266.01,238.13,298.47,4
grid_12452,1232.18,308.04,263.56,376.3,4
grid_12453,983.98,245.99,221.62,274.07,4
grid_12454,1278.02,213.0,154.02,304.13,6
grid_12455,1060.06,265.02,221.62,300.81,4
grid_12456,1122.4,280.6,213.78,315.53,4
grid_12457,1100.11,275.03,263.33,288.95,4
grid_12458,769.06,192.27,167.78,245.78,4
grid_12459,1124.99,281.25,263.33,304.13,4
grid_12460,1546.64,386.66,300.81,434.93,4
grid_12461,866.94,216.73,191.1,255.84,4
grid_12462,911.28,227.82,203.48,257.34,4
grid_12463,897.12,224.28,175.55,255.84,4
grid_12464,912.36,304.12,220.57,371.52,3
grid_12465,1031.49,257.87,220.57,320.26,4
grid_12466,896.42,224.1,203.48,255.84,4
grid_12467,999.74,249.93,217.15,276.93,4
grid_12468,925.44,231.36,175.55,279.22,4
grid_12469,785.98,196.5,2.77,371.52,4
grid_12470,1093.39,273.35,233.31,320.26,4
grid_12471,1096.25,274.06,250.15,298.27,4
grid_12472,1093.03,273.26,250.15,298.27,4
grid_12473,1280.01,320.0,270.54,434.59,4
grid_12474,1415.19,235.86,167.78,304.13,6
grid_12475,1429.32,357.33,270.54,434.59,4
grid_12476,1504.91,250.82,222.52,275.37,6
grid_12477,1147.15,229.43,167.78,268.58,5
grid_12478,1726.01,431.5,413.87,442.62,4
grid_12479,879.19,219.8,167.78,279.22,4
grid_12480,1188.34,297.08,270.54,310.32,4
grid_12481,960.16,240.04,217.15,272.35,4
grid_12482,1224.94,306.24,262.89,371.52,4
grid_12483,1235.01,308.75,262.89,371.13,4
grid_12484,1169.2,292.3,248.79,371.13,4
grid_12485,1031.49,257.87,235.33,279.22,4
grid_12486,194.91,97.45,8.04,186.87,2
grid_12487,1037.54,172.92,8.04,270.27,6
grid_12488,1033.18,258.3,242.94,279.22,4
grid_12489,1014.8,253.7,242.94,272.35,4
grid_12490,1069.49,267.37,212.26,324.07,4
grid_12491,1183.63,295.91,270.55,309.21,4
grid_12492,1114.85,278.71,263.33,305.6,4
grid_12493,954.13,238.53,222.52,256.64,4
grid_12494,1126.99,281.75,266.12,305.6,4
grid_12495,2073.13,518.28,413.87,765.16,4
grid_12496,1242.2,310.55,266.12,361.28,4
grid_12497,1306.64,326.66,309.21,361.28,4
grid_12498,1501.51,375.38,310.32,451.49,4
grid_12499,1503.29,250.55,222.52,279.91,6
grid_12500,1532.2,255.37,239.64,279.91,6
grid_12501,2562.07,640.52,460.04,1014.51,4
grid_12502,1811.01,452.75,400.83,531.34,4
grid_12503,2017.09,504.27,417.16,600.7,4
grid_12504,8397.03,1399.51,613.7,2077.69,6
grid_12505,7416.98,1854.24,1690.83,2077.69,4
grid_12506,1782.98,445.75,401.33,461.68,4
grid_12507,4846.55,1211.64,458.36,2077.69,4
grid_12508,2085.89,521.47,464.79,600.7,4
grid_12509,1942.01,485.5,459.93,531.34,4
grid_12510,5241.9,873.65,431.27,2077.69,6
grid_12511,3032.72,505.45,420.72,592.65,6
grid_12512,2427.77,606.94,503.92,767.23,4
grid_12513,2122.49,530.62,459.59,600.85,4
grid_12514,3001.74,750.43,593.28,960.85,4
grid_12515,1994.49,498.62,459.59,600.7,4
grid_12516,2697.28,674.32,490.93,960.85,4
grid_12517,3379.85,563.31,490.93,600.85,6
grid_12518,3293.31,823.33,565.13,1044.36,4
grid_12519,4249.54,1062.38,563.33,1887.06,4
grid_12520,4659.5,1164.87,767.23,1887.06,4
grid_12521,2209.03,552.26,407.82,732.93,4
grid_12522,3048.3,762.07,628.61,979.45,4
grid_12523,1367.13,341.78,287.46,446.06,4
grid_12524,1581.01,395.25,287.46,446.06,4
grid_12525,2308.43,384.74,329.85,431.94,6
grid_12526,2305.03,576.26,491.75,707.31,4
grid_12527,2143.89,535.97,407.82,823.22,4
grid_12528,1657.13,414.28,329.85,466.8,4
grid_12529,2850.76,712.69,407.82,886.79,4
grid_12530,2917.91,729.48,590.88,886.79,4
grid_12531,1906.34,476.59,401.33,613.7,4
grid_12532,1650.71,412.68,353.47,459.93,4
grid_12533,1936.44,484.11,458.36,515.09,4
grid_12534,1814.16,453.54,429.2,489.05,4
grid_12535,1505.07,376.27,319.0,431.27,4
grid_12536,1803.86,450.96,420.82,489.05,4
grid_12537,2564.02,427.34,319.0,513.97,6
grid_12538,1598.18,399.54,353.47,436.98,4
grid_12539,1997.85,499.46,471.24,515.09,4
grid_12540,2372.57,395.43,319.0,510.66,6
grid_12541,1895.53,379.11,291.51,431.94,5
grid_12542,2044.47,511.12,437.63,590.88,4
grid_12543,3301.35,825.34,604.23,987.11,4
grid_12544,3987.58,996.89,466.8,1710.45,4
grid_12545,2519.53,629.88,437.63,886.79,4
grid_12546,4115.29,1028.82,414.43,1710.45,4
grid_12547,1556.31,389.08,291.51,550.74,4
grid_12548,4275.91,712.65,337.77,1523.61,6
grid_12549,1862.78,465.69,437.63,500.87,4
grid_12550,3343.44,835.86,604.23,1037.97,4
grid_12551,2238.91,559.73,459.59,649.44,4
grid_12552,1874.23,468.56,420.82,529.03,4
grid_12553,3788.43,631.41,565.13,722.97,6
grid_12554,7242.22,1207.04,650.72,2192.74,6
grid_12555,6762.6,1690.65,1031.91,2561.19,4
grid_12556,2346.31,586.58,529.03,649.44,4
grid_12557,3498.86,699.77,630.98,844.75,5
grid_12558,2020.93,505.23,420.82,536.86,4
grid_12559,7685.35,1921.34,1044.36,2561.19,4
grid_12560,7144.84,1786.21,1019.82,2561.19,4
grid_12561,1798.88,449.72,429.2,496.72,4
grid_12562,1880.96,470.24,420.82,534.22,4
grid_12563,1387.88,346.97,319.0,371.75,4
grid_12564,1651.01,412.75,351.53,490.75,4
grid_12565,1908.43,477.11,440.64,510.66,4
grid_12566,1408.92,352.23,341.99,371.75,4
grid_12567,2211.74,552.93,496.72,632.38,4
grid_12568,2461.54,410.26,341.99,510.66,6
grid_12569,1972.86,493.22,436.98,548.41,4
grid_12570,2706.72,451.12,341.99,602.35,6
grid_12571,1848.03,462.01,376.3,550.74,4
grid_12572,7110.68,1777.67,987.11,3375.15,4
grid_12573,2239.63,559.91,437.63,714.14,4
grid_12574,10042.04,2510.51,1523.61,3432.82,4
grid_12575,8600.52,1433.42,486.06,3432.82,6
grid_12576,2054.26,513.56,440.64,589.98,4
grid_12577,1944.8,486.2,434.93,581.19,4
grid_12578,7280.73,1820.18,647.7,3375.15,4
grid_12579,12036.52,3009.13,2219.92,3432.82,4
grid_12580,2347.57,586.89,483.63,714.14,4
grid_12581,2927.54,731.88,630.98,844.75,4
grid_12582,2502.33,625.58,536.86,685.05,4
grid_12583,2352.91,588.23,534.22,649.44,4
grid_12584,9778.07,2444.52,2192.74,2742.75,4
grid_12585,9907.6,1651.27,766.76,2742.75,6
grid_12586,2064.53,516.13,385.01,649.44,4
grid_12587,2630.7,657.67,536.56,766.76,4
grid_12588,6793.08,1132.18,665.9,2281.39,6
grid_12589,2268.75,567.19,397.69,685.05,4
grid_12590,7795.49,1948.87,1218.3,2742.75,4
grid_12591,1476.06,369.02,341.99,401.83,4
grid_12592,2039.26,509.82,440.64,602.35,4
grid_12593,1926.83,481.71,399.19,548.41,4
grid_12594,2054.28,513.57,385.01,632.38,4
grid_12595,1643.3,410.82,351.53,490.75,4
grid_12596,1646.04,411.51,262.52,495.86,4
grid_12597,2748.23,458.04,380.72,602.35,6
grid_12598,2083.34,520.83,445.19,602.35,4
grid_12599,1653.54,413.38,284.2,495.86,4
grid_12600,1939.16,387.83,310.91,424.07,5
grid_12601,8124.67,1354.11,642.33,2742.75,6
grid_12602,3815.29,763.06,544.45,1218.3,5
grid_12603,5922.26,658.03,421.1,1553.05,9
grid_12604,1537.49,307.5,228.22,397.69,5
grid_12605,5018.73,836.46,471.13,1553.05,6
grid_12606,2838.67,473.11,305.87,642.33,6
grid_12607,2115.47,352.58,228.22,536.56,6
grid_12608,1988.97,497.24,442.08,544.45,4
grid_12609,1192.36,298.09,205.79,421.1,4
grid_12610,2411.39,602.85,531.31,711.72,4
grid_12611,2959.62,739.91,559.82,1037.97,4
grid_12612,11175.1,1862.52,486.06,3432.82,6
grid_12613,2718.88,679.72,442.62,929.91,4
grid_12614,2100.5,525.13,474.72,589.98,4
grid_12615,4078.3,1019.57,507.5,2219.92,4
grid_12616,6860.06,1715.02,703.18,3008.63,4
grid_12617,2065.15,516.29,440.62,589.98,4
grid_12618,9181.58,1530.26,581.19,3008.63,6
grid_12619,2155.64,538.91,440.62,647.7,4
grid_12620,5466.34,911.06,484.68,1612.38,6
grid_12621,1374.44,343.61,262.52,401.83,4
grid_12622,2335.54,467.11,424.07,494.0,5
grid_12623,3471.1,385.68,260.96,494.0,9
grid_12624,1833.88,458.47,411.31,495.79,4
grid_12625,1963.36,327.23,210.17,495.86,6
grid_12626,1644.89,274.15,218.4,310.91,6
grid_12627,1727.36,287.89,210.17,495.86,6
grid_12628,1259.44,314.86,210.17,486.46,4
grid_12629,2728.72,454.79,356.87,578.8,6
grid_12630,2799.48,466.58,365.87,534.28,6
grid_12631,1750.8,437.7,368.97,495.79,4
grid_12632,3303.6,825.9,765.16,929.91,4
grid_12633,1811.03,452.76,368.97,526.71,4
grid_12634,2366.16,591.54,507.5,703.18,4
grid_12635,2660.56,665.14,484.68,928.33,4
grid_12636,2085.95,521.49,440.62,611.12,4
grid_12637,2484.76,414.13,298.62,578.8,6
grid_12638,3449.04,574.84,442.81,787.8,6
grid_12639,2422.14,605.54,370.79,820.74,4
grid_12640,2535.69,633.92,544.36,769.19,4
grid_12641,2393.73,398.96,259.6,471.13,6
grid_12642,972.85,243.21,205.79,305.87,4
grid_12643,1706.91,284.48,228.22,432.98,6
grid_12644,1844.42,461.1,340.43,623.9,4
grid_12645,820.17,205.04,177.05,259.6,4
grid_12646,1661.97,276.99,177.73,442.08,6
grid_12647,800.86,200.21,177.05,232.96,4
grid_12648,1527.67,381.92,213.85,531.31,4
grid_12649,1151.46,287.86,185.05,432.98,4
grid_12650,1511.94,377.99,340.43,438.89,4
grid_12651,3574.24,595.71,452.9,769.19,6
grid_12652,2657.7,442.95,298.62,540.32,6
grid_12653,2164.02,541.0,484.68,611.02,4
grid_12654,2484.34,414.06,370.79,447.56,6
grid_12655,3701.57,616.93,498.23,769.19,6
grid_12656,3917.58,489.7,423.48,615.21,8
grid_12657,1535.33,383.83,298.62,483.3,4
grid_12658,4410.67,551.33,426.21,615.21,8
grid_12659,1594.1,398.53,298.62,452.9,4
grid_12660,2840.36,568.07,446.04,769.19,5
grid_12661,1220.0,305.0,210.17,432.98,4
grid_12662,1420.68,355.17,286.43,486.46,4
grid_12663,2477.22,412.87,305.67,510.86,6
grid_12664,1449.91,362.48,309.54,486.46,4
grid_12665,1439.68,359.92,276.39,486.46,4
grid_12666,1605.52,401.38,356.87,483.3,4
grid_12667,1692.51,423.13,365.87,494.12,4
grid_12668,1318.33,329.58,276.39,374.17,4
grid_12669,2419.04,403.17,311.8,510.86,6
grid_12670,2086.23,347.71,263.47,494.12,6
grid_12671,1877.6,312.93,177.73,506.64,6
grid_12672,897.11,224.28,177.05,336.57,4
grid_12673,759.18,189.79,177.05,205.75,4
grid_12674,1390.61,347.65,213.85,452.48,4
grid_12675,1051.01,262.75,185.05,374.17,4
grid_12676,2898.62,483.1,296.12,680.48,6
grid_12677,1394.9,348.72,205.75,501.48,4
grid_12678,2376.22,475.24,336.57,579.05,5
grid_12679,942.16,235.54,191.32,351.1,4
grid_12680,1511.65,377.91,296.12,438.89,4
grid_12681,1302.39,325.6,309.54,369.33,4
grid_12682,2151.97,537.99,367.29,767.25,4
grid_12683,1631.81,407.95,309.54,643.26,4
grid_12684,1611.72,402.93,358.62,483.3,4
grid_12685,1572.62,393.16,320.4,494.12,4
grid_12686,1537.83,384.46,278.89,579.92,4
grid_12687,2048.73,512.18,229.49,767.25,4
grid_12688,1359.97,339.99,291.91,387.0,4
grid_12689,1655.62,413.91,291.91,643.26,4
grid_12690,1787.03,446.76,358.62,579.92,4
grid_12691,1674.66,418.66,370.31,483.3,4
grid_12692,1987.17,496.79,433.92,600.91,4
grid_12693,1756.4,439.1,378.2,498.23,4
grid_12694,2675.68,445.95,316.55,600.91,6
grid_12695,1651.77,412.94,316.55,485.53,4
grid_12696,1645.29,411.32,378.2,446.04,4
grid_12697,1921.16,480.29,423.48,584.24,4
grid_12698,1706.33,426.58,370.31,478.17,4
grid_12699,1771.1,442.77,378.2,535.06,4
grid_12700,2786.04,464.34,316.55,656.79,6
grid_12701,940.77,235.19,203.27,260.3,4
grid_12702,1167.9,194.65,151.05,218.67,6
grid_12703,566.92,141.73,11.28,201.69,4
grid_12704,178.37,89.18,11.28,167.08,2
grid_12705,1169.31,292.33,248.79,371.13,4
grid_12706,995.79,248.95,242.57,261.49,4
grid_12707,1006.83,251.71,197.35,324.07,4
grid_12708,1256.24,314.06,273.15,371.13,4
grid_12709,949.08,237.27,203.27,260.3,4
grid_12710,902.01,225.5,194.74,262.13,4
grid_12711,979.79,244.95,235.33,262.94,4
grid_12712,1308.0,327.0,262.56,361.28,4
grid_12713,2609.75,652.44,451.49,820.74,4
grid_12714,1059.18,264.79,253.39,279.91,4
grid_12715,1708.01,427.0,325.83,572.36,4
grid_12716,1149.72,287.43,259.77,361.28,4
grid_12717,1084.86,271.21,241.87,317.92,4
grid_12718,1099.95,274.99,253.39,294.73,4
grid_12719,1978.29,494.57,358.32,572.36,4
grid_12720,2272.5,568.12,370.79,820.74,4
grid_12721,459.98,153.33,96.31,196.58,3
grid_12722,988.28,247.07,218.09,287.9,4
grid_12723,982.66,245.67,200.82,287.9,4
grid_12724,927.85,231.96,205.7,261.49,4
grid_12725,846.28,211.57,194.74,242.57,4
grid_12726,96.31,96.31,96.31,96.31,1
grid_12727,1174.91,195.82,151.05,273.15,6
grid_12728,748.21,187.05,167.08,201.69,4
grid_12729,892.39,178.48,151.05,201.69,5
grid_12730,956.9,239.23,194.74,263.66,4
grid_12731,1685.08,280.85,253.39,317.92,6
grid_12732,1520.89,380.22,262.56,539.0,4
grid_12733,1178.06,294.51,259.77,361.0,4
grid_12734,2061.46,412.29,370.79,508.6,5
grid_12735,1959.31,489.83,382.37,539.0,4
grid_12736,1217.65,304.41,262.13,373.94,4
grid_12737,2052.0,513.0,361.0,622.66,4
grid_12738,2191.86,365.31,292.06,455.48,6
grid_12739,1492.53,373.13,292.06,458.12,4
grid_12740,1736.51,434.13,294.73,622.66,4
grid_12741,740.07,185.02,159.44,202.69,4
grid_12742,809.25,202.31,182.86,227.12,4
grid_12743,982.89,245.72,205.7,281.1,4
grid_12744,828.78,207.2,191.79,220.8,4
grid_12745,914.8,228.7,194.74,277.99,4
grid_12746,716.8,179.2,96.31,227.12,4
grid_12747,473.73,118.43,18.81,196.78,4
grid_12748,1133.51,188.92,159.44,200.82,6
grid_12749,935.37,233.84,215.38,281.1,4
grid_12750,1098.95,274.74,236.37,303.19,4
grid_12751,161.82,161.82,161.82,161.82,1
grid_12752,192.57,96.29,30.49,162.08,2
grid_12753,536.41,134.1,25.45,187.06,4
grid_12754,224.64,112.32,49.78,174.86,2
grid_12755,731.06,182.77,162.08,199.04,4
grid_12756,550.31,137.58,30.49,182.88,4
grid_12757,63.65,63.65,63.65,63.65,1
grid_12758,775.3,193.83,182.88,200.31,4
grid_12759,710.13,142.03,49.78,227.37,5
grid_12760,745.28,186.32,174.86,194.47,4
grid_12761,2647.21,441.2,377.79,529.34,6
grid_12762,2939.24,489.87,393.92,622.66,6
grid_12763,3190.79,531.8,434.25,622.66,6
grid_12764,3192.38,532.06,447.62,631.17,6
grid_12765,1295.9,323.98,263.66,373.94,4
grid_12766,2649.79,441.63,371.79,584.24,6
grid_12767,2512.51,418.75,362.56,480.69,6
grid_12768,1971.67,492.92,393.92,621.86,4
grid_12769,2026.21,337.7,295.74,382.24,6
grid_12770,3963.42,440.38,358.2,631.17,9
grid_12771,724.32,181.08,161.82,196.78,4
grid_12772,1161.16,193.53,183.23,202.33,6
grid_12773,1007.46,251.86,215.38,281.1,4
grid_12774,1074.04,268.51,234.34,281.1,4
grid_12775,747.7,186.92,166.7,202.69,4
grid_12776,787.97,196.99,166.7,227.12,4
grid_12777,794.02,198.5,178.65,227.12,4
grid_12778,839.86,209.97,191.79,230.37,4
grid_12779,1051.89,262.97,234.34,303.19,4
grid_12780,1800.31,300.05,288.1,319.14,6
grid_12781,814.04,203.51,166.7,239.55,4
grid_12782,1681.42,280.24,234.34,303.19,6
grid_12783,1340.45,268.09,234.34,284.46,5
grid_12784,756.07,189.02,178.65,199.04,4
grid_12785,1167.42,194.57,162.58,234.82,6
grid_12786,978.25,244.56,208.91,280.61,4
grid_12787,824.3,206.08,166.7,239.55,4
grid_12788,777.75,194.44,178.65,216.32,4
grid_12789,830.61,207.65,189.01,230.37,4
grid_12790,1341.13,335.28,288.65,385.11,4
grid_12791,2233.06,558.26,505.7,621.86,4
grid_12792,1806.16,451.54,395.22,561.8,4
grid_12793,2571.0,514.2,395.22,631.17,5
grid_12794,1693.25,423.31,393.92,450.19,4
grid_12795,1821.62,455.41,362.52,621.86,4
grid_12796,1889.01,472.25,362.52,621.86,4
grid_12797,1753.15,438.29,387.05,501.01,4
grid_12798,1558.42,389.6,319.14,471.93,4
grid_12799,2225.66,445.13,376.18,502.12,5
grid_12800,2473.26,412.21,338.57,502.12,6
grid_12801,1526.73,381.68,191.32,767.25,4
grid_12802,2813.82,468.97,262.28,680.48,6
grid_12803,2084.95,521.24,462.61,579.05,4
grid_12804,1745.36,436.34,350.97,541.82,4
grid_12805,1087.95,271.99,191.9,351.1,4
grid_12806,1214.91,303.73,262.28,392.79,4
grid_12807,1382.62,345.65,191.9,767.25,4
grid_12808,993.5,248.37,191.9,350.97,4
grid_12809,1076.79,269.2,207.95,342.85,4
grid_12810,1638.65,409.66,284.84,541.82,4
grid_12811,1832.67,458.17,316.55,544.9,4
grid_12812,1768.98,442.24,378.2,535.06,4
grid_12813,1778.97,444.74,421.8,469.14,4
grid_12814,2076.71,519.18,485.53,584.24,4
grid_12815,3190.39,531.73,380.9,723.43,6
grid_12816,2022.07,505.52,433.33,590.61,4
grid_12817,2388.0,597.0,485.68,723.43,4
grid_12818,1940.3,485.08,392.84,590.61,4
grid_12819,1664.67,416.17,380.9,469.14,4
grid_12820,1909.46,477.37,433.33,534.89,4
grid_12821,2172.53,362.09,263.47,553.43,6
grid_12822,2699.48,449.91,278.89,574.83,6
grid_12823,1894.57,473.64,278.89,660.44,4
grid_12824,2253.43,563.36,478.17,660.44,4
grid_12825,1442.58,360.64,291.91,408.74,4
grid_12826,1560.3,390.07,291.91,530.01,4
grid_12827,1252.55,313.14,223.77,408.74,4
grid_12828,1237.18,309.3,223.77,390.56,4
grid_12829,2487.25,497.45,375.32,574.83,5
grid_12830,1335.39,333.85,234.46,390.56,4
grid_12831,1489.85,372.46,247.67,541.82,4
grid_12832,2246.06,374.34,262.28,533.27,6
grid_12833,848.11,212.03,191.9,229.49,4
grid_12834,1209.16,302.29,247.67,349.38,4
grid_12835,950.05,237.51,202.95,274.85,4
grid_12836,2052.49,342.08,284.84,406.98,6
grid_12837,1251.21,312.8,207.95,406.98,4
grid_12838,1263.22,315.81,284.84,349.38,4
grid_12839,1039.68,259.92,202.95,388.39,4
grid_12840,1123.75,280.94,217.85,337.25,4
grid_12841,2024.3,506.07,383.38,633.98,4
grid_12842,1812.39,453.1,338.84,590.61,4
grid_12843,1725.01,431.25,321.69,590.61,4
grid_12844,1427.09,356.77,321.69,392.84,4
grid_12845,2630.86,438.48,242.6,723.43,6
grid_12846,1914.71,478.68,338.84,577.92,4
grid_12847,2826.51,706.63,537.04,932.06,4
grid_12848,2349.51,587.38,383.38,932.06,4
grid_12849,2032.68,338.78,235.98,537.04,6
grid_12850,1178.42,294.6,209.98,419.87,4
grid_12851,2246.61,561.65,473.36,660.44,4
grid_12852,2647.81,441.3,351.37,574.83,6
grid_12853,2050.77,512.69,375.32,660.44,4
grid_12854,1975.06,493.76,333.42,634.54,4
grid_12855,1574.67,393.67,235.46,577.92,4
grid_12856,2734.75,455.79,359.0,634.54,6
grid_12857,1114.11,278.53,202.03,388.39,4
grid_12858,1583.89,395.97,235.46,541.65,4
grid_12859,1221.59,305.4,202.03,426.1,4
grid_12860,1837.64,459.41,254.9,634.54,4
grid_12861,1433.93,358.48,293.44,412.81,4
grid_12862,1382.78,345.7,291.75,459.98,4
grid_12863,2499.44,416.57,291.75,562.06,6
grid_12864,947.82,236.96,217.85,274.85,4
grid_12865,1132.75,283.19,224.57,388.39,4
grid_12866,954.64,238.66,217.85,262.39,4
grid_12867,2863.53,477.26,400.27,623.07,6
grid_12868,1109.8,277.45,217.85,354.31,4
grid_12869,1391.55,347.89,257.76,412.81,4
grid_12870,1731.16,432.79,293.8,623.07,4
grid_12871,1581.81,395.45,287.94,577.92,4
grid_12872,1362.71,340.68,226.88,419.87,4
grid_12873,1125.15,281.29,209.98,331.67,4
grid_12874,3116.57,779.14,423.57,1223.9,4
grid_12875,3199.77,799.94,400.09,1223.9,4
grid_12876,3154.66,788.67,314.34,1223.9,4
grid_12877,1805.14,300.86,235.98,423.57,6
grid_12878,1066.97,266.74,184.07,377.11,4
grid_12879,776.87,194.22,131.4,226.88,4
grid_12880,968.33,242.08,208.61,287.93,4
grid_12881,984.78,246.19,217.85,287.94,4
grid_12882,1081.6,270.4,202.03,337.78,4
grid_12883,1067.31,266.83,235.46,333.42,4
grid_12884,3034.35,505.73,275.43,634.54,6
grid_12885,1156.12,289.03,202.03,426.1,4
grid_12886,1097.11,274.28,247.94,337.78,4
grid_12887,942.01,235.5,184.35,296.28,4
grid_12888,1247.89,311.97,243.53,453.18,4
grid_12889,2505.1,417.52,240.11,614.78,6
grid_12890,1026.93,256.73,240.11,275.43,4
grid_12891,919.46,229.86,131.4,377.11,4
grid_12892,3677.4,919.35,616.94,1223.9,4
grid_12893,1404.39,234.07,195.18,287.93,6
grid_12894,721.31,180.33,135.04,217.85,4
grid_12895,2220.27,555.07,233.74,1192.85,4
grid_12896,1334.76,266.95,217.25,314.34,5
grid_12897,566.01,141.5,115.5,184.07,4
grid_12898,650.69,162.67,115.5,208.61,4
grid_12899,2691.73,672.93,402.6,1192.85,4
grid_12900,676.28,169.07,115.5,196.79,4
grid_12901,1490.69,248.45,189.01,340.65,6
grid_12902,907.68,226.92,191.31,282.78,4
grid_12903,1705.69,284.28,231.74,326.96,6
grid_12904,1242.83,310.71,284.46,348.23,4
grid_12905,807.94,201.98,191.31,217.27,4
grid_12906,1953.55,217.06,162.58,255.01,9
grid_12907,1627.28,271.21,208.91,340.65,6
grid_12908,999.79,249.95,216.32,282.78,4
grid_12909,1199.96,239.99,229.72,261.14,5
grid_12910,1248.21,208.03,146.28,282.78,6
grid_12911,1679.11,419.78,367.99,501.01,4
grid_12912,1733.14,433.28,385.11,471.93,4
grid_12913,2119.91,353.32,337.79,376.18,6
grid_12914,1668.92,417.23,338.88,501.01,4
grid_12915,1424.12,356.03,302.38,387.05,4
grid_12916,1448.37,362.09,302.38,400.09,4
grid_12917,1721.28,430.32,372.17,501.01,4
grid_12918,1654.95,413.74,360.51,471.93,4
grid_12919,1870.83,467.71,429.77,557.72,4
grid_12920,2212.92,368.82,337.79,429.27,6
grid_12921,1103.96,183.99,144.47,200.31,6
grid_12922,91.64,91.64,91.64,91.64,1
grid_12923,1084.21,180.7,63.65,227.37,6
grid_12924,345.69,115.23,63.65,190.41,3
grid_12925,806.62,201.66,193.07,222.82,4
grid_12926,956.77,159.46,91.64,195.86,6
grid_12927,1410.32,156.7,33.98,222.82,9
grid_12928,802.45,160.49,91.64,208.03,5
grid_12929,334.32,111.44,3.73,208.03,3
grid_12930,883.28,176.66,144.47,196.26,5
grid_12931,1396.51,349.13,321.49,378.37,4
grid_12932,1504.31,250.72,206.83,282.78,6
grid_12933,1245.57,311.39,248.7,348.42,4
grid_12934,1541.48,385.37,348.23,429.77,4
grid_12935,1339.87,223.31,205.47,255.01,6
grid_12936,1048.28,174.71,144.47,217.27,6
grid_12937,1049.26,262.31,205.47,340.65,4
grid_12938,1164.43,291.11,248.12,340.65,4
grid_12939,1473.28,245.55,225.9,269.85,6
grid_12940,1270.32,317.58,248.7,357.6,4
grid_12941,1673.12,418.28,360.51,446.33,4
grid_12942,1268.58,317.14,247.28,372.17,4
grid_12943,1593.46,398.37,247.28,643.71,4
grid_12944,1496.64,374.16,336.4,461.05,4
grid_12945,1516.36,379.09,336.4,461.05,4
grid_12946,1236.2,309.05,247.28,346.74,4
grid_12947,1901.51,475.38,437.02,557.72,4
grid_12948,1363.5,340.87,321.33,359.02,4
grid_12949,1451.44,362.86,336.4,395.71,4
grid_12950,1654.51,413.63,332.98,455.24,4
grid_12951,1729.64,432.41,363.78,557.72,4
grid_12952,842.02,210.5,163.29,231.76,4
grid_12953,958.98,239.74,214.72,269.85,4
grid_12954,1448.17,362.04,348.42,378.37,4
grid_12955,978.17,244.54,228.06,269.85,4
grid_12956,1265.45,253.09,205.47,285.18,5
grid_12957,1088.45,272.11,248.12,315.61,4
grid_12958,706.8,176.7,144.47,218.91,4
grid_12959,1397.07,232.84,205.47,285.18,6
grid_12960,825.67,206.42,179.27,247.35,4
grid_12961,1088.09,181.35,122.07,222.82,6
grid_12962,571.32,142.83,42.7,180.13,4
grid_12963,446.51,111.63,42.61,189.01,4
grid_12964,510.27,127.57,12.96,182.04,4
grid_12965,358.69,59.78,18.06,122.07,6
grid_12966,804.83,134.14,3.73,208.03,6
grid_12967,659.14,164.79,116.25,208.03,4
grid_12968,352.05,88.01,18.06,169.22,4
grid_12969,470.33,117.58,42.7,187.43,4
grid_12970,498.78,124.69,42.61,181.67,4
grid_12971,930.74,232.68,218.91,247.35,4
grid_12972,1683.54,420.89,315.61,522.23,4
grid_12973,1989.81,497.45,363.78,616.78,4
grid_12974,1466.27,366.57,276.03,488.11,4
grid_12975,922.74,230.68,214.72,248.5,4
grid_12976,1860.38,465.1,357.6,616.78,4
grid_12977,931.67,232.92,218.7,248.5,4
grid_12978,1841.93,306.99,250.65,386.53,6
grid_12979,1003.67,250.92,214.72,297.49,4
grid_12980,2077.75,519.44,383.58,625.87,4
grid_12981,1828.78,457.19,247.28,643.71,4
grid_12982,2204.14,367.36,299.71,429.27,6
grid_12983,1356.19,339.05,318.72,359.02,4
grid_12984,1387.07,346.77,313.62,395.71,4
grid_12985,1732.03,433.01,383.58,455.24,4
grid_12986,1979.57,329.93,299.71,395.71,6
grid_12987,1546.45,386.61,316.54,455.24,4
grid_12988,1635.35,408.84,294.97,616.94,4
grid_12989,1294.26,323.56,294.97,357.11,4
grid_12990,1211.86,302.97,273.45,357.11,4
grid_12991,634.87,158.72,68.91,211.25,4
grid_12992,549.6,137.4,116.25,158.24,4
grid_12993,370.07,61.68,17.86,181.67,6
grid_12994,670.15,167.54,55.54,230.69,4
grid_12995,526.06,131.52,68.91,182.04,4
grid_12996,369.25,123.08,55.54,230.69,3
grid_12997,139.56,34.89,17.86,60.93,4
grid_12998,411.93,102.98,33.92,211.25,4
grid_12999,678.72,169.68,83.02,230.69,4
grid_13000,394.38,98.59,33.92,162.29,4
grid_13001,2159.11,539.78,488.11,623.34,4
grid_13002,951.08,237.77,218.7,265.1,4
grid_13003,2388.22,597.05,522.23,625.87,4
grid_13004,894.05,223.51,179.27,280.0,4
grid_13005,1858.85,464.71,386.53,525.43,4
grid_13006,2106.05,351.01,289.14,458.78,6
grid_13007,1028.87,257.22,236.42,280.0,4
grid_13008,1078.06,269.52,240.81,297.49,4
grid_13009,941.0,235.25,218.7,250.63,4
grid_13010,1850.1,462.52,383.58,625.87,4
grid_13011,660.16,132.03,17.86,240.68,5
grid_13012,749.76,187.44,129.25,299.98,4
grid_13013,712.78,178.2,97.85,230.69,4
grid_13014,704.93,176.23,60.93,238.15,4
grid_13015,400.69,133.56,83.02,192.03,3
grid_13016,880.56,220.14,158.24,299.98,4
grid_13017,719.03,119.84,17.86,238.15,6
grid_13018,983.02,245.75,162.29,299.98,4
grid_13019,266.34,133.17,8.82,257.52,2
grid_13020,484.58,121.15,21.57,192.03,4
grid_13021,1964.95,327.49,309.66,373.07,6
grid_13022,1215.65,303.91,244.64,402.6,4
grid_13023,1554.13,388.53,300.46,441.69,4
grid_13024,1218.99,304.75,276.98,318.72,4
grid_13025,1239.15,309.79,276.98,357.11,4
grid_13026,1389.74,347.44,300.46,441.69,4
grid_13027,1332.17,333.04,295.92,428.4,4
grid_13028,1117.79,279.45,258.85,309.66,4
grid_13029,1043.1,260.78,220.93,286.34,4
grid_13030,1944.68,324.11,272.29,373.07,6
grid_13031,895.89,223.97,216.55,233.74,4
grid_13032,1230.74,205.12,191.06,217.25,6
grid_13033,765.33,191.33,135.04,234.12,4
grid_13034,1262.38,315.59,228.34,479.35,4
grid_13035,1447.54,361.88,244.64,479.35,4
grid_13036,653.48,163.37,115.5,234.12,4
grid_13037,864.54,216.13,168.82,268.47,4
grid_13038,850.23,212.56,181.44,228.34,4
grid_13039,953.21,238.3,211.81,272.08,4
grid_13040,1166.3,194.38,150.0,230.46,6
grid_13041,1140.73,285.18,230.86,354.58,4
grid_13042,2158.17,539.54,412.25,625.87,4
grid_13043,1217.78,304.45,250.63,373.35,4
grid_13044,1118.33,279.58,237.53,335.7,4
grid_13045,1186.24,296.56,230.86,354.58,4
grid_13046,2174.65,543.66,496.7,623.34,4
grid_13047,2246.89,374.48,289.14,458.78,6
grid_13048,923.37,230.84,187.43,280.0,4
grid_13049,1925.6,481.4,412.21,529.17,4
grid_13050,1480.35,370.09,307.38,428.4,4
grid_13051,993.99,248.5,213.28,286.34,4
grid_13052,953.05,238.26,213.28,273.45,4
grid_13053,1263.85,315.96,295.92,336.41,4
grid_13054,1656.55,276.09,234.36,322.2,6
grid_13055,1205.73,301.43,284.45,336.41,4
grid_13056,1507.86,301.57,272.29,336.41,5
grid_13057,1038.49,259.62,217.88,313.89,4
grid_13058,827.76,206.94,195.26,220.93,4
grid_13059,851.13,212.78,198.29,221.69,4
grid_13060,909.41,227.35,195.26,258.85,4
grid_13061,812.56,135.43,8.82,257.52,6
grid_13062,848.06,212.01,153.42,270.31,4
grid_13063,1103.63,275.91,240.68,299.98,4
grid_13064,959.22,239.8,218.41,261.36,4
grid_13065,337.58,84.39,21.57,172.99,4
grid_13066,591.67,147.92,33.92,228.08,4
grid_13067,344.32,86.08,33.92,167.38,4
grid_13068,1289.21,214.87,153.42,270.48,6
grid_13069,984.21,246.05,220.57,292.67,4
grid_13070,125.41,41.8,5.84,98.01,3
grid_13071,1424.52,356.13,304.67,414.08,4
grid_13072,1225.72,306.43,237.53,392.4,4
grid_13073,1496.76,374.19,335.7,414.08,4
grid_13074,1607.3,401.83,332.31,496.7,4
grid_13075,1470.29,367.57,304.67,441.09,4
grid_13076,2180.45,545.11,412.21,753.39,4
grid_13077,2820.66,470.11,373.35,753.39,6
grid_13078,957.32,239.33,218.41,260.09,4
grid_13079,1877.59,469.4,366.04,529.17,4
grid_13080,1280.11,320.03,307.38,332.31,4
grid_13081,175.49,58.5,18.78,116.85,3
grid_13082,1622.21,270.37,183.65,395.2,6
grid_13083,587.62,97.94,5.84,257.52,6
grid_13084,1180.86,295.21,241.29,395.2,4
grid_13085,465.31,116.33,18.78,257.52,4
grid_13086,850.28,212.57,167.38,242.89,4
grid_13087,920.13,230.03,183.65,270.31,4
grid_13088,99.8,33.27,21.57,45.17,3
grid_13089,457.54,114.39,33.06,211.93,4
grid_13090,1014.71,253.68,220.57,292.67,4
grid_13091,1499.92,374.98,296.86,441.09,4
grid_13092,2093.77,523.44,365.28,753.39,4
grid_13093,1541.29,385.32,324.3,485.68,4
grid_13094,3174.02,529.0,410.79,753.39,6
grid_13095,1347.19,336.8,324.3,366.04,4
grid_13096,1370.93,342.73,272.38,414.08,4
grid_13097,1031.89,257.97,241.29,283.01,4
grid_13098,1354.19,338.55,292.06,414.08,4
grid_13099,1172.37,293.09,247.5,392.4,4
grid_13100,2543.82,423.97,269.71,624.06,6
grid_13101,1119.96,279.99,230.56,337.78,4
grid_13102,2484.83,414.14,241.0,623.07,6
grid_13103,1035.86,258.96,213.64,315.98,4
grid_13104,1308.23,327.06,243.84,394.09,4
grid_13105,1079.6,269.9,180.58,400.27,4
grid_13106,1863.78,465.94,354.31,623.07,4
grid_13107,1061.75,265.44,213.64,337.78,4
grid_13108,2014.19,335.7,241.0,492.3,6
grid_13109,992.23,248.06,211.93,315.98,4
grid_13110,1595.98,399.0,317.91,492.3,4
grid_13111,1803.85,450.96,254.9,614.78,4
grid_13112,1021.18,255.3,184.35,328.74,4
grid_13113,1516.49,379.12,296.28,453.18,4
grid_13114,934.3,233.57,213.26,258.83,4
grid_13115,2451.47,408.58,240.11,567.93,6
grid_13116,1144.6,286.15,213.26,432.4,4
grid_13117,1809.7,452.43,437.24,480.99,4
grid_13118,1385.59,346.4,213.26,432.4,4
grid_13119,2701.98,450.33,368.31,567.93,6
grid_13120,1220.31,305.08,191.19,438.28,4
grid_13121,1278.66,319.67,250.67,394.09,4
grid_13122,1964.73,280.68,180.58,427.73,7
grid_13123,887.79,221.95,211.93,247.94,4
grid_13124,2155.33,359.22,211.93,508.23,6
grid_13125,2445.5,407.58,250.67,569.68,6
grid_13126,1587.85,317.57,264.0,427.73,5
grid_13127,1356.12,339.03,264.0,418.43,4
grid_13128,2435.12,405.85,261.46,569.68,6
grid_13129,1510.43,302.09,211.93,473.61,5
grid_13130,2435.11,608.78,473.61,825.87,4
grid_13131,1037.84,259.46,211.81,328.74,4
grid_13132,971.78,242.94,213.26,321.48,4
grid_13133,1435.02,358.75,191.19,438.28,4
grid_13134,2133.64,355.61,313.17,418.45,6
grid_13135,3805.51,422.83,313.17,528.94,9
grid_13136,946.11,236.53,192.1,262.1,4
grid_13137,906.47,226.62,191.19,262.1,4
grid_13138,1861.31,310.22,222.77,378.48,6
grid_13139,1977.07,329.51,191.19,495.96,6
grid_13140,2110.89,422.18,298.78,605.13,5
grid_13141,1072.32,268.08,221.69,320.96,4
grid_13142,1058.23,264.56,223.9,320.96,4
grid_13143,943.49,235.87,168.82,272.08,4
grid_13144,1183.44,295.86,235.19,419.46,4
grid_13145,1071.84,267.96,206.55,366.36,4
grid_13146,751.36,187.84,122.01,224.02,4
grid_13147,1026.33,171.05,122.01,230.46,6
grid_13148,1046.84,261.71,223.9,313.89,4
grid_13149,1326.37,331.59,268.47,419.46,4
grid_13150,1649.95,274.99,203.32,419.46,6
grid_13151,2276.34,569.09,466.27,825.87,4
grid_13152,1489.31,372.33,261.46,475.97,4
grid_13153,2290.74,381.79,222.77,627.4,6
grid_13154,2782.92,695.73,466.27,825.87,4
grid_13155,1785.73,446.43,285.62,693.93,4
grid_13156,2771.61,692.9,521.49,825.87,4
grid_13157,1110.96,277.74,203.71,339.92,4
grid_13158,1810.83,452.71,329.06,627.4,4
grid_13159,2516.85,629.21,397.0,796.85,4
grid_13160,2391.96,597.99,444.55,796.85,4
grid_13161,1737.28,289.55,189.35,419.46,6
grid_13162,1600.97,266.83,189.35,366.36,6
grid_13163,1203.07,200.51,122.01,316.02,6
grid_13164,770.63,192.66,122.01,238.24,4
grid_13165,1020.68,255.17,224.02,313.89,4
grid_13166,2092.3,232.48,186.36,316.02,9
grid_13167,1098.97,219.79,144.77,316.02,5
grid_13168,1543.28,257.21,222.57,314.05,6
grid_13169,783.16,195.79,144.77,245.72,4
grid_13170,1470.37,245.06,186.36,314.05,6
grid_13171,1243.02,207.17,136.47,272.6,6
grid_13172,1236.97,206.16,136.47,295.67,6
grid_13173,1387.92,346.98,329.06,366.52,4
grid_13174,2467.88,411.31,294.66,605.13,6
grid_13175,1390.92,278.18,170.53,364.87,5
grid_13176,1144.79,286.2,139.55,535.93,4
grid_13177,2506.25,417.71,274.83,660.75,6
grid_13178,1296.6,324.15,274.83,366.52,4
grid_13179,652.64,163.16,136.47,204.01,4
grid_13180,2100.59,525.15,298.78,660.75,4
grid_13181,595.23,148.81,136.47,170.53,4
grid_13182,765.45,191.36,139.55,263.8,4
grid_13183,2400.77,600.19,479.74,724.35,4
grid_13184,738.94,184.73,148.69,263.8,4
grid_13185,2602.18,433.7,274.83,724.35,6
grid_13186,1368.64,342.16,139.55,535.93,4
grid_13187,1295.93,323.98,274.83,399.89,4
grid_13188,702.72,175.68,121.94,263.8,4
grid_13189,2271.61,567.9,364.64,724.35,4
grid_13190,1562.01,390.5,295.02,510.26,4
grid_13191,621.63,310.82,281.71,339.92,2
grid_13192,1716.74,429.19,285.9,693.93,4
grid_13193,1621.29,405.32,326.19,521.49,4
grid_13194,1862.17,465.54,285.9,751.36,4
grid_13195,2194.34,548.58,378.31,742.4,4
grid_13196,2519.83,629.96,397.0,751.36,4
grid_13197,1548.94,387.24,326.19,444.55,4
grid_13198,2410.92,602.73,378.31,815.17,4
grid_13199,2507.99,627.0,427.92,776.23,4
grid_13200,552.49,552.49,552.49,552.49,1
grid_13201,657.63,164.41,145.93,200.2,4
grid_13202,708.06,177.02,126.69,225.73,4
grid_13203,843.96,210.99,158.0,278.78,4
grid_13204,1150.83,287.71,205.97,382.75,4
grid_13205,785.81,196.45,145.93,267.7,4
grid_13206,757.34,189.33,158.0,214.19,4
grid_13207,853.19,213.3,145.93,267.7,4
grid_13208,992.9,248.22,200.2,327.6,4
grid_13209,979.03,244.76,179.18,310.55,4
grid_13210,1092.29,273.07,214.19,318.06,4
grid_13211,941.53,235.38,174.04,307.84,4
grid_13212,1917.6,319.6,193.03,514.5,6
grid_13213,933.58,233.39,180.16,276.17,4
grid_13214,1363.3,227.22,183.48,276.17,6
grid_13215,1411.49,235.25,183.48,337.57,6
grid_13216,1433.19,358.3,337.57,384.87,4
grid_13217,1444.47,288.89,216.67,402.86,5
grid_13218,1448.01,241.33,180.16,348.71,6
grid_13219,1340.73,335.18,239.04,402.86,4
grid_13220,1266.12,316.53,237.3,361.27,4
grid_13221,1050.24,262.56,239.36,292.34,4
grid_13222,966.43,241.61,179.18,318.06,4
grid_13223,1134.33,283.58,239.36,327.6,4
grid_13224,1072.9,268.22,179.18,328.17,4
grid_13225,1900.92,316.82,261.26,422.87,6
grid_13226,1901.17,316.86,250.85,422.87,6
grid_13227,1837.85,306.31,255.0,359.33,6
grid_13228,1929.76,321.63,255.0,359.33,6
grid_13229,2673.43,445.57,250.85,1107.08,6
grid_13230,1104.15,276.04,252.19,299.19,4
grid_13231,2321.22,386.87,292.16,508.78,6
grid_13232,1222.84,305.71,214.25,442.27,4
grid_13233,4731.49,788.58,316.52,1425.18,6
grid_13234,1566.27,391.57,322.15,442.27,4
grid_13235,3549.84,591.64,293.32,1437.49,6
grid_13236,4542.43,1135.61,666.41,1437.49,4
grid_13237,1340.57,335.14,214.25,442.27,4
grid_13238,4503.53,1125.88,826.04,1557.05,4
grid_13239,1582.85,395.71,329.2,442.27,4
grid_13240,2195.95,365.99,228.57,666.41,6
grid_13241,2222.36,555.59,348.92,961.22,4
grid_13242,2283.44,570.86,346.75,961.22,4
grid_13243,1453.73,363.43,267.21,468.21,4
grid_13244,2007.91,334.65,237.3,441.69,6
grid_13245,2406.99,601.75,348.18,961.22,4
grid_13246,2414.42,603.61,404.95,961.22,4
grid_13247,1431.69,357.92,243.72,468.21,4
grid_13248,1712.43,285.4,178.44,441.69,6
grid_13249,1975.29,493.82,348.18,629.38,4
grid_13250,2077.04,519.26,418.87,629.38,4
grid_13251,1543.25,385.81,311.0,480.68,4
grid_13252,1118.12,279.53,214.25,348.71,4
grid_13253,1562.88,390.72,318.07,480.68,4
grid_13254,918.72,229.68,178.44,318.07,4
grid_13255,1357.32,339.33,248.77,480.68,4
grid_13256,1117.89,279.47,214.25,316.87,4
grid_13257,1232.44,308.11,184.92,480.68,4
grid_13258,812.62,203.16,178.44,258.69,4
grid_13259,1297.41,324.35,248.77,366.51,4
grid_13260,1246.9,311.73,275.78,365.26,4
grid_13261,3373.91,843.48,340.87,1557.05,4
grid_13262,1267.36,316.84,261.26,359.33,4
grid_13263,1253.48,313.37,252.19,368.9,4
grid_13264,1526.15,305.23,214.41,359.33,5
grid_13265,1730.03,288.34,214.41,347.58,6
grid_13266,1416.32,354.08,299.19,440.37,4
grid_13267,1383.25,345.81,252.19,390.75,4
grid_13268,2684.91,671.23,368.9,1557.05,4
grid_13269,1382.5,345.62,252.19,440.37,4
grid_13270,1821.24,455.31,390.75,529.16,4
grid_13271,2781.16,695.29,275.36,1013.35,4
grid_13272,1414.95,353.74,275.78,441.9,4
grid_13273,3102.07,775.52,331.43,1557.05,4
grid_13274,1627.3,406.83,194.48,826.04,4
grid_13275,1508.19,251.37,194.48,329.2,6
grid_13276,1465.09,366.27,285.72,441.9,4
grid_13277,1647.26,274.54,194.48,463.9,6
grid_13278,1161.71,290.43,186.82,441.9,4
grid_13279,1283.95,320.99,268.53,387.55,4
grid_13280,1068.71,267.18,194.48,331.43,4
grid_13281,1390.55,347.64,243.72,408.68,4
grid_13282,1453.68,242.28,178.44,389.97,6
grid_13283,1785.65,446.41,323.04,589.05,4
grid_13284,1817.98,303.0,201.25,408.68,6
grid_13285,1833.37,458.34,339.71,589.05,4
grid_13286,1233.3,246.66,190.58,389.97,5
grid_13287,1521.47,380.37,335.46,464.88,4
grid_13288,802.41,200.6,172.62,240.25,4
grid_13289,1548.55,387.14,323.04,464.88,4
grid_13290,1618.61,269.77,188.3,379.21,6
grid_13291,1058.89,264.72,184.92,366.51,4
grid_13292,1033.68,258.42,190.58,344.16,4
grid_13293,1387.28,346.82,317.03,366.51,4
grid_13294,1158.11,289.53,186.82,365.26,4
grid_13295,1307.84,326.96,258.69,366.51,4
grid_13296,1309.79,327.45,250.0,377.16,4
grid_13297,1163.93,290.98,186.82,406.86,4
grid_13298,1007.02,251.76,172.62,344.16,4
grid_13299,1439.52,359.88,317.03,406.86,4
grid_13300,1379.4,344.85,250.0,431.15,4
grid_13301,1259.85,314.96,265.74,424.12,4
grid_13302,1310.64,327.66,251.17,424.12,4
grid_13303,1092.4,273.1,261.36,280.61,4
grid_13304,1055.65,263.91,241.92,296.82,4
grid_13305,1686.35,281.06,242.12,328.55,6
grid_13306,1219.58,304.89,265.74,363.92,4
grid_13307,1529.27,305.85,277.45,329.01,5
grid_13308,1171.47,292.87,261.36,329.01,4
grid_13309,1200.16,300.04,242.12,363.92,4
grid_13310,993.59,248.4,205.29,296.82,4
grid_13311,1230.56,205.09,141.19,320.81,6
grid_13312,1445.75,160.64,130.76,220.33,9
grid_13313,1432.77,238.79,177.98,320.81,6
grid_13314,912.52,152.09,129.19,184.19,6
grid_13315,1352.96,338.24,220.33,421.85,4
grid_13316,1331.85,332.96,277.45,403.07,4
grid_13317,1553.13,258.85,157.14,389.97,6
grid_13318,1442.57,360.64,296.84,421.85,4
grid_13319,928.63,232.16,143.84,312.92,4
grid_13320,1457.04,364.26,331.11,403.07,4
grid_13321,714.34,178.58,131.82,237.02,4
grid_13322,954.97,238.74,222.15,250.27,4
grid_13323,920.41,230.1,191.32,250.27,4
grid_13324,466.96,116.74,104.02,144.8,4
grid_13325,496.11,124.03,104.02,154.18,4
grid_13326,713.61,178.4,112.05,312.92,4
grid_13327,819.81,204.95,154.18,292.19,4
grid_13328,1137.5,284.38,222.15,402.42,4
grid_13329,551.58,137.9,106.09,182.11,4
grid_13330,542.66,135.66,106.09,182.57,4
grid_13331,3355.05,372.78,280.61,577.23,9
grid_13332,1410.07,282.01,205.29,363.92,5
grid_13333,2019.91,336.65,275.34,433.79,6
grid_13334,2011.37,335.23,275.34,513.26,6
grid_13335,2040.98,340.16,277.45,433.79,6
grid_13336,1925.05,320.84,245.52,398.56,6
grid_13337,3216.98,536.16,398.56,635.54,6
grid_13338,1776.38,444.1,380.85,486.73,4
grid_13339,2029.92,338.32,205.29,503.99,6
grid_13340,2156.52,359.42,205.29,503.99,6
grid_13341,2016.38,504.1,380.85,635.54,4
grid_13342,1594.39,398.6,331.11,475.01,4
grid_13343,1635.18,408.8,298.53,508.85,4
grid_13344,2133.32,533.33,475.01,638.38,4
grid_13345,1858.76,464.69,407.77,517.77,4
grid_13346,1703.9,425.98,330.72,503.99,4
grid_13347,4091.3,681.88,508.85,976.22,6
grid_13348,2631.68,657.92,486.73,976.22,4
grid_13349,1949.18,487.29,331.11,638.38,4
grid_13350,2071.07,517.77,429.24,615.22,4
grid_13351,1136.2,284.05,191.32,402.42,4
grid_13352,955.56,238.89,144.8,315.27,4
grid_13353,898.31,224.58,169.7,292.19,4
grid_13354,1252.53,313.13,262.66,402.42,4
grid_13355,639.89,159.97,109.2,184.92,4
grid_13356,624.21,156.05,109.2,182.11,4
grid_13357,1263.07,315.77,254.3,402.42,4
grid_13358,901.97,225.49,182.57,315.27,4
grid_13359,854.88,213.72,127.87,314.16,4
grid_13360,711.7,177.93,127.87,254.3,4
grid_13361,1615.28,403.82,389.97,421.85,4
grid_13362,1599.11,399.78,368.38,421.85,4
grid_13363,2032.04,338.67,285.25,397.64,6
grid_13364,1273.56,318.39,311.93,333.43,4
grid_13365,1578.78,394.7,368.38,428.36,4
grid_13366,1609.23,402.31,376.23,429.54,4
grid_13367,1830.01,366.0,285.25,429.54,5
grid_13368,1632.52,408.13,331.11,504.67,4
grid_13369,1867.3,311.22,219.21,384.15,6
grid_13370,2109.23,527.31,428.36,658.8,4
grid_13371,4759.84,793.31,615.22,976.22,6
grid_13372,2101.51,525.38,448.0,638.38,4
grid_13373,1826.67,456.67,383.54,517.77,4
grid_13374,1508.87,377.22,330.72,407.77,4
grid_13375,2800.88,700.22,448.0,976.22,4
grid_13376,2283.8,570.95,481.94,658.8,4
grid_13377,2297.33,574.33,517.59,646.75,4
grid_13378,4486.16,747.69,458.01,906.24,6
grid_13379,2655.05,663.76,517.59,885.23,4
grid_13380,2144.94,536.23,395.46,843.48,4
grid_13381,1010.92,252.73,158.55,314.16,4
grid_13382,884.06,221.01,163.2,280.03,4
grid_13383,748.64,187.16,159.84,255.91,4
grid_13384,909.87,227.47,184.92,280.03,4
grid_13385,567.81,141.95,106.42,173.68,4
grid_13386,536.28,134.07,106.42,158.55,4
grid_13387,1017.49,254.37,226.55,280.03,4
grid_13388,815.99,204.0,159.84,255.91,4
grid_13389,765.88,191.47,143.43,264.92,4
grid_13390,963.75,240.94,203.03,280.03,4
grid_13391,1728.13,432.03,376.23,517.39,4
grid_13392,1595.55,398.89,376.74,429.54,4
grid_13393,1617.04,404.26,376.23,429.54,4
grid_13394,1786.09,297.68,219.21,384.15,6
grid_13395,1468.18,367.04,324.58,406.15,4
grid_13396,1729.01,432.25,332.32,517.39,4
grid_13397,2188.36,547.09,473.15,658.8,4
grid_13398,1385.27,346.32,278.82,405.12,4
grid_13399,1525.42,254.24,190.82,376.74,6
grid_13400,1247.6,311.9,261.09,332.32,4
grid_13401,853.14,213.28,165.4,296.73,4
grid_13402,1221.62,305.41,265.41,332.22,4
grid_13403,1030.68,257.67,207.82,297.71,4
grid_13404,1113.82,278.46,252.59,298.11,4
grid_13405,773.42,193.36,165.4,257.73,4
grid_13406,1530.43,255.07,181.52,376.56,6
grid_13407,1526.94,381.73,222.23,529.78,4
grid_13408,1276.18,319.05,252.59,428.84,4
grid_13409,1006.38,251.59,165.4,333.44,4
grid_13410,1296.03,324.01,241.92,478.65,4
grid_13411,2369.48,473.9,271.78,774.65,5
grid_13412,1155.71,288.93,177.8,369.46,4
grid_13413,1478.69,369.67,300.6,492.86,4
grid_13414,3725.81,620.97,381.83,814.34,6
grid_13415,2086.76,521.69,474.59,610.25,4
grid_13416,1953.59,488.4,474.59,499.38,4
grid_13417,2908.79,727.2,646.47,814.34,4
grid_13418,2300.79,575.2,481.62,673.33,4
grid_13419,1817.95,454.49,377.38,565.89,4
grid_13420,1042.22,260.55,177.8,332.9,4
grid_13421,1475.33,368.83,186.83,655.03,4
grid_13422,1710.41,285.07,200.35,398.91,6
grid_13423,1016.49,254.12,186.83,324.93,4
grid_13424,1146.73,286.68,177.8,376.71,4
grid_13425,1007.6,251.9,210.09,318.08,4
grid_13426,1271.68,317.92,218.72,369.83,4
grid_13427,949.55,237.39,177.8,318.08,4
grid_13428,1481.81,246.97,134.79,341.77,6
grid_13429,1008.88,252.22,200.35,341.77,4
grid_13430,893.05,223.26,147.34,340.16,4
grid_13431,1531.49,382.87,298.11,478.65,4
grid_13432,822.57,205.64,165.4,257.73,4
grid_13433,985.92,246.48,207.82,296.64,4
grid_13434,1451.01,241.83,188.64,376.56,6
grid_13435,1478.2,369.55,296.73,478.2,4
grid_13436,2472.7,412.12,249.57,478.65,6
grid_13437,1367.01,341.75,210.8,459.66,4
grid_13438,2098.01,262.25,191.41,341.76,8
grid_13439,2370.0,395.0,274.08,478.65,6
grid_13440,1865.95,310.99,230.37,428.84,6
grid_13441,1316.74,329.19,188.64,459.66,4
grid_13442,1402.24,280.45,188.64,457.64,5
grid_13443,1409.35,352.34,333.44,369.83,4
grid_13444,1983.46,330.58,224.56,459.66,6
grid_13445,1487.75,371.94,249.01,461.42,4
grid_13446,2984.88,373.11,211.62,606.48,8
grid_13447,1307.42,326.85,249.01,446.59,4
grid_13448,2514.62,419.1,292.97,551.06,6
grid_13449,1560.05,390.01,274.08,606.48,4
grid_13450,2510.71,418.45,335.69,551.06,6
grid_13451,1624.89,406.22,300.6,498.53,4
grid_13452,2164.16,541.04,474.59,622.32,4
grid_13453,2076.66,519.16,492.86,565.89,4
grid_13454,2062.97,515.74,474.59,622.32,4
grid_13455,3642.99,607.17,519.39,814.34,6
grid_13456,2109.73,527.43,481.62,646.47,4
grid_13457,2535.47,633.87,497.21,814.34,4
grid_13458,1169.18,292.29,208.48,396.89,4
grid_13459,2783.91,695.98,563.33,1031.91,4
grid_13460,1856.29,464.07,411.03,519.39,4
grid_13461,680.37,170.09,134.79,211.4,4
grid_13462,983.38,245.85,208.48,318.08,4
grid_13463,1322.82,220.47,143.18,342.98,6
grid_13464,1576.37,262.73,122.51,425.66,6
grid_13465,701.78,175.45,147.34,218.72,4
grid_13466,554.75,138.69,122.51,150.1,4
grid_13467,1087.12,271.78,225.91,318.08,4
grid_13468,1310.54,327.64,256.68,425.66,4
grid_13469,1110.01,277.5,208.48,433.17,4
grid_13470,1458.75,291.75,143.18,720.0,5
grid_13471,3152.5,525.42,427.34,577.45,6
grid_13472,1633.34,408.33,323.34,497.21,4
grid_13473,1639.35,409.84,332.9,498.53,4
grid_13474,2001.46,500.36,328.35,622.32,4
grid_13475,1927.42,481.86,323.34,577.45,4
grid_13476,1630.01,407.5,208.48,591.47,4
grid_13477,3661.0,915.25,566.35,1282.44,4
grid_13478,1844.63,461.16,411.03,506.82,4
grid_13479,2173.22,543.31,323.34,1089.62,4
grid_13480,2764.62,691.16,328.35,1089.62,4
grid_13481,1547.23,257.87,143.18,363.1,6
grid_13482,1268.7,317.18,249.01,349.24,4
grid_13483,2619.42,436.57,313.54,606.48,6
grid_13484,1187.66,296.92,234.07,360.59,4
grid_13485,1839.48,459.87,337.73,606.48,4
grid_13486,1299.29,324.82,249.01,386.84,4
grid_13487,1331.5,332.87,300.04,360.59,4
grid_13488,1008.49,252.12,230.99,292.97,4
grid_13489,825.2,206.3,143.18,250.46,4
grid_13490,933.96,233.49,200.57,255.4,4
grid_13491,1639.92,273.32,122.51,896.25,6
grid_13492,1602.86,267.14,180.36,425.66,6
grid_13493,2345.99,391.0,150.1,896.25,6
grid_13494,2026.35,225.15,122.51,425.66,9
grid_13495,1400.07,233.35,180.36,286.44,6
grid_13496,946.35,236.59,192.03,277.55,4
grid_13497,1763.16,293.86,230.2,433.17,6
grid_13498,1623.82,405.95,200.57,720.0,4
grid_13499,2291.74,381.96,159.68,896.25,6
grid_13500,1034.93,206.99,159.68,277.55,5
grid_13501,1435.5,358.87,243.99,463.9,4
grid_13502,1045.76,261.44,221.99,296.45,4
grid_13503,1711.02,285.17,210.53,463.9,6
grid_13504,1043.79,260.95,197.84,296.45,4
grid_13505,902.2,225.55,186.82,253.22,4
grid_13506,1232.37,308.09,218.17,463.9,4
grid_13507,1362.65,227.11,171.2,306.31,6
grid_13508,942.36,235.59,185.19,280.97,4
grid_13509,922.24,230.56,167.19,283.65,4
grid_13510,865.61,216.4,185.19,280.97,4
grid_13511,1710.61,285.1,222.15,329.19,6
grid_13512,1487.44,371.86,264.32,460.95,4
grid_13513,1291.81,322.95,264.32,387.55,4
grid_13514,1625.9,406.47,327.18,529.16,4
grid_13515,1469.0,367.25,278.65,529.16,4
grid_13516,1772.35,295.39,222.15,382.88,6
grid_13517,1676.48,419.12,334.02,529.16,4
grid_13518,922.32,230.58,191.63,268.53,4
grid_13519,1269.25,317.31,191.63,460.95,4
grid_13520,869.19,217.3,191.63,278.11,4
grid_13521,1403.35,350.84,253.22,459.62,4
grid_13522,1674.78,418.69,377.16,459.62,4
grid_13523,1040.66,260.17,172.62,321.1,4
grid_13524,1209.96,302.49,184.27,459.62,4
grid_13525,1363.72,340.93,296.95,387.72,4
grid_13526,1425.38,356.35,285.42,431.15,4
grid_13527,1458.6,364.65,282.42,459.62,4
grid_13528,1411.82,352.96,328.24,387.72,4
grid_13529,1126.3,281.58,235.35,323.12,4
grid_13530,1334.17,333.54,285.42,387.72,4
grid_13531,862.87,215.72,167.19,306.31,4
grid_13532,1153.01,192.17,133.73,254.22,6
grid_13533,846.97,211.74,185.19,254.22,4
grid_13534,772.98,193.24,137.87,283.65,4
grid_13535,893.39,223.35,185.19,318.06,4
grid_13536,609.98,152.5,133.73,171.2,4
grid_13537,586.0,146.5,119.93,184.27,4
grid_13538,859.22,171.84,133.73,219.02,5
grid_13539,788.59,197.15,173.38,219.02,4
grid_13540,1088.25,272.06,188.54,374.0,4
grid_13541,1208.03,302.01,244.31,351.04,4
grid_13542,2003.84,333.97,262.66,455.31,6
grid_13543,1194.53,298.63,244.31,352.34,4
grid_13544,1085.94,271.49,191.63,352.34,4
grid_13545,1453.4,363.35,263.85,533.21,4
grid_13546,1223.43,305.86,244.31,378.22,4
grid_13547,1269.14,317.28,244.31,351.04,4
grid_13548,1330.99,332.75,201.61,533.21,4
grid_13549,1990.97,331.83,264.92,455.31,6
grid_13550,1281.78,320.44,208.23,378.22,4
grid_13551,1487.54,371.88,310.94,459.71,4
grid_13552,1798.22,449.55,379.21,577.87,4
grid_13553,2103.67,350.61,188.3,577.87,6
grid_13554,946.43,236.61,172.62,296.95,4
grid_13555,1747.64,436.91,321.06,577.87,4
grid_13556,2431.1,405.18,288.56,577.87,6
grid_13557,1309.62,327.41,217.91,459.71,4
grid_13558,1255.42,313.86,288.56,357.95,4
grid_13559,1228.64,307.16,217.91,348.62,4
grid_13560,1975.91,329.32,197.6,437.0,6
grid_13561,843.57,140.6,118.96,176.42,6
grid_13562,1318.01,329.5,207.65,383.07,4
grid_13563,944.26,236.07,173.38,353.29,4
grid_13564,485.33,121.33,90.44,143.95,4
grid_13565,708.12,177.03,156.67,209.94,4
grid_13566,767.19,127.87,90.44,168.13,6
grid_13567,727.85,181.96,141.98,209.94,4
grid_13568,1051.91,262.98,207.8,353.29,4
grid_13569,1324.99,331.25,280.88,383.07,4
grid_13570,458.55,114.64,88.71,148.38,4
grid_13571,1413.85,353.46,321.06,389.0,4
grid_13572,1195.76,298.94,197.6,357.95,4
grid_13573,1191.05,297.76,161.95,348.62,4
grid_13574,1790.18,298.36,197.6,413.44,6
grid_13575,1456.65,364.16,339.42,413.44,4
grid_13576,1107.86,276.97,197.6,348.84,4
grid_13577,2034.32,339.05,233.19,413.44,6
grid_13578,1472.71,245.45,161.95,339.42,6
grid_13579,1643.76,328.75,262.51,413.44,5
grid_13580,1278.39,319.6,233.19,367.95,4
grid_13581,1616.41,404.1,318.06,533.21,4
grid_13582,1660.86,415.21,358.29,533.21,4
grid_13583,1645.83,274.31,198.98,336.74,6
grid_13584,1181.57,295.39,208.23,337.04,4
grid_13585,1148.13,287.03,208.23,425.38,4
grid_13586,1041.49,260.37,208.23,358.29,4
grid_13587,1359.62,339.91,260.01,391.14,4
grid_13588,1632.93,272.15,178.82,425.38,6
grid_13589,1498.39,374.6,350.18,391.14,4
grid_13590,1080.42,270.11,185.89,425.38,4
grid_13591,845.98,211.49,143.95,282.42,4
grid_13592,1362.84,340.71,328.24,348.84,4
grid_13593,1259.2,314.8,235.35,384.35,4
grid_13594,1393.24,348.31,323.12,384.35,4
grid_13595,826.68,206.67,131.01,316.38,4
grid_13596,1407.18,351.79,342.54,367.95,4
grid_13597,1316.05,329.01,283.14,384.35,4
grid_13598,1406.92,351.73,332.17,384.35,4
grid_13599,878.91,219.73,131.01,316.38,4
grid_13600,1319.14,263.83,148.38,345.64,5
grid_13601,1898.82,474.71,396.89,591.47,4
grid_13602,1623.41,405.85,323.34,529.43,4
grid_13603,2804.75,467.46,338.74,560.75,6
grid_13604,2229.28,371.55,230.2,591.47,6
grid_13605,2590.3,431.72,273.08,591.47,6
grid_13606,3846.53,961.63,431.9,1718.49,4
grid_13607,2740.82,456.8,364.76,506.82,6
grid_13608,3282.87,410.36,306.02,506.82,8
grid_13609,4596.05,1149.01,780.3,1718.49,4
grid_13610,1683.17,420.79,306.02,606.51,4
grid_13611,1278.7,319.68,283.23,381.89,4
grid_13612,2237.28,372.88,308.88,546.03,6
grid_13613,1528.6,382.15,308.88,546.03,4
grid_13614,1344.23,336.06,289.12,386.84,4
grid_13615,1048.27,262.07,230.93,300.04,4
grid_13616,1295.53,323.88,289.12,349.24,4
grid_13617,942.99,235.75,230.93,247.01,4
grid_13618,2007.91,334.65,289.63,394.75,6
grid_13619,1355.56,338.89,289.12,375.34,4
grid_13620,1289.61,322.4,289.63,366.65,4
grid_13621,2702.53,675.63,447.85,896.25,4
grid_13622,1240.5,248.1,192.03,275.62,5
grid_13623,1632.78,408.19,203.81,638.43,4
grid_13624,1093.15,273.29,223.03,336.98,4
grid_13625,973.68,243.42,160.22,328.46,4
grid_13626,1079.5,269.87,219.25,336.98,4
grid_13627,992.95,248.24,223.03,275.62,4
grid_13628,1544.69,386.17,255.4,498.75,4
grid_13629,1726.87,287.81,160.22,638.43,6
grid_13630,1248.93,312.23,247.01,498.75,4
grid_13631,4090.19,1022.55,780.3,1282.44,4
grid_13632,4810.94,801.82,315.69,1718.49,6
grid_13633,1485.07,371.27,273.08,469.03,4
grid_13634,4257.72,709.62,315.69,1718.49,6
grid_13635,2965.32,370.66,236.92,556.94,8
grid_13636,2887.52,481.25,306.02,619.17,6
grid_13637,1605.09,401.27,275.01,469.03,4
grid_13638,1061.89,265.47,230.2,294.52,4
grid_13639,4816.3,802.72,459.0,1019.82,6
grid_13640,1556.66,389.17,315.69,459.0,4
grid_13641,938.37,234.59,175.26,283.23,4
grid_13642,1308.82,327.21,248.94,394.75,4
grid_13643,1332.41,333.1,289.12,375.34,4
grid_13644,900.97,225.24,175.26,247.77,4
grid_13645,897.28,224.32,175.26,274.2,4
grid_13646,2014.66,503.66,366.65,679.0,4
grid_13647,1561.25,390.31,289.63,593.67,4
grid_13648,1028.11,257.03,175.26,330.87,4
grid_13649,1084.37,271.09,198.87,394.75,4
grid_13650,1832.63,305.44,241.8,394.75,6
grid_13651,1388.96,347.24,219.36,448.45,4
grid_13652,1739.9,289.98,219.36,388.97,6
grid_13653,1539.96,384.99,359.34,409.91,4
grid_13654,1438.17,359.54,315.69,409.91,4
grid_13655,1246.53,311.63,264.1,345.47,4
grid_13656,1531.56,382.89,294.52,448.45,4
grid_13657,2274.38,568.59,428.74,711.72,4
grid_13658,1649.41,274.9,219.36,446.15,6
grid_13659,1863.65,465.91,353.24,610.83,4
grid_13660,1300.67,325.17,263.59,381.75,4
grid_13661,1104.66,276.17,203.81,342.69,4
grid_13662,1198.45,299.61,265.74,328.46,4
grid_13663,1147.18,286.79,223.03,345.47,4
grid_13664,1533.45,255.58,177.02,328.46,6
grid_13665,1380.36,345.09,265.74,458.95,4
grid_13666,1432.98,358.24,265.67,498.75,4
grid_13667,1403.26,350.82,247.77,498.75,4
grid_13668,1333.54,333.38,223.03,458.95,4
grid_13669,1845.14,307.52,216.78,418.06,6
grid_13670,1478.94,369.74,284.32,537.89,4
grid_13671,1884.72,471.18,332.4,679.0,4
grid_13672,1143.91,285.98,198.87,466.93,4
grid_13673,1746.29,436.57,298.38,593.67,4
grid_13674,1609.89,402.47,274.2,537.89,4
grid_13675,2820.28,705.07,542.94,1004.67,4
grid_13676,3745.0,936.25,497.98,1563.35,4
grid_13677,1636.64,272.77,237.75,311.3,6
grid_13678,882.33,220.58,198.87,241.8,4
grid_13679,1743.3,290.55,237.75,341.67,6
grid_13680,1646.03,411.51,312.99,537.89,4
grid_13681,1388.94,347.23,271.2,429.82,4
grid_13682,1331.63,266.33,219.36,381.75,5
grid_13683,1341.72,335.43,271.2,446.15,4
grid_13684,1479.42,369.85,296.0,470.85,4
grid_13685,2375.19,593.8,428.74,711.72,4
grid_13686,1007.98,251.99,214.37,300.97,4
grid_13687,1514.0,378.5,296.0,470.85,4
grid_13688,1546.85,257.81,214.37,355.6,6
grid_13689,1447.11,361.78,271.2,429.82,4
grid_13690,1188.58,297.14,230.88,404.57,4
grid_13691,1298.18,324.55,258.77,458.95,4
grid_13692,1114.7,278.68,238.85,325.87,4
grid_13693,1082.81,270.7,216.78,318.69,4
grid_13694,1493.17,373.29,314.58,429.82,4
grid_13695,1435.58,358.9,258.77,458.95,4
grid_13696,1215.08,303.77,238.85,418.06,4
grid_13697,1963.99,327.33,216.78,418.06,6
grid_13698,1394.25,348.56,243.83,537.89,4
grid_13699,1052.19,263.05,216.78,287.25,4
grid_13700,996.18,249.05,188.38,287.25,4
grid_13701,1483.59,370.9,335.55,386.84,4
grid_13702,1884.27,471.07,377.66,605.48,4
grid_13703,2111.94,527.99,432.17,658.8,4
grid_13704,1757.58,439.39,395.46,481.94,4
grid_13705,1875.94,468.98,335.86,605.48,4
grid_13706,3025.93,756.48,556.94,978.28,4
grid_13707,1875.28,468.82,402.77,539.02,4
grid_13708,1920.0,480.0,395.46,591.05,4
grid_13709,2774.99,555.0,395.46,761.75,5
grid_13710,4398.45,733.08,458.01,978.28,6
grid_13711,554.25,138.56,106.42,173.68,4
grid_13712,664.97,166.24,143.43,198.98,4
grid_13713,514.48,128.62,106.42,143.75,4
grid_13714,1002.59,250.65,226.55,263.53,4
grid_13715,811.0,202.75,153.26,257.51,4
grid_13716,920.55,230.14,199.0,263.53,4
grid_13717,811.58,202.9,145.47,257.51,4
grid_13718,570.92,142.73,111.54,178.82,4
grid_13719,998.73,249.68,222.35,263.53,4
grid_13720,488.2,122.05,111.54,143.75,4
grid_13721,1293.07,323.27,226.51,473.15,4
grid_13722,1219.08,304.77,278.82,329.61,4
grid_13723,1378.0,229.67,190.82,286.07,6
grid_13724,1641.45,410.36,226.51,539.02,4
grid_13725,1434.37,358.59,261.09,448.89,4
grid_13726,1501.48,375.37,286.07,448.89,4
grid_13727,1319.77,329.94,226.51,402.77,4
grid_13728,1186.04,296.51,226.51,394.78,4
grid_13729,1643.62,273.94,199.0,436.91,6
grid_13730,1766.37,441.59,394.78,490.64,4
grid_13731,1381.46,345.37,332.4,377.66,4
grid_13732,1849.5,462.38,386.84,558.57,4
grid_13733,3442.72,860.68,722.11,980.58,4
grid_13734,3891.1,972.77,556.94,1375.29,4
grid_13735,3787.16,631.19,568.4,761.75,6
grid_13736,3002.42,750.61,335.86,1375.29,4
grid_13737,2219.34,554.84,501.32,591.05,4
grid_13738,1900.56,475.14,332.4,734.32,4
grid_13739,4075.55,1018.89,722.11,1630.45,4
grid_13740,7743.38,1935.84,980.58,3757.05,4
grid_13741,531.64,132.91,112.03,153.26,4
grid_13742,889.84,222.46,199.0,263.53,4
grid_13743,844.93,211.23,155.68,255.35,4
grid_13744,525.77,131.44,112.03,145.47,4
grid_13745,694.83,173.71,138.34,255.35,4
grid_13746,510.55,127.64,111.54,136.82,4
grid_13747,483.43,120.86,111.54,129.93,4
grid_13748,832.3,208.08,193.43,222.35,4
grid_13749,865.95,216.49,129.93,312.03,4
grid_13750,837.71,209.43,155.68,256.21,4
grid_13751,3789.36,631.56,568.34,742.41,6
grid_13752,8396.27,2099.07,734.32,3757.05,4
grid_13753,2035.76,508.94,386.84,571.24,4
grid_13754,2214.42,553.61,519.11,568.4,4
grid_13755,5325.25,1331.31,497.98,2529.59,4
grid_13756,8445.12,2111.28,1563.35,2749.56,4
grid_13757,5934.15,1483.54,742.41,2216.39,4
grid_13758,7594.7,1265.78,568.34,2534.79,6
grid_13759,11129.08,2782.27,1630.45,3757.05,4
grid_13760,12561.39,3140.35,2529.59,3757.05,4
grid_13761,1565.11,391.28,303.65,434.62,4
grid_13762,1934.03,483.51,436.91,557.58,4
grid_13763,1696.36,424.09,303.65,571.24,4
grid_13764,2217.57,369.59,193.43,557.58,6
grid_13765,1709.26,427.32,347.12,495.46,4
grid_13766,1654.5,413.62,347.12,490.64,4
grid_13767,2211.6,368.6,193.43,557.58,6
grid_13768,1834.17,458.54,384.67,557.58,4
grid_13769,2288.22,572.05,434.62,786.89,4
grid_13770,1575.04,393.76,301.88,495.46,4
grid_13771,688.67,172.17,129.93,222.21,4
grid_13772,862.25,215.56,138.34,312.03,4
grid_13773,767.73,191.93,129.93,285.65,4
grid_13774,821.76,205.44,193.43,214.27,4
grid_13775,979.32,244.83,214.27,260.14,4
grid_13776,1142.96,285.74,256.21,314.59,4
grid_13777,1261.27,252.25,204.26,308.54,5
grid_13778,1315.48,328.87,285.65,403.21,4
grid_13779,1194.19,298.55,222.21,403.21,4
grid_13780,879.32,219.83,202.5,248.7,4
grid_13781,4550.72,1137.68,519.11,2534.79,4
grid_13782,2805.72,701.43,519.11,928.48,4
grid_13783,8848.45,1474.74,541.6,2534.79,6
grid_13784,9009.41,2252.35,891.11,3525.18,4
grid_13785,7172.04,1793.01,539.36,3525.18,4
grid_13786,7494.04,1873.51,1298.31,2749.56,4
grid_13787,5762.64,1440.66,650.3,2534.79,4
grid_13788,4642.24,1160.56,539.36,2216.39,4
grid_13789,2788.45,697.11,422.78,928.48,4
grid_13790,3805.92,951.48,437.59,1843.55,4
grid_13791,1926.0,321.0,202.5,413.22,6
grid_13792,2135.72,533.93,422.78,786.89,4
grid_13793,1470.01,367.5,270.85,413.22,4
grid_13794,1304.52,326.13,270.85,384.67,4
grid_13795,1552.07,388.02,270.85,440.65,4
grid_13796,1372.75,343.19,270.85,427.35,4
grid_13797,1561.98,390.49,344.59,430.58,4
grid_13798,2281.45,380.24,213.85,462.71,6
grid_13799,1469.15,367.29,301.88,430.58,4
grid_13800,2315.47,385.91,225.6,440.65,6
grid_13801,1209.11,302.28,203.91,466.93,4
grid_13802,1440.48,360.12,272.45,542.94,4
grid_13803,2375.14,593.79,326.71,1004.67,4
grid_13804,4671.46,1167.87,500.82,1602.62,4
grid_13805,1008.62,252.15,203.91,341.67,4
grid_13806,1657.22,331.44,272.45,380.54,5
grid_13807,1147.5,286.88,212.03,328.22,4
grid_13808,1832.5,305.42,266.66,341.69,6
grid_13809,1089.2,272.3,225.29,312.99,4
grid_13810,3880.39,970.1,478.64,1602.62,4
grid_13811,1383.61,345.9,208.97,429.82,4
grid_13812,1059.42,264.85,188.38,403.29,4
grid_13813,1115.11,278.78,238.85,348.11,4
grid_13814,1348.96,337.24,238.85,418.06,4
grid_13815,1923.63,320.6,281.69,382.73,6
grid_13816,1301.48,325.37,286.38,382.73,4
grid_13817,1017.22,254.31,188.38,345.12,4
grid_13818,1093.3,273.33,213.05,348.11,4
grid_13819,1091.41,272.85,178.89,362.03,4
grid_13820,772.72,193.18,178.89,208.97,4
grid_13821,2075.03,518.76,445.67,610.83,4
grid_13822,1162.04,290.51,263.59,301.49,4
grid_13823,2131.18,532.8,348.77,623.9,4
grid_13824,1212.76,303.19,216.37,404.57,4
grid_13825,1194.21,298.55,286.92,304.84,4
grid_13826,1084.72,271.18,214.37,304.84,4
grid_13827,1456.32,364.08,206.71,547.68,4
grid_13828,1240.78,310.2,206.71,445.67,4
grid_13829,1492.07,248.68,210.31,355.6,6
grid_13830,1469.06,367.27,341.52,404.57,4
grid_13831,1262.04,315.51,281.69,348.11,4
grid_13832,997.14,249.28,212.03,328.22,4
grid_13833,2032.53,338.75,252.72,491.71,6
grid_13834,1606.82,401.7,345.12,491.71,4
grid_13835,969.61,242.4,210.97,288.31,4
grid_13836,961.54,240.39,178.89,362.03,4
grid_13837,810.69,202.67,178.89,232.49,4
grid_13838,930.89,232.72,212.03,257.27,4
grid_13839,1161.33,290.33,196.47,387.25,4
grid_13840,1033.69,258.42,210.97,288.31,4
grid_13841,1591.6,397.9,256.26,547.68,4
grid_13842,1119.88,279.97,231.67,318.83,4
grid_13843,1325.21,331.3,217.79,384.46,4
grid_13844,1414.15,235.69,173.88,317.38,6
grid_13845,1279.14,319.79,216.37,384.46,4
grid_13846,1042.54,260.64,206.71,310.2,4
grid_13847,1064.84,266.21,206.71,363.15,4
grid_13848,1220.78,305.2,286.92,318.83,4
grid_13849,1451.09,362.77,256.26,438.89,4
grid_13850,1320.95,330.24,217.79,396.73,4
grid_13851,1204.18,301.04,225.29,380.54,4
grid_13852,1610.3,402.58,304.14,500.82,4
grid_13853,1962.54,327.09,263.82,428.41,6
grid_13854,1010.49,252.62,212.03,294.26,4
grid_13855,1158.5,289.62,256.67,380.54,4
grid_13856,2717.86,679.47,317.16,1298.31,4
grid_13857,1457.76,364.44,304.14,478.64,4
grid_13858,1065.72,266.43,255.67,294.26,4
grid_13859,1248.21,312.05,262.16,380.54,4
grid_13860,1146.97,286.74,255.67,366.42,4
grid_13861,1248.5,312.12,224.69,384.46,4
grid_13862,1125.26,281.31,231.67,332.55,4
grid_13863,1493.27,373.32,238.72,535.59,4
grid_13864,1429.17,238.2,173.88,317.38,6
grid_13865,1370.35,342.59,310.2,408.77,4
grid_13866,1573.15,393.29,238.72,535.59,4
grid_13867,1455.35,363.84,263.72,435.69,4
grid_13868,1456.16,364.04,305.51,431.96,4
grid_13869,1193.98,298.5,242.21,339.82,4
grid_13870,1564.49,391.12,332.55,483.35,4
grid_13871,1121.35,280.34,262.16,321.93,4
grid_13872,2080.78,520.2,317.16,696.76,4
grid_13873,1456.38,364.09,317.16,443.11,4
grid_13874,1014.81,253.7,244.85,265.76,4
grid_13875,1209.63,302.41,259.12,366.42,4
grid_13876,2036.37,339.39,263.82,428.41,6
grid_13877,1243.25,310.81,273.44,344.91,4
grid_13878,1086.46,271.61,244.85,305.69,4
grid_13879,1813.05,453.26,320.86,696.76,4
grid_13880,1845.35,307.56,256.83,374.58,6
grid_13881,1956.26,326.04,252.72,491.71,6
grid_13882,1302.15,325.54,232.49,387.25,4
grid_13883,1600.5,400.12,353.21,491.71,4
grid_13884,1182.0,295.5,202.84,396.73,4
grid_13885,965.35,241.34,210.97,261.17,4
grid_13886,961.38,240.34,210.97,257.27,4
grid_13887,1129.17,282.29,202.84,364.65,4
grid_13888,1003.31,250.83,244.85,257.27,4
grid_13889,1557.17,389.29,363.83,431.96,4
grid_13890,983.32,245.83,215.67,270.15,4
grid_13891,915.26,228.81,206.46,252.65,4
grid_13892,1299.34,324.83,301.25,353.21,4
grid_13893,1373.35,343.34,315.68,364.65,4
grid_13894,1293.94,323.48,271.15,368.32,4
grid_13895,1596.97,266.16,206.46,367.09,6
grid_13896,1542.58,308.52,261.17,368.32,5
grid_13897,1224.66,306.17,268.87,367.09,4
grid_13898,1554.98,388.75,363.83,431.96,4
grid_13899,1084.1,271.03,215.67,325.05,4
grid_13900,893.57,223.39,198.21,273.23,4
grid_13901,2068.57,344.76,248.7,575.65,6
grid_13902,1983.33,330.56,264.54,418.58,6
grid_13903,2100.8,350.13,260.14,575.65,6
grid_13904,1767.34,294.56,243.14,329.91,6
grid_13905,1871.38,311.9,283.11,403.21,6
grid_13906,2543.74,363.39,213.85,517.28,7
grid_13907,1380.27,345.07,225.32,437.07,4
grid_13908,2109.63,527.41,418.58,678.32,4
grid_13909,1098.37,274.59,225.32,302.17,4
grid_13910,1314.55,328.64,271.59,410.88,4
grid_13911,2918.32,729.58,293.59,1649.08,4
grid_13912,4399.28,1099.82,623.76,1843.55,4
grid_13913,1591.66,397.92,227.73,541.6,4
grid_13914,3991.72,665.29,227.73,1649.08,6
grid_13915,2151.04,537.76,282.97,891.11,4
grid_13916,1743.03,435.76,325.35,650.3,4
grid_13917,1807.35,451.84,362.2,633.66,4
grid_13918,1114.98,278.75,166.66,329.38,4
grid_13919,951.83,237.96,169.56,282.97,4
grid_13920,2328.07,582.02,373.9,696.76,4
grid_13921,2055.46,342.58,184.99,529.1,6
grid_13922,1309.07,218.18,158.61,293.59,6
grid_13923,1354.34,338.58,271.57,437.59,4
grid_13924,1810.07,201.12,158.61,261.54,9
grid_13925,1721.78,286.96,235.54,362.2,6
grid_13926,1375.49,275.1,184.99,342.05,5
grid_13927,1729.19,432.3,306.21,696.76,4
grid_13928,1268.0,211.33,166.66,329.38,6
grid_13929,1380.32,230.05,169.56,271.57,6
grid_13930,1910.3,318.38,249.15,373.9,6
grid_13931,2191.91,547.98,463.2,678.32,4
grid_13932,3695.11,461.89,384.43,517.28,8
grid_13933,2079.93,519.98,387.25,678.32,4
grid_13934,1115.13,278.78,172.89,410.88,4
grid_13935,879.33,219.83,172.89,271.59,4
grid_13936,2826.25,471.04,443.49,539.62,6
grid_13937,1860.93,465.23,358.28,678.32,4
grid_13938,1230.21,307.55,209.53,437.07,4
grid_13939,1540.54,385.13,273.28,539.62,4
grid_13940,920.75,230.19,172.89,270.68,4
grid_13941,2399.84,399.97,364.02,442.83,6
grid_13942,2216.54,369.42,225.6,433.57,6
grid_13943,2444.44,407.41,342.05,529.1,6
grid_13944,2678.19,446.37,390.71,496.2,6
grid_13945,1218.62,304.66,225.6,390.71,4
grid_13946,1658.38,414.59,364.89,452.41,4
grid_13947,1508.11,377.03,291.81,452.41,4
grid_13948,1616.92,404.23,333.51,449.2,4
grid_13949,1278.52,319.63,225.6,419.23,4
grid_13950,1368.13,342.03,230.18,443.49,4
grid_13951,883.43,220.86,192.69,258.39,4
grid_13952,965.88,241.47,162.64,316.67,4
grid_13953,1116.51,279.13,249.15,316.67,4
grid_13954,1177.01,196.17,139.68,256.93,6
grid_13955,1762.64,293.77,253.65,352.32,6
grid_13956,1068.32,267.08,227.27,291.81,4
grid_13957,1424.11,284.82,249.15,306.21,5
grid_13958,1151.49,287.87,243.75,321.12,4
grid_13959,1252.54,208.76,139.68,264.47,6
grid_13960,794.02,198.5,143.16,316.67,4
grid_13961,869.06,217.27,172.89,269.24,4
grid_13962,1330.79,332.7,273.28,387.25,4
grid_13963,1149.02,287.26,209.53,358.28,4
grid_13964,2472.11,412.02,315.83,539.62,6
grid_13965,1234.8,308.7,273.28,343.06,4
grid_13966,1043.41,260.85,217.41,299.21,4
grid_13967,1029.69,257.42,217.41,286.93,4
grid_13968,1154.87,288.72,269.24,311.97,4
grid_13969,1150.06,287.52,273.28,311.97,4
grid_13970,1835.47,305.91,213.74,360.94,6
grid_13971,1037.67,259.42,205.18,333.51,4
grid_13972,1270.62,317.65,205.18,419.23,4
grid_13973,1535.73,383.93,290.85,500.66,4
grid_13974,1749.71,437.43,377.41,500.66,4
grid_13975,1482.62,370.66,272.15,500.66,4
grid_13976,1034.21,258.55,213.74,360.94,4
grid_13977,1320.31,330.08,256.65,500.66,4
grid_13978,932.75,233.19,205.18,268.05,4
grid_13979,1183.05,295.76,205.18,377.41,4
grid_13980,925.59,231.4,213.74,258.83,4
grid_13981,795.14,159.03,139.68,205.09,5
grid_13982,1128.19,282.05,250.89,321.12,4
grid_13983,1070.36,267.59,256.65,290.85,4
grid_13984,1016.07,254.02,171.55,316.67,4
grid_13985,1234.11,308.53,256.65,374.86,4
grid_13986,1446.2,241.03,144.58,338.12,6
grid_13987,1455.75,363.94,243.75,512.77,4
grid_13988,708.01,177.0,143.16,228.18,4
grid_13989,640.78,160.2,143.16,187.92,4
grid_13990,1021.6,255.4,171.55,378.12,4
grid_13991,1159.55,289.89,265.26,324.4,4
grid_13992,1732.82,288.8,231.79,346.71,6
grid_13993,1155.31,288.83,225.68,321.26,4
grid_13994,1011.79,252.95,225.68,291.84,4
grid_13995,1266.8,316.7,299.21,325.26,4
grid_13996,1147.25,286.81,267.04,321.26,4
grid_13997,1294.67,323.67,272.63,408.94,4
grid_13998,1817.25,302.88,258.39,346.71,6
grid_13999,1221.65,305.41,258.39,408.94,4
grid_14000,1286.93,257.39,184.44,317.92,5
grid_14001,1359.56,339.89,257.31,443.11,4
grid_14002,1295.51,323.88,302.97,366.42,4
grid_14003,1242.07,310.52,265.76,366.42,4
grid_14004,1640.74,328.15,287.83,393.58,5
grid_14005,1248.33,312.08,302.97,329.71,4
grid_14006,1279.19,319.8,304.2,339.58,4
grid_14007,2026.74,337.79,253.65,517.45,6
grid_14008,2015.95,335.99,257.31,517.45,6
grid_14009,2781.92,309.1,256.83,393.58,9
grid_14010,1240.48,310.12,270.15,339.58,4
grid_14011,1100.75,275.19,224.69,321.97,4
grid_14012,1591.99,265.33,224.69,357.75,6
grid_14013,1907.37,476.84,408.77,535.59,4
grid_14014,1706.32,426.58,255.38,535.59,4
grid_14015,1162.73,290.68,207.95,435.69,4
grid_14016,1494.21,373.55,305.51,431.96,4
grid_14017,1540.65,385.16,279.4,528.29,4
grid_14018,1943.74,323.96,248.58,393.14,6
grid_14019,1532.08,383.02,237.74,483.35,4
grid_14020,1300.8,325.2,248.58,377.5,4
grid_14021,1199.83,299.96,227.05,479.66,4
grid_14022,1682.79,420.7,331.32,528.29,4
grid_14023,983.82,245.95,207.95,293.44,4
grid_14024,1514.18,378.54,346.72,420.74,4
grid_14025,1486.2,371.55,346.72,387.53,4
grid_14026,2154.92,359.15,286.38,420.74,6
grid_14027,1564.93,391.23,286.38,528.29,4
grid_14028,815.01,203.75,156.36,237.74,4
grid_14029,1066.67,266.67,193.86,331.32,4
grid_14030,1520.48,380.12,303.75,528.29,4
grid_14031,1404.71,351.18,301.25,442.76,4
grid_14032,1396.18,349.05,315.68,371.66,4
grid_14033,1538.15,256.36,198.21,367.09,6
grid_14034,1284.04,321.01,268.87,442.76,4
grid_14035,1775.62,295.94,273.23,325.05,6
grid_14036,1588.71,264.79,198.21,293.42,6
grid_14037,1825.81,304.3,198.21,425.31,6
grid_14038,1288.42,322.1,268.87,425.31,4
grid_14039,1310.24,327.56,272.45,371.66,4
grid_14040,1463.04,365.76,321.11,387.53,4
grid_14041,1325.18,331.29,264.95,442.76,4
grid_14042,1253.27,313.32,264.95,442.76,4
grid_14043,1683.45,280.57,192.76,403.13,6
grid_14044,1359.84,339.96,279.76,426.78,4
grid_14045,2794.17,310.46,210.67,425.31,9
grid_14046,1636.46,327.29,259.91,426.78,5
grid_14047,1589.42,264.9,192.76,403.13,6
grid_14048,1290.84,322.71,217.97,382.74,4
grid_14049,1595.95,265.99,196.86,353.3,6
grid_14050,1631.72,271.95,210.67,425.31,6
grid_14051,1968.73,328.12,282.24,393.58,6
grid_14052,2073.9,345.65,282.24,463.29,6
grid_14053,2065.91,344.32,311.45,374.02,6
grid_14054,1991.39,331.9,295.44,374.02,6
grid_14055,1355.92,338.98,251.24,463.29,4
grid_14056,1072.44,268.11,250.89,316.65,4
grid_14057,1869.02,311.5,288.72,339.58,6
grid_14058,1269.48,317.37,282.24,343.89,4
grid_14059,1392.37,348.09,288.72,443.65,4
grid_14060,1412.63,353.16,295.44,443.65,4
grid_14061,997.57,249.39,156.36,320.71,4
grid_14062,804.33,201.08,145.54,303.75,4
grid_14063,1810.53,362.11,286.38,420.74,5
grid_14064,2135.14,355.86,261.82,420.74,6
grid_14065,1360.3,340.07,261.82,382.74,4
grid_14066,1341.02,335.26,286.38,357.12,4
grid_14067,624.71,156.18,128.94,193.86,4
grid_14068,1163.27,290.82,161.18,357.12,4
grid_14069,863.78,215.95,128.94,320.71,4
grid_14070,2274.52,252.72,131.59,358.77,9
grid_14071,1371.83,342.96,251.24,463.29,4
grid_14072,2220.74,370.12,282.24,463.29,6
grid_14073,1133.08,283.27,250.89,335.19,4
grid_14074,1316.9,329.22,307.45,357.09,4
grid_14075,1517.41,379.35,307.45,496.9,4
grid_14076,1703.89,425.97,364.57,483.4,4
grid_14077,2251.1,375.18,264.88,496.9,6
grid_14078,1270.8,317.7,264.88,361.54,4
grid_14079,1621.71,405.43,316.45,483.4,4
grid_14080,1265.6,316.4,286.04,348.62,4
grid_14081,2142.48,357.08,210.67,545.35,6
grid_14082,1395.79,348.95,278.9,403.13,4
grid_14083,1487.83,247.97,146.74,369.02,6
grid_14084,1236.12,309.03,230.32,403.13,4
grid_14085,1370.5,274.1,217.97,353.3,5
grid_14086,1625.99,406.5,376.58,443.68,4
grid_14087,1582.58,395.64,364.57,426.78,4
grid_14088,983.54,245.89,210.67,300.34,4
grid_14089,2558.09,426.35,300.34,545.35,6
grid_14090,1216.63,304.16,245.27,360.46,4
grid_14091,1614.31,269.05,131.59,357.3,6
grid_14092,886.54,221.64,147.7,341.22,4
grid_14093,521.67,130.42,98.63,148.55,4
grid_14094,602.98,150.74,145.54,161.18,4
grid_14095,1553.81,258.97,134.67,356.3,6
grid_14096,1468.66,244.78,146.74,369.02,6
grid_14097,665.92,166.48,98.63,257.76,4
grid_14098,461.87,115.47,73.84,174.17,4
grid_14099,586.44,97.74,64.92,148.55,6
grid_14100,883.68,220.92,146.74,283.43,4
grid_14101,1167.81,291.95,278.08,323.2,4
grid_14102,1253.65,313.41,256.11,373.07,4
grid_14103,1095.57,273.89,242.12,286.93,4
grid_14104,1158.23,289.56,242.12,373.07,4
grid_14105,1267.9,316.98,278.08,343.06,4
grid_14106,1581.6,263.6,180.89,343.06,6
grid_14107,987.22,246.8,153.96,373.07,4
grid_14108,1189.61,297.4,255.71,323.56,4
grid_14109,1093.72,273.43,235.0,323.2,4
grid_14110,756.92,252.31,235.0,279.8,3
grid_14111,1373.56,343.39,268.05,476.08,4
grid_14112,1378.43,344.61,272.15,476.08,4
grid_14113,1201.46,300.37,256.65,374.86,4
grid_14114,1018.08,254.52,223.68,297.02,4
grid_14115,1064.53,266.13,223.68,325.21,4
grid_14116,1174.61,293.65,198.95,476.08,4
grid_14117,1127.12,281.78,152.23,476.08,4
grid_14118,1246.91,311.73,198.95,375.3,4
grid_14119,929.74,232.44,152.23,297.02,4
grid_14120,574.25,287.12,198.95,375.3,2
grid_14121,1419.97,354.99,250.89,512.77,4
grid_14122,2102.74,350.46,187.92,561.88,6
grid_14123,1631.84,407.96,325.03,512.77,4
grid_14124,928.09,232.02,165.12,280.81,4
grid_14125,1493.0,373.25,338.12,404.72,4
grid_14126,973.18,243.29,165.12,339.33,4
grid_14127,1185.31,296.33,228.18,378.12,4
grid_14128,1549.92,387.48,286.04,512.77,4
grid_14129,1134.34,283.59,249.89,349.66,4
grid_14130,1385.83,346.46,285.34,415.92,4
grid_14131,1206.0,301.5,227.93,408.94,4
grid_14132,1537.41,256.23,150.34,408.94,6
grid_14133,1068.17,267.04,206.16,325.26,4
grid_14134,1196.29,299.07,267.04,360.13,4
grid_14135,838.79,209.7,168.65,266.88,4
grid_14136,909.82,227.46,206.16,266.88,4
grid_14137,1172.8,195.47,150.34,262.76,6
grid_14138,1265.59,316.4,282.56,360.13,4
grid_14139,1069.75,267.44,227.93,296.5,4
grid_14140,984.37,246.09,168.65,368.41,4
grid_14141,1122.57,280.64,206.16,373.07,4
grid_14142,1659.22,276.54,180.89,325.21,6
grid_14143,818.24,204.56,176.04,218.08,4
grid_14144,585.63,292.81,287.14,298.49,2
grid_14145,490.72,245.36,235.0,255.71,2
grid_14146,768.46,192.12,153.96,220.39,4
grid_14147,1676.08,279.35,236.66,325.21,6
grid_14148,1353.7,338.43,298.49,359.47,4
grid_14149,716.81,358.41,357.34,359.47,2
grid_14150,176.04,176.04,176.04,176.04,1
grid_14151,966.6,483.3,404.72,561.88,2
grid_14152,780.02,390.01,375.3,404.72,2
grid_14153,1288.21,322.05,253.98,359.53,4
grid_14154,1231.59,307.9,249.89,361.56,4
grid_14155,1375.2,343.8,285.34,415.92,4
grid_14156,1253.97,313.49,247.05,407.37,4
grid_14157,1493.62,373.4,349.66,407.37,4
grid_14158,858.5,286.17,247.05,361.56,3
grid_14159,1356.75,339.19,285.34,377.06,4
grid_14160,1364.31,341.08,285.34,387.89,4
grid_14161,1128.08,282.02,244.99,325.21,4
grid_14162,400.74,200.37,198.95,201.79,2
grid_14163,354.02,177.01,152.23,201.79,2
grid_14164,256.81,256.81,256.81,256.81,1
grid_14165,500.37,250.19,244.99,255.38,2
grid_14166,301.98,301.98,301.98,301.98,1
grid_14167,420.44,210.22,178.37,242.06,2
grid_14168,945.51,315.17,281.11,362.42,3
grid_14169,328.27,164.14,149.9,178.37,2
grid_14170,149.9,149.9,149.9,149.9,1
grid_14171,1093.68,273.42,190.56,357.79,4
grid_14172,1346.05,224.34,168.65,357.79,6
grid_14173,965.7,241.42,166.16,326.41,4
grid_14174,1173.56,293.39,217.96,368.41,4
grid_14175,888.98,222.24,165.27,357.79,4
grid_14176,1206.51,201.08,146.12,357.79,6
grid_14177,668.44,167.11,136.37,190.56,4
grid_14178,838.11,209.53,143.14,368.41,4
grid_14179,831.86,277.29,143.14,368.41,3
grid_14180,586.6,146.65,121.18,175.35,4
grid_14181,1595.39,398.85,334.81,515.88,4
grid_14182,1404.89,351.22,252.83,407.37,4
grid_14183,1138.8,284.7,231.55,407.37,4
grid_14184,478.6,239.3,231.55,247.05,2
grid_14185,1553.94,388.49,334.81,515.88,4
grid_14186,1154.33,288.58,252.83,367.64,4
grid_14187,1482.35,370.59,260.67,515.88,4
grid_14188,618.19,206.06,180.01,258.14,3
grid_14189,1137.23,284.31,231.55,379.66,4
grid_14190,422.1,211.05,180.03,242.06,2
grid_14191,714.31,238.1,176.04,320.31,3
grid_14192,1660.9,276.82,236.66,338.4,6
grid_14193,308.25,308.25,308.25,308.25,1
grid_14194,970.67,323.56,302.95,359.47,3
grid_14195,1864.23,310.7,255.38,362.93,6
grid_14196,1682.31,336.46,302.95,362.93,5
grid_14197,627.7,313.85,308.25,319.45,2
grid_14198,1874.79,312.46,283.37,362.93,6
grid_14199,1240.83,310.21,302.95,319.45,4
grid_14200,590.03,295.02,279.86,310.17,2
grid_14201,1074.46,268.61,172.14,366.36,4
grid_14202,964.33,241.08,172.14,366.36,4
grid_14203,131.09,131.09,131.09,131.09,1
grid_14204,594.28,148.57,114.11,185.9,4
grid_14205,591.21,147.8,91.65,185.9,4
grid_14206,513.7,128.42,107.36,152.74,4
grid_14207,520.99,130.25,107.36,143.06,4
grid_14208,593.86,148.47,91.65,188.02,4
grid_14209,139.48,139.48,139.48,139.48,1
grid_14210,535.55,133.89,95.98,152.74,4
grid_14211,1367.58,341.89,284.99,412.09,4
grid_14212,1169.87,292.47,230.59,373.54,4
grid_14213,942.79,157.13,126.58,205.02,6
grid_14214,893.19,223.3,174.52,284.99,4
grid_14215,908.63,227.16,152.17,296.95,4
grid_14216,810.87,202.72,172.16,230.59,4
grid_14217,832.77,138.79,115.78,172.16,6
grid_14218,703.07,175.77,156.23,203.09,4
grid_14219,628.52,157.13,145.6,174.52,4
grid_14220,699.73,174.93,155.25,203.09,4
grid_14221,292.23,146.11,139.48,152.74,2
grid_14222,431.23,107.81,91.65,141.53,4
grid_14223,462.36,115.59,91.65,142.06,4
grid_14224,375.8,93.95,71.72,106.02,4
grid_14225,95.98,95.98,95.98,95.98,1
grid_14226,450.46,112.61,102.08,126.58,4
grid_14227,106.02,106.02,106.02,106.02,1
grid_14228,289.7,96.57,67.9,115.78,3
grid_14229,186.75,93.37,69.77,116.98,2
grid_14230,70.88,70.88,70.88,70.88,1
grid_14231,690.43,115.07,67.9,155.25,6
grid_14232,584.12,146.03,129.64,156.23,4
grid_14233,589.84,147.46,129.64,169.23,4
grid_14234,597.86,149.46,134.74,169.23,4
grid_14235,560.16,140.04,129.64,152.65,4
grid_14236,461.06,115.26,62.22,138.64,4
grid_14237,534.78,133.69,125.46,144.94,4
grid_14238,356.69,89.17,62.22,138.64,4
grid_14239,259.44,64.86,60.55,69.77,4
grid_14240,489.54,122.38,94.52,144.94,4
grid_14241,401.71,80.34,66.91,116.98,5
grid_14242,449.39,112.35,61.85,144.94,4
grid_14243,310.08,77.52,60.55,125.46,4
grid_14244,345.31,86.33,59.64,117.14,4
grid_14245,388.15,64.69,53.65,70.1,6
grid_14246,282.69,70.67,44.06,117.14,4
grid_14247,220.11,55.03,44.06,61.85,4
grid_14248,668.89,74.32,66.91,81.62,9
grid_14249,360.45,60.07,44.06,70.18,6
grid_14250,334.88,66.98,53.65,73.55,5
grid_14251,232.6,77.53,70.88,81.62,3
grid_14252,160.71,80.36,79.09,81.62,2
grid_14253,148.52,74.26,69.42,79.09,2
grid_14254,406.47,67.75,50.82,85.42,6
grid_14255,374.32,62.39,44.06,73.55,6
grid_14256,453.18,75.53,69.63,81.62,6
grid_14257,283.83,70.96,65.05,80.4,4
grid_14258,336.42,84.11,70.18,100.42,4
grid_14259,278.47,69.62,66.61,73.55,4
grid_14260,274.37,68.59,65.05,73.55,4
grid_14261,226.04,75.35,70.73,79.09,3
grid_14262,225.49,75.16,65.05,80.4,3
grid_14263,351.86,87.96,80.04,100.42,4
grid_14264,67.57,67.57,67.57,67.57,1
grid_14265,252.24,63.06,59.06,67.57,4
grid_14266,80.04,80.04,80.04,80.04,1
grid_14267,342.88,85.72,80.04,91.01,4
grid_14268,252.57,84.19,70.94,98.56,3
grid_14269,187.33,93.67,88.77,98.56,2
grid_14270,310.23,103.41,95.11,116.56,3
grid_14271,378.56,94.64,70.94,116.56,4
grid_14272,487.3,121.82,92.49,143.56,4
grid_14273,468.17,117.04,95.11,143.56,4
grid_14274,342.57,114.19,92.49,134.69,3
grid_14275,394.4,98.6,85.7,115.39,4
grid_14276,569.46,142.37,134.69,150.24,4
grid_14277,493.13,123.28,103.78,140.81,4
grid_14278,524.21,131.05,115.39,140.98,4
grid_14279,574.73,143.68,112.95,167.99,4
grid_14280,749.02,187.25,140.98,231.78,4
grid_14281,745.41,186.35,133.15,246.48,4
grid_14282,804.23,201.06,150.24,259.98,4
grid_14283,730.88,182.72,133.15,231.78,4
grid_14284,3065.34,510.89,260.21,995.37,6
grid_14285,1181.15,295.29,208.27,484.31,4
grid_14286,812.4,203.1,178.55,228.35,4
grid_14287,1068.9,267.22,168.43,484.31,4
grid_14288,637.54,159.39,132.93,197.22,4
grid_14289,748.75,187.19,154.74,228.35,4
grid_14290,2409.06,401.51,187.8,581.81,6
grid_14291,524.34,131.08,81.29,187.8,4
grid_14292,455.49,113.87,73.3,154.74,4
grid_14293,477.75,119.44,73.3,168.43,4
grid_14294,1091.4,272.85,217.91,333.14,4
grid_14295,1168.43,292.11,229.4,370.42,4
grid_14296,1380.64,345.16,235.46,461.15,4
grid_14297,820.89,205.22,134.02,313.6,4
grid_14298,785.2,196.3,102.13,313.6,4
grid_14299,995.65,248.91,207.28,341.06,4
grid_14300,774.27,193.57,102.13,235.46,4
grid_14301,702.67,175.67,134.02,215.95,4
grid_14302,813.5,203.38,103.22,341.06,4
grid_14303,473.39,118.35,92.47,144.77,4
grid_14304,1295.97,215.99,86.82,410.01,6
grid_14305,879.05,146.51,86.82,207.93,6
grid_14306,339.71,84.93,69.81,101.8,4
grid_14307,306.02,76.5,64.19,94.52,4
grid_14308,288.58,72.15,64.19,81.29,4
grid_14309,1389.8,173.72,101.8,215.95,8
grid_14310,595.87,99.31,69.81,153.43,6
grid_14311,453.54,75.59,64.19,91.73,6
grid_14312,454.48,75.75,64.19,91.73,6
grid_14313,920.83,153.47,79.17,206.65,6
grid_14314,505.1,126.27,92.47,207.28,4
grid_14315,1052.52,175.42,117.88,215.95,6
grid_14316,929.0,154.83,86.06,246.98,6
grid_14317,750.68,125.11,92.47,180.16,6
grid_14318,644.75,107.46,86.06,147.6,6
grid_14319,718.71,179.68,118.03,218.96,4
grid_14320,911.36,227.84,147.6,300.29,4
grid_14321,701.07,175.27,118.03,218.96,4
grid_14322,723.65,180.91,143.62,201.57,4
grid_14323,771.81,192.95,143.62,222.68,4
grid_14324,395.5,98.87,79.17,118.01,4
grid_14325,395.58,98.9,85.42,118.01,4
grid_14326,1367.51,195.36,153.43,215.95,7
grid_14327,482.38,120.59,91.01,172.95,4
grid_14328,899.57,149.93,106.58,206.65,6
grid_14329,676.87,169.22,128.3,206.65,4
grid_14330,552.25,138.06,106.58,172.95,4
grid_14331,851.16,141.86,105.08,187.34,6
grid_14332,663.21,165.8,128.3,203.95,4
grid_14333,537.2,134.3,104.45,172.95,4
grid_14334,940.08,235.02,201.57,296.88,4
grid_14335,1016.52,254.13,216.49,296.88,4
grid_14336,1141.15,285.29,216.49,340.17,4
grid_14337,938.95,234.74,205.11,296.88,4
grid_14338,920.04,230.01,203.95,288.3,4
grid_14339,1075.68,268.92,214.29,296.88,4
grid_14340,1244.17,311.04,280.31,340.17,4
grid_14341,1349.35,337.34,280.31,410.12,4
grid_14342,876.3,219.07,205.11,242.11,4
grid_14343,949.28,237.32,205.11,288.3,4
grid_14344,457.18,114.29,88.77,172.95,4
grid_14345,1068.67,178.11,105.08,293.53,6
grid_14346,973.13,243.28,187.34,293.53,4
grid_14347,270.82,90.27,77.59,104.45,3
grid_14348,410.82,102.7,77.59,123.69,4
grid_14349,170.04,85.02,77.59,92.45,2
grid_14350,1214.32,303.58,241.07,391.41,4
grid_14351,1394.17,232.36,123.69,391.41,6
grid_14352,427.02,106.76,77.59,133.29,4
grid_14353,423.95,105.99,92.45,123.45,4
grid_14354,1056.14,264.04,214.29,319.44,4
grid_14355,1540.37,385.09,319.44,481.25,4
grid_14356,918.74,229.69,214.79,242.11,4
grid_14357,1122.25,280.56,231.14,329.57,4
grid_14358,1054.4,263.6,214.79,367.83,4
grid_14359,1381.0,345.25,269.45,481.25,4
grid_14360,1138.01,284.5,231.14,329.57,4
grid_14361,1080.62,270.16,206.27,367.83,4
grid_14362,944.67,236.17,206.27,276.57,4
grid_14363,1044.36,261.09,198.46,363.07,4
grid_14364,1544.53,386.13,241.07,544.21,4
grid_14365,2324.64,387.44,133.29,718.88,6
grid_14366,640.91,160.23,92.45,291.73,4
grid_14367,2092.03,523.01,275.82,904.16,4
grid_14368,5072.08,845.35,291.73,1731.44,6
grid_14369,1517.79,379.45,123.45,881.67,4
grid_14370,625.33,156.33,112.95,220.95,4
grid_14371,4929.53,821.59,346.27,1731.44,6
grid_14372,898.63,224.66,167.99,259.98,4
grid_14373,1702.23,425.56,220.95,881.67,4
grid_14374,1214.56,303.64,274.19,363.07,4
grid_14375,869.06,217.27,188.51,275.82,4
grid_14376,1095.58,273.89,251.21,300.74,4
grid_14377,1181.94,295.48,198.46,421.75,4
grid_14378,1363.27,340.82,274.19,421.75,4
grid_14379,790.48,197.62,188.51,204.85,4
grid_14380,1127.05,281.76,251.21,304.26,4
grid_14381,1485.48,371.37,198.66,433.21,4
grid_14382,1564.37,391.09,304.26,433.21,4
grid_14383,1100.19,275.05,198.66,431.86,4
grid_14384,694.09,115.68,88.71,168.13,6
grid_14385,836.88,209.22,171.54,280.88,4
grid_14386,593.39,98.9,63.84,141.98,6
grid_14387,933.21,233.3,171.54,307.75,4
grid_14388,632.97,158.24,106.53,207.8,4
grid_14389,543.46,135.86,88.71,205.78,4
grid_14390,781.33,130.22,101.65,176.67,6
grid_14391,989.94,109.99,63.84,172.09,9
grid_14392,705.05,117.51,65.59,176.67,6
grid_14393,818.51,136.42,104.34,173.04,6
grid_14394,835.52,208.88,174.65,260.01,4
grid_14395,1530.67,255.11,136.82,425.38,6
grid_14396,988.15,247.04,174.65,350.18,4
grid_14397,1244.31,311.08,203.31,383.07,4
grid_14398,957.22,191.44,152.2,254.19,5
grid_14399,837.45,209.36,153.35,307.75,4
grid_14400,729.05,182.26,174.65,188.22,4
grid_14401,1093.43,182.24,132.26,254.19,6
grid_14402,711.6,177.9,153.35,203.31,4
grid_14403,1269.83,211.64,152.2,354.61,6
grid_14404,2262.88,377.15,332.38,464.45,6
grid_14405,1992.87,332.14,283.14,352.36,6
grid_14406,2058.66,343.11,332.17,355.85,6
grid_14407,1393.28,348.32,332.38,365.71,4
grid_14408,1556.27,389.07,332.38,481.34,4
grid_14409,1911.78,318.63,205.78,376.51,6
grid_14410,1440.22,360.05,345.64,376.51,4
grid_14411,1460.63,365.16,341.78,410.31,4
grid_14412,1517.16,379.29,341.78,481.34,4
grid_14413,1573.68,393.42,365.71,421.15,4
grid_14414,3226.24,358.47,297.41,438.17,9
grid_14415,1185.89,296.47,246.98,376.11,4
grid_14416,1940.73,323.46,262.51,376.31,6
grid_14417,2267.44,377.91,328.42,464.45,6
grid_14418,1376.98,344.25,300.29,376.11,4
grid_14419,1349.88,337.47,297.41,376.11,4
grid_14420,2101.83,350.3,297.41,488.0,6
grid_14421,1729.9,432.48,360.85,488.0,4
grid_14422,1857.16,371.43,314.25,488.0,5
grid_14423,2204.88,367.48,314.25,446.39,6
grid_14424,1263.91,210.65,100.58,330.1,6
grid_14425,642.05,160.51,121.88,220.37,4
grid_14426,537.69,134.42,105.25,167.06,4
grid_14427,805.25,161.05,105.25,292.17,5
grid_14428,1015.93,169.32,130.68,220.37,6
grid_14429,967.83,241.96,168.17,330.1,4
grid_14430,602.04,150.51,127.79,167.06,4
grid_14431,755.01,188.75,163.7,220.37,4
grid_14432,870.03,217.51,168.17,297.46,4
grid_14433,1105.8,184.3,152.01,220.37,6
grid_14434,939.73,234.93,180.29,354.61,4
grid_14435,664.7,166.17,132.26,204.26,4
grid_14436,695.68,173.92,145.44,216.61,4
grid_14437,588.86,147.22,117.04,173.04,4
grid_14438,2512.44,279.16,175.97,486.86,9
grid_14439,1880.6,313.43,216.61,486.86,6
grid_14440,1440.76,240.13,175.97,308.54,6
grid_14441,1488.35,248.06,145.44,341.02,6
grid_14442,1252.19,208.7,117.04,341.02,6
grid_14443,958.07,239.52,160.46,295.8,4
grid_14444,1421.44,355.36,339.49,381.37,4
grid_14445,1672.99,418.25,351.21,488.0,4
grid_14446,2402.0,400.33,381.37,446.39,6
grid_14447,1498.61,374.65,350.0,409.65,4
grid_14448,1512.5,378.13,339.49,410.12,4
grid_14449,1403.4,350.85,349.75,352.44,4
grid_14450,1629.19,407.3,350.0,465.77,4
grid_14451,1677.76,419.44,381.53,481.25,4
grid_14452,2476.35,412.73,381.53,465.77,6
grid_14453,1499.74,374.93,349.75,403.77,4
grid_14454,1425.22,356.31,297.46,421.15,4
grid_14455,1562.41,390.6,341.78,438.06,4
grid_14456,1497.02,374.25,293.29,421.15,4
grid_14457,1480.79,370.2,341.78,438.06,4
grid_14458,1246.81,311.7,234.91,421.15,4
grid_14459,1563.86,390.97,349.75,438.06,4
grid_14460,1572.95,393.24,372.27,438.06,4
grid_14461,1162.86,290.72,234.91,339.21,4
grid_14462,1387.55,346.89,293.29,382.78,4
grid_14463,1779.13,444.78,379.85,593.4,4
grid_14464,737.47,184.37,127.79,292.17,4
grid_14465,1116.17,186.03,131.17,260.22,6
grid_14466,529.7,132.42,117.14,163.7,4
grid_14467,619.82,154.96,121.07,203.88,4
grid_14468,960.06,240.02,169.49,295.45,4
grid_14469,538.07,134.52,117.14,174.03,4
grid_14470,1282.92,213.82,131.17,271.72,6
grid_14471,573.55,143.39,117.14,170.83,4
grid_14472,593.99,148.5,121.07,170.92,4
grid_14473,1100.0,275.0,260.22,295.45,4
grid_14474,1135.54,283.88,243.36,341.02,4
grid_14475,1050.58,262.65,174.03,341.02,4
grid_14476,1046.87,261.72,209.57,329.91,4
grid_14477,1303.52,217.25,160.46,264.25,6
grid_14478,668.21,167.05,119.11,243.36,4
grid_14479,860.88,215.22,141.8,303.27,4
grid_14480,1337.34,334.34,264.25,410.88,4
grid_14481,772.21,193.05,131.71,255.35,4
grid_14482,1671.44,278.57,160.46,400.38,6
grid_14483,823.72,205.93,133.66,303.27,4
grid_14484,542.92,135.73,117.14,164.51,4
grid_14485,1797.6,299.6,249.48,397.6,6
grid_14486,725.72,181.43,164.51,197.61,4
grid_14487,1160.88,232.18,170.92,271.72,5
grid_14488,738.16,184.54,170.83,198.8,4
grid_14489,776.43,194.11,142.16,277.0,4
grid_14490,1930.81,321.8,239.81,397.6,6
grid_14491,960.77,240.19,192.77,286.32,4
grid_14492,968.8,242.2,198.8,269.95,4
grid_14493,830.65,207.66,192.77,235.6,4
grid_14494,1260.46,315.11,272.61,353.19,4
grid_14495,1564.95,391.24,379.85,409.67,4
grid_14496,1467.84,366.96,339.21,392.66,4
grid_14497,1852.52,463.13,333.41,593.4,4
grid_14498,1405.61,351.4,272.61,397.6,4
grid_14499,1809.29,452.32,392.66,516.03,4
grid_14500,1618.99,404.75,353.19,490.93,4
grid_14501,1568.52,392.13,321.9,516.03,4
grid_14502,1507.7,376.93,361.92,397.6,4
grid_14503,1794.77,448.69,390.64,516.03,4
grid_14504,1427.9,356.98,269.45,481.25,4
grid_14505,1753.4,438.35,365.89,517.96,4
grid_14506,2220.18,370.03,272.35,465.77,6
grid_14507,1911.35,477.84,396.21,593.4,4
grid_14508,1798.22,449.56,333.41,593.4,4
grid_14509,1594.71,398.68,353.44,517.96,4
grid_14510,2011.95,335.33,272.35,365.89,6
grid_14511,1151.18,287.79,251.21,358.18,4
grid_14512,1392.08,348.02,326.65,357.42,4
grid_14513,1335.41,333.85,321.9,353.44,4
grid_14514,553.16,138.29,131.71,146.0,4
grid_14515,1268.25,317.06,259.77,410.88,4
grid_14516,538.98,134.75,119.11,146.0,4
grid_14517,1887.57,314.6,245.0,400.38,6
grid_14518,881.69,220.42,142.16,316.53,4
grid_14519,1061.01,265.25,259.77,270.68,4
grid_14520,1650.86,275.14,231.79,341.32,6
grid_14521,821.88,205.47,133.66,316.53,4
grid_14522,836.13,209.03,133.66,245.0,4
grid_14523,1201.11,300.28,277.0,321.26,4
grid_14524,1357.28,339.32,251.21,450.51,4
grid_14525,2283.32,380.55,354.57,450.51,6
grid_14526,1520.68,380.17,297.39,450.51,4
grid_14527,2402.97,400.5,354.57,450.51,6
grid_14528,1654.86,413.71,326.65,525.53,4
grid_14529,1670.92,417.73,321.9,525.53,4
grid_14530,2071.34,517.83,484.62,564.35,4
grid_14531,2167.5,541.88,379.65,765.9,4
grid_14532,2887.0,481.17,372.3,628.82,6
grid_14533,2043.85,510.96,448.1,564.35,4
grid_14534,892.25,223.06,197.61,260.24,4
grid_14535,1054.44,263.61,235.6,286.14,4
grid_14536,1972.0,328.67,239.81,366.83,6
grid_14537,1153.01,288.25,239.81,366.83,4
grid_14538,976.9,244.22,204.68,272.46,4
grid_14539,1022.21,255.55,204.68,286.32,4
grid_14540,1276.41,319.1,286.14,366.83,4
grid_14541,1083.21,270.8,264.16,279.69,4
grid_14542,1112.61,278.15,266.9,287.11,4
grid_14543,2432.44,405.41,327.58,624.32,6
grid_14544,1625.71,406.43,361.92,490.93,4
grid_14545,1648.97,412.24,321.9,496.83,4
grid_14546,1430.14,357.54,327.58,374.68,4
grid_14547,1393.28,348.32,266.04,390.64,4
grid_14548,1486.92,371.73,266.04,433.07,4
grid_14549,1894.08,473.52,327.58,624.32,4
grid_14550,1844.65,461.16,430.12,496.83,4
grid_14551,1609.67,402.42,266.04,567.5,4
grid_14552,1530.69,382.67,266.04,433.07,4
grid_14553,1999.63,499.91,401.45,604.54,4
grid_14554,1171.02,292.76,264.16,360.13,4
grid_14555,1239.17,309.79,272.94,360.13,4
grid_14556,3799.4,633.23,307.62,1438.11,6
grid_14557,1285.09,321.27,287.11,354.02,4
grid_14558,1201.35,300.34,266.9,354.02,4
grid_14559,1112.85,278.21,266.9,293.32,4
grid_14560,4259.95,709.99,281.23,1438.11,6
grid_14561,1099.85,274.96,233.64,299.95,4
grid_14562,1393.38,348.34,293.32,446.09,4
grid_14563,1388.96,347.24,281.23,446.09,4
grid_14564,1767.7,441.92,401.45,509.98,4
grid_14565,1922.38,480.59,430.12,509.98,4
grid_14566,3234.47,808.62,567.5,1438.11,4
grid_14567,1942.36,485.59,454.33,510.81,4
grid_14568,3596.13,899.03,492.62,1438.11,4
grid_14569,1845.41,461.35,322.11,604.54,4
grid_14570,1682.44,420.61,322.11,509.98,4
grid_14571,1886.17,471.54,424.21,509.98,4
grid_14572,4257.16,709.53,416.92,1326.01,6
grid_14573,2344.71,390.79,285.03,492.62,6
grid_14574,999.15,249.79,166.16,326.41,4
grid_14575,898.3,224.57,137.84,299.95,4
grid_14576,1387.01,346.75,281.23,446.09,4
grid_14577,1344.3,336.08,226.87,446.09,4
grid_14578,2828.21,471.37,278.02,1060.86,6
grid_14579,674.01,168.5,136.37,233.64,4
grid_14580,1094.55,182.43,123.29,237.12,6
grid_14581,2079.94,346.66,257.77,559.71,6
grid_14582,1513.88,252.31,176.25,371.39,6
grid_14583,3420.96,380.11,278.02,559.71,9
grid_14584,1714.76,428.69,188.51,904.16,4
grid_14585,1998.61,333.1,169.27,716.1,6
grid_14586,988.14,247.04,228.37,259.98,4
grid_14587,1018.96,254.74,169.27,349.9,4
grid_14588,954.32,238.58,188.51,346.27,4
grid_14589,1218.32,203.05,169.27,228.72,6
grid_14590,921.98,230.49,218.73,250.07,4
grid_14591,1047.4,209.48,169.27,250.07,5
grid_14592,913.08,228.27,204.85,264.81,4
grid_14593,1522.05,253.67,188.5,305.98,6
grid_14594,1399.94,349.99,297.39,405.16,4
grid_14595,2067.35,516.84,393.13,765.9,4
grid_14596,1819.42,454.85,405.16,503.16,4
grid_14597,1845.31,461.33,431.86,502.34,4
grid_14598,1524.78,381.19,264.81,502.34,4
grid_14599,2116.61,529.15,444.76,690.79,4
grid_14600,1780.82,445.2,355.82,502.34,4
grid_14601,1464.63,366.16,280.7,502.34,4
grid_14602,3400.27,566.71,394.25,747.07,6
grid_14603,2352.95,392.16,274.22,450.14,6
grid_14604,1982.67,495.67,226.02,1213.51,4
grid_14605,2279.89,569.97,224.97,1213.51,4
grid_14606,1025.74,256.44,226.02,311.37,4
grid_14607,2436.62,609.16,247.62,1213.51,4
grid_14608,1877.63,938.82,664.13,1213.51,2
grid_14609,1006.09,251.52,218.73,311.37,4
grid_14610,1354.62,338.66,208.53,664.13,4
grid_14611,980.04,245.01,218.73,279.34,4
grid_14612,1136.04,284.01,234.35,370.92,4
grid_14613,223.28,223.28,223.28,223.28,1
grid_14614,1088.47,272.12,214.75,348.81,4
grid_14615,1028.85,257.21,218.73,305.98,4
grid_14616,1168.1,292.03,228.72,348.81,4
grid_14617,3108.43,345.38,291.82,374.0,9
grid_14618,1636.17,327.23,280.7,350.16,5
grid_14619,2067.1,344.52,296.19,374.0,6
grid_14620,1697.93,339.59,279.34,372.85,5
grid_14621,1128.28,282.07,197.05,367.21,4
grid_14622,1102.41,367.47,362.36,372.85,3
grid_14623,1626.81,271.13,197.05,350.16,6
grid_14624,2057.44,514.36,484.62,564.35,4
grid_14625,3136.69,784.17,628.82,950.93,4
grid_14626,2438.64,609.66,505.86,857.61,4
grid_14627,4811.6,801.93,505.86,1316.12,6
grid_14628,2750.9,687.72,503.16,791.04,4
grid_14629,2481.75,620.44,479.56,857.61,4
grid_14630,4438.28,739.71,673.26,794.57,6
grid_14631,6030.61,861.52,570.53,1316.12,7
grid_14632,6303.41,787.93,570.53,950.93,8
grid_14633,4170.0,695.0,441.48,1326.01,6
grid_14634,1812.66,302.11,197.79,433.75,6
grid_14635,1781.15,445.29,289.47,747.07,4
grid_14636,860.3,215.08,173.71,274.22,4
grid_14637,1172.52,293.13,214.58,394.25,4
grid_14638,754.03,188.51,170.09,214.58,4
grid_14639,1025.3,256.32,167.68,350.36,4
grid_14640,841.83,210.46,167.68,289.47,4
grid_14641,609.58,152.4,113.99,170.09,4
grid_14642,643.43,160.86,113.99,217.78,4
grid_14643,667.73,166.93,144.16,195.65,4
grid_14644,2372.5,593.12,350.36,794.57,4
grid_14645,3979.29,663.21,480.5,794.57,6
grid_14646,4029.72,671.62,473.39,906.33,6
grid_14647,1405.71,351.43,217.78,480.5,4
grid_14648,8853.91,2213.48,815.79,3652.74,4
grid_14649,5115.23,852.54,357.07,2204.75,6
grid_14650,6709.82,1677.45,629.92,3059.36,4
grid_14651,12930.96,3232.74,2688.4,3652.74,4
grid_14652,11289.62,2822.41,2204.75,3530.46,4
grid_14653,6715.3,1119.22,269.12,2495.05,6
grid_14654,1244.53,207.42,156.67,296.6,6
grid_14655,714.29,238.1,194.41,296.6,3
grid_14656,722.1,180.53,153.55,197.79,4
grid_14657,746.9,186.73,153.55,233.28,4
grid_14658,711.56,177.89,153.55,195.65,4
grid_14659,740.39,185.1,158.11,223.28,4
grid_14660,655.41,163.85,150.19,188.65,4
grid_14661,962.61,160.44,140.22,194.41,6
grid_14662,299.5,149.75,141.4,158.11,2
grid_14663,783.33,130.55,74.89,158.11,6
grid_14664,387.88,193.94,164.6,223.28,2
grid_14665,524.8,262.4,210.19,314.61,2
grid_14666,734.52,244.84,209.72,314.61,3
grid_14667,621.49,155.37,118.53,188.65,4
grid_14668,692.59,173.15,144.16,195.65,4
grid_14669,407.95,101.99,56.55,164.13,4
grid_14670,521.84,173.95,141.4,210.19,3
grid_14671,505.94,126.49,68.75,164.13,4
grid_14672,644.67,107.44,56.55,170.26,6
grid_14673,241.12,60.28,56.55,68.75,4
grid_14674,780.6,195.15,170.26,210.19,4
grid_14675,383.64,95.91,58.96,128.9,4
grid_14676,673.67,112.28,56.55,190.43,6
grid_14677,2926.45,487.74,322.11,942.76,6
grid_14678,3019.39,503.23,285.03,1060.86,6
grid_14679,3753.83,625.64,376.77,1138.85,6
grid_14680,4220.97,1055.24,485.09,2153.99,4
grid_14681,1960.13,490.03,384.34,639.13,4
grid_14682,1992.94,398.59,360.5,451.57,5
grid_14683,8466.52,2116.63,1138.85,3652.74,4
grid_14684,6584.51,1646.13,942.76,2348.91,4
grid_14685,3806.95,951.74,409.41,2153.99,4
grid_14686,1906.48,476.62,406.36,639.13,4
grid_14687,927.38,154.56,123.29,237.12,6
grid_14688,1814.69,453.67,288.42,559.71,4
grid_14689,1179.92,294.98,193.18,410.49,4
grid_14690,2758.88,459.81,312.44,559.71,6
grid_14691,1058.26,264.57,193.18,340.13,4
grid_14692,1072.53,214.51,125.69,340.13,5
grid_14693,1960.01,392.0,307.16,556.07,5
grid_14694,1655.57,413.89,307.16,556.07,4
grid_14695,1093.72,273.43,206.93,340.13,4
grid_14696,1338.99,334.75,258.83,410.49,4
grid_14697,1530.86,382.72,312.44,451.57,4
grid_14698,9821.45,2455.36,1131.4,3652.74,4
grid_14699,6238.71,1559.68,604.41,2348.91,4
grid_14700,5227.08,1306.77,629.14,2688.4,4
grid_14701,1887.31,471.83,409.41,604.41,4
grid_14702,1619.62,404.9,386.25,417.59,4
grid_14703,2240.78,373.46,312.44,465.24,6
grid_14704,2820.85,705.21,455.9,1131.4,4
grid_14705,2219.99,370.0,319.11,431.76,6
grid_14706,1930.47,482.62,318.81,629.14,4
grid_14707,922.92,230.73,173.34,340.13,4
grid_14708,1052.95,263.24,206.93,366.41,4
grid_14709,1359.45,339.86,302.64,381.84,4
grid_14710,1164.1,291.02,220.79,381.84,4
grid_14711,1366.7,341.68,307.16,372.63,4
grid_14712,1068.97,267.24,173.34,366.41,4
grid_14713,1348.07,337.02,279.53,398.09,4
grid_14714,1254.76,313.69,220.79,409.57,4
grid_14715,1060.95,265.24,220.79,302.64,4
grid_14716,1607.52,401.88,367.81,468.98,4
grid_14717,1642.41,410.6,386.25,431.76,4
grid_14718,2363.17,590.79,429.26,778.14,4
grid_14719,1599.1,399.78,318.81,455.9,4
grid_14720,2634.74,439.12,358.85,552.99,6
grid_14721,1826.68,456.67,406.8,552.99,4
grid_14722,2557.77,639.44,318.81,984.66,4
grid_14723,1888.41,472.1,318.81,727.67,4
grid_14724,2351.86,587.97,411.32,984.66,4
grid_14725,2186.05,546.51,386.26,727.67,4
grid_14726,1760.82,440.2,386.26,552.99,4
grid_14727,1526.66,381.67,322.29,428.39,4
grid_14728,1126.99,281.75,257.99,298.68,4
grid_14729,1341.99,335.5,279.53,398.09,4
grid_14730,1422.67,355.67,257.99,464.32,4
grid_14731,1707.78,426.94,365.69,475.01,4
grid_14732,1827.08,456.77,409.57,524.81,4
grid_14733,623.03,311.51,290.79,332.24,2
grid_14734,365.69,365.69,365.69,365.69,1
grid_14735,1395.61,348.9,290.79,464.32,4
grid_14736,1603.14,400.79,365.69,475.01,4
grid_14737,1364.67,682.34,637.0,727.67,2
grid_14738,2350.63,470.13,404.11,552.99,5
grid_14739,1644.69,411.17,366.42,475.01,4
grid_14740,1613.77,403.44,308.26,524.81,4
grid_14741,366.42,366.42,366.42,366.42,1
grid_14742,968.33,322.78,308.26,332.24,3
grid_14743,307.99,307.99,307.99,307.99,1
grid_14744,1255.74,313.93,303.25,327.84,4
grid_14745,1226.51,306.63,298.88,316.39,4
grid_14746,987.94,246.99,143.98,357.07,4
grid_14747,7946.75,1986.69,778.14,3530.46,4
grid_14748,7626.89,1906.72,651.61,3530.46,4
grid_14749,825.74,206.43,143.98,269.12,4
grid_14750,4733.5,788.92,254.43,2495.05,6
grid_14751,1025.64,256.41,158.21,356.22,4
grid_14752,2568.3,642.08,411.14,949.76,4
grid_14753,2351.63,391.94,254.43,651.61,6
grid_14754,2401.15,600.29,388.64,949.76,4
grid_14755,1238.0,309.5,256.78,362.49,4
grid_14756,521.44,130.36,99.53,157.82,4
grid_14757,515.71,128.93,99.53,158.21,4
grid_14758,580.98,145.25,128.9,157.82,4
grid_14759,666.98,166.75,99.53,256.78,4
grid_14760,542.66,135.66,127.03,150.09,4
grid_14761,538.72,134.68,99.53,152.46,4
grid_14762,586.68,146.67,127.03,176.77,4
grid_14763,947.2,236.8,152.46,275.45,4
grid_14764,741.31,185.33,136.63,275.45,4
grid_14765,991.97,247.99,176.77,307.45,4
grid_14766,1504.87,376.22,340.2,411.14,4
grid_14767,1591.92,397.98,340.2,429.26,4
grid_14768,2130.71,355.12,324.05,388.64,6
grid_14769,1350.31,337.58,262.51,368.02,4
grid_14770,340.2,340.2,340.2,340.2,1
grid_14771,1495.66,373.92,340.2,396.5,4
grid_14772,2205.79,367.63,324.05,394.06,6
grid_14773,1470.15,367.54,356.34,388.51,4
grid_14774,684.98,342.49,290.92,394.06,2
grid_14775,2194.99,365.83,290.92,394.06,6
grid_14776,382.4,191.2,190.43,191.96,2
grid_14777,270.27,67.57,56.86,80.67,4
grid_14778,412.91,103.23,58.96,146.25,4
grid_14779,786.36,131.06,56.86,191.96,6
grid_14780,404.37,101.09,73.78,148.27,4
grid_14781,684.27,171.07,156.8,191.96,4
grid_14782,730.76,146.15,73.78,191.96,5
grid_14783,488.69,122.17,80.67,160.11,4
grid_14784,590.76,147.69,101.66,173.83,4
grid_14785,616.61,154.15,134.57,173.83,4
grid_14786,655.71,163.93,101.66,226.94,4
grid_14787,744.67,186.17,167.0,206.78,4
grid_14788,373.79,186.89,167.0,206.78,2
grid_14789,1202.69,300.67,262.51,357.28,4
grid_14790,715.44,178.86,146.25,232.31,4
grid_14791,1397.3,349.32,307.45,388.51,4
grid_14792,948.07,237.02,160.11,328.71,4
grid_14793,1212.53,303.13,232.31,344.06,4
grid_14794,1435.53,358.88,328.71,393.99,4
grid_14795,1291.32,322.83,226.94,393.99,4
grid_14796,1439.93,359.98,338.6,388.51,4
grid_14797,717.99,358.99,349.22,368.76,2
grid_14798,1261.0,315.25,204.42,368.76,4
grid_14799,710.22,355.11,290.92,419.3,2
grid_14800,2183.9,363.98,290.92,419.3,6
grid_14801,1425.43,356.36,338.6,388.51,4
grid_14802,1265.57,421.86,393.46,452.81,3
grid_14803,1796.84,359.37,260.12,419.3,5
grid_14804,1679.74,279.96,152.66,381.96,6
grid_14805,629.09,314.54,235.62,393.46,2
grid_14806,1085.6,180.93,139.51,260.12,6
grid_14807,1053.27,263.32,164.06,393.46,4
grid_14808,592.27,197.42,164.06,214.82,3
grid_14809,369.25,184.62,164.83,204.42,2
grid_14810,724.61,241.54,164.83,349.15,3
grid_14811,349.15,349.15,349.15,349.15,1
grid_14812,1852.58,205.84,139.51,349.15,9
grid_14813,790.94,263.65,213.39,349.15,3
grid_14814,213.39,213.39,213.39,213.39,1
grid_14815,1208.13,302.03,288.95,315.87,4
grid_14816,1558.7,259.78,202.15,292.52,6
grid_14817,1123.43,280.86,273.32,288.95,4
grid_14818,1138.41,284.6,273.32,292.52,4
grid_14819,807.39,201.85,195.26,208.76,4
grid_14820,991.35,247.84,215.05,313.89,4
grid_14821,839.98,209.99,198.29,217.88,4
grid_14822,836.85,209.21,195.26,234.36,4
grid_14823,1168.16,292.04,276.72,315.87,4
grid_14824,1447.11,241.19,215.05,293.92,6
grid_14825,427.87,106.97,39.85,138.48,4
grid_14826,367.53,91.88,45.84,132.68,4
grid_14827,820.93,205.23,160.79,235.01,4
grid_14828,170.74,34.15,5.84,72.16,5
grid_14829,170.01,42.5,5.84,117.27,4
grid_14830,732.81,183.2,113.44,242.89,4
grid_14831,725.96,181.49,113.44,231.17,4
grid_14832,601.32,200.44,33.06,450.99,3
grid_14833,1270.38,317.59,253.83,395.2,4
grid_14834,1143.04,285.76,33.06,450.99,4
grid_14835,1340.29,335.07,324.3,349.27,4
grid_14836,1096.52,274.13,259.32,292.06,4
grid_14837,1440.19,360.05,269.71,489.43,4
grid_14838,1099.47,274.87,251.23,296.86,4
grid_14839,1062.56,265.64,247.5,283.01,4
grid_14840,1070.85,267.71,247.5,278.21,4
grid_14841,1347.53,336.88,315.78,365.28,4
grid_14842,1276.31,319.08,286.62,349.27,4
grid_14843,1316.84,329.21,251.23,410.79,4
grid_14844,1349.04,269.81,184.71,323.6,5
grid_14845,772.47,193.12,160.79,217.16,4
grid_14846,252.77,63.19,23.34,92.93,4
grid_14847,1240.04,310.01,253.83,338.34,4
grid_14848,2629.9,657.48,117.27,1054.41,4
grid_14849,316.47,79.12,19.29,108.73,4
grid_14850,865.58,216.39,102.77,269.28,4
grid_14851,737.57,184.39,102.77,257.37,4
grid_14852,294.64,73.66,19.29,108.73,4
grid_14853,3103.96,517.33,90.65,1054.41,6
grid_14854,1529.88,382.47,310.62,567.18,4
grid_14855,1488.0,248.0,202.15,291.61,6
grid_14856,1145.08,286.27,273.32,314.11,4
grid_14857,854.17,213.54,205.08,222.96,4
grid_14858,1167.17,291.79,273.32,314.11,4
grid_14859,1112.22,222.44,208.76,244.71,5
grid_14860,861.31,215.33,202.15,231.12,4
grid_14861,1203.93,300.98,276.72,359.65,4
grid_14862,1122.7,280.67,229.26,354.79,4
grid_14863,1264.43,316.11,280.93,359.65,4
grid_14864,1295.8,215.97,193.85,233.64,6
grid_14865,1445.29,361.32,318.29,435.56,4
grid_14866,1137.6,284.4,233.93,371.6,4
grid_14867,1185.04,296.26,253.83,337.25,4
grid_14868,1417.12,354.28,315.78,435.56,4
grid_14869,1339.53,334.88,251.23,457.37,4
grid_14870,1313.83,328.46,286.62,359.65,4
grid_14871,1482.59,370.65,251.23,457.37,4
grid_14872,1875.53,312.59,184.71,416.03,6
grid_14873,1100.63,275.16,233.93,315.74,4
grid_14874,1354.59,338.65,318.29,359.65,4
grid_14875,1883.37,470.84,236.15,1007.24,4
grid_14876,1777.5,296.25,217.16,361.01,6
grid_14877,970.42,242.6,200.55,290.15,4
grid_14878,572.36,143.09,73.68,315.08,4
grid_14879,840.53,210.13,121.58,262.56,4
grid_14880,3078.35,769.59,370.7,1054.41,4
grid_14881,1210.41,302.6,255.84,377.59,4
grid_14882,1234.3,308.57,262.56,401.95,4
grid_14883,1342.8,335.7,258.28,444.53,4
grid_14884,793.11,198.28,73.68,315.08,4
grid_14885,1345.16,224.19,193.85,244.71,6
grid_14886,1169.93,233.99,122.04,314.11,5
grid_14887,1117.88,279.47,230.87,314.11,4
grid_14888,1320.41,220.07,196.76,239.66,6
grid_14889,1890.72,210.08,122.04,291.61,9
grid_14890,1102.72,275.68,215.7,354.79,4
grid_14891,735.3,183.83,157.73,196.76,4
grid_14892,928.08,154.68,68.51,230.87,6
grid_14893,707.9,117.98,68.51,198.69,6
grid_14894,1302.54,217.09,103.78,306.83,6
grid_14895,1678.97,419.74,233.93,639.72,4
grid_14896,1488.61,372.15,318.29,435.56,4
grid_14897,1859.89,464.97,315.74,639.72,4
grid_14898,1560.0,390.0,323.6,435.56,4
grid_14899,1609.93,268.32,184.71,410.86,6
grid_14900,1670.78,417.7,233.93,575.67,4
grid_14901,1266.62,316.65,215.75,416.03,4
grid_14902,1894.36,473.59,379.58,641.38,4
grid_14903,2046.02,511.51,371.6,641.38,4
grid_14904,2824.6,470.77,331.88,703.74,6
grid_14905,2309.96,384.99,177.51,703.74,6
grid_14906,663.23,165.81,110.05,198.69,4
grid_14907,825.78,206.44,186.96,229.26,4
grid_14908,976.09,244.02,202.63,302.95,4
grid_14909,783.5,195.87,178.21,215.7,4
grid_14910,378.6,94.65,68.51,129.91,4
grid_14911,670.61,167.65,147.72,186.96,4
grid_14912,1119.26,279.82,177.51,498.03,4
grid_14913,430.6,71.77,50.96,110.05,6
grid_14914,619.34,154.83,103.78,208.13,4
grid_14915,816.52,204.13,163.47,245.72,4
grid_14916,753.14,188.28,144.77,245.72,4
grid_14917,1454.76,363.69,293.92,491.99,4
grid_14918,624.77,156.19,130.62,191.08,4
grid_14919,1305.18,326.29,221.08,491.99,4
grid_14920,1158.59,193.1,130.62,278.05,6
grid_14921,776.51,194.13,162.98,245.72,4
grid_14922,591.74,147.93,111.65,204.34,4
grid_14923,909.6,181.92,130.48,289.77,5
grid_14924,1665.43,416.36,302.95,515.69,4
grid_14925,788.06,197.01,154.0,263.8,4
grid_14926,1214.64,303.66,156.84,479.74,4
grid_14927,3314.1,552.35,295.02,738.72,6
grid_14928,489.41,122.35,95.7,154.0,4
grid_14929,1988.59,497.15,316.19,702.87,4
grid_14930,1897.54,474.39,356.84,560.02,4
grid_14931,581.1,145.27,117.77,156.84,4
grid_14932,990.15,247.54,152.48,364.64,4
grid_14933,3705.77,617.63,470.42,738.72,6
grid_14934,1592.83,398.21,270.22,604.89,4
grid_14935,791.72,131.95,111.65,158.3,6
grid_14936,1518.54,379.63,221.08,515.69,4
grid_14937,606.7,151.67,117.44,204.34,4
grid_14938,380.6,95.15,73.01,117.44,4
grid_14939,1566.18,391.54,254.8,515.69,4
grid_14940,643.66,107.28,78.5,130.48,6
grid_14941,835.09,208.77,108.84,306.0,4
grid_14942,408.08,102.02,73.01,121.94,4
grid_14943,1604.19,401.05,289.77,515.69,4
grid_14944,249.77,62.44,42.58,78.5,4
grid_14945,3085.15,771.29,742.4,815.17,4
grid_14946,1610.09,402.52,356.84,475.04,4
grid_14947,3098.54,774.63,475.04,905.85,4
grid_14948,3196.75,799.19,699.51,905.85,4
grid_14949,743.52,371.76,343.0,400.52,2
grid_14950,2434.53,608.63,406.3,776.23,4
grid_14951,1756.12,439.03,396.81,552.49,4
grid_14952,2294.39,573.6,356.84,902.48,4
grid_14953,2094.55,523.64,369.47,699.51,4
grid_14954,3516.69,879.17,800.68,907.68,4
grid_14955,1884.98,471.25,323.3,560.02,4
grid_14956,920.32,230.08,152.48,316.19,4
grid_14957,576.94,144.23,117.77,181.43,4
grid_14958,2907.77,484.63,323.3,678.61,6
grid_14959,416.4,104.1,77.67,125.26,4
grid_14960,2001.87,333.65,227.34,429.02,6
grid_14961,1255.16,313.79,270.22,401.54,4
grid_14962,741.63,185.41,125.26,269.63,4
grid_14963,1022.08,255.52,181.43,300.8,4
grid_14964,1304.7,326.18,222.81,531.24,4
grid_14965,3025.3,756.33,619.26,905.85,4
grid_14966,1366.44,341.61,278.11,400.52,4
grid_14967,1521.1,380.28,344.81,406.3,4
grid_14968,2901.43,725.36,531.24,907.68,4
grid_14969,2357.46,589.37,286.42,907.68,4
grid_14970,1762.29,440.57,369.47,619.26,4
grid_14971,1249.1,312.28,273.04,353.15,4
grid_14972,2178.81,544.7,362.68,800.68,4
grid_14973,1444.81,361.2,344.81,377.38,4
grid_14974,1948.15,487.04,222.81,907.68,4
grid_14975,1048.79,262.2,129.03,492.72,4
grid_14976,513.89,85.65,55.68,108.84,6
grid_14977,1102.8,275.7,131.86,492.72,4
grid_14978,288.96,72.24,42.58,95.7,4
grid_14979,647.84,161.96,101.14,306.0,4
grid_14980,457.75,76.29,40.5,130.14,6
grid_14981,557.85,139.46,109.34,172.22,4
grid_14982,539.8,134.95,101.14,176.66,4
grid_14983,628.01,157.0,131.86,176.66,4
grid_14984,294.81,73.7,42.58,108.08,4
grid_14985,476.32,119.08,77.67,165.31,4
grid_14986,1124.73,281.18,165.31,462.38,4
grid_14987,1549.56,309.91,222.81,435.15,5
grid_14988,610.22,152.56,108.08,227.41,4
grid_14989,1218.63,304.66,282.6,318.35,4
grid_14990,1351.16,337.79,269.63,462.38,4
grid_14991,1829.16,304.86,227.34,387.09,6
grid_14992,601.23,150.31,94.67,227.41,4
grid_14993,1261.72,315.43,225.81,462.38,4
grid_14994,1135.91,283.98,225.81,318.35,4
grid_14995,205.24,51.31,40.5,66.48,4
grid_14996,480.72,80.12,38.36,155.56,6
grid_14997,201.74,50.43,38.36,66.48,4
grid_14998,533.03,133.26,108.22,168.22,4
grid_14999,589.88,147.47,127.52,176.66,4
grid_15000,340.38,85.09,56.39,109.43,4
grid_15001,619.66,154.92,127.52,176.66,4
grid_15002,608.2,101.37,38.36,193.07,6
grid_15003,203.21,50.8,38.36,60.61,4
grid_15004,551.2,137.8,108.22,168.22,4
grid_15005,1376.4,344.1,194.63,532.67,4
grid_15006,1452.83,363.21,302.5,396.18,4
grid_15007,1045.78,261.44,173.1,353.15,4
grid_15008,1353.8,338.45,246.5,377.38,4
grid_15009,1255.99,314.0,194.63,396.18,4
grid_15010,1477.04,369.26,222.81,532.67,4
grid_15011,971.19,242.8,119.47,376.78,4
grid_15012,1143.14,285.78,228.45,376.78,4
grid_15013,1535.39,383.85,194.63,532.67,4
grid_15014,1908.73,477.18,435.15,532.67,4
grid_15015,2623.93,437.32,344.77,580.16,6
grid_15016,2772.11,693.03,489.58,1064.42,4
grid_15017,2248.19,562.05,388.71,642.44,4
grid_15018,1753.98,438.49,389.98,477.82,4
grid_15019,1781.2,445.3,371.53,641.38,4
grid_15020,1241.51,310.38,215.75,379.58,4
grid_15021,2422.76,605.69,432.67,783.18,4
grid_15022,1860.56,310.09,215.75,477.82,6
grid_15023,2976.9,744.23,489.58,1064.42,4
grid_15024,1358.1,339.52,235.59,498.03,4
grid_15025,2168.71,361.45,189.44,646.0,6
grid_15026,1802.06,450.52,314.83,567.18,4
grid_15027,1117.64,279.41,255.84,319.6,4
grid_15028,1348.78,337.19,257.37,444.53,4
grid_15029,1535.12,383.78,258.28,646.0,4
grid_15030,2604.89,434.15,290.15,749.57,6
grid_15031,350.52,87.63,19.29,156.55,4
grid_15032,454.14,113.54,19.29,204.62,4
grid_15033,3823.87,637.31,401.95,1125.9,6
grid_15034,1544.93,386.23,279.65,482.93,4
grid_15035,1346.03,224.34,189.44,260.13,6
grid_15036,1529.45,382.36,279.65,549.8,4
grid_15037,871.23,217.81,199.73,248.63,4
grid_15038,767.85,191.96,69.64,282.14,4
grid_15039,891.94,222.98,156.55,282.14,4
grid_15040,1196.78,299.2,228.26,444.53,4
grid_15041,1497.67,374.42,265.71,444.53,4
grid_15042,3024.71,604.94,402.62,1125.9,5
grid_15043,1656.83,414.21,319.6,549.8,4
grid_15044,982.5,245.62,228.26,260.13,4
grid_15045,2920.45,584.09,388.71,776.73,5
grid_15046,1903.24,380.65,258.45,475.32,5
grid_15047,2207.23,551.81,402.62,783.18,4
grid_15048,2705.54,450.92,274.65,736.0,6
grid_15049,3753.11,938.28,588.75,1316.76,4
grid_15050,3800.35,950.09,642.44,1316.76,4
grid_15051,2892.38,482.06,371.53,613.31,6
grid_15052,2585.29,430.88,335.77,477.82,6
grid_15053,3784.13,420.46,261.73,736.0,9
grid_15054,1043.8,260.95,235.59,299.59,4
grid_15055,470.04,117.51,54.54,157.73,4
grid_15056,700.64,175.16,114.17,254.8,4
grid_15057,652.26,163.06,114.17,202.63,4
grid_15058,594.97,118.99,54.54,151.54,5
grid_15059,547.28,136.82,76.39,172.49,4
grid_15060,623.96,155.99,140.79,178.21,4
grid_15061,602.3,100.38,50.96,168.49,6
grid_15062,975.96,243.99,208.13,299.59,4
grid_15063,743.17,185.79,129.91,232.64,4
grid_15064,478.96,119.74,109.34,129.03,4
grid_15065,3521.39,880.35,482.93,1317.65,4
grid_15066,2220.88,555.22,380.41,694.84,4
grid_15067,2153.08,538.27,380.41,694.84,4
grid_15068,1002.75,250.69,201.92,336.74,4
grid_15069,1684.18,421.04,265.71,583.05,4
grid_15070,1356.97,226.16,201.08,257.25,6
grid_15071,1026.94,256.74,248.03,282.14,4
grid_15072,1030.12,257.53,240.44,282.14,4
grid_15073,16979.82,2122.48,402.62,5316.86,8
grid_15074,2138.53,534.63,409.84,595.84,4
grid_15075,2138.64,534.66,409.6,613.31,4
grid_15076,2930.5,488.42,327.23,736.0,6
grid_15077,1587.06,396.76,335.77,451.65,4
grid_15078,11264.51,1877.42,402.62,5026.66,6
grid_15079,2265.0,566.25,409.6,736.0,4
grid_15080,3965.23,660.87,499.26,795.05,6
grid_15081,5307.17,884.53,745.16,1316.76,6
grid_15082,1264.48,316.12,250.17,420.09,4
grid_15083,7169.97,1195.0,588.75,2285.51,6
grid_15084,1102.33,275.58,250.17,299.59,4
grid_15085,1256.29,314.07,228.26,425.57,4
grid_15086,972.27,243.07,218.25,257.25,4
grid_15087,1642.92,410.73,336.74,482.11,4
grid_15088,941.25,235.31,199.06,248.14,4
grid_15089,1994.26,498.57,425.57,583.05,4
grid_15090,3887.07,647.84,511.19,759.67,6
grid_15091,1666.75,333.35,201.92,415.39,5
grid_15092,4524.94,754.16,594.91,947.67,6
grid_15093,3289.22,548.2,467.75,627.86,6
grid_15094,25983.45,3247.93,1317.65,5316.86,8
grid_15095,731.82,182.96,151.54,207.4,4
grid_15096,781.71,195.43,168.49,233.33,4
grid_15097,838.01,209.5,172.49,233.33,4
grid_15098,975.0,162.5,100.38,204.39,6
grid_15099,579.21,144.8,114.17,181.37,4
grid_15100,1003.84,250.96,199.55,299.59,4
grid_15101,671.69,167.92,140.79,192.28,4
grid_15102,438.4,109.6,94.43,126.42,4
grid_15103,681.43,170.36,151.95,192.28,4
grid_15104,558.04,139.51,94.43,181.37,4
grid_15105,12087.78,3021.95,1189.83,5026.66,4
grid_15106,1510.13,377.53,244.24,535.73,4
grid_15107,5088.82,1272.21,749.86,2285.51,4
grid_15108,1685.84,421.46,376.68,451.65,4
grid_15109,2921.29,730.32,512.76,863.62,4
grid_15110,2164.1,541.03,320.56,795.05,4
grid_15111,1580.21,395.05,244.24,539.4,4
grid_15112,1327.46,331.86,250.17,420.09,4
grid_15113,2596.42,432.74,327.23,539.4,6
grid_15114,953.02,238.25,173.37,280.52,4
grid_15115,1057.8,264.45,155.92,447.07,4
grid_15116,1701.96,283.66,193.97,395.2,6
grid_15117,596.35,149.09,113.44,200.55,4
grid_15118,941.91,235.48,102.77,447.07,4
grid_15119,1725.16,345.03,23.34,1054.41,5
grid_15120,493.7,123.43,102.77,155.92,4
grid_15121,380.19,95.05,45.84,132.68,4
grid_15122,463.31,115.83,83.41,138.48,4
grid_15123,1606.75,267.79,193.97,338.34,6
grid_15124,2141.44,535.36,236.15,1007.24,4
grid_15125,245.78,81.93,39.85,138.48,3
grid_15126,210.66,105.33,67.44,143.23,2
grid_15127,432.56,108.14,67.44,143.23,4
grid_15128,390.3,195.15,143.23,247.08,2
grid_15129,578.75,144.69,83.41,247.08,4
grid_15130,423.53,141.18,28.09,247.08,3
grid_15131,570.13,142.53,69.64,247.08,4
grid_15132,177.53,177.53,177.53,177.53,1
grid_15133,544.82,136.2,28.09,190.83,4
grid_15134,668.36,167.09,69.64,259.51,4
grid_15135,569.36,189.79,91.47,300.36,3
grid_15136,918.81,229.7,177.53,300.36,4
grid_15137,940.87,235.22,190.83,259.51,4
grid_15138,909.33,227.33,199.06,248.03,4
grid_15139,417.91,139.3,81.18,245.26,3
grid_15140,888.75,222.19,91.47,300.36,4
grid_15141,1045.87,261.47,243.76,300.36,4
grid_15142,956.09,239.02,221.8,250.09,4
grid_15143,924.96,231.24,199.06,253.73,4
grid_15144,857.87,171.57,74.2,245.26,5
grid_15145,7979.54,1329.92,594.91,2292.46,6
grid_15146,1033.7,258.43,246.02,282.29,4
grid_15147,1672.13,278.69,201.08,415.39,6
grid_15148,4827.75,1206.94,830.18,1996.67,4
grid_15149,945.76,236.44,199.06,253.73,4
grid_15150,1772.86,295.48,249.68,415.39,6
grid_15151,2542.34,635.59,511.19,793.54,4
grid_15152,3152.71,525.45,467.75,614.84,6
grid_15153,3411.73,379.08,239.81,671.93,9
grid_15154,3092.85,515.47,398.5,671.93,6
grid_15155,952.12,238.03,215.85,251.66,4
grid_15156,986.45,246.61,239.36,251.67,4
grid_15157,74.2,74.2,74.2,74.2,1
grid_15158,967.61,241.9,221.8,251.67,4
grid_15159,388.37,129.46,74.2,223.76,3
grid_15160,890.32,222.58,193.35,241.76,4
grid_15161,1537.62,256.27,250.17,266.46,6
grid_15162,1205.37,200.9,74.2,256.83,6
grid_15163,991.01,247.75,239.36,258.22,4
grid_15164,1522.38,253.73,230.03,266.46,6
grid_15165,90.41,90.41,90.41,90.41,1
grid_15166,1137.87,189.65,90.41,342.66,6
grid_15167,1366.29,170.79,101.9,256.83,8
grid_15168,761.77,190.44,90.41,342.66,4
grid_15169,1105.3,221.06,122.04,260.74,5
grid_15170,947.71,236.93,214.14,260.74,4
grid_15171,1425.16,237.53,122.04,352.38,6
grid_15172,1606.36,200.8,101.9,352.38,8
grid_15173,110.52,110.52,110.52,110.52,1
grid_15174,922.1,230.53,214.14,242.81,4
grid_15175,1625.83,270.97,110.52,355.42,6
grid_15176,705.35,176.34,122.04,206.99,4
grid_15177,1164.81,194.13,101.9,259.58,6
grid_15178,1228.45,245.69,110.52,355.42,5
grid_15179,596.23,149.06,4.4,245.97,4
grid_15180,770.24,192.56,122.04,227.07,4
grid_15181,868.52,217.13,109.23,342.66,4
grid_15182,621.81,155.45,101.9,259.58,4
grid_15183,968.08,242.02,227.07,257.04,4
grid_15184,941.54,235.39,206.99,261.61,4
grid_15185,904.21,226.05,175.72,261.61,4
grid_15186,1038.84,259.71,217.13,333.54,4
grid_15187,840.87,210.22,162.85,245.97,4
grid_15188,1021.77,255.44,180.49,333.54,4
grid_15189,918.37,229.59,151.11,321.25,4
grid_15190,1605.37,267.56,175.72,339.59,6
grid_15191,602.48,150.62,6.32,218.38,4
grid_15192,1071.52,267.88,151.11,339.59,4
grid_15193,1031.24,257.81,245.88,267.5,4
grid_15194,999.16,249.79,162.04,335.38,4
grid_15195,724.8,181.2,17.88,302.37,4
grid_15196,2112.82,352.14,259.89,480.38,6
grid_15197,703.14,175.79,118.4,242.22,4
grid_15198,760.72,190.18,118.4,242.22,4
grid_15199,1055.65,263.91,245.88,280.66,4
grid_15200,799.95,199.99,182.98,217.13,4
grid_15201,1094.28,273.57,259.89,292.11,4
grid_15202,804.4,201.1,184.92,218.38,4
grid_15203,1404.7,351.17,321.25,408.48,4
grid_15204,1045.94,261.48,258.22,267.5,4
grid_15205,1055.67,263.92,248.12,280.66,4
grid_15206,606.78,151.7,43.83,191.86,4
grid_15207,1046.39,209.28,13.21,352.78,5
grid_15208,611.81,152.95,118.4,173.09,4
grid_15209,1147.36,286.84,248.12,326.46,4
grid_15210,1458.73,364.68,283.58,431.28,4
grid_15211,624.1,156.03,118.4,182.98,4
grid_15212,13.21,13.21,13.21,13.21,1
grid_15213,2410.1,401.68,292.11,480.38,6
grid_15214,576.17,144.04,43.83,184.92,4
grid_15215,821.46,205.37,203.25,207.4,4
grid_15216,1082.61,180.44,145.12,204.39,6
grid_15217,898.97,224.74,199.55,247.2,4
grid_15218,866.03,216.51,206.42,233.33,4
grid_15219,892.18,223.04,173.37,272.06,4
grid_15220,439.23,109.81,89.91,146.68,4
grid_15221,469.62,117.4,67.55,155.82,4
grid_15222,893.33,223.33,132.16,340.6,4
grid_15223,896.09,224.02,89.41,340.6,4
grid_15224,434.45,108.61,89.91,155.82,4
grid_15225,2637.25,527.45,467.75,614.84,5
grid_15226,14075.14,2345.86,1003.11,4888.87,6
grid_15227,3319.17,829.79,697.67,997.78,4
grid_15228,1025.69,256.42,246.02,282.29,4
grid_15229,1246.86,249.37,243.63,257.2,5
grid_15230,1491.37,248.56,229.19,263.98,6
grid_15231,1484.93,247.49,229.19,263.98,6
grid_15232,3593.09,898.27,668.79,1003.11,4
grid_15233,3471.12,867.78,756.4,997.78,4
grid_15234,2846.79,711.7,539.94,793.54,4
grid_15235,1194.06,298.52,243.08,386.18,4
grid_15236,1598.2,399.55,320.56,512.76,4
grid_15237,3133.55,783.39,478.59,1189.83,4
grid_15238,2384.28,397.38,245.31,468.64,6
grid_15239,2119.91,529.98,378.7,749.86,4
grid_15240,1119.6,279.9,243.08,386.97,4
grid_15241,6571.13,1642.78,715.27,3585.79,4
grid_15242,1656.15,414.04,373.42,468.64,4
grid_15243,1257.69,314.42,227.07,376.68,4
grid_15244,934.11,233.53,212.03,245.31,4
grid_15245,872.94,145.49,67.55,203.25,6
grid_15246,721.12,180.28,119.7,206.42,4
grid_15247,634.41,158.6,89.41,218.88,4
grid_15248,485.39,121.35,88.35,160.45,4
grid_15249,590.05,147.51,89.41,198.26,4
grid_15250,815.73,135.95,67.55,208.36,6
grid_15251,831.21,207.8,109.85,340.6,4
grid_15252,347.24,86.81,67.55,95.16,4
grid_15253,702.49,175.62,119.7,208.36,4
grid_15254,876.87,219.22,89.41,340.6,4
grid_15255,1032.41,258.1,128.02,373.42,4
grid_15256,1467.61,366.9,248.67,478.59,4
grid_15257,1528.84,305.77,189.01,468.64,5
grid_15258,1091.72,272.93,212.03,386.18,4
grid_15259,1263.98,315.99,248.67,386.18,4
grid_15260,660.62,165.15,128.02,227.07,4
grid_15261,2109.66,527.41,361.66,715.27,4
grid_15262,2037.95,339.66,189.01,468.64,6
grid_15263,739.69,184.92,130.61,250.43,4
grid_15264,618.0,154.5,80.85,303.9,4
grid_15265,2817.45,704.36,539.94,905.76,4
grid_15266,2961.21,740.3,554.14,1080.24,4
grid_15267,5952.81,992.13,611.56,1520.46,6
grid_15268,2941.65,735.41,597.24,905.76,4
grid_15269,3038.93,759.73,597.24,945.95,4
grid_15270,2828.12,471.35,245.93,945.95,6
grid_15271,1762.65,440.66,272.67,611.56,4
grid_15272,3232.43,808.11,683.07,905.76,4
grid_15273,2946.29,736.57,533.64,905.76,4
grid_15274,2750.83,687.71,447.44,945.95,4
grid_15275,2542.53,423.75,245.93,945.95,6
grid_15276,3568.29,594.72,272.67,1068.64,6
grid_15277,1011.05,252.76,243.63,263.54,4
grid_15278,984.17,246.04,229.19,263.54,4
grid_15279,3076.4,769.1,676.41,886.69,4
grid_15280,2579.07,644.77,471.67,923.4,4
grid_15281,949.85,237.46,229.19,247.82,4
grid_15282,2871.41,717.85,515.2,923.4,4
grid_15283,1415.36,283.07,194.75,324.28,5
grid_15284,2217.35,369.56,257.96,550.22,6
grid_15285,721.8,180.45,94.96,233.7,4
grid_15286,775.52,193.88,130.61,250.43,4
grid_15287,450.88,112.72,80.85,132.16,4
grid_15288,1103.78,183.96,94.96,310.79,6
grid_15289,796.47,199.12,146.62,233.7,4
grid_15290,969.82,242.45,145.8,361.66,4
grid_15291,1453.76,363.44,213.68,554.14,4
grid_15292,480.17,120.04,75.83,146.62,4
grid_15293,559.48,139.87,82.9,204.13,4
grid_15294,438.4,109.6,75.83,145.8,4
grid_15295,2677.15,669.29,372.03,886.69,4
grid_15296,2173.41,543.35,447.44,642.11,4
grid_15297,1073.7,268.42,227.83,324.36,4
grid_15298,2772.63,693.16,533.64,913.81,4
grid_15299,982.81,245.7,227.83,263.54,4
grid_15300,2106.92,351.15,263.96,474.96,6
grid_15301,3225.6,806.4,683.07,913.81,4
grid_15302,1532.89,383.22,263.96,515.2,4
grid_15303,972.34,243.09,238.09,247.82,4
grid_15304,1845.69,461.42,282.05,676.41,4
grid_15305,367.72,91.93,88.35,95.16,4
grid_15306,403.87,100.97,76.54,160.45,4
grid_15307,832.64,208.16,182.68,227.8,4
grid_15308,1035.56,172.59,90.24,213.8,6
grid_15309,864.27,216.07,193.22,248.6,4
grid_15310,382.09,95.52,78.53,120.05,4
grid_15311,832.94,208.23,182.68,227.8,4
grid_15312,486.92,121.73,90.24,181.47,4
grid_15313,657.44,164.36,105.76,248.6,4
grid_15314,298.84,74.71,61.65,82.12,4
grid_15315,1114.7,278.67,169.72,462.38,4
grid_15316,2406.48,401.08,277.17,466.6,6
grid_15317,1428.05,357.01,274.87,449.21,4
grid_15318,2004.18,501.04,424.59,638.68,4
grid_15319,705.79,176.45,116.89,255.18,4
grid_15320,550.98,137.74,94.67,169.72,4
grid_15321,715.86,178.97,116.89,255.18,4
grid_15322,2644.93,440.82,340.27,638.68,6
grid_15323,792.32,198.08,117.97,274.87,4
grid_15324,1238.02,309.5,173.67,449.21,4
grid_15325,1066.33,266.58,194.63,333.79,4
grid_15326,640.89,160.22,101.83,246.5,4
grid_15327,169.63,84.82,67.81,101.83,2
grid_15328,618.98,77.37,42.82,115.28,8
grid_15329,792.79,198.2,119.47,295.19,4
grid_15330,1103.11,275.78,228.45,344.05,4
grid_15331,1202.51,300.63,235.41,344.05,4
grid_15332,592.15,118.43,101.83,149.68,5
grid_15333,1521.94,380.48,289.26,474.31,4
grid_15334,1200.05,200.01,101.89,295.19,6
grid_15335,308.34,77.09,47.85,109.43,4
grid_15336,513.63,128.41,89.81,168.22,4
grid_15337,565.95,141.49,89.81,193.07,4
grid_15338,304.05,76.01,47.85,102.21,4
grid_15339,778.21,129.7,60.61,194.09,6
grid_15340,634.86,158.72,128.09,199.65,4
grid_15341,358.5,89.63,47.85,122.59,4
grid_15342,687.77,171.94,89.81,210.8,4
grid_15343,628.35,157.09,89.81,210.8,4
grid_15344,660.42,132.08,93.38,183.06,5
grid_15345,731.57,182.89,159.66,210.8,4
grid_15346,940.14,156.69,102.21,194.09,6
grid_15347,561.47,140.37,76.54,199.65,4
grid_15348,466.51,116.63,93.38,130.47,4
grid_15349,694.95,173.74,124.83,210.8,4
grid_15350,738.23,184.56,159.66,214.3,4
grid_15351,765.29,191.32,167.02,217.97,4
grid_15352,388.09,97.02,55.58,130.47,4
grid_15353,905.13,150.86,55.58,217.97,6
grid_15354,409.66,102.42,61.65,146.64,4
grid_15355,494.88,82.48,44.98,115.28,6
grid_15356,1894.82,315.8,285.96,358.34,6
grid_15357,2038.74,339.79,285.96,424.59,6
grid_15358,715.14,119.19,101.89,149.68,6
grid_15359,1814.99,302.5,248.04,358.34,6
grid_15360,458.74,76.46,45.97,108.45,6
grid_15361,1044.09,261.02,207.1,331.2,4
grid_15362,714.14,178.53,101.89,261.59,4
grid_15363,1094.36,273.59,219.83,298.06,4
grid_15364,1098.2,274.55,248.04,298.06,4
grid_15365,517.88,129.47,104.06,163.99,4
grid_15366,549.98,137.5,122.59,163.99,4
grid_15367,540.59,135.15,109.45,173.67,4
grid_15368,2407.24,481.45,331.2,638.68,5
grid_15369,2405.75,400.96,178.38,638.68,6
grid_15370,448.37,112.09,104.06,117.97,4
grid_15371,831.82,207.96,139.49,340.27,4
grid_15372,2584.51,430.75,207.1,624.19,6
grid_15373,661.21,110.2,86.54,141.37,6
grid_15374,1161.63,193.6,135.77,290.75,6
grid_15375,85.12,42.56,42.39,42.73,2
grid_15376,185.73,46.43,42.39,55.64,4
grid_15377,191.36,47.84,42.39,53.68,4
grid_15378,187.07,46.77,42.39,55.64,4
grid_15379,105.9,52.95,52.22,53.68,2
grid_15380,289.49,72.37,43.06,125.83,4
grid_15381,362.06,90.51,52.22,125.83,4
grid_15382,245.88,49.18,43.06,68.37,5
grid_15383,518.12,129.53,68.37,169.18,4
grid_15384,505.35,126.34,98.32,169.18,4
grid_15385,850.02,141.67,109.45,213.3,6
grid_15386,3852.68,428.08,178.38,818.14,9
grid_15387,394.0,98.5,70.46,132.94,4
grid_15388,415.85,103.96,70.46,132.94,4
grid_15389,5155.24,859.21,290.75,1824.29,6
grid_15390,1295.95,323.99,213.3,447.32,4
grid_15391,2176.16,544.04,194.32,1206.52,4
grid_15392,860.23,215.06,141.37,344.59,4
grid_15393,607.17,121.43,86.54,160.98,5
grid_15394,510.83,85.14,58.88,109.16,6
grid_15395,645.44,161.36,124.83,214.3,4
grid_15396,479.67,119.92,61.65,182.35,4
grid_15397,1075.36,119.48,37.5,224.34,9
grid_15398,1038.9,207.78,162.75,236.59,5
grid_15399,864.29,216.07,197.25,236.59,4
grid_15400,312.24,52.04,37.5,81.98,6
grid_15401,759.44,189.86,146.64,216.15,4
grid_15402,1036.73,172.79,107.42,236.59,6
grid_15403,864.78,144.13,68.79,216.15,6
grid_15404,607.93,101.32,55.04,182.35,6
grid_15405,390.95,97.74,77.99,108.45,4
grid_15406,1107.53,276.88,219.83,354.31,4
grid_15407,365.1,91.27,73.09,111.39,4
grid_15408,362.36,60.39,44.16,77.99,6
grid_15409,1160.26,290.06,253.85,354.31,4
grid_15410,864.13,216.03,194.32,242.88,4
grid_15411,729.45,182.36,102.62,261.59,4
grid_15412,1100.67,275.17,240.99,354.31,4
grid_15413,409.7,102.42,73.09,130.92,4
grid_15414,262.6,65.65,44.31,94.29,4
grid_15415,353.55,88.39,57.09,109.85,4
grid_15416,518.78,86.46,65.57,105.23,6
grid_15417,655.35,163.84,127.11,204.13,4
grid_15418,313.42,78.35,57.09,105.23,4
grid_15419,899.94,224.98,167.22,324.28,4
grid_15420,612.86,153.21,86.15,213.68,4
grid_15421,383.8,95.95,75.83,127.11,4
grid_15422,400.15,100.04,75.83,160.28,4
grid_15423,510.82,127.71,102.96,177.49,4
grid_15424,229.44,57.36,44.53,70.25,4
grid_15425,1139.19,284.8,238.09,400.44,4
grid_15426,2957.55,739.39,443.33,913.81,4
grid_15427,3133.72,783.43,642.11,913.81,4
grid_15428,3821.81,636.97,324.36,1128.79,6
grid_15429,2035.19,339.2,194.75,479.47,6
grid_15430,2684.62,671.16,550.22,772.87,4
grid_15431,1007.8,251.95,213.95,282.05,4
grid_15432,1562.76,390.69,227.83,687.35,4
grid_15433,1195.1,298.78,227.83,400.44,4
grid_15434,1800.88,450.22,243.5,742.03,4
grid_15435,448.99,112.25,82.9,177.49,4
grid_15436,885.83,221.46,167.22,335.91,4
grid_15437,360.74,90.19,57.09,140.32,4
grid_15438,403.11,67.19,44.53,85.34,6
grid_15439,601.6,150.4,86.15,187.95,4
grid_15440,662.72,165.68,108.21,206.28,4
grid_15441,363.24,90.81,57.58,140.32,4
grid_15442,231.26,57.82,44.53,65.36,4
grid_15443,408.64,68.11,44.53,85.34,6
grid_15444,285.88,71.47,42.74,102.96,4
grid_15445,1320.39,220.07,181.47,269.58,6
grid_15446,880.39,220.1,213.8,227.8,4
grid_15447,645.65,161.41,105.76,206.35,4
grid_15448,877.55,219.39,201.09,227.8,4
grid_15449,468.39,117.1,78.53,187.7,4
grid_15450,824.85,206.21,193.22,224.19,4
grid_15451,758.8,189.7,120.05,269.58,4
grid_15452,342.98,85.74,61.65,110.18,4
grid_15453,777.99,194.5,157.14,224.47,4
grid_15454,1048.69,209.74,170.78,269.58,5
grid_15455,1196.24,299.06,213.95,401.41,4
grid_15456,1145.41,286.35,243.5,372.03,4
grid_15457,1115.98,279.0,184.58,443.33,4
grid_15458,1870.12,467.53,244.58,858.38,4
grid_15459,851.23,212.81,185.11,247.84,4
grid_15460,2234.19,558.55,323.21,731.23,4
grid_15461,2457.83,409.64,335.91,496.77,6
grid_15462,2315.03,578.76,323.83,858.38,4
grid_15463,1293.19,323.3,257.04,400.44,4
grid_15464,2474.76,618.69,413.4,772.87,4
grid_15465,884.54,221.13,195.3,250.45,4
grid_15466,666.21,166.55,101.55,217.99,4
grid_15467,782.57,195.64,157.14,217.99,4
grid_15468,550.78,137.7,82.12,187.7,4
grid_15469,1399.02,233.17,209.39,269.58,6
grid_15470,473.67,78.95,50.46,110.18,6
grid_15471,672.09,168.02,130.95,195.3,4
grid_15472,1074.55,179.09,108.29,221.88,6
grid_15473,969.25,242.31,211.24,285.68,4
grid_15474,920.13,230.03,188.7,285.68,4
grid_15475,1099.53,274.88,187.95,369.4,4
grid_15476,324.82,81.2,42.74,103.26,4
grid_15477,408.67,102.17,62.28,160.28,4
grid_15478,349.29,87.32,75.86,103.26,4
grid_15479,468.69,117.17,62.18,206.28,4
grid_15480,268.73,67.18,63.8,71.51,4
grid_15481,290.9,72.73,64.48,84.83,4
grid_15482,270.3,67.57,37.63,108.21,4
grid_15483,392.99,98.25,63.8,156.13,4
grid_15484,210.69,52.67,37.63,68.04,4
grid_15485,1194.56,298.64,204.33,401.41,4
grid_15486,4965.77,827.63,569.08,1128.79,6
grid_15487,1590.94,397.74,323.21,492.4,4
grid_15488,861.01,215.25,184.58,247.84,4
grid_15489,786.09,196.52,155.0,244.58,4
grid_15490,1161.17,290.29,258.22,374.89,4
grid_15491,786.99,196.75,185.11,204.33,4
grid_15492,1020.44,255.11,201.93,323.83,4
grid_15493,1923.61,320.6,156.66,496.77,6
grid_15494,3184.5,530.75,281.8,1076.45,6
grid_15495,251.12,62.78,42.74,75.86,4
grid_15496,824.35,206.09,92.02,369.4,4
grid_15497,418.8,69.8,60.75,84.83,6
grid_15498,180.34,45.08,35.46,68.04,4
grid_15499,265.65,66.41,39.26,92.02,4
grid_15500,428.8,71.47,60.75,87.58,6
grid_15501,263.15,65.79,45.35,87.58,4
grid_15502,174.53,43.63,35.46,62.18,4
grid_15503,295.72,73.93,67.78,88.36,4
grid_15504,475.19,118.8,71.51,159.18,4
grid_15505,475.72,118.93,86.46,170.78,4
grid_15506,679.85,169.96,101.55,217.99,4
grid_15507,710.26,177.56,130.95,217.99,4
grid_15508,382.52,76.5,50.46,98.45,5
grid_15509,644.1,161.02,130.95,204.18,4
grid_15510,684.32,171.08,156.13,204.18,4
grid_15511,1291.34,215.22,133.21,285.68,6
grid_15512,1667.14,277.86,221.88,330.42,6
grid_15513,551.77,91.96,50.46,128.67,6
grid_15514,751.81,150.36,130.95,188.7,5
grid_15515,1056.63,264.16,200.98,374.87,4
grid_15516,1554.85,388.71,267.23,492.4,4
grid_15517,3545.51,709.1,471.96,1076.45,5
grid_15518,2340.75,585.19,420.32,731.23,4
grid_15519,1269.11,317.28,250.09,413.4,4
grid_15520,721.25,180.31,155.0,196.57,4
grid_15521,1276.97,319.24,250.09,383.44,4
grid_15522,1032.52,258.13,245.7,267.23,4
grid_15523,787.81,196.95,155.0,255.25,4
grid_15524,738.63,184.66,155.0,211.43,4
grid_15525,1041.91,173.65,113.6,276.45,6
grid_15526,1090.71,272.68,201.93,383.44,4
grid_15527,2150.71,537.68,471.96,696.79,4
grid_15528,784.21,196.05,175.22,211.43,4
grid_15529,2044.66,511.17,420.32,696.79,4
grid_15530,2275.81,379.3,281.8,485.3,6
grid_15531,776.98,194.25,124.33,276.45,4
grid_15532,1379.82,344.95,261.37,430.89,4
grid_15533,2593.93,432.32,303.29,692.93,6
grid_15534,1538.73,384.68,261.37,483.09,4
grid_15535,217.08,54.27,39.21,68.04,4
grid_15536,442.27,110.57,72.19,156.66,4
grid_15537,167.0,41.75,33.03,49.4,4
grid_15538,789.62,112.8,67.78,170.18,7
grid_15539,193.99,48.5,36.36,72.19,4
grid_15540,653.26,108.88,67.78,170.18,6
grid_15541,146.7,36.67,35.46,39.26,4
grid_15542,283.12,70.78,45.35,100.77,4
grid_15543,143.32,35.83,33.03,39.21,4
grid_15544,564.14,94.02,50.89,159.18,6
grid_15545,1358.57,339.64,255.25,400.05,4
grid_15546,578.16,144.54,52.96,225.65,4
grid_15547,1121.63,280.41,175.63,397.34,4
grid_15548,1087.94,271.99,175.63,337.23,4
grid_15549,591.01,98.5,52.96,124.33,6
grid_15550,1565.9,391.47,361.65,420.77,4
grid_15551,2183.92,545.98,485.3,692.93,4
grid_15552,1134.69,283.67,245.7,363.38,4
grid_15553,1009.64,252.41,175.22,397.34,4
grid_15554,1919.67,479.92,430.89,509.03,4
grid_15555,1792.52,199.17,79.43,330.42,9
grid_15556,603.53,150.88,92.1,229.83,4
grid_15557,660.39,165.1,126.78,250.93,4
grid_15558,671.04,167.76,98.45,229.83,4
grid_15559,909.68,227.42,126.78,330.42,4
grid_15560,1308.04,218.01,128.67,330.42,6
grid_15561,670.51,111.75,50.89,164.83,6
grid_15562,825.39,137.56,84.02,165.3,6
grid_15563,877.87,146.31,127.88,165.3,6
grid_15564,1010.81,252.7,183.14,325.43,4
grid_15565,333.01,83.25,46.19,121.41,4
grid_15566,864.52,144.09,88.51,202.11,6
grid_15567,265.1,44.18,33.03,58.65,6
grid_15568,175.62,43.91,35.62,58.65,4
grid_15569,201.67,50.42,36.36,74.13,4
grid_15570,309.84,77.46,46.19,96.3,4
grid_15571,1144.08,143.01,55.88,202.11,8
grid_15572,448.0,74.67,47.31,111.35,6
grid_15573,268.77,44.79,33.03,55.08,6
grid_15574,217.15,54.29,41.01,69.36,4
grid_15575,1789.23,447.31,358.84,583.92,4
grid_15576,461.47,76.91,52.14,96.3,6
grid_15577,1788.29,447.07,286.67,692.93,4
grid_15578,1737.74,434.43,264.24,583.92,4
grid_15579,1582.15,395.54,353.35,420.77,4
grid_15580,1583.51,395.88,337.23,435.72,4
grid_15581,1508.49,377.12,319.83,435.72,4
grid_15582,1376.49,344.12,225.65,413.23,4
grid_15583,1543.57,385.89,319.83,415.71,4
grid_15584,1637.63,409.41,286.67,509.03,4
grid_15585,1083.7,270.92,214.08,325.43,4
grid_15586,632.21,158.05,127.88,183.77,4
grid_15587,466.62,116.65,62.05,168.01,4
grid_15588,1457.79,242.96,179.44,330.39,6
grid_15589,682.8,170.7,126.78,217.97,4
grid_15590,237.98,59.49,41.01,84.02,4
grid_15591,574.94,143.73,126.78,183.77,4
grid_15592,716.24,179.06,136.5,217.97,4
grid_15593,512.19,128.05,62.05,196.14,4
grid_15594,655.08,163.77,136.5,183.88,4
grid_15595,700.25,175.06,52.96,340.28,4
grid_15596,2310.11,385.02,213.41,692.93,6
grid_15597,563.65,70.46,41.29,101.7,8
grid_15598,742.46,148.49,64.66,340.28,5
grid_15599,1610.01,402.5,308.0,453.07,4
grid_15600,956.7,239.18,151.78,358.84,4
grid_15601,1451.66,362.91,151.78,583.92,4
grid_15602,1246.1,311.53,184.6,413.23,4
grid_15603,2025.17,506.29,357.12,583.92,4
grid_15604,1567.12,391.78,316.83,426.6,4
grid_15605,324.94,81.23,50.66,111.35,4
grid_15606,771.89,128.65,47.67,202.11,6
grid_15607,701.73,87.72,41.29,123.35,8
grid_15608,591.43,147.86,93.48,202.11,4
grid_15609,460.57,76.76,45.0,123.35,6
grid_15610,305.03,50.84,41.02,65.58,6
grid_15611,185.76,46.44,41.01,55.88,4
grid_15612,273.76,54.75,41.02,69.56,5
grid_15613,244.75,61.19,50.66,69.56,4
grid_15614,314.43,78.61,45.32,107.18,4
grid_15615,954.1,238.53,162.04,335.38,4
grid_15616,1035.8,258.95,231.13,297.15,4
grid_15617,1273.01,318.25,269.0,431.28,4
grid_15618,665.96,166.49,43.83,267.07,4
grid_15619,555.24,138.81,43.83,183.76,4
grid_15620,1122.86,280.71,248.12,326.46,4
grid_15621,1942.12,323.69,13.21,1005.59,6
grid_15622,710.97,177.74,158.28,200.31,4
grid_15623,2062.7,343.78,251.13,471.39,6
grid_15624,706.79,176.7,158.28,200.31,4
grid_15625,124.82,62.41,13.21,111.6,2
grid_15626,904.97,226.24,173.09,283.58,4
grid_15627,994.45,248.61,231.13,259.39,4
grid_15628,1601.39,266.9,245.54,297.15,6
grid_15629,3542.11,590.35,111.6,1015.11,6
grid_15630,1307.11,261.42,226.49,293.3,5
grid_15631,835.1,208.78,163.21,267.07,4
grid_15632,776.78,194.2,163.21,228.79,4
grid_15633,1020.58,255.15,226.49,289.14,4
grid_15634,831.57,207.89,183.76,228.79,4
grid_15635,1057.33,264.33,231.13,316.26,4
grid_15636,807.13,201.78,179.29,218.72,4
grid_15637,1090.09,272.52,231.13,316.26,4
grid_15638,893.06,223.26,179.29,269.0,4
grid_15639,1059.21,353.07,8.68,938.93,3
grid_15640,808.84,202.21,141.25,247.05,4
grid_15641,864.47,216.12,187.95,235.95,4
grid_15642,1487.19,371.8,264.24,526.19,4
grid_15643,1378.17,229.7,187.55,267.22,6
grid_15644,835.45,208.86,141.25,235.95,4
grid_15645,4748.97,791.49,203.81,1203.64,6
grid_15646,935.74,233.94,201.02,255.46,4
grid_15647,954.15,238.54,218.72,255.46,4
grid_15648,2316.95,579.24,8.68,1203.64,4
grid_15649,898.6,224.65,201.02,250.47,4
grid_15650,1129.84,282.46,187.55,380.49,4
grid_15651,866.67,216.67,187.95,251.19,4
grid_15652,817.51,204.38,141.25,231.76,4
grid_15653,807.75,201.94,162.72,231.76,4
grid_15654,1107.49,184.58,127.58,236.77,6
grid_15655,1832.31,458.08,367.69,557.94,4
grid_15656,3708.63,618.11,243.3,1203.64,6
grid_15657,745.44,186.36,141.25,219.17,4
grid_15658,1043.41,260.85,250.47,272.72,4
grid_15659,1063.31,265.83,127.58,380.49,4
grid_15660,1083.22,270.8,251.19,303.85,4
grid_15661,1516.6,303.32,243.3,412.4,5
grid_15662,1991.05,497.76,165.71,1203.64,4
grid_15663,905.71,226.43,162.72,303.85,4
grid_15664,1210.49,302.62,262.26,359.44,4
grid_15665,174.39,87.19,8.68,165.71,2
grid_15666,85.86,85.86,85.86,85.86,1
grid_15667,513.83,171.28,85.86,262.26,3
grid_15668,503.61,167.87,71.69,346.06,3
grid_15669,981.82,245.45,85.86,346.06,4
grid_15670,396.16,132.05,34.42,290.05,3
grid_15671,1503.24,375.81,287.64,500.34,4
grid_15672,1208.13,302.03,71.69,500.34,4
grid_15673,264.85,132.43,44.59,220.26,2
grid_15674,1606.69,401.67,327.49,500.34,4
grid_15675,1306.41,326.6,272.72,429.68,4
grid_15676,1002.21,250.55,162.72,391.19,4
grid_15677,1418.66,236.44,127.58,323.18,6
grid_15678,1095.89,273.97,258.25,300.16,4
grid_15679,1266.56,316.64,260.3,359.44,4
grid_15680,1069.8,267.45,190.96,340.96,4
grid_15681,1333.54,333.39,127.58,515.09,4
grid_15682,1119.23,279.81,162.72,429.68,4
grid_15683,1176.65,294.16,219.17,391.19,4
grid_15684,1828.42,304.74,258.25,412.4,6
grid_15685,1791.31,447.83,350.6,557.94,4
grid_15686,2435.8,405.97,287.66,512.53,6
grid_15687,1471.39,367.85,289.45,515.09,4
grid_15688,1623.56,270.59,257.94,287.04,6
grid_15689,1743.71,435.93,318.7,571.51,4
grid_15690,1637.81,409.45,316.25,515.09,4
grid_15691,1203.44,300.86,245.45,369.21,4
grid_15692,1367.31,341.83,254.93,429.68,4
grid_15693,1071.28,267.82,254.93,300.16,4
grid_15694,1355.0,338.75,222.98,429.68,4
grid_15695,1783.74,445.94,340.96,571.51,4
grid_15696,1080.12,270.03,245.45,301.15,4
grid_15697,1414.04,353.51,222.98,480.08,4
grid_15698,2126.03,531.51,465.99,576.0,4
grid_15699,2600.67,433.45,272.12,512.53,6
grid_15700,2238.81,559.7,480.08,611.22,4
grid_15701,1809.02,301.5,249.87,379.53,6
grid_15702,1218.99,304.75,254.93,361.65,4
grid_15703,1195.24,298.81,245.45,369.21,4
grid_15704,2013.75,335.63,272.12,483.29,6
grid_15705,1445.01,361.25,254.93,463.07,4
grid_15706,1731.89,432.97,319.79,566.49,4
grid_15707,1875.37,312.56,289.01,335.34,6
grid_15708,1977.58,494.39,319.79,611.22,4
grid_15709,1021.64,255.41,245.45,273.22,4
grid_15710,2494.98,311.87,245.3,465.99,8
grid_15711,1162.12,290.53,253.09,327.49,4
grid_15712,1140.27,285.07,196.16,335.34,4
grid_15713,1091.48,272.87,249.87,305.69,4
grid_15714,2926.43,487.74,271.05,888.64,6
grid_15715,1478.5,369.63,316.83,407.98,4
grid_15716,1694.0,282.33,212.63,400.34,6
grid_15717,1731.1,432.78,415.71,453.07,4
grid_15718,958.37,239.59,159.42,299.66,4
grid_15719,326.24,81.56,54.64,110.5,4
grid_15720,903.57,225.89,137.46,357.12,4
grid_15721,1368.92,228.15,150.87,400.34,6
grid_15722,2320.18,386.7,263.74,453.07,6
grid_15723,672.69,168.17,149.77,212.63,4
grid_15724,598.43,149.61,137.46,159.42,4
grid_15725,731.8,182.95,168.01,196.14,4
grid_15726,1430.0,357.5,272.4,452.37,4
grid_15727,1761.93,293.65,210.84,344.88,6
grid_15728,1435.65,358.91,314.35,452.37,4
grid_15729,230.25,57.56,41.01,85.99,4
grid_15730,743.34,185.83,150.93,217.84,4
grid_15731,801.48,200.37,150.93,221.87,4
grid_15732,1725.72,431.43,343.49,499.82,4
grid_15733,557.57,139.39,72.95,202.49,4
grid_15734,773.19,193.3,183.88,202.49,4
grid_15735,311.95,77.99,69.45,93.48,4
grid_15736,296.03,74.01,69.45,84.92,4
grid_15737,476.3,119.07,76.91,184.49,4
grid_15738,652.05,108.68,47.67,184.49,6
grid_15739,196.36,49.09,41.2,63.36,4
grid_15740,277.68,69.42,41.02,84.92,4
grid_15741,565.91,94.32,54.64,119.89,6
grid_15742,238.94,59.74,41.02,82.18,4
grid_15743,624.03,104.01,89.55,119.89,6
grid_15744,385.84,96.46,70.41,120.19,4
grid_15745,2590.53,647.63,379.79,1258.54,4
grid_15746,244.27,61.07,41.2,85.99,4
grid_15747,1968.05,328.01,210.84,430.04,6
grid_15748,2931.64,586.33,430.04,761.37,5
grid_15749,1043.79,260.95,217.84,304.46,4
grid_15750,960.67,240.17,190.69,299.62,4
grid_15751,560.91,140.23,72.95,202.49,4
grid_15752,334.27,83.57,44.14,112.3,4
grid_15753,826.29,206.57,180.59,252.52,4
grid_15754,2613.7,435.62,221.87,654.66,6
grid_15755,1522.87,380.72,257.22,557.94,4
grid_15756,1279.45,213.24,135.7,308.0,6
grid_15757,1996.19,332.7,221.5,442.82,6
grid_15758,1175.28,293.82,228.47,400.34,4
grid_15759,740.31,123.39,64.66,184.6,6
grid_15760,1877.83,312.97,191.0,453.07,6
grid_15761,424.88,106.22,89.55,114.55,4
grid_15762,942.73,235.68,140.62,358.78,4
grid_15763,1283.71,160.46,135.01,228.47,8
grid_15764,474.47,118.62,110.5,135.7,4
grid_15765,922.66,230.67,137.46,300.86,4
grid_15766,1198.13,299.53,257.22,350.6,4
grid_15767,728.45,182.11,133.1,263.74,4
grid_15768,873.52,174.7,137.46,227.12,5
grid_15769,932.95,155.49,135.01,221.65,6
grid_15770,573.52,143.38,113.72,191.0,4
grid_15771,1111.37,222.27,121.85,358.78,5
grid_15772,1399.94,174.99,121.85,229.65,8
grid_15773,462.83,115.71,82.26,155.73,4
grid_15774,676.93,169.23,138.13,206.39,4
grid_15775,861.52,143.59,63.36,206.07,6
grid_15776,544.87,136.22,82.18,193.96,4
grid_15777,456.6,114.15,70.41,183.81,4
grid_15778,436.79,109.2,72.1,171.37,4
grid_15779,392.46,98.12,44.14,172.66,4
grid_15780,522.36,130.59,72.1,193.96,4
grid_15781,499.04,124.76,76.91,184.31,4
grid_15782,736.15,184.04,112.3,226.68,4
grid_15783,771.16,192.79,183.81,206.16,4
grid_15784,1210.87,201.81,172.66,240.29,6
grid_15785,4794.04,1198.51,499.82,2274.3,4
grid_15786,1692.74,423.19,252.52,671.88,4
grid_15787,4416.87,736.15,585.75,963.21,6
grid_15788,2095.89,523.97,299.62,819.93,4
grid_15789,826.1,206.53,104.88,309.76,4
grid_15790,4304.97,1076.24,597.14,2274.3,4
grid_15791,1211.59,302.9,180.59,468.72,4
grid_15792,674.74,168.68,104.88,230.88,4
grid_15793,2673.35,668.34,304.46,963.21,4
grid_15794,6720.9,1120.15,461.75,2931.72,6
grid_15795,518.57,129.64,107.77,179.59,4
grid_15796,1653.21,275.53,215.13,335.34,6
grid_15797,371.04,92.76,60.5,114.55,4
grid_15798,423.02,105.75,65.6,140.62,4
grid_15799,887.71,147.95,107.77,196.45,6
grid_15800,1483.85,247.31,215.13,300.86,6
grid_15801,513.27,128.32,83.7,179.59,4
grid_15802,372.92,93.23,60.5,133.1,4
grid_15803,1352.62,225.44,137.52,279.97,6
grid_15804,815.18,203.79,138.13,249.0,4
grid_15805,581.89,145.47,90.66,187.23,4
grid_15806,410.66,102.66,90.66,120.19,4
grid_15807,621.62,155.41,116.4,184.31,4
grid_15808,743.05,123.84,96.08,168.15,6
grid_15809,763.11,190.78,171.37,206.16,4
grid_15810,617.27,154.32,116.4,191.61,4
grid_15811,511.45,127.86,87.59,187.23,4
grid_15812,1240.92,206.82,160.1,240.29,6
grid_15813,432.73,108.18,87.59,158.4,4
grid_15814,744.26,186.07,163.47,206.16,4
grid_15815,1371.28,342.82,307.45,378.21,4
grid_15816,1556.54,389.13,319.62,496.9,4
grid_15817,2050.7,341.78,264.88,426.48,6
grid_15818,1872.79,374.56,264.88,496.9,5
grid_15819,1501.63,375.41,319.62,434.63,4
grid_15820,1903.03,475.76,378.21,606.8,4
grid_15821,1423.49,355.87,286.04,400.94,4
grid_15822,1920.6,480.15,412.28,606.8,4
grid_15823,1323.12,330.78,277.55,370.85,4
grid_15824,1276.7,319.18,237.07,370.85,4
grid_15825,726.02,121.0,61.07,236.44,6
grid_15826,606.15,101.03,66.47,148.55,6
grid_15827,1064.24,177.37,82.27,283.43,6
grid_15828,680.18,136.04,61.07,236.44,5
grid_15829,1043.19,173.87,90.94,311.74,6
grid_15830,232.05,58.01,48.33,66.47,4
grid_15831,176.46,58.82,41.55,73.84,3
grid_15832,64.92,64.92,64.92,64.92,1
grid_15833,430.92,107.73,48.33,192.13,4
grid_15834,848.87,141.48,69.68,246.94,6
grid_15835,885.06,221.27,146.74,286.07,4
grid_15836,1055.93,263.98,245.27,286.07,4
grid_15837,1606.12,401.53,378.95,418.13,4
grid_15838,1692.96,423.24,378.95,473.57,4
grid_15839,1251.61,312.9,242.22,371.36,4
grid_15840,1306.03,326.51,242.22,371.36,4
grid_15841,2812.98,468.83,337.69,569.03,6
grid_15842,1015.32,253.83,216.34,308.02,4
grid_15843,1345.33,336.33,245.27,460.05,4
grid_15844,2253.11,563.28,396.76,770.19,4
grid_15845,2428.12,607.03,418.13,770.19,4
grid_15846,1556.36,389.09,356.27,411.26,4
grid_15847,1407.29,351.82,277.55,434.63,4
grid_15848,1936.92,322.82,237.07,411.26,6
grid_15849,2049.93,512.48,375.5,633.01,4
grid_15850,1163.01,290.75,261.56,355.1,4
grid_15851,1080.24,270.06,219.27,355.1,4
grid_15852,3560.11,890.03,512.75,1644.15,4
grid_15853,1389.17,347.29,261.56,474.57,4
grid_15854,1537.03,256.17,195.36,411.26,6
grid_15855,1637.57,409.39,331.99,474.16,4
grid_15856,922.5,230.62,206.57,253.9,4
grid_15857,2107.39,526.85,396.76,668.02,4
grid_15858,1616.85,404.21,337.69,474.16,4
grid_15859,1021.77,255.44,212.74,308.02,4
grid_15860,4722.85,944.57,569.03,2082.93,5
grid_15861,1790.39,447.6,408.3,474.29,4
grid_15862,3421.42,570.24,433.63,805.95,6
grid_15863,1046.02,261.5,212.74,363.04,4
grid_15864,1416.79,354.2,284.68,460.05,4
grid_15865,267.34,66.83,41.55,82.27,4
grid_15866,936.43,234.11,206.57,253.9,4
grid_15867,930.57,232.64,123.99,311.74,4
grid_15868,100.66,50.33,48.33,52.33,2
grid_15869,41.55,41.55,41.55,41.55,1
grid_15870,111.23,55.61,41.55,69.68,2
grid_15871,730.69,121.78,53.34,229.02,6
grid_15872,453.91,151.3,48.33,213.45,3
grid_15873,1020.21,255.05,174.25,363.04,4
grid_15874,708.29,236.1,192.13,302.71,3
grid_15875,5165.3,1291.32,668.02,2082.93,4
grid_15876,1706.57,426.64,364.04,474.16,4
grid_15877,1505.42,376.36,274.66,474.29,4
grid_15878,5873.51,978.92,441.06,2082.93,6
grid_15879,5990.08,1497.52,838.91,2082.93,4
grid_15880,1361.12,340.28,274.66,408.3,4
grid_15881,1860.44,465.11,348.17,596.91,4
grid_15882,1240.46,310.11,277.63,364.04,4
grid_15883,976.67,244.17,201.63,284.68,4
grid_15884,991.17,247.79,201.63,363.04,4
grid_15885,1310.71,327.68,196.2,411.26,4
grid_15886,1995.82,498.96,375.5,633.01,4
grid_15887,1123.54,280.88,261.56,306.31,4
grid_15888,1476.36,369.09,261.56,474.57,4
grid_15889,1117.79,279.45,196.2,371.78,4
grid_15890,1380.7,230.12,195.36,317.81,6
grid_15891,3400.91,850.23,405.09,1644.15,4
grid_15892,1826.34,456.58,405.09,512.75,4
grid_15893,1092.75,273.19,219.27,317.81,4
grid_15894,1516.45,379.11,306.31,451.75,4
grid_15895,885.67,442.84,433.92,451.75,2
grid_15896,1379.67,344.92,202.83,438.73,4
grid_15897,2075.45,345.91,202.83,475.95,6
grid_15898,1502.92,375.73,286.87,475.95,4
grid_15899,1339.94,334.99,286.87,422.29,4
grid_15900,2378.69,594.67,405.09,838.91,4
grid_15901,557.34,557.34,557.34,557.34,1
grid_15902,950.26,475.13,474.31,475.95,2
grid_15903,2793.79,465.63,366.32,573.74,6
grid_15904,1731.35,432.84,366.32,486.13,4
grid_15905,4073.06,678.84,392.25,1424.09,6
grid_15906,785.9,196.47,113.28,257.22,4
grid_15907,3567.4,891.85,557.34,1424.09,4
grid_15908,1102.68,275.67,235.56,314.11,4
grid_15909,1038.99,259.75,201.63,302.52,4
grid_15910,1443.11,360.78,261.63,441.06,4
grid_15911,1172.61,293.15,277.63,314.11,4
grid_15912,1120.01,280.0,235.56,348.17,4
grid_15913,1075.08,268.77,235.56,289.88,4
grid_15914,607.62,151.91,87.55,257.22,4
grid_15915,1060.07,265.02,190.71,379.66,4
grid_15916,1572.8,393.2,338.16,515.88,4
grid_15917,1358.84,226.47,180.01,266.68,6
grid_15918,1191.6,297.9,260.67,338.16,4
grid_15919,1102.06,275.52,260.67,300.75,4
grid_15920,1249.81,312.45,273.19,379.66,4
grid_15921,1025.31,256.33,180.03,370.12,4
grid_15922,1200.69,300.17,258.14,379.66,4
grid_15923,1473.99,368.5,325.32,438.73,4
grid_15924,1182.5,295.62,266.68,314.11,4
grid_15925,895.17,149.19,124.79,165.27,6
grid_15926,579.59,144.9,139.8,150.53,4
grid_15927,558.59,139.65,121.18,175.35,4
grid_15928,282.94,141.47,139.8,143.14,2
grid_15929,493.92,246.96,223.81,270.11,2
grid_15930,1085.85,180.97,121.18,289.42,6
grid_15931,973.25,162.21,121.18,202.52,6
grid_15932,643.33,214.44,160.25,289.42,3
grid_15933,1151.93,287.98,270.11,303.88,4
grid_15934,577.94,288.97,278.88,299.06,2
grid_15935,1279.77,319.94,296.81,362.42,4
grid_15936,281.11,281.11,281.11,281.11,1
grid_15937,1213.74,303.43,259.79,362.42,4
grid_15938,1116.52,279.13,178.37,370.12,4
grid_15939,1202.0,300.5,263.75,362.42,4
grid_15940,893.07,223.27,149.9,325.97,4
grid_15941,823.48,205.87,149.9,250.35,4
grid_15942,795.2,265.07,250.35,281.11,3
grid_15943,1048.12,262.03,238.83,280.82,4
grid_15944,1779.72,296.62,256.8,375.78,6
grid_15945,1259.25,314.81,238.83,413.63,4
grid_15946,1064.34,266.08,250.35,278.12,4
grid_15947,1375.39,343.85,265.67,413.63,4
grid_15948,1463.16,292.63,256.8,375.78,5
grid_15949,1193.5,298.37,256.8,375.78,4
grid_15950,1633.35,272.22,208.8,413.63,6
grid_15951,1592.62,265.44,242.09,288.8,6
grid_15952,1477.24,246.21,208.8,280.82,6
grid_15953,666.06,333.03,290.28,375.78,2
grid_15954,1793.06,298.84,254.24,413.63,6
grid_15955,1456.35,364.09,267.45,474.56,4
grid_15956,1341.9,268.38,159.63,370.12,5
grid_15957,1519.15,253.19,159.63,313.38,6
grid_15958,1955.22,488.81,325.32,705.04,4
grid_15959,1324.67,331.17,296.22,413.6,4
grid_15960,1772.36,443.09,267.45,705.04,4
grid_15961,1823.89,455.97,413.6,480.61,4
grid_15962,1918.73,239.84,121.63,339.57,8
grid_15963,1226.14,306.53,272.85,334.42,4
grid_15964,1577.16,394.29,314.11,480.61,4
grid_15965,778.59,194.65,146.18,289.42,4
grid_15966,1443.91,240.65,148.17,303.88,6
grid_15967,716.86,179.21,146.18,202.52,4
grid_15968,1578.31,394.58,254.39,720.98,4
grid_15969,3037.18,506.2,148.17,1317.56,6
grid_15970,839.93,209.98,146.18,289.2,4
grid_15971,553.45,276.73,254.39,299.06,2
grid_15972,898.2,224.55,146.18,322.29,4
grid_15973,1585.27,396.32,216.85,720.98,4
grid_15974,3643.97,607.33,287.55,1317.56,6
grid_15975,2305.25,576.31,455.13,705.04,4
grid_15976,1322.87,330.72,305.49,368.84,4
grid_15977,2701.42,450.24,368.84,489.71,6
grid_15978,2034.37,339.06,246.15,477.32,6
grid_15979,924.32,462.16,443.71,480.61,2
grid_15980,2516.16,419.36,334.42,489.71,6
grid_15981,1988.98,248.62,121.63,339.57,8
grid_15982,918.55,459.27,454.97,463.57,2
grid_15983,1597.92,399.48,321.34,477.32,4
grid_15984,1777.18,444.29,395.14,477.32,4
grid_15985,856.0,214.0,181.46,242.09,4
grid_15986,999.33,249.83,187.28,339.57,4
grid_15987,977.79,244.45,228.55,256.13,4
grid_15988,931.53,232.88,181.46,254.24,4
grid_15989,1012.01,253.0,247.89,256.13,4
grid_15990,904.94,226.23,210.15,261.62,4
grid_15991,803.14,200.79,181.46,222.31,4
grid_15992,771.23,192.81,165.34,210.86,4
grid_15993,992.67,248.17,228.55,256.53,4
grid_15994,903.07,225.77,181.46,267.8,4
grid_15995,1776.97,355.39,256.38,635.62,5
grid_15996,471.24,235.62,216.85,254.39,2
grid_15997,1315.28,328.82,256.38,428.39,4
grid_15998,909.33,303.11,216.85,393.06,3
grid_15999,1642.05,410.51,299.42,635.62,4
grid_16000,2147.95,357.99,287.55,635.62,6
grid_16001,1571.35,392.84,308.22,524.81,4
grid_16002,688.22,344.11,313.95,374.27,2
grid_16003,1998.52,333.09,292.67,399.7,6
grid_16004,1459.13,364.78,307.99,524.81,4
grid_16005,840.23,210.06,199.32,222.31,4
grid_16006,1029.15,257.29,251.46,267.8,4
grid_16007,1053.27,263.32,251.46,282.34,4
grid_16008,854.5,213.62,137.72,343.69,4
grid_16009,974.65,243.66,200.06,267.8,4
grid_16010,867.98,216.99,199.32,239.16,4
grid_16011,774.22,193.55,137.72,229.43,4
grid_16012,1069.23,267.31,251.46,282.34,4
grid_16013,1001.44,250.36,229.43,266.89,4
grid_16014,952.35,238.09,137.72,319.24,4
grid_16015,1742.94,290.49,165.34,402.46,6
grid_16016,1574.22,393.55,353.69,441.15,4
grid_16017,2122.01,353.67,165.34,489.69,6
grid_16018,395.14,395.14,395.14,395.14,1
grid_16019,1515.66,378.92,353.69,441.15,4
grid_16020,1470.17,367.54,353.69,387.82,4
grid_16021,1103.88,367.96,353.69,384.24,3
grid_16022,2243.59,373.93,326.19,489.69,6
grid_16023,1130.84,376.95,365.94,387.82,3
grid_16024,2092.29,348.71,323.8,387.82,6
grid_16025,1134.14,283.53,137.72,343.69,4
grid_16026,1031.82,257.96,239.16,267.63,4
grid_16027,1178.47,294.62,258.15,370.35,4
grid_16028,1219.55,304.89,262.93,370.35,4
grid_16029,1080.2,270.05,258.15,294.9,4
grid_16030,1271.4,317.85,294.87,333.49,4
grid_16031,1135.19,283.8,255.12,319.24,4
grid_16032,1082.86,270.71,255.12,294.9,4
grid_16033,1190.07,297.52,258.15,370.35,4
grid_16034,1306.33,326.58,301.31,370.35,4
grid_16035,1714.53,285.76,259.79,310.17,6
grid_16036,1230.62,307.66,259.79,383.94,4
grid_16037,1138.9,284.72,262.93,303.92,4
grid_16038,280.65,280.65,280.65,280.65,1
grid_16039,280.65,280.65,280.65,280.65,1
grid_16040,1451.54,362.89,298.82,450.37,4
grid_16041,1498.82,374.7,335.48,406.29,4
grid_16042,1537.21,384.3,366.87,406.29,4
grid_16043,1626.85,406.71,366.87,450.37,4
grid_16044,1515.02,378.75,356.82,396.52,4
grid_16045,1162.43,290.61,249.71,330.75,4
grid_16046,1397.88,349.47,294.87,432.69,4
grid_16047,1074.88,268.72,178.37,346.52,4
grid_16048,1084.15,271.04,178.37,355.76,4
grid_16049,1083.47,270.87,249.71,301.31,4
grid_16050,1183.12,295.78,260.27,355.76,4
grid_16051,1011.93,252.98,203.08,280.65,4
grid_16052,1590.45,397.61,346.52,432.69,4
grid_16053,1315.29,328.82,178.37,423.73,4
grid_16054,1246.47,311.62,178.37,366.66,4
grid_16055,793.5,396.75,377.07,416.43,2
grid_16056,2267.87,377.98,323.8,432.69,6
grid_16057,806.65,403.33,373.96,432.69,2
grid_16058,1050.33,262.58,203.08,325.35,4
grid_16059,1298.97,324.74,272.19,355.76,4
grid_16060,659.84,219.95,178.27,278.49,3
grid_16061,1758.46,439.61,387.5,537.04,4
grid_16062,1717.66,429.41,366.66,517.08,4
grid_16063,1610.31,402.58,345.68,517.08,4
grid_16064,1287.39,321.85,235.47,380.89,4
grid_16065,942.17,235.54,178.27,325.35,4
grid_16066,263.03,263.03,263.03,263.03,1
grid_16067,1348.61,337.15,235.47,380.89,4
grid_16068,1726.31,431.58,355.66,517.08,4
grid_16069,1053.36,263.34,178.27,376.59,4
grid_16070,1577.45,394.36,341.49,503.71,4
grid_16071,951.15,317.05,263.03,374.35,3
grid_16072,1355.45,338.86,263.03,376.59,4
grid_16073,2458.15,409.69,313.78,566.44,6
grid_16074,1896.62,474.16,341.49,534.49,4
grid_16075,2223.88,444.78,341.49,566.44,5
grid_16076,3318.39,553.06,407.12,698.69,6
grid_16077,974.71,487.36,440.23,534.49,2
grid_16078,2011.68,502.92,367.52,671.42,4
grid_16079,1370.12,685.06,671.42,698.69,2
grid_16080,1038.95,519.47,367.52,671.42,2
grid_16081,1520.15,380.04,353.73,413.09,4
grid_16082,710.55,355.27,353.73,356.82,2
grid_16083,356.82,356.82,356.82,356.82,1
grid_16084,490.13,122.53,83.14,174.25,4
grid_16085,213.45,213.45,213.45,213.45,1
grid_16086,881.9,220.48,130.85,363.04,4
grid_16087,213.45,213.45,213.45,213.45,1
grid_16088,467.17,93.43,71.48,130.85,5
grid_16089,553.81,138.45,95.91,213.77,4
grid_16090,373.79,74.76,57.61,95.91,5
grid_16091,431.22,86.24,64.66,113.28,5
grid_16092,246.76,61.69,57.61,64.66,4
grid_16093,410.44,68.41,54.31,87.55,6
grid_16094,2587.9,646.97,517.83,776.97,4
grid_16095,1029.3,257.33,225.51,289.88,4
grid_16096,961.63,240.41,149.57,302.52,4
grid_16097,1058.71,264.68,225.51,302.52,4
grid_16098,2857.73,714.43,557.34,776.97,4
grid_16099,400.61,100.15,72.62,149.57,4
grid_16100,742.78,371.39,289.88,452.9,2
grid_16101,2821.25,705.31,434.52,1091.93,4
grid_16102,1294.26,323.56,225.51,452.9,4
grid_16103,676.17,169.04,90.87,252.32,4
grid_16104,1340.64,446.88,414.35,486.13,3
grid_16105,1013.9,506.95,440.16,573.74,2
grid_16106,1191.17,595.58,486.13,705.04,2
grid_16107,987.22,246.8,183.42,325.97,4
grid_16108,1868.9,934.45,776.97,1091.93,2
grid_16109,1670.22,417.56,270.52,620.83,4
grid_16110,526.7,131.68,78.82,183.42,4
grid_16111,292.61,73.15,50.3,90.87,4
grid_16112,1073.74,536.87,452.9,620.83,2
grid_16113,953.5,238.38,173.59,325.97,4
grid_16114,460.06,115.01,74.76,173.59,4
grid_16115,249.82,62.45,45.94,78.82,4
grid_16116,1527.0,381.75,249.61,620.83,4
grid_16117,826.61,206.65,132.88,270.52,4
grid_16118,389.77,97.44,65.41,132.88,4
grid_16119,235.97,58.99,45.94,74.76,4
grid_16120,198.05,198.05,198.05,198.05,1
grid_16121,447.64,149.21,116.72,198.05,3
grid_16122,390.82,195.41,192.77,198.05,2
grid_16123,272.04,68.01,49.87,101.6,4
grid_16124,533.96,88.99,55.16,119.59,6
grid_16125,910.12,151.69,104.86,198.05,6
grid_16126,349.19,87.3,55.16,120.2,4
grid_16127,233.75,58.44,40.83,68.43,4
grid_16128,319.39,53.23,39.85,72.62,6
grid_16129,195.2,48.8,32.16,68.43,4
grid_16130,243.38,40.56,32.16,50.3,6
grid_16131,291.51,48.58,32.16,76.8,6
grid_16132,108.97,54.48,32.16,76.8,2
grid_16133,515.38,257.69,242.35,273.04,2
grid_16134,332.77,83.19,49.87,128.88,4
grid_16135,787.56,196.89,99.07,273.04,4
grid_16136,87.8,43.9,42.82,44.98,2
grid_16137,282.99,141.5,104.86,178.13,2
grid_16138,369.77,73.95,55.16,104.86,5
grid_16139,137.53,68.76,64.0,73.52,2
grid_16140,441.37,73.56,44.16,154.74,6
grid_16141,210.34,105.17,98.32,112.02,2
grid_16142,531.95,132.99,84.1,169.18,4
grid_16143,627.0,104.5,50.9,154.74,6
grid_16144,417.52,104.38,65.91,169.18,4
grid_16145,258.02,86.01,65.91,98.32,3
grid_16146,387.63,96.91,64.08,123.92,4
grid_16147,288.1,72.02,64.08,84.1,4
grid_16148,714.55,119.09,99.08,128.65,6
grid_16149,355.89,118.63,93.78,154.21,3
grid_16150,658.8,164.7,123.16,207.39,4
grid_16151,439.03,109.76,88.58,137.2,4
grid_16152,1162.87,193.81,107.77,297.97,6
grid_16153,363.33,90.83,76.29,123.16,4
grid_16154,348.86,87.21,76.29,105.47,4
grid_16155,530.26,132.57,85.37,204.42,4
grid_16156,1136.38,189.4,137.2,297.17,6
grid_16157,484.15,121.04,101.11,140.36,4
grid_16158,108.72,108.72,108.72,108.72,1
grid_16159,331.55,82.89,78.51,85.38,4
grid_16160,381.2,63.53,37.68,81.98,6
grid_16161,1388.37,347.09,246.16,447.32,4
grid_16162,2571.18,642.8,194.32,1206.52,4
grid_16163,5624.56,937.43,350.31,1824.29,6
grid_16164,391.52,97.88,58.88,133.44,4
grid_16165,570.26,142.57,109.13,166.71,4
grid_16166,234.8,58.7,37.68,90.07,4
grid_16167,918.44,229.61,160.98,344.59,4
grid_16168,2044.37,511.09,255.24,873.66,4
grid_16169,433.82,108.45,70.56,139.75,4
grid_16170,1025.64,170.94,118.8,236.59,6
grid_16171,162.3,40.58,37.5,48.17,4
grid_16172,493.3,82.22,37.5,162.75,6
grid_16173,330.63,82.66,61.19,126.98,4
grid_16174,440.75,110.19,73.68,126.98,4
grid_16175,484.85,121.21,107.42,137.34,4
grid_16176,516.06,86.01,38.95,137.34,6
grid_16177,277.13,69.28,55.04,92.1,4
grid_16178,220.01,55.0,38.95,73.24,4
grid_16179,421.76,105.44,61.19,151.32,4
grid_16180,738.48,184.62,111.39,253.85,4
grid_16181,1091.47,272.87,240.99,354.31,4
grid_16182,996.37,249.09,194.32,296.68,4
grid_16183,1009.76,252.44,240.99,262.48,4
grid_16184,458.19,114.55,94.29,130.92,4
grid_16185,350.16,87.54,50.9,105.89,4
grid_16186,698.24,174.56,127.09,242.31,4
grid_16187,926.47,231.62,197.92,245.24,4
grid_16188,1075.45,268.86,255.24,296.68,4
grid_16189,476.87,119.22,105.89,134.4,4
grid_16190,1696.98,424.24,246.16,700.76,4
grid_16191,4460.73,743.45,350.31,994.76,6
grid_16192,1039.18,259.8,166.71,399.75,4
grid_16193,268.45,67.11,48.17,90.07,4
grid_16194,666.46,166.62,133.44,226.56,4
grid_16195,2770.51,461.75,126.48,994.76,6
grid_16196,782.08,195.52,139.75,236.93,4
grid_16197,257.97,64.49,51.64,76.12,4
grid_16198,1172.46,293.12,226.56,399.75,4
grid_16199,1766.62,441.65,309.22,700.76,4
grid_16200,631.96,157.99,73.68,285.65,4
grid_16201,781.24,195.31,121.3,285.65,4
grid_16202,811.92,135.32,73.24,236.94,6
grid_16203,264.24,66.06,51.64,79.71,4
grid_16204,472.0,118.0,61.19,183.14,4
grid_16205,924.6,231.15,135.56,333.5,4
grid_16206,1384.68,346.17,135.56,764.29,4
grid_16207,1570.33,392.58,236.94,638.87,4
grid_16208,1372.79,228.8,79.71,408.86,6
grid_16209,544.46,136.11,51.64,210.67,4
grid_16210,468.02,117.0,99.08,134.4,4
grid_16211,561.21,140.3,109.49,197.92,4
grid_16212,786.32,196.58,126.71,245.24,4
grid_16213,805.16,201.29,126.48,261.04,4
grid_16214,885.12,221.28,162.39,261.04,4
grid_16215,637.23,159.31,109.49,245.88,4
grid_16216,592.06,148.02,108.56,216.44,4
grid_16217,492.23,123.06,108.56,147.47,4
grid_16218,717.35,179.34,128.65,245.88,4
grid_16219,631.44,157.86,123.69,218.87,4
grid_16220,341.58,85.4,65.91,107.89,4
grid_16221,354.65,88.66,64.08,115.52,4
grid_16222,377.1,94.27,71.39,123.82,4
grid_16223,593.32,148.33,107.89,207.39,4
grid_16224,752.21,125.37,77.32,208.42,6
grid_16225,290.13,72.53,64.08,80.66,4
grid_16226,371.4,92.85,80.66,107.77,4
grid_16227,925.08,154.18,77.32,297.97,6
grid_16228,394.66,98.67,71.39,123.82,4
grid_16229,316.92,79.23,71.39,88.58,4
grid_16230,465.27,116.32,70.56,178.84,4
grid_16231,3157.27,631.45,356.88,994.76,5
grid_16232,1524.31,254.05,123.69,486.09,6
grid_16233,1054.8,263.7,132.6,356.88,4
grid_16234,1018.27,254.57,178.84,334.55,4
grid_16235,553.5,138.37,51.64,223.29,4
grid_16236,946.7,236.67,132.6,309.22,4
grid_16237,812.81,203.2,76.12,334.55,4
grid_16238,1402.12,350.53,256.09,486.09,4
grid_16239,1023.24,170.54,109.27,303.06,6
grid_16240,738.05,184.51,140.35,218.87,4
grid_16241,1112.66,278.17,208.42,360.4,4
grid_16242,580.04,145.01,109.27,218.87,4
grid_16243,534.18,133.54,108.56,165.37,4
grid_16244,919.11,229.78,147.47,360.4,4
grid_16245,610.21,152.55,122.8,218.87,4
grid_16246,484.48,121.12,108.56,140.35,4
grid_16247,983.37,245.84,149.19,360.4,4
grid_16248,582.84,145.71,112.78,165.37,4
grid_16249,527.76,131.94,109.27,161.48,4
grid_16250,1840.14,460.03,151.32,764.29,4
grid_16251,1888.82,314.8,202.45,440.34,6
grid_16252,1969.36,492.34,331.04,638.87,4
grid_16253,1559.26,311.85,210.67,408.86,5
grid_16254,2076.44,519.11,304.91,764.29,4
grid_16255,2667.5,666.88,590.59,764.29,4
grid_16256,1290.6,322.65,272.4,379.79,4
grid_16257,2060.72,515.18,352.84,673.75,4
grid_16258,1788.94,447.23,331.04,590.59,4
grid_16259,2943.52,735.88,304.91,1258.54,4
grid_16260,975.17,243.79,176.35,303.06,4
grid_16261,1139.09,284.77,202.45,426.67,4
grid_16262,821.97,205.49,132.6,267.94,4
grid_16263,854.71,213.68,132.6,256.09,4
grid_16264,1093.26,273.32,223.29,334.55,4
grid_16265,1046.32,261.58,195.08,334.55,4
grid_16266,960.99,160.16,109.27,242.8,6
grid_16267,1231.31,307.83,238.31,426.67,4
grid_16268,1006.91,251.73,233.18,286.68,4
grid_16269,992.46,248.12,226.34,271.64,4
grid_16270,859.94,214.98,183.71,254.8,4
grid_16271,860.71,215.18,183.71,248.74,4
grid_16272,930.47,232.62,176.35,271.64,4
grid_16273,1378.82,229.8,128.8,328.52,6
grid_16274,1029.51,257.38,239.52,271.64,4
grid_16275,966.51,241.63,191.62,279.65,4
grid_16276,932.07,233.02,183.71,254.8,4
grid_16277,903.99,226.0,183.71,254.04,4
grid_16278,896.17,224.04,191.62,238.31,4
grid_16279,1042.88,260.72,242.8,271.64,4
grid_16280,2331.78,582.94,304.91,1000.28,4
grid_16281,1490.01,372.5,331.04,423.78,4
grid_16282,2246.62,374.44,279.65,440.34,6
grid_16283,1786.93,446.73,349.45,641.11,4
grid_16284,2258.72,564.68,423.78,750.3,4
grid_16285,5945.98,1486.5,1000.28,2274.3,4
grid_16286,1941.08,323.51,256.93,391.19,6
grid_16287,3115.42,778.86,349.45,1412.85,4
grid_16288,1940.76,485.19,375.5,750.3,4
grid_16289,1682.87,420.72,268.11,641.11,4
grid_16290,577.87,144.47,112.78,186.79,4
grid_16291,1263.95,315.99,297.17,360.4,4
grid_16292,599.27,149.82,122.8,186.79,4
grid_16293,968.84,242.21,161.48,361.24,4
grid_16294,998.44,249.61,155.51,361.24,4
grid_16295,877.49,219.37,149.19,294.91,4
grid_16296,983.69,245.92,188.8,308.42,4
grid_16297,924.8,231.2,149.19,308.42,4
grid_16298,774.7,193.68,128.8,259.32,4
grid_16299,1125.62,281.41,225.1,351.38,4
grid_16300,1997.02,499.25,268.11,750.3,4
grid_16301,4733.02,1183.25,448.72,2274.3,4
grid_16302,2635.22,658.8,349.45,1412.85,4
grid_16303,1730.09,432.52,251.11,750.3,4
grid_16304,1691.94,281.99,221.16,391.19,6
grid_16305,1461.04,365.26,268.11,486.86,4
grid_16306,1845.02,461.26,356.7,597.14,4
grid_16307,1122.69,280.67,235.22,337.49,4
grid_16308,1134.72,283.68,235.22,337.49,4
grid_16309,1802.24,450.56,424.2,486.86,4
grid_16310,1389.07,347.27,294.91,379.92,4
grid_16311,1324.95,331.24,259.32,361.24,4
grid_16312,1302.32,325.58,277.89,379.92,4
grid_16313,791.3,197.82,188.8,216.6,4
grid_16314,1033.4,258.35,189.31,349.6,4
grid_16315,1286.19,321.55,289.82,351.38,4
grid_16316,1903.94,317.32,196.59,469.61,6
grid_16317,1707.57,341.51,216.6,469.61,5
grid_16318,1392.72,348.18,326.03,362.3,4
grid_16319,1392.17,348.04,311.55,379.92,4
grid_16320,367.38,91.85,78.51,105.47,4
grid_16321,396.78,99.19,85.37,117.31,4
grid_16322,1055.52,175.92,140.36,196.59,6
grid_16323,727.88,145.58,101.11,174.3,5
grid_16324,425.01,106.25,82.3,135.01,4
grid_16325,464.36,116.09,82.3,145.95,4
grid_16326,388.2,97.05,71.78,122.32,4
grid_16327,1547.63,257.94,174.3,359.12,6
grid_16328,1317.3,188.19,127.75,282.33,7
grid_16329,1147.92,286.98,197.15,359.12,4
grid_16330,1732.0,288.67,225.1,328.52,6
grid_16331,1031.35,257.84,239.52,287.52,4
grid_16332,1165.64,291.41,233.06,343.08,4
grid_16333,1084.14,271.04,240.76,314.95,4
grid_16334,968.57,242.14,191.62,298.5,4
grid_16335,989.28,247.32,191.62,343.08,4
grid_16336,1116.54,279.13,239.52,335.46,4
grid_16337,1921.58,320.26,289.82,374.24,6
grid_16338,1237.08,309.27,221.52,343.08,4
grid_16339,1210.24,302.56,240.76,374.24,4
grid_16340,1270.83,317.71,287.52,335.46,4
grid_16341,1122.44,280.61,240.76,313.86,4
grid_16342,1345.77,336.44,333.25,343.08,4
grid_16343,1152.47,288.12,221.52,339.23,4
grid_16344,1176.9,294.22,182.02,339.23,4
grid_16345,1289.85,322.46,302.85,339.15,4
grid_16346,1006.14,251.53,182.02,339.23,4
grid_16347,1182.5,295.62,280.29,313.86,4
grid_16348,1328.78,332.2,322.4,339.15,4
grid_16349,1272.3,318.07,280.29,374.24,4
grid_16350,1709.45,284.91,221.16,334.55,6
grid_16351,1542.87,385.72,281.87,486.86,4
grid_16352,1697.26,282.88,191.67,334.55,6
grid_16353,1742.41,435.6,356.7,533.04,4
grid_16354,1911.94,477.99,442.46,533.04,4
grid_16355,1181.76,295.44,235.22,340.11,4
grid_16356,1195.72,298.93,235.22,340.11,4
grid_16357,1657.23,414.31,290.74,533.04,4
grid_16358,1121.02,280.26,159.33,340.11,4
grid_16359,1298.55,324.64,312.1,340.11,4
grid_16360,1446.33,361.58,351.11,379.92,4
grid_16361,2425.65,303.21,218.18,356.64,8
grid_16362,1485.02,371.25,309.31,469.61,4
grid_16363,1937.68,322.95,281.98,351.4,6
grid_16364,2121.72,353.62,281.98,469.61,6
grid_16365,2006.83,334.47,312.74,362.3,6
grid_16366,2032.1,338.68,299.87,362.3,6
grid_16367,1446.68,361.67,307.51,482.89,4
grid_16368,1750.31,291.72,218.18,356.64,6
grid_16369,1333.66,333.41,312.74,351.33,4
grid_16370,2261.37,323.05,249.95,374.24,7
grid_16371,1913.51,318.92,259.1,343.18,6
grid_16372,1670.21,278.37,178.34,339.15,6
grid_16373,2020.08,336.68,256.47,406.68,6
grid_16374,2142.78,357.13,285.49,406.68,6
grid_16375,886.91,221.73,139.73,322.4,4
grid_16376,2037.04,339.51,285.49,406.62,6
grid_16377,1037.28,259.32,181.97,343.18,4
grid_16378,1006.77,167.79,122.19,242.76,6
grid_16379,1034.74,206.95,172.57,259.1,5
grid_16380,757.91,189.48,127.75,282.33,4
grid_16381,701.25,175.31,153.39,202.66,4
grid_16382,163.94,163.94,163.94,163.94,1
grid_16383,509.14,169.71,163.94,175.85,3
grid_16384,1392.13,348.03,197.15,482.89,4
grid_16385,1233.14,246.63,150.68,402.78,5
grid_16386,2132.96,355.49,198.22,684.29,6
grid_16387,740.88,185.22,169.35,202.66,4
grid_16388,1726.4,431.6,163.94,988.53,4
grid_16389,2210.04,552.51,402.78,684.29,4
grid_16390,1731.55,432.89,383.87,533.04,4
grid_16391,1386.66,346.67,290.74,449.58,4
grid_16392,1091.61,181.94,83.51,309.49,6
grid_16393,596.93,149.23,83.51,191.67,4
grid_16394,941.97,235.49,151.51,321.77,4
grid_16395,735.65,91.96,59.31,159.33,8
grid_16396,1349.51,337.38,254.47,404.43,4
grid_16397,1107.04,276.76,177.95,383.87,4
grid_16398,1063.99,212.8,101.38,321.77,5
grid_16399,789.98,98.75,59.31,151.18,8
grid_16400,1171.55,292.89,226.86,362.84,4
grid_16401,1163.32,290.83,226.86,346.97,4
grid_16402,1344.62,336.16,299.87,362.84,4
grid_16403,1221.43,305.36,226.86,391.68,4
grid_16404,1822.17,455.54,307.51,640.09,4
grid_16405,2220.56,370.09,256.47,527.83,6
grid_16406,1464.64,366.16,339.0,418.66,4
grid_16407,1228.79,307.2,226.86,362.84,4
grid_16408,1413.53,353.38,343.71,362.84,4
grid_16409,1807.0,451.75,359.8,640.09,4
grid_16410,909.24,227.31,163.94,405.3,4
grid_16411,2726.18,908.73,405.3,1332.34,3
grid_16412,2158.46,359.74,198.22,684.29,6
grid_16413,2145.76,536.44,405.96,684.29,4
grid_16414,979.81,244.95,170.65,388.13,4
grid_16415,2296.42,574.11,170.65,1332.34,4
grid_16416,1720.47,860.23,388.13,1332.34,2
grid_16417,610.94,305.47,222.81,388.13,2
grid_16418,910.81,303.6,222.81,405.96,3
grid_16419,1432.41,358.1,257.82,415.42,4
grid_16420,1446.89,361.72,334.29,406.62,4
grid_16421,1355.67,338.92,256.47,411.33,4
grid_16422,1355.24,338.81,253.04,406.62,4
grid_16423,969.77,242.44,181.97,318.07,4
grid_16424,707.05,176.76,151.18,214.25,4
grid_16425,1371.36,342.84,334.29,352.4,4
grid_16426,1262.79,315.7,253.04,352.4,4
grid_16427,785.49,196.37,172.57,216.69,4
grid_16428,1533.87,383.47,334.29,442.86,4
grid_16429,1279.33,319.83,249.93,372.05,4
grid_16430,951.68,158.61,78.72,312.1,6
grid_16431,778.93,129.82,100.46,177.23,6
grid_16432,1812.95,302.16,166.44,491.4,6
grid_16433,438.63,109.66,74.67,152.11,4
grid_16434,717.12,119.52,74.67,169.05,6
grid_16435,793.33,132.22,92.68,177.95,6
grid_16436,1017.86,169.64,92.68,254.47,6
grid_16437,503.67,125.92,101.38,152.11,4
grid_16438,371.58,92.89,86.32,100.46,4
grid_16439,630.45,157.61,86.32,274.8,4
grid_16440,1348.29,337.07,319.35,355.66,4
grid_16441,1297.35,324.34,295.38,343.71,4
grid_16442,2806.8,467.8,411.33,574.11,6
grid_16443,1535.91,383.98,329.58,432.02,4
grid_16444,1385.78,346.44,295.38,391.68,4
grid_16445,2667.14,444.52,370.45,574.11,6
grid_16446,1363.44,340.86,231.4,432.02,4
grid_16447,1323.2,330.8,262.2,402.75,4
grid_16448,1142.52,285.63,231.4,329.58,4
grid_16449,1409.27,352.32,257.82,415.42,4
grid_16450,1150.29,287.57,216.69,372.05,4
grid_16451,863.78,215.94,189.36,243.47,4
grid_16452,1484.42,371.1,266.29,442.86,4
grid_16453,1200.89,300.22,249.93,345.39,4
grid_16454,766.32,191.58,169.05,214.25,4
grid_16455,1051.65,262.91,204.18,372.05,4
grid_16456,1065.58,266.39,224.57,372.05,4
grid_16457,1027.4,256.85,189.36,341.34,4
grid_16458,998.74,249.69,189.36,341.34,4
grid_16459,1205.44,301.36,229.39,429.88,4
grid_16460,515.33,128.83,78.27,199.06,4
grid_16461,348.25,87.06,61.83,109.36,4
grid_16462,783.69,195.92,157.62,249.0,4
grid_16463,804.98,201.25,170.67,239.13,4
grid_16464,282.14,70.53,60.5,82.26,4
grid_16465,783.86,195.96,139.88,249.0,4
grid_16466,1084.02,180.67,107.77,239.13,6
grid_16467,246.31,61.58,59.12,65.6,4
grid_16468,423.74,105.94,93.35,113.26,4
grid_16469,699.28,174.82,106.92,237.35,4
grid_16470,853.54,213.39,106.92,335.34,4
grid_16471,270.25,67.56,59.12,83.7,4
grid_16472,561.49,140.37,78.59,170.67,4
grid_16473,295.87,73.97,38.71,113.26,4
grid_16474,256.53,64.13,52.25,83.34,4
grid_16475,485.68,121.42,66.79,196.16,4
grid_16476,343.84,85.96,61.1,111.31,4
grid_16477,1039.7,173.28,50.55,239.13,6
grid_16478,451.8,112.95,75.71,157.62,4
grid_16479,296.71,74.18,59.12,93.16,4
grid_16480,3935.8,983.95,569.17,1874.82,4
grid_16481,1088.74,272.19,230.88,309.76,4
grid_16482,2198.57,549.64,468.72,671.88,4
grid_16483,2087.75,521.94,356.7,672.16,4
grid_16484,1557.29,389.32,290.02,488.8,4
grid_16485,975.67,243.92,226.68,260.03,4
grid_16486,6589.68,1647.42,819.93,2931.72,4
grid_16487,7288.16,1214.69,461.75,2931.72,6
grid_16488,1166.23,291.56,258.09,324.52,4
grid_16489,5527.83,1381.96,569.17,2279.66,4
grid_16490,722.39,180.6,145.98,206.16,4
grid_16491,615.83,153.96,122.87,191.61,4
grid_16492,603.88,150.97,122.87,183.02,4
grid_16493,1144.21,228.84,198.87,260.03,5
grid_16494,1001.18,166.86,96.08,223.75,6
grid_16495,572.72,143.18,87.59,181.48,4
grid_16496,703.24,175.81,145.98,192.76,4
grid_16497,667.71,166.93,122.87,203.51,4
grid_16498,743.78,185.94,163.47,204.53,4
grid_16499,586.92,146.73,87.59,183.25,4
grid_16500,246.14,61.54,38.71,93.35,4
grid_16501,786.06,196.52,154.61,239.13,4
grid_16502,588.43,147.11,78.27,199.79,4
grid_16503,389.3,97.32,66.79,139.88,4
grid_16504,490.75,122.69,93.16,158.55,4
grid_16505,303.16,75.79,52.25,90.74,4
grid_16506,319.36,79.84,53.55,111.5,4
grid_16507,668.45,167.11,108.6,221.65,4
grid_16508,395.35,98.84,53.55,154.61,4
grid_16509,168.0,42.0,38.61,50.55,4
grid_16510,1470.61,245.1,198.87,273.82,6
grid_16511,800.86,200.22,160.1,238.38,4
grid_16512,1185.74,197.62,158.4,223.75,6
grid_16513,672.09,168.02,122.87,204.53,4
grid_16514,1723.89,287.32,238.38,323.05,6
grid_16515,1086.24,271.56,203.51,340.99,4
grid_16516,978.35,244.59,181.22,327.32,4
grid_16517,941.32,235.33,192.76,278.75,4
grid_16518,1278.97,213.16,183.25,231.35,6
grid_16519,820.84,205.21,157.68,255.72,4
grid_16520,2285.15,571.29,422.99,804.19,4
grid_16521,1717.18,429.29,356.7,488.51,4
grid_16522,1526.32,381.58,290.02,488.8,4
grid_16523,1077.11,269.28,258.09,293.61,4
grid_16524,8889.73,2222.43,1803.54,2931.72,4
grid_16525,4788.79,798.13,467.47,1803.54,6
grid_16526,1378.1,344.52,293.61,416.36,4
grid_16527,1770.63,442.66,404.43,488.51,4
grid_16528,1225.65,306.41,265.39,343.61,4
grid_16529,5945.52,1486.38,771.43,2279.66,4
grid_16530,1751.21,437.8,324.52,587.35,4
grid_16531,2597.35,649.34,422.99,804.19,4
grid_16532,4957.57,1239.39,782.82,2279.66,4
grid_16533,719.94,359.97,343.61,376.33,2
grid_16534,2693.77,673.44,416.36,969.86,4
grid_16535,3491.3,1745.65,771.43,2719.87,2
grid_16536,587.35,587.35,587.35,587.35,1
grid_16537,3360.76,672.15,467.47,1064.19,5
grid_16538,1480.18,493.39,343.61,720.2,3
grid_16539,1668.78,417.19,306.74,490.14,4
grid_16540,207.91,51.98,38.71,76.83,4
grid_16541,435.5,108.88,66.79,181.5,4
grid_16542,775.66,129.28,38.61,221.65,6
grid_16543,548.66,137.16,66.79,184.55,4
grid_16544,394.97,98.74,83.34,127.73,4
grid_16545,688.55,172.14,111.31,218.91,4
grid_16546,528.54,88.09,38.61,183.6,6
grid_16547,496.78,124.19,98.31,183.6,4
grid_16548,192.11,48.03,38.61,74.56,4
grid_16549,468.87,117.22,90.74,136.77,4
grid_16550,1053.04,263.26,181.22,340.99,4
grid_16551,873.35,218.34,181.48,278.75,4
grid_16552,815.25,203.81,157.68,255.72,4
grid_16553,1571.01,392.75,220.37,592.57,4
grid_16554,1423.63,355.91,303.36,405.03,4
grid_16555,2033.98,339.0,303.36,376.33,6
grid_16556,1104.19,220.84,211.09,231.35,5
grid_16557,1663.72,415.93,265.28,592.57,4
grid_16558,1551.07,387.77,327.32,477.73,4
grid_16559,1518.21,253.04,218.66,343.5,6
grid_16560,1462.25,365.56,262.21,500.34,4
grid_16561,806.94,201.73,34.42,290.05,4
grid_16562,319.74,159.87,13.76,305.98,2
grid_16563,920.74,230.18,44.59,349.91,4
grid_16564,1271.8,317.95,235.95,409.65,4
grid_16565,1080.27,270.07,172.47,409.65,4
grid_16566,1004.84,251.21,172.47,349.91,4
grid_16567,921.43,230.36,172.47,267.64,4
grid_16568,1071.22,214.24,12.49,479.91,5
grid_16569,1517.1,379.28,305.98,479.91,4
grid_16570,1867.78,466.94,344.47,706.84,4
grid_16571,2288.8,572.2,463.07,662.27,4
grid_16572,5028.38,838.06,419.14,1824.3,6
grid_16573,1968.19,281.17,245.3,320.12,7
grid_16574,5029.56,838.26,566.49,1824.3,6
grid_16575,2111.35,527.84,344.47,706.84,4
grid_16576,2143.92,357.32,249.87,454.82,6
grid_16577,1268.03,317.01,282.83,395.36,4
grid_16578,4779.16,796.53,518.56,1391.24,6
grid_16579,785.82,196.46,115.82,288.66,4
grid_16580,1124.44,281.11,258.75,298.72,4
grid_16581,6617.6,1102.93,454.82,2334.4,6
grid_16582,1494.73,249.12,185.18,288.66,6
grid_16583,3650.36,608.39,518.56,662.27,6
grid_16584,7162.83,895.35,305.69,2334.4,8
grid_16585,3777.43,944.36,340.96,1824.3,4
grid_16586,4440.06,888.01,573.77,1824.3,5
grid_16587,1107.97,276.99,245.3,324.73,4
grid_16588,1825.38,456.35,271.05,888.64,4
grid_16589,667.09,166.77,115.82,185.18,4
grid_16590,12.49,12.49,12.49,12.49,1
grid_16591,1061.05,265.26,235.95,298.72,4
grid_16592,1149.05,287.26,172.47,381.3,4
grid_16593,1530.51,382.63,281.27,479.91,4
grid_16594,1262.77,315.69,245.37,381.3,4
grid_16595,2278.16,379.69,258.75,540.39,6
grid_16596,1781.47,296.91,12.49,479.91,6
grid_16597,2226.57,371.1,245.37,540.39,6
grid_16598,365.06,121.69,12.49,294.14,3
grid_16599,58.44,58.44,58.44,58.44,1
grid_16600,2537.87,422.98,258.75,662.44,6
grid_16601,1284.9,214.15,181.53,266.9,6
grid_16602,993.0,248.25,199.16,324.73,4
grid_16603,1190.57,297.64,199.16,340.96,4
grid_16604,2331.85,582.96,376.8,723.53,4
grid_16605,1767.0,441.75,325.72,723.53,4
grid_16606,2827.3,706.82,573.77,953.18,4
grid_16607,4528.78,1132.19,642.6,1541.76,4
grid_16608,14259.51,2376.59,1391.24,4442.04,6
grid_16609,9947.97,1421.14,395.36,2588.58,7
grid_16610,4010.35,668.39,284.15,1083.4,6
grid_16611,798.8,199.7,180.53,252.18,4
grid_16612,3388.86,847.21,526.62,1126.43,4
grid_16613,2259.89,564.97,376.8,779.23,4
grid_16614,982.55,245.64,174.68,325.72,4
grid_16615,6582.16,1645.54,1073.37,2588.58,4
grid_16616,16541.25,2756.87,1541.76,4442.04,6
grid_16617,2103.6,525.9,445.26,662.44,4
grid_16618,1108.33,184.72,162.83,203.75,6
grid_16619,7721.33,1930.33,953.18,3193.51,4
grid_16620,1431.61,357.9,282.99,446.11,4
grid_16621,4423.04,1105.76,657.75,2032.88,4
grid_16622,753.53,188.38,174.68,202.21,4
grid_16623,983.68,245.92,180.53,325.1,4
grid_16624,951.86,237.96,174.68,282.99,4
grid_16625,2367.34,591.83,446.11,779.23,4
grid_16626,765.78,191.45,174.68,220.54,4
grid_16627,3019.02,754.76,493.84,1126.43,4
grid_16628,1456.71,364.18,273.65,453.97,4
grid_16629,11914.15,1985.69,851.09,3193.51,6
grid_16630,1347.25,269.45,58.44,497.12,5
grid_16631,1829.4,304.9,208.71,427.86,6
grid_16632,1835.7,458.92,380.77,540.39,4
grid_16633,1347.67,224.61,111.48,388.02,6
grid_16634,104.18,104.18,104.18,104.18,1
grid_16635,2160.87,240.1,111.48,388.02,9
grid_16636,2035.46,407.09,331.63,540.39,5
grid_16637,659.74,219.91,58.44,497.12,3
grid_16638,1592.17,398.04,353.8,445.26,4
grid_16639,1761.06,293.51,152.5,497.12,6
grid_16640,1087.15,271.79,208.71,337.37,4
grid_16641,687.4,137.48,111.48,161.83,5
grid_16642,1899.58,316.6,104.18,497.12,6
grid_16643,837.03,209.26,3.4,364.27,4
grid_16644,915.13,152.52,111.48,209.44,6
grid_16645,1345.1,269.02,104.18,364.27,5
grid_16646,1403.56,350.89,331.63,380.77,4
grid_16647,1137.56,284.39,20.12,443.47,4
grid_16648,1127.84,281.96,209.44,337.37,4
grid_16649,1108.42,184.74,123.91,302.98,6
grid_16650,1288.91,214.82,162.83,325.1,6
grid_16651,5141.2,1285.3,688.03,2032.88,4
grid_16652,8926.55,2231.64,1641.06,3193.51,4
grid_16653,1878.07,469.52,412.35,526.62,4
grid_16654,4643.42,1160.85,851.09,1793.77,4
grid_16655,1131.63,282.91,225.87,325.1,4
grid_16656,2510.66,627.66,493.84,872.13,4
grid_16657,1600.63,266.77,193.09,325.1,6
grid_16658,5962.01,993.67,584.33,2059.1,6
grid_16659,846.53,211.63,193.09,228.82,4
grid_16660,688.48,172.12,111.5,235.13,4
grid_16661,353.46,88.37,40.12,161.95,4
grid_16662,518.53,129.63,113.64,158.55,4
grid_16663,391.89,97.97,53.55,160.35,4
grid_16664,466.29,116.57,76.83,161.95,4
grid_16665,334.92,83.73,53.55,108.6,4
grid_16666,853.37,213.34,181.5,252.18,4
grid_16667,707.16,176.79,118.62,218.91,4
grid_16668,475.61,118.9,66.5,160.35,4
grid_16669,897.37,224.34,184.19,252.18,4
grid_16670,1298.91,324.73,220.37,479.32,4
grid_16671,1597.45,399.36,265.28,527.12,4
grid_16672,1917.49,479.37,374.24,613.39,4
grid_16673,911.46,227.87,203.21,278.5,4
grid_16674,1919.71,479.93,405.03,613.39,4
grid_16675,2481.84,413.64,337.1,524.82,6
grid_16676,1246.02,311.51,187.88,479.32,4
grid_16677,1776.53,444.13,317.08,592.57,4
grid_16678,1624.3,406.07,235.32,592.57,4
grid_16679,1517.08,252.85,187.88,343.5,6
grid_16680,848.29,424.15,376.33,471.97,2
grid_16681,3984.24,996.06,490.14,1830.89,4
grid_16682,1813.14,453.29,306.74,599.02,4
grid_16683,518.95,129.74,95.53,173.02,4
grid_16684,675.72,168.93,136.77,203.98,4
grid_16685,596.08,149.02,74.56,203.98,4
grid_16686,715.21,178.8,135.54,235.13,4
grid_16687,317.55,79.39,38.82,155.6,4
grid_16688,628.62,157.15,95.7,211.09,4
grid_16689,328.22,82.06,54.45,106.27,4
grid_16690,355.2,88.8,66.5,113.23,4
grid_16691,351.13,58.52,38.82,98.31,6
grid_16692,423.48,105.87,95.53,118.62,4
grid_16693,616.57,154.14,122.1,184.19,4
grid_16694,391.79,97.95,54.45,186.31,4
grid_16695,474.28,79.05,41.65,155.6,6
grid_16696,602.6,150.65,107.76,203.98,4
grid_16697,802.72,200.68,122.1,270.56,4
grid_16698,569.68,142.42,69.2,200.94,4
grid_16699,520.42,130.1,81.03,203.21,4
grid_16700,453.24,113.31,76.94,173.02,4
grid_16701,273.05,54.61,41.65,81.84,5
grid_16702,595.62,148.91,117.85,203.98,4
grid_16703,1768.15,442.04,339.75,527.12,4
grid_16704,884.37,221.09,140.48,278.5,4
grid_16705,871.59,217.9,187.88,242.8,4
grid_16706,656.83,328.42,317.08,339.75,2
grid_16707,1710.25,427.56,243.25,613.39,4
grid_16708,1542.72,257.12,187.88,327.62,6
grid_16709,1204.62,401.54,339.75,441.32,3
grid_16710,440.91,220.45,205.58,235.32,2
grid_16711,1807.05,451.76,328.79,613.39,4
grid_16712,1116.31,279.08,222.34,327.62,4
grid_16713,349.19,87.3,76.94,95.7,4
grid_16714,624.45,156.11,113.23,200.94,4
grid_16715,435.82,108.96,81.03,140.48,4
grid_16716,105.36,52.68,41.65,63.71,2
grid_16717,464.01,154.67,122.1,174.74,3
grid_16718,611.7,203.9,174.74,236.02,3
grid_16719,300.47,75.12,41.65,107.38,4
grid_16720,844.77,211.19,186.31,236.02,4
grid_16721,856.55,214.14,122.1,296.71,4
grid_16722,597.03,149.26,81.84,221.5,4
grid_16723,1050.04,262.51,205.58,330.98,4
grid_16724,739.7,184.92,114.7,262.18,4
grid_16725,536.57,268.28,205.58,330.98,2
grid_16726,342.95,85.74,76.94,99.62,4
grid_16727,167.17,167.17,167.17,167.17,1
grid_16728,636.05,212.02,167.17,296.71,3
grid_16729,221.5,221.5,221.5,221.5,1
grid_16730,685.39,171.35,107.38,221.5,4
grid_16731,372.24,93.06,53.46,141.8,4
grid_16732,114.7,114.7,114.7,114.7,1
grid_16733,99.62,99.62,99.62,99.62,1
grid_16734,311.86,155.93,142.95,168.91,2
grid_16735,664.65,166.16,142.95,192.9,4
grid_16736,1407.54,351.89,176.66,491.4,4
grid_16737,512.7,128.18,88.93,153.38,4
grid_16738,495.21,123.8,92.13,175.36,4
grid_16739,857.01,142.84,88.93,193.66,6
grid_16740,608.11,152.03,127.27,175.36,4
grid_16741,700.76,175.19,153.38,205.73,4
grid_16742,546.07,136.52,92.13,175.36,4
grid_16743,803.57,200.89,86.32,291.04,4
grid_16744,1543.08,385.77,274.8,512.56,4
grid_16745,1106.09,184.35,118.28,303.04,6
grid_16746,1477.69,369.42,338.91,402.75,4
grid_16747,1890.93,315.15,193.57,429.88,6
grid_16748,996.59,249.15,193.57,370.45,4
grid_16749,1264.92,316.23,262.2,402.75,4
grid_16750,965.41,241.35,201.18,270.63,4
grid_16751,1214.21,303.55,218.19,376.22,4
grid_16752,1470.29,367.57,329.34,402.75,4
grid_16753,1451.95,241.99,193.57,336.14,6
grid_16754,1243.25,310.81,270.63,349.85,4
grid_16755,1025.67,256.42,201.18,293.42,4
grid_16756,475.18,237.59,218.19,256.99,2
grid_16757,971.74,242.94,200.83,295.73,4
grid_16758,726.24,242.08,200.83,295.73,3
grid_16759,949.79,237.45,204.18,266.29,4
grid_16760,834.96,208.74,200.68,225.48,4
grid_16761,1424.23,356.06,224.57,517.56,4
grid_16762,845.41,281.8,229.39,336.14,3
grid_16763,945.17,236.29,200.68,310.92,4
grid_16764,1467.77,366.94,303.04,517.56,4
grid_16765,995.44,248.86,204.62,340.77,4
grid_16766,858.33,429.16,340.77,517.56,2
grid_16767,405.3,202.65,200.68,204.62,2
grid_16768,200.68,200.68,200.68,200.68,1
grid_16769,442.15,110.54,86.32,151.41,4
grid_16770,624.46,156.12,118.28,205.73,4
grid_16771,625.32,156.33,112.29,194.0,4
grid_16772,1434.38,239.06,147.07,305.83,6
grid_16773,151.41,151.41,151.41,151.41,1
grid_16774,738.33,184.58,147.07,221.99,4
grid_16775,721.19,180.3,112.29,263.48,4
grid_16776,688.29,172.07,152.72,205.73,4
grid_16777,689.43,229.81,194.0,263.48,3
grid_16778,979.25,244.81,163.54,357.04,4
grid_16779,1224.35,306.09,218.19,361.97,4
grid_16780,865.26,216.31,193.57,260.44,4
grid_16781,1389.62,347.41,329.34,361.97,4
grid_16782,1124.34,281.09,227.01,349.85,4
grid_16783,982.02,245.51,202.85,336.14,4
grid_16784,1041.98,260.49,227.01,293.42,4
grid_16785,348.46,348.46,348.46,348.46,1
grid_16786,1282.36,320.59,254.06,349.85,4
grid_16787,900.14,225.04,168.51,261.11,4
grid_16788,820.37,205.09,145.78,254.06,4
grid_16789,336.14,336.14,336.14,336.14,1
grid_16790,545.39,272.69,204.62,340.77,2
grid_16791,823.38,411.69,305.83,517.56,2
grid_16792,564.43,282.21,258.6,305.83,2
grid_16793,346.73,173.36,152.72,194.0,2
grid_16794,768.65,192.16,152.72,236.68,4
grid_16795,757.05,189.26,123.15,261.11,4
grid_16796,777.57,259.19,193.52,329.99,3
grid_16797,429.62,214.81,168.51,261.11,2
grid_16798,1566.69,391.67,337.61,462.94,4
grid_16799,597.4,149.35,135.79,166.68,4
grid_16800,1478.59,369.65,277.09,443.47,4
grid_16801,1425.5,356.37,328.35,393.75,4
grid_16802,1306.83,326.71,278.04,353.8,4
grid_16803,776.13,194.03,142.44,283.87,4
grid_16804,1148.66,287.17,197.32,339.12,4
grid_16805,1397.74,232.96,166.68,302.98,6
grid_16806,708.71,177.18,142.44,197.32,4
grid_16807,710.7,177.68,142.44,207.95,4
grid_16808,3418.31,854.58,517.13,1641.06,4
grid_16809,3053.58,763.39,600.15,872.13,4
grid_16810,1485.63,371.41,273.65,453.97,4
grid_16811,2076.0,519.0,416.88,688.03,4
grid_16812,1913.66,478.42,412.35,544.54,4
grid_16813,4974.44,1243.61,572.1,2059.1,4
grid_16814,1064.15,266.04,220.54,341.14,4
grid_16815,1196.92,299.23,270.56,319.55,4
grid_16816,995.94,248.98,204.07,313.72,4
grid_16817,3461.66,576.94,379.98,730.21,6
grid_16818,1272.05,318.01,269.49,386.9,4
grid_16819,1294.7,323.67,240.12,393.75,4
grid_16820,1718.19,429.55,337.61,530.75,4
grid_16821,951.88,237.97,175.32,339.12,4
grid_16822,1452.59,363.15,247.72,443.47,4
grid_16823,966.08,241.52,7.68,396.88,4
grid_16824,1149.9,287.48,269.49,302.98,4
grid_16825,1406.65,351.66,247.72,443.47,4
grid_16826,1007.89,251.97,176.24,321.71,4
grid_16827,2001.16,500.29,386.9,554.28,4
grid_16828,2139.12,534.78,505.55,572.1,4
grid_16829,2035.17,508.79,324.82,730.21,4
grid_16830,1869.06,467.26,416.88,517.13,4
grid_16831,1845.22,461.3,324.82,600.15,4
grid_16832,1913.93,478.48,375.71,544.54,4
grid_16833,1152.98,288.24,228.82,341.14,4
grid_16834,2398.18,599.55,544.34,702.18,4
grid_16835,1797.32,299.55,204.07,331.51,6
grid_16836,1521.21,380.3,333.69,429.5,4
grid_16837,1570.6,261.77,172.17,331.51,6
grid_16838,1829.7,457.43,375.71,530.75,4
grid_16839,1302.5,325.63,298.81,379.98,4
grid_16840,1369.15,273.83,200.44,331.51,5
grid_16841,1543.37,385.84,272.3,505.55,4
grid_16842,1755.32,438.83,336.02,544.34,4
grid_16843,1162.11,290.53,249.32,333.69,4
grid_16844,1787.59,446.9,294.27,579.56,4
grid_16845,1335.01,333.75,272.3,429.5,4
grid_16846,2381.23,396.87,294.27,579.56,6
grid_16847,1046.56,261.64,203.94,313.72,4
grid_16848,1393.44,348.36,298.9,394.02,4
grid_16849,1160.05,290.01,272.3,299.52,4
grid_16850,1060.25,265.06,230.17,298.9,4
grid_16851,1204.92,301.23,222.62,369.41,4
grid_16852,822.59,205.65,194.42,223.78,4
grid_16853,1027.95,256.99,141.64,369.41,4
grid_16854,1560.67,260.11,141.64,343.22,6
grid_16855,1188.53,297.13,232.38,394.02,4
grid_16856,1547.0,386.75,263.24,529.23,4
grid_16857,1180.47,295.12,272.3,336.02,4
grid_16858,1064.08,266.02,240.03,321.71,4
grid_16859,897.75,224.44,175.32,242.28,4
grid_16860,1328.53,332.13,269.49,402.87,4
grid_16861,1175.43,293.86,176.24,386.95,4
grid_16862,1203.55,300.89,197.0,386.95,4
grid_16863,957.53,239.38,193.64,290.53,4
grid_16864,1792.83,298.81,207.95,387.07,6
grid_16865,1613.55,403.39,269.49,554.28,4
grid_16866,876.65,219.16,175.32,265.41,4
grid_16867,902.05,225.51,189.36,242.28,4
grid_16868,2450.38,408.4,290.53,495.24,6
grid_16869,1756.86,439.22,356.78,507.77,4
grid_16870,1922.46,480.62,360.51,554.28,4
grid_16871,827.01,206.75,176.24,262.22,4
grid_16872,1943.36,485.84,402.87,554.28,4
grid_16873,1022.09,255.52,176.24,386.95,4
grid_16874,893.14,223.28,189.36,262.22,4
grid_16875,1327.87,331.97,265.41,431.33,4
grid_16876,1168.22,292.05,254.31,386.95,4
grid_16877,1078.67,269.67,230.37,340.6,4
grid_16878,1150.77,287.69,203.94,443.47,4
grid_16879,1315.51,328.88,279.58,443.47,4
grid_16880,1026.58,205.32,168.91,250.23,5
grid_16881,824.13,206.03,155.65,276.87,4
grid_16882,704.64,176.16,118.77,232.38,4
grid_16883,746.39,186.6,118.77,263.24,4
grid_16884,1155.4,288.85,176.41,443.47,4
grid_16885,1341.59,335.4,194.42,565.83,4
grid_16886,893.26,178.65,123.31,252.56,5
grid_16887,1027.9,171.32,109.85,252.56,6
grid_16888,1143.3,228.66,76.41,272.95,5
grid_16889,1553.32,388.33,340.6,431.33,4
grid_16890,910.56,227.64,183.9,271.88,4
grid_16891,1930.38,482.59,396.21,536.95,4
grid_16892,76.41,76.41,76.41,76.41,1
grid_16893,2771.14,461.86,378.82,536.95,6
grid_16894,927.65,231.91,189.36,307.09,4
grid_16895,1373.75,343.44,208.31,478.43,4
grid_16896,797.42,199.35,189.36,205.7,4
grid_16897,1708.92,427.23,326.5,507.77,4
grid_16898,1566.88,261.15,168.91,565.83,6
grid_16899,964.05,241.01,131.99,360.51,4
grid_16900,933.11,233.28,168.47,295.29,4
grid_16901,909.62,227.4,168.47,295.29,4
grid_16902,1267.39,316.85,223.78,443.47,4
grid_16903,864.7,144.12,76.81,249.05,6
grid_16904,807.31,201.83,123.31,289.38,4
grid_16905,822.97,205.74,146.51,257.47,4
grid_16906,720.96,180.24,118.77,289.38,4
grid_16907,1283.32,320.83,242.58,425.71,4
grid_16908,778.15,194.54,183.9,205.7,4
grid_16909,1280.64,320.16,230.37,402.58,4
grid_16910,1585.15,396.29,378.82,419.31,4
grid_16911,1358.95,339.74,285.86,396.21,4
grid_16912,1298.44,216.41,76.41,272.95,6
grid_16913,1293.0,323.25,200.83,519.49,4
grid_16914,685.72,171.43,144.54,205.7,4
grid_16915,1013.69,253.42,193.02,326.5,4
grid_16916,2882.67,480.44,378.82,586.75,6
grid_16917,823.7,205.92,151.57,265.6,4
grid_16918,602.98,150.74,118.77,189.5,4
grid_16919,1860.8,465.2,357.56,565.83,4
grid_16920,696.03,174.01,131.99,208.31,4
grid_16921,552.46,138.12,76.1,168.99,4
grid_16922,630.29,157.57,138.9,176.41,4
grid_16923,477.56,119.39,76.1,168.99,4
grid_16924,872.63,218.16,146.51,271.7,4
grid_16925,596.57,149.14,114.21,196.95,4
grid_16926,1259.93,314.98,257.47,425.71,4
grid_16927,888.06,222.01,162.71,271.88,4
grid_16928,397.3,132.43,50.87,270.02,3
grid_16929,760.38,190.1,144.54,267.76,4
grid_16930,2426.63,485.33,350.39,586.75,5
grid_16931,1648.46,412.11,307.09,519.49,4
grid_16932,752.95,188.24,144.54,247.79,4
grid_16933,392.44,130.81,33.88,307.69,3
grid_16934,1069.63,267.41,151.57,404.67,4
grid_16935,2175.31,543.83,384.45,755.54,4
grid_16936,2343.57,585.89,384.45,756.35,4
grid_16937,1720.07,430.02,265.6,530.32,4
grid_16938,1107.07,276.77,189.5,347.85,4
grid_16939,1264.01,316.0,249.05,377.73,4
grid_16940,893.0,223.25,162.71,280.35,4
grid_16941,399.85,99.96,70.63,138.9,4
grid_16942,1227.16,204.53,76.81,377.73,6
grid_16943,334.31,83.58,70.63,110.77,4
grid_16944,1112.63,278.16,223.0,347.85,4
grid_16945,1884.89,314.15,196.95,369.42,6
grid_16946,1489.26,248.21,110.77,377.73,6
grid_16947,832.77,166.55,70.63,258.19,5
grid_16948,941.14,235.29,50.87,312.57,4
grid_16949,1105.24,276.31,193.02,354.48,4
grid_16950,1412.9,235.48,164.17,312.57,6
grid_16951,1369.7,342.42,285.86,378.98,4
grid_16952,740.62,185.16,144.54,222.86,4
grid_16953,3050.15,508.36,350.39,756.35,6
grid_16954,2224.65,556.16,419.31,755.54,4
grid_16955,4729.41,1182.35,616.02,2179.03,4
grid_16956,4198.15,1049.54,530.32,2179.03,4
grid_16957,3373.9,843.48,616.02,1178.82,4
grid_16958,3358.75,559.79,378.98,822.72,6
grid_16959,1039.71,259.93,209.05,365.34,4
grid_16960,1299.26,324.81,271.88,354.48,4
grid_16961,1084.72,216.94,199.47,235.82,5
grid_16962,801.15,200.29,33.88,338.23,4
grid_16963,1220.0,305.0,261.51,338.23,4
grid_16964,1428.38,238.06,196.15,312.57,6
grid_16965,1533.12,383.28,346.37,453.29,4
grid_16966,1979.29,494.82,311.03,733.26,4
grid_16967,1328.84,332.21,247.79,404.67,4
grid_16968,1124.0,281.0,260.45,326.53,4
grid_16969,487.44,121.86,70.63,168.28,4
grid_16970,1518.39,253.06,114.21,349.54,6
grid_16971,679.75,169.94,141.92,227.33,4
grid_16972,1927.39,321.23,271.7,369.42,6
grid_16973,928.51,232.13,141.92,319.32,4
grid_16974,1220.18,305.04,223.0,377.73,4
grid_16975,1067.36,266.84,260.45,280.35,4
grid_16976,573.12,143.28,130.82,155.36,4
grid_16977,1287.24,321.81,284.88,349.76,4
grid_16978,1362.12,227.02,137.76,308.25,6
grid_16979,1038.98,259.74,211.9,300.5,4
grid_16980,1313.41,218.9,186.73,271.6,6
grid_16981,1103.16,275.79,212.57,347.52,4
grid_16982,1363.43,227.24,137.76,264.54,6
grid_16983,2118.13,235.35,168.28,308.25,9
grid_16984,1186.17,296.54,265.14,326.53,4
grid_16985,1237.57,309.39,270.59,349.76,4
grid_16986,1125.32,225.06,199.02,261.43,5
grid_16987,868.67,217.17,130.82,312.14,4
grid_16988,3451.22,862.81,665.23,1178.82,4
grid_16989,1468.73,367.18,261.51,510.03,4
grid_16990,1656.53,276.09,199.47,363.74,6
grid_16991,1821.13,455.28,311.03,733.26,4
grid_16992,1467.14,366.78,311.03,432.08,4
grid_16993,1355.24,338.81,217.53,432.08,4
grid_16994,5180.75,1295.19,784.46,2179.03,4
grid_16995,1555.71,388.93,328.09,453.29,4
grid_16996,1295.0,323.75,294.0,346.37,4
grid_16997,1119.61,279.9,199.47,358.95,4
grid_16998,3364.51,560.75,427.95,822.72,6
grid_16999,4368.89,1092.22,418.15,2179.03,4
grid_17000,1509.09,377.27,322.65,432.08,4
grid_17001,1724.32,431.08,358.68,519.48,4
grid_17002,1818.7,454.68,358.95,510.03,4
grid_17003,2938.3,489.72,266.08,706.29,6
grid_17004,1546.92,386.73,299.67,456.09,4
grid_17005,5588.46,1117.69,328.09,2938.01,5
grid_17006,6001.63,1000.27,294.0,2938.01,6
grid_17007,2117.03,352.84,299.67,432.2,6
grid_17008,452.27,113.07,82.84,131.81,4
grid_17009,1339.41,223.23,198.35,266.04,6
grid_17010,912.14,228.03,202.35,258.82,4
grid_17011,2593.41,432.23,294.0,838.0,6
grid_17012,907.99,227.0,202.35,244.89,4
grid_17013,680.68,170.17,82.84,270.59,4
grid_17014,835.61,208.9,198.35,229.96,4
grid_17015,998.81,249.7,212.57,284.88,4
grid_17016,832.5,277.5,242.54,305.08,3
grid_17017,1758.06,293.01,211.9,384.51,6
grid_17018,575.67,287.83,270.59,305.08,2
grid_17019,1323.65,220.61,203.1,244.89,6
grid_17020,372.24,93.06,82.44,106.81,4
grid_17021,1044.05,261.01,241.84,300.85,4
grid_17022,1266.82,211.14,164.56,260.21,6
grid_17023,926.58,231.65,164.56,300.85,4
grid_17024,933.05,233.26,169.44,331.13,4
grid_17025,1167.9,291.97,198.35,434.23,4
grid_17026,1062.11,265.53,169.44,360.98,4
grid_17027,484.38,242.19,241.84,242.54,2
grid_17028,2655.4,663.85,261.36,1038.44,4
grid_17029,1977.14,494.28,261.36,784.46,4
grid_17030,1940.04,485.01,358.68,643.73,4
grid_17031,2671.46,667.86,418.15,1038.44,4
grid_17032,5541.85,1385.46,496.92,2938.01,4
grid_17033,1767.71,294.62,194.71,410.66,6
grid_17034,1688.52,422.13,356.72,493.63,4
grid_17035,1489.76,372.44,322.65,414.08,4
grid_17036,2282.51,380.42,322.65,436.59,6
grid_17037,1886.7,471.67,384.23,568.91,4
grid_17038,1379.54,344.89,121.35,510.03,4
grid_17039,531.28,265.64,121.35,409.93,2
grid_17040,1996.25,499.06,409.93,582.66,4
grid_17041,1023.2,341.07,30.61,582.66,3
grid_17042,1763.63,440.91,330.61,582.66,4
grid_17043,1116.34,279.09,30.61,582.66,4
grid_17044,172.46,172.46,172.46,172.46,1
grid_17045,2075.68,518.92,328.69,1059.65,4
grid_17046,3122.26,780.57,172.46,1559.54,4
grid_17047,545.62,545.62,545.62,545.62,1
grid_17048,361.71,120.57,82.44,196.43,3
grid_17049,1344.02,268.8,204.19,434.23,5
grid_17050,1993.45,498.36,297.56,838.0,4
grid_17051,169.78,84.89,69.63,100.15,2
grid_17052,1083.64,270.91,169.44,361.45,4
grid_17053,810.39,270.13,177.08,321.13,3
grid_17054,689.35,229.78,164.56,300.85,3
grid_17055,1341.8,335.45,260.21,434.23,4
grid_17056,942.25,235.56,169.44,297.56,4
grid_17057,1121.9,280.48,241.84,321.13,4
grid_17058,8309.74,1384.96,706.29,2938.01,6
grid_17059,5364.62,596.07,266.08,1486.32,9
grid_17060,1706.97,426.74,382.08,456.09,4
grid_17061,2129.44,354.91,194.71,571.14,6
grid_17062,2457.46,491.49,306.63,643.73,5
grid_17063,2214.38,553.6,482.26,643.73,4
grid_17064,2537.57,422.93,363.79,511.85,6
grid_17065,1252.78,313.2,293.0,341.9,4
grid_17066,1473.52,368.38,328.69,406.03,4
grid_17067,2751.97,458.66,368.81,586.17,6
grid_17068,396.53,99.13,90.99,106.81,4
grid_17069,359.59,89.9,69.63,100.15,4
grid_17070,98.81,98.81,98.81,98.81,1
grid_17071,1496.25,374.06,331.13,434.23,4
grid_17072,1315.43,219.24,164.56,277.92,6
grid_17073,1013.38,253.34,223.94,300.85,4
grid_17074,1408.48,352.12,253.64,496.92,4
grid_17075,558.93,279.46,246.75,312.18,2
grid_17076,414.35,207.17,164.92,249.43,2
grid_17077,790.17,197.54,153.14,253.64,4
grid_17078,1519.83,253.31,164.92,312.07,6
grid_17079,587.83,195.94,98.56,312.18,3
grid_17080,1007.64,251.91,161.77,361.45,4
grid_17081,1463.72,365.93,315.83,453.7,4
grid_17082,2429.75,404.96,293.0,722.08,6
grid_17083,1736.55,434.14,382.08,511.85,4
grid_17084,2495.03,623.76,360.36,1268.92,4
grid_17085,2737.98,684.5,368.83,1268.92,4
grid_17086,2591.21,431.87,314.34,568.91,6
grid_17087,2246.15,374.36,306.63,482.26,6
grid_17088,2818.16,469.69,384.23,568.91,6
grid_17089,1531.62,382.9,265.25,462.21,4
grid_17090,1679.24,279.87,142.98,378.15,6
grid_17091,4120.95,457.88,316.6,586.17,9
grid_17092,1207.92,301.98,285.44,315.83,4
grid_17093,1312.35,328.09,304.6,352.29,4
grid_17094,2532.9,422.15,362.63,511.85,6
grid_17095,1995.39,332.56,232.1,406.03,6
grid_17096,1216.01,304.0,225.98,368.83,4
grid_17097,2207.75,441.55,316.6,586.17,5
grid_17098,1246.36,311.59,265.25,397.89,4
grid_17099,1528.94,305.79,262.62,378.15,5
grid_17100,1275.14,318.78,268.89,352.29,4
grid_17101,2277.62,759.21,172.46,1559.54,3
grid_17102,3226.94,537.82,232.1,1059.65,6
grid_17103,4798.83,1199.71,1030.72,1559.54,4
grid_17104,1080.19,360.06,101.57,545.62,3
grid_17105,3687.07,921.77,432.99,1559.54,4
grid_17106,2068.3,413.66,225.56,1030.72,5
grid_17107,1691.08,281.85,101.57,432.99,6
grid_17108,3320.55,553.42,278.65,1148.91,6
grid_17109,2641.03,440.17,232.29,1148.91,6
grid_17110,1047.87,261.97,79.62,346.51,4
grid_17111,1212.25,303.06,218.55,369.44,4
grid_17112,1127.9,281.97,218.55,369.44,4
grid_17113,1028.0,257.0,153.14,360.36,4
grid_17114,480.54,240.27,218.55,261.99,2
grid_17115,814.55,203.64,95.78,351.26,4
grid_17116,1008.39,252.1,184.82,351.26,4
grid_17117,822.66,205.66,164.32,262.81,4
grid_17118,823.48,274.49,249.43,312.07,3
grid_17119,756.95,189.24,155.39,262.81,4
grid_17120,620.95,155.24,150.64,161.77,4
grid_17121,850.0,212.5,173.12,260.85,4
grid_17122,1325.39,220.9,142.98,311.94,6
grid_17123,1140.89,285.22,262.62,311.94,4
grid_17124,1197.67,299.42,280.9,326.73,4
grid_17125,1357.49,339.37,304.6,386.53,4
grid_17126,1197.83,299.46,202.79,386.53,4
grid_17127,2169.66,542.42,383.79,866.88,4
grid_17128,901.71,225.43,164.78,268.89,4
grid_17129,1075.16,268.79,164.78,406.26,4
grid_17130,1853.52,370.7,238.87,496.87,5
grid_17131,2983.29,497.22,316.6,866.88,6
grid_17132,1305.59,326.4,225.56,464.13,4
grid_17133,2228.07,371.35,238.87,496.87,6
grid_17134,2280.31,570.08,416.92,866.88,4
grid_17135,1394.53,348.63,280.9,397.03,4
grid_17136,836.54,209.13,164.78,265.46,4
grid_17137,2190.23,547.56,359.56,866.88,4
grid_17138,732.39,183.1,164.78,202.79,4
grid_17139,1314.64,328.66,225.56,464.13,4
grid_17140,1197.72,299.43,207.86,397.03,4
grid_17141,754.69,188.67,150.64,260.85,4
grid_17142,736.76,184.19,164.32,209.11,4
grid_17143,222.89,222.89,222.89,222.89,1
grid_17144,701.06,175.26,155.39,186.35,4
grid_17145,676.38,169.1,150.64,188.02,4
grid_17146,728.9,182.23,150.64,200.17,4
grid_17147,701.36,175.34,165.05,188.02,4
grid_17148,744.09,186.02,165.95,200.17,4
grid_17149,742.87,185.72,165.05,209.14,4
grid_17150,483.6,241.8,209.11,274.49,2
grid_17151,1378.34,344.58,275.2,389.87,4
grid_17152,766.55,191.64,173.12,203.19,4
grid_17153,1061.91,265.48,197.39,386.53,4
grid_17154,1317.16,219.53,173.12,311.94,6
grid_17155,1566.8,391.7,377.51,402.38,4
grid_17156,992.25,248.06,167.43,306.8,4
grid_17157,814.5,203.63,189.94,221.2,4
grid_17158,2240.13,373.36,265.46,513.69,6
grid_17159,1223.64,203.94,177.07,221.2,6
grid_17160,1465.66,366.42,265.39,437.09,4
grid_17161,1053.37,263.34,225.56,286.29,4
grid_17162,1030.61,257.65,170.92,346.51,4
grid_17163,1133.2,283.3,276.14,292.12,4
grid_17164,973.99,243.5,170.92,292.12,4
grid_17165,231.93,115.96,59.96,171.97,2
grid_17166,1446.34,206.62,59.96,346.51,7
grid_17167,1397.87,349.47,265.39,452.72,4
grid_17168,661.84,330.92,100.86,560.98,2
grid_17169,1391.22,347.8,276.14,452.72,4
grid_17170,1159.89,231.98,171.97,283.93,5
grid_17171,876.98,219.24,167.43,259.59,4
grid_17172,1935.96,483.99,416.92,513.69,4
grid_17173,915.93,228.98,183.74,275.2,4
grid_17174,1226.33,306.58,183.74,389.87,4
grid_17175,1802.0,450.5,359.56,505.71,4
grid_17176,1184.34,296.09,177.07,402.38,4
grid_17177,1204.51,200.75,146.72,248.66,6
grid_17178,1644.59,411.15,311.85,513.69,4
grid_17179,895.08,223.77,165.95,303.99,4
grid_17180,798.34,199.58,162.47,259.59,4
grid_17181,1117.74,279.44,100.86,560.98,4
grid_17182,1118.68,279.67,170.92,370.23,4
grid_17183,1428.4,238.07,170.92,285.4,6
grid_17184,644.79,214.93,124.64,392.06,3
grid_17185,2383.25,397.21,225.57,627.05,6
grid_17186,1557.57,389.39,128.1,560.98,4
grid_17187,1752.69,438.17,225.57,627.05,4
grid_17188,1828.3,457.07,403.63,548.07,4
grid_17189,1937.48,484.37,283.93,616.14,4
grid_17190,1802.15,450.54,285.4,635.35,4
grid_17191,924.16,231.04,146.72,402.38,4
grid_17192,931.33,232.83,162.47,377.51,4
grid_17193,2113.42,352.24,295.44,513.69,6
grid_17194,979.41,244.85,192.53,274.72,4
grid_17195,1197.5,299.38,252.57,363.41,4
grid_17196,1700.61,425.15,313.34,505.71,4
grid_17197,1709.07,427.27,403.63,444.48,4
grid_17198,963.78,240.95,189.94,303.99,4
grid_17199,1185.47,296.37,197.98,402.38,4
grid_17200,2435.59,608.9,313.34,1165.26,4
grid_17201,2006.37,501.59,370.23,635.35,4
grid_17202,1785.82,446.46,392.06,507.1,4
grid_17203,2300.99,575.25,476.43,701.31,4
grid_17204,3231.58,807.89,423.88,1196.82,4
grid_17205,4392.93,732.15,465.98,1182.09,6
grid_17206,4484.44,1121.11,511.17,2155.83,4
grid_17207,1143.09,285.77,124.64,410.22,4
grid_17208,4536.07,1134.02,548.07,2155.83,4
grid_17209,2744.67,686.17,616.14,800.17,4
grid_17210,475.98,158.66,124.64,216.17,3
grid_17211,209.11,209.11,209.11,209.11,1
grid_17212,752.77,188.19,165.05,235.2,4
grid_17213,945.4,236.35,186.57,291.82,4
grid_17214,746.4,186.6,132.26,231.81,4
grid_17215,861.37,215.34,132.26,255.18,4
grid_17216,242.12,242.12,242.12,242.12,1
grid_17217,1056.05,264.01,231.81,291.82,4
grid_17218,834.25,208.56,122.76,255.18,4
grid_17219,456.31,228.15,214.19,242.12,2
grid_17220,784.87,196.22,122.76,277.24,4
grid_17221,780.02,195.01,162.47,244.96,4
grid_17222,1353.45,338.36,215.75,512.52,4
grid_17223,1375.53,229.25,146.72,288.15,6
grid_17224,3096.43,774.11,423.88,1165.26,4
grid_17225,886.96,221.74,180.06,274.72,4
grid_17226,1222.08,305.52,239.65,363.41,4
grid_17227,1786.31,297.72,215.75,363.41,6
grid_17228,938.06,234.52,162.47,323.04,4
grid_17229,750.63,187.66,146.72,221.37,4
grid_17230,1249.22,312.3,248.66,408.42,4
grid_17231,1239.43,309.86,235.2,408.42,4
grid_17232,913.17,228.29,184.56,323.04,4
grid_17233,1030.37,257.59,220.5,323.04,4
grid_17234,4347.06,1086.77,914.57,1204.43,4
grid_17235,1179.44,294.86,239.65,344.29,4
grid_17236,874.25,218.56,180.06,244.96,4
grid_17237,828.93,207.23,184.56,227.56,4
grid_17238,1251.64,250.33,221.37,288.15,5
grid_17239,925.35,231.34,180.06,276.91,4
grid_17240,1770.05,295.01,215.75,344.29,6
grid_17241,5648.45,1412.11,1062.81,2184.4,4
grid_17242,1755.49,438.87,366.2,507.1,4
grid_17243,1359.19,339.8,216.17,410.22,4
grid_17244,1096.34,274.08,135.18,378.39,4
grid_17245,5591.68,931.95,738.54,1289.9,6
grid_17246,7967.8,1991.95,1182.09,3339.99,4
grid_17247,750.19,250.06,135.18,378.39,3
grid_17248,8877.04,2219.26,1196.82,3339.99,4
grid_17249,2930.92,732.73,690.9,800.17,4
grid_17250,2371.27,592.82,471.96,701.31,4
grid_17251,1269.47,317.37,277.24,408.42,4
grid_17252,1678.23,419.56,215.75,629.83,4
grid_17253,944.91,236.23,184.56,323.04,4
grid_17254,3222.17,805.54,512.52,1165.26,4
grid_17255,1731.08,288.51,227.96,408.42,6
grid_17256,889.86,222.46,129.69,291.99,4
grid_17257,3036.98,759.24,629.83,914.57,4
grid_17258,4276.07,1069.02,846.07,1311.01,4
grid_17259,765.41,191.35,139.16,252.77,4
grid_17260,1241.33,206.89,138.51,291.99,6
grid_17261,6188.67,1547.17,1204.43,2184.4,4
grid_17262,1317.27,329.32,236.62,384.33,4
grid_17263,1713.96,428.49,343.31,532.5,4
grid_17264,1376.63,344.16,300.51,366.6,4
grid_17265,8907.18,2226.8,1488.83,3339.99,4
grid_17266,7365.53,1841.38,841.69,3339.99,4
grid_17267,4613.07,768.84,470.06,1289.9,6
grid_17268,2473.41,618.35,470.06,738.54,4
grid_17269,2269.27,567.32,471.96,690.9,4
grid_17270,1429.83,357.46,300.51,384.33,4
grid_17271,787.55,196.89,2.68,317.93,4
grid_17272,5371.03,1342.76,1204.52,1488.83,4
grid_17273,1141.31,228.26,92.74,317.93,5
grid_17274,207.91,207.91,207.91,207.91,1
grid_17275,5530.65,1382.66,781.19,1893.96,4
grid_17276,1560.06,390.02,300.51,464.73,4
grid_17277,1772.71,443.18,337.52,573.92,4
grid_17278,3980.48,995.12,463.64,1893.96,4
grid_17279,3105.23,517.54,391.22,841.69,6
grid_17280,1379.24,344.81,270.68,464.73,4
grid_17281,1048.74,262.19,228.73,281.09,4
grid_17282,766.17,191.54,147.15,241.87,4
grid_17283,1930.12,482.53,320.14,646.52,4
grid_17284,1866.41,311.07,286.65,333.64,6
grid_17285,753.94,188.49,156.64,241.87,4
grid_17286,1435.84,287.17,262.01,318.58,5
grid_17287,728.91,182.23,145.92,227.56,4
grid_17288,877.47,219.37,147.15,281.09,4
grid_17289,552.84,138.21,121.03,146.74,4
grid_17290,1765.8,441.45,294.99,646.52,4
grid_17291,1090.78,272.69,243.05,304.63,4
grid_17292,839.33,139.89,103.44,190.94,6
grid_17293,2572.05,643.01,490.65,846.07,4
grid_17294,3950.42,987.6,588.82,1311.01,4
grid_17295,822.67,205.67,147.15,281.09,4
grid_17296,658.21,164.55,141.59,200.0,4
grid_17297,1847.53,307.92,262.01,370.27,6
grid_17298,594.24,148.56,141.59,159.99,4
grid_17299,1252.6,313.15,291.68,333.64,4
grid_17300,694.51,173.63,129.69,227.63,4
grid_17301,1405.14,351.29,292.4,410.49,4
grid_17302,1718.64,429.66,274.7,573.92,4
grid_17303,1421.19,355.3,270.68,532.5,4
grid_17304,4445.71,1111.43,579.99,1366.66,4
grid_17305,666.28,222.09,177.91,280.45,3
grid_17306,969.55,242.39,208.94,274.7,4
grid_17307,1461.58,365.39,292.4,410.49,4
grid_17308,1520.24,253.37,92.74,400.17,6
grid_17309,1159.2,289.8,208.94,338.04,4
grid_17310,1563.69,390.92,329.95,464.73,4
grid_17311,655.16,163.79,147.15,200.0,4
grid_17312,2149.26,358.21,304.63,496.57,6
grid_17313,685.21,171.3,141.59,207.89,4
grid_17314,871.21,145.2,107.93,227.63,6
grid_17315,2928.62,732.15,555.28,1204.52,4
grid_17316,2084.65,521.16,449.9,588.82,4
grid_17317,785.57,196.39,141.59,236.1,4
grid_17318,768.17,192.04,151.37,236.1,4
grid_17319,765.37,191.34,151.37,243.05,4
grid_17320,1057.81,264.45,190.25,319.89,4
grid_17321,1500.0,375.0,264.46,490.65,4
grid_17322,1020.69,127.59,103.44,163.63,8
grid_17323,620.39,155.1,121.03,188.99,4
grid_17324,1217.35,304.34,264.46,332.29,4
grid_17325,1075.88,268.97,190.25,350.38,4
grid_17326,483.34,120.83,111.99,130.63,4
grid_17327,2136.77,534.19,449.9,565.88,4
grid_17328,1460.32,243.39,207.34,293.83,6
grid_17329,1190.47,198.41,153.36,236.1,6
grid_17330,1503.42,250.57,188.99,318.88,6
grid_17331,4416.39,1104.1,781.19,1366.66,4
grid_17332,177.91,177.91,177.91,177.91,1
grid_17333,3121.09,624.22,412.51,974.01,5
grid_17334,2639.24,439.87,391.22,489.74,6
grid_17335,1508.65,377.16,337.52,441.88,4
grid_17336,1280.59,320.15,215.23,464.73,4
grid_17337,3565.93,891.48,579.99,1294.53,4
grid_17338,4555.79,1138.95,974.01,1294.53,4
grid_17339,1860.06,465.02,358.52,555.24,4
grid_17340,1582.8,395.7,329.95,555.24,4
grid_17341,942.57,235.64,208.94,290.18,4
grid_17342,1637.45,409.36,177.91,736.12,4
grid_17343,1052.71,350.9,138.68,736.12,3
grid_17344,1304.55,326.14,208.94,467.4,4
grid_17345,4207.64,701.27,412.51,1240.42,6
grid_17346,1889.1,472.28,441.88,505.88,4
grid_17347,1698.91,424.73,338.04,467.4,4
grid_17348,1112.5,278.13,215.23,339.1,4
grid_17349,2444.42,407.4,246.56,546.13,6
grid_17350,4202.98,1050.75,742.89,1240.42,4
grid_17351,775.43,193.86,122.76,233.59,4
grid_17352,713.66,178.41,122.76,233.59,4
grid_17353,714.07,178.52,128.7,233.59,4
grid_17354,882.82,176.56,130.63,233.59,5
grid_17355,256.66,128.33,126.03,130.63,2
grid_17356,339.04,113.01,91.4,126.03,3
grid_17357,459.86,114.97,91.4,133.85,4
grid_17358,283.99,94.66,79.6,112.99,3
grid_17359,257.98,128.99,116.82,141.16,2
grid_17360,246.85,123.42,112.99,133.85,2
grid_17361,764.89,191.22,178.59,215.35,4
grid_17362,2414.2,402.37,319.89,513.48,6
grid_17363,1738.48,434.62,264.46,565.71,4
grid_17364,1561.96,390.49,264.46,513.48,4
grid_17365,1373.72,171.72,111.99,276.05,8
grid_17366,1394.63,232.44,163.63,318.88,6
grid_17367,2345.72,586.43,555.28,644.57,4
grid_17368,519.91,129.98,111.99,160.27,4
grid_17369,789.19,197.3,147.93,234.03,4
grid_17370,3175.73,352.86,223.09,513.48,9
grid_17371,1089.26,181.54,129.46,219.28,6
grid_17372,954.37,238.59,207.84,293.83,4
grid_17373,2083.34,520.84,458.41,565.71,4
grid_17374,862.66,215.66,147.93,293.83,4
grid_17375,2373.34,593.34,507.36,655.53,4
grid_17376,914.1,182.82,129.46,234.38,5
grid_17377,1610.18,268.36,193.23,353.18,6
grid_17378,2175.41,543.85,507.36,565.88,4
grid_17379,1147.34,191.22,111.99,237.26,6
grid_17380,2180.25,436.05,277.44,522.77,5
grid_17381,1980.63,495.16,351.4,736.12,4
grid_17382,2007.09,501.77,451.6,566.93,4
grid_17383,2876.87,479.48,381.82,555.24,6
grid_17384,3089.83,772.46,644.57,1046.83,4
grid_17385,1606.66,401.67,311.29,555.24,4
grid_17386,1701.11,425.28,299.43,482.69,4
grid_17387,1013.03,253.26,201.74,292.88,4
grid_17388,1258.74,314.68,201.74,467.4,4
grid_17389,2333.13,466.63,351.4,546.13,5
grid_17390,4884.53,814.09,505.88,1240.42,6
grid_17391,1171.5,292.88,228.23,339.1,4
grid_17392,1870.46,467.61,138.68,736.12,4
grid_17393,723.14,241.05,38.96,545.5,3
grid_17394,1680.2,420.05,299.43,508.84,4
grid_17395,1715.81,428.95,323.4,545.5,4
grid_17396,3424.86,856.22,717.79,1172.84,4
grid_17397,1073.56,268.39,183.15,389.24,4
grid_17398,4871.18,811.86,550.14,1172.84,6
grid_17399,1144.03,286.01,261.28,311.29,4
grid_17400,1525.82,381.45,253.56,464.5,4
grid_17401,2084.9,347.48,160.22,522.77,6
grid_17402,342.11,171.05,147.93,194.18,2
grid_17403,721.98,180.49,129.46,218.32,4
grid_17404,1323.59,220.6,160.22,278.75,6
grid_17405,591.71,197.24,160.27,237.26,3
grid_17406,2730.63,455.1,344.49,536.46,6
grid_17407,818.98,163.8,121.62,237.26,5
grid_17408,681.21,170.3,129.46,193.23,4
grid_17409,654.43,163.61,114.07,207.84,4
grid_17410,805.7,201.43,184.59,218.32,4
grid_17411,300.23,300.23,300.23,300.23,1
grid_17412,2108.6,527.15,482.69,566.93,4
grid_17413,939.05,234.76,183.15,292.88,4
grid_17414,1581.31,395.33,323.4,456.36,4
grid_17415,3616.35,723.27,655.53,755.95,5
grid_17416,1281.44,320.36,38.96,545.5,4
grid_17417,2109.04,351.51,253.56,464.5,6
grid_17418,1341.12,335.28,278.58,401.03,4
grid_17419,1371.94,342.98,253.56,456.36,4
grid_17420,4190.47,698.41,606.36,755.95,6
grid_17421,3180.44,530.07,476.69,599.56,6
grid_17422,3844.56,640.76,507.36,755.95,6
grid_17423,867.71,216.93,179.28,278.75,4
grid_17424,1067.24,266.81,160.22,362.23,4
grid_17425,812.3,203.07,172.49,281.28,4
grid_17426,2166.17,541.54,476.69,599.56,4
grid_17427,299.83,149.92,133.85,165.98,2
grid_17428,645.43,161.36,98.73,194.96,4
grid_17429,568.97,142.24,90.69,194.96,4
grid_17430,389.35,129.78,90.69,184.59,3
grid_17431,857.62,285.87,131.07,426.31,3
grid_17432,3563.56,593.93,438.3,719.81,6
grid_17433,1725.76,431.44,300.23,602.46,4
grid_17434,1699.97,283.33,178.65,373.99,6
grid_17435,6255.92,695.1,513.76,976.55,9
grid_17436,1250.06,312.52,183.15,471.94,4
grid_17437,1088.95,272.24,224.91,324.19,4
grid_17438,1636.55,409.14,288.02,568.78,4
grid_17439,1808.33,452.08,389.24,508.84,4
grid_17440,4131.98,688.66,618.76,791.35,6
grid_17441,587.95,146.99,112.99,216.98,4
grid_17442,141.16,141.16,141.16,141.16,1
grid_17443,141.16,141.16,141.16,141.16,1
grid_17444,1091.13,218.23,179.28,281.28,5
grid_17445,1158.73,193.12,160.22,228.97,6
grid_17446,1688.52,422.13,344.49,505.11,4
grid_17447,2546.68,636.67,584.81,755.95,4
grid_17448,1931.04,482.76,362.23,569.66,4
grid_17449,1382.58,345.65,200.3,494.04,4
grid_17450,1900.73,316.79,185.15,490.7,6
grid_17451,2465.45,616.36,584.81,644.49,4
grid_17452,621.38,155.34,98.73,202.99,4
grid_17453,2304.07,576.02,505.11,644.49,4
grid_17454,1891.39,472.85,323.4,602.46,4
grid_17455,974.34,243.59,183.15,324.19,4
grid_17456,1032.35,258.09,178.65,350.22,4
grid_17457,3476.58,579.43,438.3,737.11,6
grid_17458,1852.3,308.72,178.65,468.57,6
grid_17459,2424.82,606.21,426.31,895.59,4
grid_17460,772.43,193.11,178.65,224.91,4
grid_17461,2735.04,455.84,205.72,607.11,6
grid_17462,1512.26,378.06,288.02,468.57,4
grid_17463,455.97,151.99,67.57,257.32,3
grid_17464,974.91,243.73,185.15,326.01,4
grid_17465,175.4,87.7,84.71,90.69,2
grid_17466,1107.94,276.99,172.49,451.19,4
grid_17467,421.3,105.33,84.71,147.17,4
grid_17468,459.27,153.09,84.71,227.39,3
grid_17469,1143.13,285.78,198.8,451.19,4
grid_17470,776.34,194.09,147.17,227.39,4
grid_17471,1309.24,327.31,263.45,382.56,4
grid_17472,2270.52,567.63,516.88,644.49,4
grid_17473,1741.91,435.48,326.01,539.3,4
grid_17474,2523.54,630.88,606.36,666.96,4
grid_17475,1910.53,318.42,180.66,428.82,6
grid_17476,2548.21,637.05,620.43,666.96,4
grid_17477,3327.09,554.52,435.83,663.14,6
grid_17478,2193.34,365.56,205.72,532.71,6
grid_17479,2876.52,719.13,568.78,895.59,4
grid_17480,2048.15,512.04,288.02,809.69,4
grid_17481,2975.4,595.08,438.3,737.11,5
grid_17482,1315.17,328.79,131.07,500.46,4
grid_17483,2124.1,531.03,345.32,737.11,4
grid_17484,2221.12,444.22,345.32,622.92,5
grid_17485,2138.79,427.76,289.6,809.69,5
grid_17486,2044.59,511.15,421.3,552.31,4
grid_17487,2370.49,592.62,404.36,895.59,4
grid_17488,2340.82,585.2,532.71,716.99,4
grid_17489,2309.53,384.92,289.6,468.57,6
grid_17490,1512.11,378.03,257.32,500.46,4
grid_17491,2476.35,495.27,384.31,622.92,5
grid_17492,3631.1,403.46,188.21,478.63,9
grid_17493,2170.42,361.74,180.66,491.28,6
grid_17494,2308.39,577.1,494.63,644.49,4
grid_17495,2119.88,529.97,494.04,569.66,4
grid_17496,2174.08,362.35,263.45,490.7,6
grid_17497,797.9,199.48,144.61,290.16,4
grid_17498,1995.2,498.8,446.5,539.3,4
grid_17499,227.39,227.39,227.39,227.39,1
grid_17500,1572.98,262.16,164.33,341.36,6
grid_17501,1858.36,464.59,309.47,539.49,4
grid_17502,570.79,190.26,144.61,227.39,3
grid_17503,1654.64,413.66,309.47,539.49,4
grid_17504,2060.32,412.06,180.66,538.26,5
grid_17505,353.16,176.58,21.53,331.63,2
grid_17506,1006.49,251.62,67.57,349.97,4
grid_17507,2618.54,654.64,343.18,895.59,4
grid_17508,2581.03,645.26,538.8,737.11,4
grid_17509,2129.16,532.29,384.31,629.79,4
grid_17510,2769.24,461.54,434.33,491.28,6
grid_17511,1599.46,266.58,125.98,343.18,6
grid_17512,1428.67,357.17,294.24,412.86,4
grid_17513,866.15,173.23,2.97,331.63,5
grid_17514,1519.71,253.28,165.41,404.36,6
grid_17515,2005.69,501.42,465.82,538.26,4
grid_17516,2213.71,442.74,420.66,478.63,5
grid_17517,1220.29,305.07,229.44,349.97,4
grid_17518,1624.75,270.79,135.36,570.09,6
grid_17519,1524.73,254.12,125.98,570.09,6
grid_17520,2855.14,713.79,552.31,808.06,4
grid_17521,1495.0,373.75,314.66,428.96,4
grid_17522,1484.23,371.06,294.24,494.63,4
grid_17523,2579.29,644.82,466.1,808.06,4
grid_17524,1771.34,442.84,345.32,588.14,4
grid_17525,2378.67,594.67,510.33,777.78,4
grid_17526,1179.0,294.75,281.13,311.06,4
grid_17527,2595.45,648.86,510.33,777.78,4
grid_17528,2229.6,557.4,432.92,808.06,4
grid_17529,1959.34,489.83,403.91,579.29,4
grid_17530,2560.1,426.68,385.19,465.82,6
grid_17531,1130.72,282.68,218.1,337.26,4
grid_17532,1733.2,433.3,385.19,476.21,4
grid_17533,1618.42,269.74,175.8,318.68,6
grid_17534,1782.28,445.57,382.56,539.3,4
grid_17535,1359.53,339.88,225.84,413.91,4
grid_17536,1085.73,180.96,129.99,225.84,6
grid_17537,294.33,147.16,129.99,164.33,2
grid_17538,1987.57,496.89,446.5,552.81,4
grid_17539,1837.38,459.34,309.47,552.81,4
grid_17540,1600.97,400.24,244.82,495.74,4
grid_17541,1074.21,268.55,189.64,413.91,4
grid_17542,1395.68,348.92,292.57,482.58,4
grid_17543,2111.33,527.83,495.74,558.28,4
grid_17544,1605.35,401.34,330.73,476.21,4
grid_17545,1185.94,296.49,195.32,377.75,4
grid_17546,837.95,209.49,154.81,282.15,4
grid_17547,1710.82,427.7,371.78,466.1,4
grid_17548,2836.42,709.11,522.52,808.06,4
grid_17549,896.29,224.07,154.81,341.09,4
grid_17550,1259.73,251.95,175.8,341.09,5
grid_17551,2052.21,228.02,2.97,309.25,9
grid_17552,449.06,224.53,148.1,300.97,2
grid_17553,1002.48,250.62,194.1,292.57,4
grid_17554,1690.62,422.65,385.19,476.21,4
grid_17555,1834.48,458.62,318.68,613.4,4
grid_17556,2447.45,611.86,464.65,728.06,4
grid_17557,505.59,252.79,79.97,425.62,2
grid_17558,2123.28,530.82,408.04,728.06,4
grid_17559,1279.49,319.87,205.68,419.19,4
grid_17560,1480.56,370.14,205.68,561.31,4
grid_17561,2495.37,415.89,385.19,501.8,6
grid_17562,432.92,432.92,432.92,432.92,1
grid_17563,1491.14,372.78,282.15,419.19,4
grid_17564,1627.63,406.91,244.82,504.51,4
grid_17565,434.46,217.23,189.64,244.82,2
grid_17566,1924.29,481.07,330.63,558.28,4
grid_17567,1340.46,335.11,234.68,482.58,4
grid_17568,129.99,129.99,129.99,129.99,1
grid_17569,481.49,160.5,129.99,189.64,3
grid_17570,1083.15,361.05,194.25,558.28,3
grid_17571,504.51,504.51,504.51,504.51,1
grid_17572,1062.79,531.39,504.51,558.28,2
grid_17573,1012.61,253.15,194.25,330.63,4
grid_17574,1690.67,422.67,377.75,476.21,4
grid_17575,2160.44,540.11,403.91,675.45,4
grid_17576,1441.27,288.25,168.3,471.13,5
grid_17577,983.75,245.94,194.1,290.42,4
grid_17578,1901.24,475.31,408.04,537.76,4
grid_17579,974.86,243.71,79.97,425.62,4
grid_17580,2489.5,414.92,196.13,613.4,6
grid_17581,952.7,238.18,194.1,270.86,4
grid_17582,464.96,232.48,194.1,270.86,2
grid_17583,2099.66,524.91,372.49,833.75,4
grid_17584,2675.64,668.91,501.8,929.12,4
grid_17585,231.34,231.34,231.34,231.34,1
grid_17586,3566.01,594.34,393.92,929.12,6
grid_17587,1953.45,488.36,404.56,626.17,4
grid_17588,1314.3,438.1,368.5,537.76,3
grid_17589,3718.27,619.71,453.57,1003.34,6
grid_17590,1164.12,291.03,37.83,469.34,4
grid_17591,3397.39,849.35,372.49,1629.85,4
grid_17592,1796.67,449.17,412.05,491.19,4
grid_17593,1644.27,411.07,368.5,464.65,4
grid_17594,1825.97,456.49,412.05,498.06,4
grid_17595,1418.31,354.58,168.3,469.34,4
grid_17596,2112.46,528.11,403.08,675.45,4
grid_17597,1448.05,362.01,168.3,471.13,4
grid_17598,3807.9,951.98,561.31,1629.85,4
grid_17599,1252.38,313.1,253.06,372.29,4
grid_17600,368.5,368.5,368.5,368.5,1
grid_17601,1510.31,377.58,270.86,446.31,4
grid_17602,3652.24,730.45,565.44,929.12,5
grid_17603,2195.26,548.81,491.19,616.27,4
grid_17604,2775.59,693.9,474.24,884.37,4
grid_17605,2063.84,687.95,565.44,929.12,3
grid_17606,972.36,486.18,403.08,569.27,2
grid_17607,4700.62,1175.15,708.57,1629.85,4
grid_17608,2164.93,541.23,474.24,616.27,4
grid_17609,3442.76,573.79,315.44,1003.34,6
grid_17610,1401.6,350.4,277.54,453.57,4
grid_17611,1337.01,334.25,235.08,469.34,4
grid_17612,1207.46,301.86,231.34,469.34,4
grid_17613,1410.33,352.58,296.04,403.08,4
grid_17614,194.25,194.25,194.25,194.25,1
grid_17615,1169.54,292.39,194.25,366.06,4
grid_17616,356.17,356.17,356.17,356.17,1
grid_17617,601.31,200.44,98.28,271.7,3
grid_17618,4706.82,1176.7,833.75,1629.85,4
grid_17619,2580.2,645.05,498.06,866.24,4
grid_17620,728.46,364.23,356.17,372.29,2
grid_17621,818.6,409.3,372.29,446.31,2
grid_17622,838.63,209.66,159.1,277.54,4
grid_17623,2419.31,604.83,436.01,884.37,4
grid_17624,380.18,190.09,98.28,281.9,2
grid_17625,916.76,229.19,156.87,315.44,4
grid_17626,2122.68,353.78,156.87,708.57,6
grid_17627,2329.54,776.51,589.74,873.57,3
grid_17628,2262.34,565.59,515.71,616.27,4
grid_17629,2669.0,667.25,547.13,915.87,4
grid_17630,2871.1,717.78,321.73,1358.85,4
grid_17631,881.34,220.34,98.28,281.9,4
grid_17632,3161.17,790.29,436.01,1358.85,4
grid_17633,895.35,223.84,159.1,271.7,4
grid_17634,281.9,281.9,281.9,281.9,1
grid_17635,1700.78,566.93,293.66,826.13,3
grid_17636,1406.85,234.47,124.38,337.87,6
grid_17637,577.78,144.45,124.38,166.92,4
grid_17638,580.99,580.99,580.99,580.99,1
grid_17639,2173.21,543.3,515.71,576.29,4
grid_17640,3794.14,948.54,873.57,1025.02,4
grid_17641,3064.3,766.08,547.13,1025.02,4
grid_17642,545.77,181.92,34.4,281.9,3
grid_17643,1972.48,493.12,436.01,534.08,4
grid_17644,1619.19,404.8,321.73,481.95,4
grid_17645,1882.28,470.57,436.01,486.69,4
grid_17646,468.9,117.23,34.4,229.46,4
grid_17647,501.57,125.39,45.94,166.92,4
grid_17648,300.9,75.23,3.47,129.62,4
grid_17649,4120.32,824.06,715.71,945.67,5
grid_17650,1120.06,186.68,43.44,337.87,6
grid_17651,1873.68,624.56,580.99,679.5,3
grid_17652,1825.56,912.78,900.06,925.5,2
grid_17653,179.02,59.67,3.47,129.62,3
grid_17654,2796.83,699.21,486.69,1066.44,4
grid_17655,3560.44,890.11,630.24,1025.02,4
grid_17656,80.34,40.17,34.4,45.94,2
grid_17657,3008.35,752.09,576.29,1025.02,4
grid_17658,2099.42,524.86,425.48,709.61,4
grid_17659,2819.37,704.84,580.99,826.13,4
grid_17660,2953.61,738.4,534.08,1066.44,4
grid_17661,1639.0,327.8,80.97,477.64,5
grid_17662,5101.51,1275.38,709.61,1883.84,4
grid_17663,487.79,487.79,487.79,487.79,1
grid_17664,2877.26,719.31,608.89,925.5,4
grid_17665,3311.54,827.88,425.48,1441.62,4
grid_17666,1005.38,502.69,487.79,517.6,2
grid_17667,94.2,31.4,3.47,47.3,3
grid_17668,3.47,3.47,3.47,3.47,1
grid_17669,1869.94,373.99,80.97,734.83,5
grid_17670,5105.04,1276.26,776.8,1883.84,4
grid_17671,2517.81,629.45,545.9,732.75,4
grid_17672,4064.65,677.44,559.66,900.06,6
grid_17673,171.7,57.23,43.44,80.97,3
grid_17674,2998.03,749.51,563.58,925.5,4
grid_17675,1743.0,581.0,517.6,679.5,3
grid_17676,3497.64,874.41,630.24,1377.96,4
grid_17677,2076.13,519.03,487.79,540.61,4
grid_17678,2142.52,714.17,311.62,1096.07,3
grid_17679,0.0,0.0,0.0,0.0,0
grid_17680,2095.94,523.99,491.83,545.9,4
grid_17681,2537.54,634.38,489.5,726.52,4
grid_17682,9461.44,2365.36,1377.96,3614.06,4
grid_17683,2006.97,501.74,409.58,559.66,4
grid_17684,2111.57,527.89,449.61,608.89,4
grid_17685,2957.7,492.95,382.38,592.89,6
grid_17686,9513.08,2378.27,1441.62,3614.06,4
grid_17687,5846.09,1461.52,734.83,2573.56,4
grid_17688,5402.69,1350.67,712.63,2585.58,4
grid_17689,1565.23,521.74,487.79,547.31,3
grid_17690,2423.97,404.0,355.5,449.61,6
grid_17691,3004.12,500.69,408.67,543.94,6
grid_17692,2327.9,387.98,287.5,491.83,6
grid_17693,2664.48,444.08,287.5,540.61,6
grid_17694,1793.53,448.38,424.89,489.5,4
grid_17695,2210.06,552.52,429.54,726.52,4
grid_17696,3398.66,566.44,484.94,719.01,6
grid_17697,1600.53,800.26,504.45,1096.07,2
grid_17698,5432.98,1358.25,564.51,2585.58,4
grid_17699,10192.23,2548.06,1556.38,3614.06,4
grid_17700,9884.07,2471.02,1260.23,3614.06,4
grid_17701,5434.32,1358.58,504.45,2573.56,4
grid_17702,573.33,573.33,573.33,573.33,1
grid_17703,1592.92,398.23,343.76,429.54,4
grid_17704,5324.28,1331.07,525.63,2436.21,4
grid_17705,5325.28,1331.32,806.06,2436.21,4
grid_17706,3256.3,814.08,504.45,1260.23,4
grid_17707,952.61,476.3,408.67,543.94,2
grid_17708,986.46,328.82,287.5,402.01,3
grid_17709,696.17,348.09,287.5,408.67,2
grid_17710,2369.08,473.82,394.73,564.51,5
grid_17711,1173.73,586.86,454.72,719.01,2
grid_17712,1262.95,631.48,543.94,719.01,2
grid_17713,4103.06,683.84,426.91,1556.38,6
grid_17714,2548.62,364.09,296.95,424.89,7
grid_17715,4931.91,821.98,668.84,1009.03,6
grid_17716,4248.38,708.06,415.44,1009.03,6
grid_17717,3128.34,521.39,404.88,806.06,6
grid_17718,383.53,383.53,383.53,383.53,1
grid_17719,2176.26,435.25,342.6,525.63,5
grid_17720,426.91,426.91,426.91,426.91,1
grid_17721,2358.91,786.3,651.75,941.44,3
grid_17722,2146.32,536.58,404.88,787.51,4
grid_17723,4470.27,745.05,650.19,941.44,6
grid_17724,2664.12,666.03,415.44,787.51,4
grid_17725,1681.64,420.41,342.6,538.49,4
grid_17726,3383.57,1691.79,941.44,2442.13,2
grid_17727,5934.12,989.02,427.19,2442.13,6
grid_17728,2226.15,556.54,429.89,787.51,4
grid_17729,920.46,460.23,395.68,524.79,2
grid_17730,1929.21,482.3,395.68,538.49,4
grid_17731,2410.78,602.7,427.19,787.51,4
grid_17732,1134.17,567.08,427.19,706.97,2
grid_17733,900.15,450.07,429.89,470.25,2
grid_17734,524.79,524.79,524.79,524.79,1
grid_17735,1608.75,402.19,299.47,524.79,4
grid_17736,857.08,428.54,427.19,429.89,2
grid_17737,2442.13,2442.13,2442.13,2442.13,1
