grid_id,rainfall_mm
grid_00001,1263.8997802734375
grid_00002,1311.3546142578125
grid_00003,1311.3546142578125
grid_00004,1311.3546142578125
grid_00005,1311.3546142578125
grid_00006,1311.3546142578125
grid_00007,1311.3546142578125
grid_00008,1263.8997802734375
grid_00009,1311.3546142578125
grid_00010,1311.3546142578125
grid_00011,1263.8997802734375
grid_00012,1263.8997802734375
grid_00013,1221.30810546875
grid_00014,1263.8997802734375
grid_00015,1263.8997802734375
grid_00016,1263.8997802734375
grid_00017,1263.8997802734375
grid_00018,1263.8997802734375
grid_00019,1263.8997802734375
grid_00020,1221.30810546875
grid_00021,1221.30810546875
grid_00022,1211.470458984375
grid_00023,1211.470458984375
grid_00024,1221.30810546875
grid_00025,1221.30810546875
grid_00026,1221.30810546875
grid_00027,1221.30810546875
grid_00028,1221.30810546875
grid_00029,1211.470458984375
grid_00030,1211.470458984375
grid_00031,1311.3546142578125
grid_00032,1359.8575439453125
grid_00033,1311.3546142578125
grid_00034,1311.3546142578125
grid_00035,1263.8997802734375
grid_00036,1311.3546142578125
grid_00037,1311.3546142578125
grid_00038,1311.3546142578125
grid_00039,1311.3546142578125
grid_00040,1359.8575439453125
grid_00041,1263.8997802734375
grid_00042,1263.8997802734375
grid_00043,1263.8997802734375
grid_00044,1263.8997802734375
grid_00045,1263.8997802734375
grid_00046,1263.8997802734375
grid_00047,1221.30810546875
grid_00048,1267.4649658203125
grid_00049,1267.4649658203125
grid_00050,1267.4649658203125
grid_00051,1221.30810546875
grid_00052,1221.30810546875
grid_00053,1211.470458984375
grid_00054,1221.30810546875
grid_00055,1221.30810546875
grid_00056,1221.30810546875
grid_00057,1211.470458984375
grid_00058,1221.30810546875
grid_00059,1244.184326171875
grid_00060,1225.0902099609375
grid_00061,1263.8997802734375
grid_00062,1311.3546142578125
grid_00063,1311.3546142578125
grid_00064,1311.3546142578125
grid_00065,1311.3546142578125
grid_00066,1311.3546142578125
grid_00067,1300.6505126953125
grid_00068,1362.410888671875
grid_00069,1362.410888671875
grid_00070,1362.410888671875
grid_00071,1300.6505126953125
grid_00072,1300.6505126953125
grid_00073,1267.4649658203125
grid_00074,1300.6505126953125
grid_00075,1300.6505126953125
grid_00076,1300.6505126953125
grid_00077,1267.4649658203125
grid_00078,1300.6505126953125
grid_00079,1300.6505126953125
grid_00080,1300.6505126953125
grid_00081,1225.0902099609375
grid_00082,1244.184326171875
grid_00083,1244.184326171875
grid_00084,1244.184326171875
grid_00085,1244.184326171875
grid_00086,1244.184326171875
grid_00087,1225.0902099609375
grid_00088,1244.184326171875
grid_00089,1244.184326171875
grid_00090,1225.0902099609375
grid_00091,1244.184326171875
grid_00092,1267.4649658203125
grid_00093,1267.4649658203125
grid_00094,1267.4649658203125
grid_00095,1267.4649658203125
grid_00096,1267.4649658203125
grid_00097,1244.184326171875
grid_00098,1267.4649658203125
grid_00099,1267.4649658203125
grid_00100,1267.4649658203125
grid_00101,1089.8310546875
grid_00102,1089.8310546875
grid_00103,1089.8310546875
grid_00104,1089.8310546875
grid_00105,1089.8310546875
grid_00106,1187.66552734375
grid_00107,1085.3807373046875
grid_00108,1085.3807373046875
grid_00109,1187.66552734375
grid_00110,1085.3807373046875
grid_00111,1089.8310546875
grid_00112,1085.5128173828125
grid_00113,1085.5128173828125
grid_00114,1089.8310546875
grid_00115,1089.8310546875
grid_00116,1094.5703125
grid_00117,1094.5703125
grid_00118,1094.5703125
grid_00119,1085.3807373046875
grid_00120,1085.3807373046875
grid_00121,1211.470458984375
grid_00122,1211.470458984375
grid_00123,1211.470458984375
grid_00124,1187.66552734375
grid_00125,1225.0902099609375
grid_00126,1187.66552734375
grid_00127,1187.66552734375
grid_00128,1225.0902099609375
grid_00129,1187.66552734375
grid_00130,1225.0902099609375
grid_00131,1187.66552734375
grid_00132,1085.3807373046875
grid_00133,1085.3807373046875
grid_00134,1187.66552734375
grid_00135,1085.3807373046875
grid_00136,1085.3807373046875
grid_00137,1187.66552734375
grid_00138,1187.66552734375
grid_00139,1085.3807373046875
grid_00140,1085.3807373046875
grid_00141,1085.3807373046875
grid_00142,1094.5703125
grid_00143,1094.5703125
grid_00144,1085.3807373046875
grid_00145,1094.5703125
grid_00146,1085.3807373046875
grid_00147,1094.5703125
grid_00148,1085.3807373046875
grid_00149,1094.5703125
grid_00150,1094.5703125
grid_00151,1187.66552734375
grid_00152,1187.66552734375
grid_00153,1225.0902099609375
grid_00154,1225.0902099609375
grid_00155,1187.66552734375
grid_00156,1187.66552734375
grid_00157,1187.66552734375
grid_00158,1225.0902099609375
grid_00159,1225.0902099609375
grid_00160,1187.66552734375
grid_00161,1094.5703125
grid_00162,1085.3807373046875
grid_00163,1094.5703125
grid_00164,1094.5703125
grid_00165,1085.3807373046875
grid_00166,1094.5703125
grid_00167,1094.5703125
grid_00168,1094.5703125
grid_00169,1085.3807373046875
grid_00170,1085.3807373046875
grid_00171,1085.3807373046875
grid_00172,1085.3807373046875
grid_00173,1187.66552734375
grid_00174,1187.66552734375
grid_00175,1085.3807373046875
grid_00176,1085.3807373046875
grid_00177,1085.3807373046875
grid_00178,1187.66552734375
grid_00179,1187.66552734375
grid_00180,1085.3807373046875
grid_00181,1187.66552734375
grid_00182,1187.66552734375
grid_00183,1225.0902099609375
grid_00184,1225.0902099609375
grid_00185,1187.66552734375
grid_00186,1187.66552734375
grid_00187,1187.66552734375
grid_00188,1225.0902099609375
grid_00189,1214.2210693359375
grid_00190,1170.885498046875
grid_00191,1152.3826904296875
grid_00192,1152.3826904296875
grid_00193,1170.885498046875
grid_00194,1152.3826904296875
grid_00195,1170.885498046875
grid_00196,1152.3826904296875
grid_00197,1170.885498046875
grid_00198,1152.3826904296875
grid_00199,1170.885498046875
grid_00200,1152.3826904296875
grid_00201,1362.410888671875
grid_00202,1300.6505126953125
grid_00203,1362.410888671875
grid_00204,1362.410888671875
grid_00205,1362.410888671875
grid_00206,1362.410888671875
grid_00207,1300.6505126953125
grid_00208,1362.410888671875
grid_00209,1300.6505126953125
grid_00210,1300.6505126953125
grid_00211,1244.184326171875
grid_00212,1244.184326171875
grid_00213,1244.184326171875
grid_00214,1225.0902099609375
grid_00215,1244.184326171875
grid_00216,1225.0902099609375
grid_00217,1244.184326171875
grid_00218,1244.184326171875
grid_00219,1225.0902099609375
grid_00220,1225.0902099609375
grid_00221,1300.6505126953125
grid_00222,1267.4649658203125
grid_00223,1300.6505126953125
grid_00224,1362.410888671875
grid_00225,1362.410888671875
grid_00226,1300.6505126953125
grid_00227,1300.6505126953125
grid_00228,1300.6505126953125
grid_00229,1300.6505126953125
grid_00230,1300.6505126953125
grid_00231,1267.4649658203125
grid_00232,1244.184326171875
grid_00233,1267.4649658203125
grid_00234,1267.4649658203125
grid_00235,1244.184326171875
grid_00236,1267.4649658203125
grid_00237,1267.4649658203125
grid_00238,1267.4649658203125
grid_00239,1267.4649658203125
grid_00240,1244.184326171875
grid_00241,1267.4649658203125
grid_00242,1300.6505126953125
grid_00243,1362.410888671875
grid_00244,1300.6505126953125
grid_00245,1300.6505126953125
grid_00246,1362.410888671875
grid_00247,1300.6505126953125
grid_00248,1267.4649658203125
grid_00249,1362.410888671875
grid_00250,1300.6505126953125
grid_00251,1244.184326171875
grid_00252,1244.184326171875
grid_00253,1244.184326171875
grid_00254,1225.0902099609375
grid_00255,1244.184326171875
grid_00256,1244.184326171875
grid_00257,1225.0902099609375
grid_00258,1244.184326171875
grid_00259,1247.1009521484375
grid_00260,1247.1009521484375
grid_00261,1267.4649658203125
grid_00262,1267.4649658203125
grid_00263,1271.722412109375
grid_00264,1247.1009521484375
grid_00265,1271.722412109375
grid_00266,1271.722412109375
grid_00267,1271.722412109375
grid_00268,1247.1009521484375
grid_00269,1271.722412109375
grid_00270,1271.722412109375
grid_00271,1349.6170654296875
grid_00272,1297.3958740234375
grid_00273,1297.3958740234375
grid_00274,1297.3958740234375
grid_00275,1349.6170654296875
grid_00276,1349.6170654296875
grid_00277,1349.6170654296875
grid_00278,1271.722412109375
grid_00279,1297.3958740234375
grid_00280,1297.3958740234375
grid_00281,1214.2210693359375
grid_00282,1247.1009521484375
grid_00283,1214.2210693359375
grid_00284,1247.1009521484375
grid_00285,1247.1009521484375
grid_00286,1214.2210693359375
grid_00287,1247.1009521484375
grid_00288,1214.2210693359375
grid_00289,1247.1009521484375
grid_00290,1247.1009521484375
grid_00291,1349.6170654296875
grid_00292,1297.3958740234375
grid_00293,1297.3958740234375
grid_00294,1349.6170654296875
grid_00295,1349.6170654296875
grid_00296,1349.6170654296875
grid_00297,1297.3958740234375
grid_00298,1349.6170654296875
grid_00299,1349.6170654296875
grid_00300,1297.3958740234375
grid_00301,
grid_00302,
grid_00303,
grid_00304,
grid_00305,
grid_00306,
grid_00307,1095.3399658203125
grid_00308,1095.3399658203125
grid_00309,1095.3399658203125
grid_00310,1095.3399658203125
grid_00311,1095.3399658203125
grid_00312,1095.3399658203125
grid_00313,1095.3399658203125
grid_00314,1095.3399658203125
grid_00315,1095.3399658203125
grid_00316,1095.3399658203125
grid_00317,1095.3399658203125
grid_00318,1095.3399658203125
grid_00319,1095.3399658203125
grid_00320,1095.3399658203125
grid_00321,1095.3399658203125
grid_00322,1094.5703125
grid_00323,1095.3399658203125
grid_00324,1095.3399658203125
grid_00325,1167.0677490234375
grid_00326,1151.0457763671875
grid_00327,1151.0457763671875
grid_00328,1167.0677490234375
grid_00329,1151.0457763671875
grid_00330,1167.0677490234375
grid_00331,1151.0457763671875
grid_00332,1151.0457763671875
grid_00333,1167.0677490234375
grid_00334,1167.0677490234375
grid_00335,1151.0457763671875
grid_00336,1151.0457763671875
grid_00337,1167.0677490234375
grid_00338,1151.0457763671875
grid_00339,1167.0677490234375
grid_00340,1151.0457763671875
grid_00341,1151.0457763671875
grid_00342,1151.0457763671875
grid_00343,1167.0677490234375
grid_00344,1167.0677490234375
grid_00345,1151.0457763671875
grid_00346,1156.864013671875
grid_00347,1142.667724609375
grid_00348,1156.864013671875
grid_00349,1142.667724609375
grid_00350,1142.667724609375
grid_00351,1095.3399658203125
grid_00352,1095.3399658203125
grid_00353,1095.3399658203125
grid_00354,1142.667724609375
grid_00355,1110.1849365234375
grid_00356,1110.1849365234375
grid_00357,1110.1849365234375
grid_00358,1110.1849365234375
grid_00359,1110.1849365234375
grid_00360,1136.68408203125
grid_00361,1156.864013671875
grid_00362,1156.864013671875
grid_00363,1142.667724609375
grid_00364,1142.667724609375
grid_00365,1142.667724609375
grid_00366,1156.864013671875
grid_00367,1142.667724609375
grid_00368,1142.667724609375
grid_00369,1142.667724609375
grid_00370,1156.864013671875
grid_00371,1156.864013671875
grid_00372,1142.667724609375
grid_00373,1156.864013671875
grid_00374,1142.667724609375
grid_00375,1142.667724609375
grid_00376,1156.864013671875
grid_00377,1142.667724609375
grid_00378,1156.864013671875
grid_00379,1142.667724609375
grid_00380,1142.667724609375
grid_00381,1110.1849365234375
grid_00382,1173.3551025390625
grid_00383,1173.3551025390625
grid_00384,1110.1849365234375
grid_00385,1110.1849365234375
grid_00386,1173.3551025390625
grid_00387,1110.1849365234375
grid_00388,1173.3551025390625
grid_00389,1110.1849365234375
grid_00390,1110.1849365234375
grid_00391,1173.3551025390625
grid_00392,1173.3551025390625
grid_00393,1110.1849365234375
grid_00394,1110.1849365234375
grid_00395,1110.1849365234375
grid_00396,1173.3551025390625
grid_00397,1110.1849365234375
grid_00398,1173.3551025390625
grid_00399,1110.1849365234375
grid_00400,1110.1849365234375
grid_00401,1214.2210693359375
grid_00402,1170.885498046875
grid_00403,1170.885498046875
grid_00404,1214.2210693359375
grid_00405,1214.2210693359375
grid_00406,1170.885498046875
grid_00407,1170.885498046875
grid_00408,1170.885498046875
grid_00409,1170.885498046875
grid_00410,1170.885498046875
grid_00411,1167.0677490234375
grid_00412,1094.5703125
grid_00413,1167.0677490234375
grid_00414,1152.3826904296875
grid_00415,1152.3826904296875
grid_00416,1152.3826904296875
grid_00417,1167.0677490234375
grid_00418,1167.0677490234375
grid_00419,1152.3826904296875
grid_00420,1167.0677490234375
grid_00421,1152.3826904296875
grid_00422,1170.885498046875
grid_00423,1152.3826904296875
grid_00424,1152.3826904296875
grid_00425,1170.885498046875
grid_00426,1170.885498046875
grid_00427,1152.3826904296875
grid_00428,1152.3826904296875
grid_00429,1170.885498046875
grid_00430,1152.3826904296875
grid_00431,1170.885498046875
grid_00432,1214.2210693359375
grid_00433,1214.2210693359375
grid_00434,1170.885498046875
grid_00435,1214.2210693359375
grid_00436,1170.885498046875
grid_00437,1214.2210693359375
grid_00438,1170.885498046875
grid_00439,1170.885498046875
grid_00440,1214.2210693359375
grid_00441,1167.0677490234375
grid_00442,1152.3826904296875
grid_00443,1167.0677490234375
grid_00444,1152.3826904296875
grid_00445,1167.0677490234375
grid_00446,1152.3826904296875
grid_00447,1167.0677490234375
grid_00448,1152.3826904296875
grid_00449,1167.0677490234375
grid_00450,1167.0677490234375
grid_00451,1152.3826904296875
grid_00452,1152.3826904296875
grid_00453,1152.3826904296875
grid_00454,1170.885498046875
grid_00455,1170.885498046875
grid_00456,1179.51611328125
grid_00457,1179.51611328125
grid_00458,1179.51611328125
grid_00459,1162.5218505859375
grid_00460,1162.5218505859375
grid_00461,1170.885498046875
grid_00462,1214.2210693359375
grid_00463,1170.885498046875
grid_00464,1180.8822021484375
grid_00465,1162.5218505859375
grid_00466,1162.5218505859375
grid_00467,1162.5218505859375
grid_00468,1180.8822021484375
grid_00469,1180.8822021484375
grid_00470,1162.5218505859375
grid_00471,1167.0677490234375
grid_00472,1167.0677490234375
grid_00473,1152.3826904296875
grid_00474,1152.3826904296875
grid_00475,1156.864013671875
grid_00476,1156.864013671875
grid_00477,1156.864013671875
grid_00478,1179.51611328125
grid_00479,1179.51611328125
grid_00480,1156.864013671875
grid_00481,1179.51611328125
grid_00482,1162.5218505859375
grid_00483,1179.51611328125
grid_00484,1179.51611328125
grid_00485,1162.5218505859375
grid_00486,1162.5218505859375
grid_00487,1179.51611328125
grid_00488,1162.5218505859375
grid_00489,1179.51611328125
grid_00490,1179.51611328125
grid_00491,1179.51611328125
grid_00492,1179.51611328125
grid_00493,1156.864013671875
grid_00494,1156.864013671875
grid_00495,1179.51611328125
grid_00496,1156.864013671875
grid_00497,1179.51611328125
grid_00498,1156.864013671875
grid_00499,1156.864013671875
grid_00500,1179.51611328125
grid_00501,1247.1009521484375
grid_00502,1214.2210693359375
grid_00503,1247.1009521484375
grid_00504,1247.1009521484375
grid_00505,1214.2210693359375
grid_00506,1247.1009521484375
grid_00507,1247.1009521484375
grid_00508,1214.2210693359375
grid_00509,1247.1009521484375
grid_00510,1247.1009521484375
grid_00511,1271.722412109375
grid_00512,1271.722412109375
grid_00513,1271.722412109375
grid_00514,1271.722412109375
grid_00515,1247.1009521484375
grid_00516,1271.722412109375
grid_00517,1271.722412109375
grid_00518,1271.722412109375
grid_00519,1247.1009521484375
grid_00520,1247.1009521484375
grid_00521,1214.2210693359375
grid_00522,1247.1009521484375
grid_00523,1247.1009521484375
grid_00524,1214.2210693359375
grid_00525,1247.1009521484375
grid_00526,1214.2210693359375
grid_00527,1247.1009521484375
grid_00528,1247.1009521484375
grid_00529,1236.496337890625
grid_00530,1236.496337890625
grid_00531,1236.496337890625
grid_00532,1180.8822021484375
grid_00533,1180.8822021484375
grid_00534,1236.496337890625
grid_00535,1236.496337890625
grid_00536,1236.496337890625
grid_00537,1236.496337890625
grid_00538,1180.8822021484375
grid_00539,1180.8822021484375
grid_00540,1236.496337890625
grid_00541,1271.722412109375
grid_00542,1261.6163330078125
grid_00543,1236.496337890625
grid_00544,1236.496337890625
grid_00545,1261.6163330078125
grid_00546,1236.496337890625
grid_00547,1236.496337890625
grid_00548,1236.496337890625
grid_00549,1261.6163330078125
grid_00550,1236.496337890625
grid_00551,1236.496337890625
grid_00552,1236.496337890625
grid_00553,1236.496337890625
grid_00554,1180.8822021484375
grid_00555,1180.8822021484375
grid_00556,1236.496337890625
grid_00557,1236.496337890625
grid_00558,1236.496337890625
grid_00559,1180.8822021484375
grid_00560,1236.496337890625
grid_00561,1180.8822021484375
grid_00562,1236.496337890625
grid_00563,1180.8822021484375
grid_00564,1236.496337890625
grid_00565,1236.496337890625
grid_00566,1236.496337890625
grid_00567,1236.496337890625
grid_00568,1180.8822021484375
grid_00569,1180.7957763671875
grid_00570,1163.64306640625
grid_00571,1261.6163330078125
grid_00572,1261.6163330078125
grid_00573,1180.7957763671875
grid_00574,1240.2376708984375
grid_00575,1240.2376708984375
grid_00576,1240.2376708984375
grid_00577,1180.7957763671875
grid_00578,1240.2376708984375
grid_00579,1240.2376708984375
grid_00580,1240.2376708984375
grid_00581,1180.7957763671875
grid_00582,1180.7957763671875
grid_00583,1180.7957763671875
grid_00584,1180.7957763671875
grid_00585,1180.7957763671875
grid_00586,1180.7957763671875
grid_00587,1180.7957763671875
grid_00588,1163.64306640625
grid_00589,1180.7957763671875
grid_00590,1180.7957763671875
grid_00591,1180.7957763671875
grid_00592,1180.7957763671875
grid_00593,1163.64306640625
grid_00594,1180.7957763671875
grid_00595,1163.64306640625
grid_00596,1180.7957763671875
grid_00597,1180.7957763671875
grid_00598,1180.7957763671875
grid_00599,1163.64306640625
grid_00600,1180.7957763671875
grid_00601,1162.5218505859375
grid_00602,1180.8822021484375
grid_00603,1162.5218505859375
grid_00604,1180.8822021484375
grid_00605,1180.8822021484375
grid_00606,1162.5218505859375
grid_00607,1162.5218505859375
grid_00608,1162.5218505859375
grid_00609,1180.8822021484375
grid_00610,1162.5218505859375
grid_00611,1179.51611328125
grid_00612,1162.5218505859375
grid_00613,1179.51611328125
grid_00614,1162.5218505859375
grid_00615,1179.51611328125
grid_00616,1162.5218505859375
grid_00617,1179.51611328125
grid_00618,1179.51611328125
grid_00619,1179.51611328125
grid_00620,1162.5218505859375
grid_00621,1179.51611328125
grid_00622,1156.864013671875
grid_00623,1156.864013671875
grid_00624,1156.864013671875
grid_00625,1179.51611328125
grid_00626,1179.51611328125
grid_00627,1156.864013671875
grid_00628,1156.864013671875
grid_00629,1156.864013671875
grid_00630,1173.3551025390625
grid_00631,1162.5218505859375
grid_00632,1180.8822021484375
grid_00633,1162.5218505859375
grid_00634,1162.5218505859375
grid_00635,1180.8822021484375
grid_00636,1162.5218505859375
grid_00637,1162.5218505859375
grid_00638,1180.8822021484375
grid_00639,1163.64306640625
grid_00640,1165.383544921875
grid_00641,1177.5313720703125
grid_00642,1177.5313720703125
grid_00643,1165.383544921875
grid_00644,1177.5313720703125
grid_00645,1165.383544921875
grid_00646,1165.383544921875
grid_00647,1177.5313720703125
grid_00648,1177.5313720703125
grid_00649,1177.5313720703125
grid_00650,1165.383544921875
grid_00651,1163.64306640625
grid_00652,1165.383544921875
grid_00653,1163.64306640625
grid_00654,1165.383544921875
grid_00655,1165.383544921875
grid_00656,1163.64306640625
grid_00657,1165.383544921875
grid_00658,1165.383544921875
grid_00659,1163.64306640625
grid_00660,1163.64306640625
grid_00661,1177.5313720703125
grid_00662,1177.5313720703125
grid_00663,1173.3551025390625
grid_00664,1173.3551025390625
grid_00665,1173.3551025390625
grid_00666,1177.5313720703125
grid_00667,1177.5313720703125
grid_00668,1173.3551025390625
grid_00669,1173.3551025390625
grid_00670,1173.3551025390625
grid_00671,1177.5313720703125
grid_00672,1177.5313720703125
grid_00673,1177.5313720703125
grid_00674,1165.383544921875
grid_00675,1165.383544921875
grid_00676,1177.5313720703125
grid_00677,1165.383544921875
grid_00678,1165.383544921875
grid_00679,1177.5313720703125
grid_00680,1177.5313720703125
grid_00681,1163.64306640625
grid_00682,1165.383544921875
grid_00683,1165.383544921875
grid_00684,1165.383544921875
grid_00685,1163.64306640625
grid_00686,1163.64306640625
grid_00687,1163.64306640625
grid_00688,1165.383544921875
grid_00689,1163.64306640625
grid_00690,1165.383544921875
grid_00691,1173.3551025390625
grid_00692,1177.5313720703125
grid_00693,1177.5313720703125
grid_00694,1173.3551025390625
grid_00695,1173.3551025390625
grid_00696,1177.5313720703125
grid_00697,1177.5313720703125
grid_00698,1173.3551025390625
grid_00699,1173.3551025390625
grid_00700,1177.5313720703125
grid_00701,1240.2376708984375
grid_00702,1240.2376708984375
grid_00703,1180.7957763671875
grid_00704,1240.2376708984375
grid_00705,1180.7957763671875
grid_00706,1240.2376708984375
grid_00707,1240.2376708984375
grid_00708,1240.2376708984375
grid_00709,1180.7957763671875
grid_00710,1240.2376708984375
grid_00711,1180.7957763671875
grid_00712,1180.7957763671875
grid_00713,1180.7957763671875
grid_00714,1133.35546875
grid_00715,1145.9859619140625
grid_00716,1145.9859619140625
grid_00717,1145.9859619140625
grid_00718,1145.9859619140625
grid_00719,1145.9859619140625
grid_00720,1145.9859619140625
grid_00721,1240.2376708984375
grid_00722,1145.9859619140625
grid_00723,1189.333251953125
grid_00724,1189.333251953125
grid_00725,1189.333251953125
grid_00726,1189.333251953125
grid_00727,1189.333251953125
grid_00728,1189.333251953125
grid_00729,1189.333251953125
grid_00730,1145.9859619140625
grid_00731,1349.6170654296875
grid_00732,1243.3092041015625
grid_00733,1189.333251953125
grid_00734,1243.3092041015625
grid_00735,1243.3092041015625
grid_00736,1243.3092041015625
grid_00737,1246.9083251953125
grid_00738,1246.9083251953125
grid_00739,1202.311767578125
grid_00740,1246.9083251953125
grid_00741,1189.333251953125
grid_00742,1189.333251953125
grid_00743,1189.333251953125
grid_00744,1145.9859619140625
grid_00745,1189.333251953125
grid_00746,1189.333251953125
grid_00747,1189.333251953125
grid_00748,1189.333251953125
grid_00749,1189.333251953125
grid_00750,1189.333251953125
grid_00751,1145.9859619140625
grid_00752,1145.9859619140625
grid_00753,1133.35546875
grid_00754,1145.9859619140625
grid_00755,1145.9859619140625
grid_00756,1145.9859619140625
grid_00757,1145.9859619140625
grid_00758,1133.35546875
grid_00759,1133.35546875
grid_00760,1145.9859619140625
grid_00761,1189.333251953125
grid_00762,1189.333251953125
grid_00763,1189.333251953125
grid_00764,1145.9859619140625
grid_00765,1189.333251953125
grid_00766,1189.333251953125
grid_00767,1145.9859619140625
grid_00768,1189.333251953125
grid_00769,1189.333251953125
grid_00770,1189.333251953125
grid_00771,1145.9859619140625
grid_00772,1145.9859619140625
grid_00773,1145.9859619140625
grid_00774,1133.35546875
grid_00775,1145.9859619140625
grid_00776,1145.9859619140625
grid_00777,1145.9859619140625
grid_00778,1145.9859619140625
grid_00779,1161.86962890625
grid_00780,1130.77294921875
grid_00781,1170.9349365234375
grid_00782,1170.9349365234375
grid_00783,1170.9349365234375
grid_00784,1170.9349365234375
grid_00785,1130.77294921875
grid_00786,1170.9349365234375
grid_00787,1170.9349365234375
grid_00788,1130.77294921875
grid_00789,1170.9349365234375
grid_00790,1170.9349365234375
grid_00791,1130.77294921875
grid_00792,1130.77294921875
grid_00793,1130.77294921875
grid_00794,1161.86962890625
grid_00795,1130.77294921875
grid_00796,1130.77294921875
grid_00797,1130.77294921875
grid_00798,1130.77294921875
grid_00799,1130.77294921875
grid_00800,1130.77294921875
grid_00801,1165.383544921875
grid_00802,1163.64306640625
grid_00803,1163.64306640625
grid_00804,1165.383544921875
grid_00805,1163.64306640625
grid_00806,1165.383544921875
grid_00807,1165.383544921875
grid_00808,1163.64306640625
grid_00809,1133.35546875
grid_00810,1159.69873046875
grid_00811,1177.5313720703125
grid_00812,1177.5313720703125
grid_00813,1165.383544921875
grid_00814,1177.5313720703125
grid_00815,1165.383544921875
grid_00816,1167.765380859375
grid_00817,1167.765380859375
grid_00818,1167.765380859375
grid_00819,1159.69873046875
grid_00820,1159.69873046875
grid_00821,1173.3551025390625
grid_00822,1173.3551025390625
grid_00823,1177.5313720703125
grid_00824,1173.3551025390625
grid_00825,1173.3551025390625
grid_00826,1167.765380859375
grid_00827,1173.3551025390625
grid_00828,1167.765380859375
grid_00829,1173.3551025390625
grid_00830,1167.765380859375
grid_00831,1133.35546875
grid_00832,1159.69873046875
grid_00833,1159.69873046875
grid_00834,1133.35546875
grid_00835,1133.35546875
grid_00836,1133.35546875
grid_00837,1133.35546875
grid_00838,1159.69873046875
grid_00839,1159.69873046875
grid_00840,1159.69873046875
grid_00841,1159.69873046875
grid_00842,1159.69873046875
grid_00843,1167.765380859375
grid_00844,1167.765380859375
grid_00845,1167.765380859375
grid_00846,1159.69873046875
grid_00847,1159.69873046875
grid_00848,1167.765380859375
grid_00849,1167.765380859375
grid_00850,1167.765380859375
grid_00851,
grid_00852,1167.765380859375
grid_00853,
grid_00854,
grid_00855,1167.765380859375
grid_00856,1167.765380859375
grid_00857,
grid_00858,
grid_00859,
grid_00860,1167.765380859375
grid_00861,1133.35546875
grid_00862,1133.35546875
grid_00863,1159.69873046875
grid_00864,1159.69873046875
grid_00865,1133.35546875
grid_00866,1159.69873046875
grid_00867,1133.35546875
grid_00868,1159.69873046875
grid_00869,1159.69873046875
grid_00870,1133.35546875
grid_00871,1159.69873046875
grid_00872,1167.765380859375
grid_00873,1167.765380859375
grid_00874,1159.69873046875
grid_00875,1167.765380859375
grid_00876,1167.765380859375
grid_00877,1167.765380859375
grid_00878,1159.69873046875
grid_00879,1159.69873046875
grid_00880,1167.765380859375
grid_00881,1133.35546875
grid_00882,1159.69873046875
grid_00883,1133.35546875
grid_00884,1133.35546875
grid_00885,1133.35546875
grid_00886,1159.69873046875
grid_00887,1159.69873046875
grid_00888,1159.69873046875
grid_00889,1186.430419921875
grid_00890,1161.86962890625
grid_00891,
grid_00892,
grid_00893,1167.765380859375
grid_00894,
grid_00895,1167.765380859375
grid_00896,
grid_00897,1167.765380859375
grid_00898,
grid_00899,
grid_00900,1196.6070556640625
grid_00901,1196.6070556640625
grid_00902,1196.6070556640625
grid_00903,1186.430419921875
grid_00904,1186.430419921875
grid_00905,1196.6070556640625
grid_00906,1196.6070556640625
grid_00907,1196.6070556640625
grid_00908,1186.430419921875
grid_00909,1186.430419921875
grid_00910,1196.6070556640625
grid_00911,1161.86962890625
grid_00912,1161.86962890625
grid_00913,1186.430419921875
grid_00914,1186.430419921875
grid_00915,1186.430419921875
grid_00916,1161.86962890625
grid_00917,1161.86962890625
grid_00918,1161.86962890625
grid_00919,1186.430419921875
grid_00920,1186.430419921875
grid_00921,1196.6070556640625
grid_00922,
grid_00923,
grid_00924,
grid_00925,
grid_00926,1196.6070556640625
grid_00927,
grid_00928,1196.6070556640625
grid_00929,
grid_00930,1196.6070556640625
grid_00931,1161.86962890625
grid_00932,1161.86962890625
grid_00933,1186.430419921875
grid_00934,1161.86962890625
grid_00935,1186.430419921875
grid_00936,1186.430419921875
grid_00937,1186.430419921875
grid_00938,1161.86962890625
grid_00939,1161.86962890625
grid_00940,1186.430419921875
grid_00941,1196.6070556640625
grid_00942,1196.6070556640625
grid_00943,1186.430419921875
grid_00944,1186.430419921875
grid_00945,1196.6070556640625
grid_00946,1196.6070556640625
grid_00947,1196.6070556640625
grid_00948,1186.430419921875
grid_00949,1186.430419921875
grid_00950,1196.6070556640625
grid_00951,1196.6070556640625
grid_00952,
grid_00953,
grid_00954,
grid_00955,
grid_00956,
grid_00957,1196.6070556640625
grid_00958,
grid_00959,1196.6070556640625
grid_00960,
grid_00961,1161.86962890625
grid_00962,1186.430419921875
grid_00963,1161.86962890625
grid_00964,1161.86962890625
grid_00965,1161.86962890625
grid_00966,1186.430419921875
grid_00967,1186.430419921875
grid_00968,1186.430419921875
grid_00969,1182.7940673828125
grid_00970,1173.0611572265625
grid_00971,1196.6070556640625
grid_00972,1186.430419921875
grid_00973,1186.430419921875
grid_00974,1196.6070556640625
grid_00975,1196.6070556640625
grid_00976,1209.135009765625
grid_00977,1209.135009765625
grid_00978,1182.7940673828125
grid_00979,1182.7940673828125
grid_00980,1209.135009765625
grid_00981,1173.0611572265625
grid_00982,1182.7940673828125
grid_00983,1173.0611572265625
grid_00984,1182.7940673828125
grid_00985,1182.7940673828125
grid_00986,1182.7940673828125
grid_00987,1173.0611572265625
grid_00988,1173.0611572265625
grid_00989,1173.0611572265625
grid_00990,1182.7940673828125
grid_00991,
grid_00992,1209.135009765625
grid_00993,1158.3594970703125
grid_00994,1209.135009765625
grid_00995,1209.135009765625
grid_00996,1209.135009765625
grid_00997,1209.135009765625
grid_00998,1209.135009765625
grid_00999,1209.135009765625
grid_01000,1209.135009765625
grid_01001,1170.9349365234375
grid_01002,1170.9349365234375
grid_01003,1170.9349365234375
grid_01004,1170.9349365234375
grid_01005,1170.9349365234375
grid_01006,1130.77294921875
grid_01007,1170.9349365234375
grid_01008,1170.9349365234375
grid_01009,1170.9349365234375
grid_01010,1130.77294921875
grid_01011,1161.86962890625
grid_01012,1130.77294921875
grid_01013,1130.77294921875
grid_01014,1130.77294921875
grid_01015,1161.86962890625
grid_01016,1130.77294921875
grid_01017,1161.86962890625
grid_01018,1130.77294921875
grid_01019,1161.86962890625
grid_01020,1130.77294921875
grid_01021,1170.9349365234375
grid_01022,1170.9349365234375
grid_01023,1170.9349365234375
grid_01024,1170.9349365234375
grid_01025,1170.9349365234375
grid_01026,1170.9349365234375
grid_01027,1170.9349365234375
grid_01028,1170.9349365234375
grid_01029,1170.9349365234375
grid_01030,1130.77294921875
grid_01031,1161.86962890625
grid_01032,1130.77294921875
grid_01033,1130.77294921875
grid_01034,1169.712158203125
grid_01035,1169.712158203125
grid_01036,1173.0611572265625
grid_01037,1173.0611572265625
grid_01038,1169.712158203125
grid_01039,1169.712158203125
grid_01040,1169.712158203125
grid_01041,1202.311767578125
grid_01042,1202.311767578125
grid_01043,1169.712158203125
grid_01044,1202.311767578125
grid_01045,1202.311767578125
grid_01046,1202.311767578125
grid_01047,1202.311767578125
grid_01048,1169.712158203125
grid_01049,1202.311767578125
grid_01050,1202.311767578125
grid_01051,1202.311767578125
grid_01052,1202.311767578125
grid_01053,1202.311767578125
grid_01054,1202.311767578125
grid_01055,1202.311767578125
grid_01056,1202.311767578125
grid_01057,1202.311767578125
grid_01058,1169.712158203125
grid_01059,1202.311767578125
grid_01060,1202.311767578125
grid_01061,1173.0611572265625
grid_01062,1173.0611572265625
grid_01063,1169.712158203125
grid_01064,1169.712158203125
grid_01065,1169.712158203125
grid_01066,1173.0611572265625
grid_01067,1173.0611572265625
grid_01068,1169.712158203125
grid_01069,1169.712158203125
grid_01070,1169.712158203125
grid_01071,1169.712158203125
grid_01072,1202.311767578125
grid_01073,1202.311767578125
grid_01074,1202.311767578125
grid_01075,1202.311767578125
grid_01076,1202.311767578125
grid_01077,1169.712158203125
grid_01078,1202.311767578125
grid_01079,1202.311767578125
grid_01080,1202.311767578125
grid_01081,1173.0611572265625
grid_01082,1173.0611572265625
grid_01083,1169.712158203125
grid_01084,1173.0611572265625
grid_01085,1173.0611572265625
grid_01086,1169.712158203125
grid_01087,1169.712158203125
grid_01088,1169.712158203125
grid_01089,1169.712158203125
grid_01090,1173.0611572265625
grid_01091,1202.311767578125
grid_01092,1202.311767578125
grid_01093,1169.712158203125
grid_01094,1202.311767578125
grid_01095,1202.311767578125
grid_01096,1202.311767578125
grid_01097,1202.311767578125
grid_01098,1169.712158203125
grid_01099,1202.311767578125
grid_01100,1202.311767578125
grid_01101,1173.3551025390625
grid_01102,1173.3551025390625
grid_01103,1110.1849365234375
grid_01104,1110.1849365234375
grid_01105,1110.1849365234375
grid_01106,1173.3551025390625
grid_01107,1136.68408203125
grid_01108,1136.68408203125
grid_01109,1136.68408203125
grid_01110,1136.68408203125
grid_01111,1136.68408203125
grid_01112,
grid_01113,1136.68408203125
grid_01114,1136.68408203125
grid_01115,1136.68408203125
grid_01116,1136.68408203125
grid_01117,1136.68408203125
grid_01118,1136.68408203125
grid_01119,1136.68408203125
grid_01120,
grid_01121,1136.68408203125
grid_01122,1136.68408203125
grid_01123,
grid_01124,1136.68408203125
grid_01125,1136.68408203125
grid_01126,1136.68408203125
grid_01127,1136.68408203125
grid_01128,1136.68408203125
grid_01129,1136.68408203125
grid_01130,
grid_01131,1104.24267578125
grid_01132,1104.24267578125
grid_01133,1104.24267578125
grid_01134,
grid_01135,1104.24267578125
grid_01136,1104.24267578125
grid_01137,1104.24267578125
grid_01138,1104.24267578125
grid_01139,1104.24267578125
grid_01140,
grid_01141,1104.24267578125
grid_01142,1104.24267578125
grid_01143,
grid_01144,1104.24267578125
grid_01145,1104.24267578125
grid_01146,1104.24267578125
grid_01147,1104.24267578125
grid_01148,
grid_01149,1104.24267578125
grid_01150,1104.24267578125
grid_01151,
grid_01152,1104.24267578125
grid_01153,1104.24267578125
grid_01154,1104.24267578125
grid_01155,1104.24267578125
grid_01156,1104.24267578125
grid_01157,1104.24267578125
grid_01158,1158.3594970703125
grid_01159,1158.3594970703125
grid_01160,1104.24267578125
grid_01161,1136.68408203125
grid_01162,1136.68408203125
grid_01163,1136.68408203125
grid_01164,1136.68408203125
grid_01165,1104.24267578125
grid_01166,1104.24267578125
grid_01167,1104.24267578125
grid_01168,1104.24267578125
grid_01169,1151.4642333984375
grid_01170,1151.4642333984375
grid_01171,1158.3594970703125
grid_01172,
grid_01173,
grid_01174,1158.3594970703125
grid_01175,1158.3594970703125
grid_01176,1158.3594970703125
grid_01177,1164.5323486328125
grid_01178,1164.5323486328125
grid_01179,1151.4642333984375
grid_01180,1164.5323486328125
grid_01181,1151.4642333984375
grid_01182,1151.4642333984375
grid_01183,1164.5323486328125
grid_01184,1164.5323486328125
grid_01185,1151.4642333984375
grid_01186,1151.4642333984375
grid_01187,1164.5323486328125
grid_01188,1151.4642333984375
grid_01189,1164.5323486328125
grid_01190,1151.4642333984375
grid_01191,1164.5323486328125
grid_01192,1151.4642333984375
grid_01193,1151.4642333984375
grid_01194,1164.5323486328125
grid_01195,1151.4642333984375
grid_01196,1164.5323486328125
grid_01197,1151.4642333984375
grid_01198,1151.4642333984375
grid_01199,1194.8233642578125
grid_01200,1194.8233642578125
grid_01201,1209.135009765625
grid_01202,1182.7940673828125
grid_01203,1209.135009765625
grid_01204,1182.7940673828125
grid_01205,1209.135009765625
grid_01206,1182.7940673828125
grid_01207,1182.7940673828125
grid_01208,1209.135009765625
grid_01209,1209.135009765625
grid_01210,1209.135009765625
grid_01211,1182.7940673828125
grid_01212,1173.0611572265625
grid_01213,1173.0611572265625
grid_01214,1182.7940673828125
grid_01215,1182.7940673828125
grid_01216,1173.0611572265625
grid_01217,1182.7940673828125
grid_01218,1173.0611572265625
grid_01219,1173.0611572265625
grid_01220,1182.7940673828125
grid_01221,1182.7940673828125
grid_01222,1182.7940673828125
grid_01223,1209.135009765625
grid_01224,1209.135009765625
grid_01225,1209.135009765625
grid_01226,1209.135009765625
grid_01227,1182.7940673828125
grid_01228,1209.135009765625
grid_01229,1182.7940673828125
grid_01230,1209.135009765625
grid_01231,1173.0611572265625
grid_01232,1182.7940673828125
grid_01233,1173.0611572265625
grid_01234,1182.7940673828125
grid_01235,1173.0611572265625
grid_01236,1182.7940673828125
grid_01237,1173.0611572265625
grid_01238,1182.7940673828125
grid_01239,1182.7940673828125
grid_01240,1173.0611572265625
grid_01241,1158.3594970703125
grid_01242,1209.135009765625
grid_01243,1209.135009765625
grid_01244,1158.3594970703125
grid_01245,1209.135009765625
grid_01246,1158.3594970703125
grid_01247,1209.135009765625
grid_01248,1158.3594970703125
grid_01249,1158.3594970703125
grid_01250,1209.135009765625
grid_01251,1173.0611572265625
grid_01252,1182.7940673828125
grid_01253,1173.0611572265625
grid_01254,1182.7940673828125
grid_01255,1173.0611572265625
grid_01256,1173.0611572265625
grid_01257,1173.0611572265625
grid_01258,1182.7940673828125
grid_01259,1182.7940673828125
grid_01260,1182.7940673828125
grid_01261,1209.135009765625
grid_01262,1182.7940673828125
grid_01263,1209.135009765625
grid_01264,1182.7940673828125
grid_01265,1209.135009765625
grid_01266,1182.7940673828125
grid_01267,1209.135009765625
grid_01268,1182.7940673828125
grid_01269,1209.135009765625
grid_01270,1209.135009765625
grid_01271,1209.135009765625
grid_01272,1158.3594970703125
grid_01273,1158.3594970703125
grid_01274,1158.3594970703125
grid_01275,1209.135009765625
grid_01276,1209.135009765625
grid_01277,1158.3594970703125
grid_01278,1158.3594970703125
grid_01279,1209.135009765625
grid_01280,1158.3594970703125
grid_01281,1182.7940673828125
grid_01282,1182.7940673828125
grid_01283,1173.0611572265625
grid_01284,1173.0611572265625
grid_01285,1173.0611572265625
grid_01286,1182.7940673828125
grid_01287,1182.7940673828125
grid_01288,1182.7940673828125
grid_01289,1173.0611572265625
grid_01290,1173.0611572265625
grid_01291,1209.135009765625
grid_01292,1182.7940673828125
grid_01293,1209.135009765625
grid_01294,1182.7940673828125
grid_01295,1209.135009765625
grid_01296,1182.7940673828125
grid_01297,1182.7940673828125
grid_01298,1209.135009765625
grid_01299,1209.135009765625
grid_01300,1209.135009765625
grid_01301,1169.712158203125
grid_01302,1169.712158203125
grid_01303,1173.0611572265625
grid_01304,1173.0611572265625
grid_01305,1173.0611572265625
grid_01306,1169.712158203125
grid_01307,1169.712158203125
grid_01308,1169.712158203125
grid_01309,1173.0611572265625
grid_01310,1173.0611572265625
grid_01311,1202.311767578125
grid_01312,1202.311767578125
grid_01313,1202.311767578125
grid_01314,1169.712158203125
grid_01315,1202.311767578125
grid_01316,1202.311767578125
grid_01317,1202.311767578125
grid_01318,1202.311767578125
grid_01319,1202.311767578125
grid_01320,1202.311767578125
grid_01321,1246.9083251953125
grid_01322,1246.9083251953125
grid_01323,1246.9083251953125
grid_01324,1246.9083251953125
grid_01325,1246.9083251953125
grid_01326,1246.9083251953125
grid_01327,1246.9083251953125
grid_01328,1246.9083251953125
grid_01329,1246.9083251953125
grid_01330,1246.9083251953125
grid_01331,1169.712158203125
grid_01332,1169.712158203125
grid_01333,1169.712158203125
grid_01334,1169.712158203125
grid_01335,1173.0611572265625
grid_01336,1173.0611572265625
grid_01337,1169.712158203125
grid_01338,1169.712158203125
grid_01339,1173.0611572265625
grid_01340,1173.0611572265625
grid_01341,1202.311767578125
grid_01342,1169.712158203125
grid_01343,1202.311767578125
grid_01344,1202.311767578125
grid_01345,1202.311767578125
grid_01346,1202.311767578125
grid_01347,1202.311767578125
grid_01348,1202.311767578125
grid_01349,1169.712158203125
grid_01350,1256.1875
grid_01351,1169.712158203125
grid_01352,1169.712158203125
grid_01353,1169.712158203125
grid_01354,1220.87890625
grid_01355,1195.081298828125
grid_01356,1195.081298828125
grid_01357,1220.87890625
grid_01358,1220.87890625
grid_01359,1195.081298828125
grid_01360,1220.87890625
grid_01361,1246.9083251953125
grid_01362,1246.9083251953125
grid_01363,1246.9083251953125
grid_01364,1246.9083251953125
grid_01365,1246.9083251953125
grid_01366,1261.343505859375
grid_01367,1261.343505859375
grid_01368,1261.343505859375
grid_01369,1261.343505859375
grid_01370,1261.343505859375
grid_01371,1256.1875
grid_01372,1256.1875
grid_01373,1256.1875
grid_01374,1220.87890625
grid_01375,1256.1875
grid_01376,1256.1875
grid_01377,1256.1875
grid_01378,1220.87890625
grid_01379,1256.1875
grid_01380,1256.1875
grid_01381,1256.1875
grid_01382,1256.1875
grid_01383,1256.1875
grid_01384,1256.1875
grid_01385,1220.87890625
grid_01386,1256.1875
grid_01387,1256.1875
grid_01388,1256.1875
grid_01389,1256.1875
grid_01390,1220.87890625
grid_01391,1220.87890625
grid_01392,1195.081298828125
grid_01393,1220.87890625
grid_01394,1195.081298828125
grid_01395,1220.87890625
grid_01396,1220.87890625
grid_01397,1220.87890625
grid_01398,1195.081298828125
grid_01399,1195.081298828125
grid_01400,1220.87890625
grid_01401,1173.0611572265625
grid_01402,1182.7940673828125
grid_01403,1173.0611572265625
grid_01404,1173.0611572265625
grid_01405,1182.7940673828125
grid_01406,1173.0611572265625
grid_01407,1182.7940673828125
grid_01408,1182.7940673828125
grid_01409,1187.157958984375
grid_01410,1187.157958984375
grid_01411,1158.3594970703125
grid_01412,1209.135009765625
grid_01413,1209.135009765625
grid_01414,1209.135009765625
grid_01415,1158.3594970703125
grid_01416,1158.3594970703125
grid_01417,1158.3594970703125
grid_01418,1205.4561767578125
grid_01419,1205.4561767578125
grid_01420,1164.5323486328125
grid_01421,1182.7940673828125
grid_01422,1209.135009765625
grid_01423,1182.7940673828125
grid_01424,1209.135009765625
grid_01425,1209.135009765625
grid_01426,1205.4561767578125
grid_01427,1187.157958984375
grid_01428,1187.157958984375
grid_01429,1205.4561767578125
grid_01430,1205.4561767578125
grid_01431,1195.081298828125
grid_01432,1195.081298828125
grid_01433,1195.081298828125
grid_01434,1187.157958984375
grid_01435,1195.081298828125
grid_01436,1195.081298828125
grid_01437,1187.157958984375
grid_01438,1195.081298828125
grid_01439,1187.157958984375
grid_01440,1187.157958984375
grid_01441,1164.5323486328125
grid_01442,1164.5323486328125
grid_01443,1205.4561767578125
grid_01444,1164.5323486328125
grid_01445,1164.5323486328125
grid_01446,1205.4561767578125
grid_01447,1164.5323486328125
grid_01448,1205.4561767578125
grid_01449,1164.5323486328125
grid_01450,1164.5323486328125
grid_01451,1187.157958984375
grid_01452,1205.4561767578125
grid_01453,1187.157958984375
grid_01454,1205.4561767578125
grid_01455,1205.4561767578125
grid_01456,1205.4561767578125
grid_01457,1187.157958984375
grid_01458,1205.4561767578125
grid_01459,1187.157958984375
grid_01460,1205.4561767578125
grid_01461,1195.081298828125
grid_01462,1187.157958984375
grid_01463,1187.157958984375
grid_01464,1195.081298828125
grid_01465,1195.081298828125
grid_01466,1187.157958984375
grid_01467,1195.081298828125
grid_01468,1187.157958984375
grid_01469,1195.081298828125
grid_01470,1187.157958984375
grid_01471,1205.4561767578125
grid_01472,1164.5323486328125
grid_01473,1205.4561767578125
grid_01474,1164.5323486328125
grid_01475,1164.5323486328125
grid_01476,1164.5323486328125
grid_01477,1205.4561767578125
grid_01478,1205.4561767578125
grid_01479,1205.4561767578125
grid_01480,1164.5323486328125
grid_01481,1205.4561767578125
grid_01482,1205.4561767578125
grid_01483,1187.157958984375
grid_01484,1187.157958984375
grid_01485,1205.4561767578125
grid_01486,1205.4561767578125
grid_01487,1205.4561767578125
grid_01488,1187.157958984375
grid_01489,1187.157958984375
grid_01490,1205.4561767578125
grid_01491,1187.157958984375
grid_01492,1195.081298828125
grid_01493,1195.081298828125
grid_01494,1187.157958984375
grid_01495,1195.081298828125
grid_01496,1187.157958984375
grid_01497,1187.157958984375
grid_01498,1195.081298828125
grid_01499,1226.9862060546875
grid_01500,1213.957275390625
grid_01501,1261.343505859375
grid_01502,1261.343505859375
grid_01503,1261.343505859375
grid_01504,1261.343505859375
grid_01505,1311.8748779296875
grid_01506,1311.8748779296875
grid_01507,1311.8748779296875
grid_01508,1261.343505859375
grid_01509,1261.343505859375
grid_01510,1261.343505859375
grid_01511,1311.8748779296875
grid_01512,1311.8748779296875
grid_01513,1261.343505859375
grid_01514,1261.343505859375
grid_01515,1311.8748779296875
grid_01516,1244.7254638671875
grid_01517,1261.343505859375
grid_01518,1311.8748779296875
grid_01519,1307.34033203125
grid_01520,1244.7254638671875
grid_01521,1256.1875
grid_01522,1256.1875
grid_01523,1256.1875
grid_01524,1220.87890625
grid_01525,1256.1875
grid_01526,1256.1875
grid_01527,1256.1875
grid_01528,1256.1875
grid_01529,1256.1875
grid_01530,1268.5518798828125
grid_01531,1220.87890625
grid_01532,1220.87890625
grid_01533,1195.081298828125
grid_01534,1195.081298828125
grid_01535,1220.87890625
grid_01536,1220.87890625
grid_01537,1220.87890625
grid_01538,1195.081298828125
grid_01539,1240.166015625
grid_01540,1240.166015625
grid_01541,1311.8748779296875
grid_01542,1261.343505859375
grid_01543,1261.343505859375
grid_01544,1307.34033203125
grid_01545,1276.753173828125
grid_01546,1276.753173828125
grid_01547,1307.34033203125
grid_01548,1244.7254638671875
grid_01549,1307.34033203125
grid_01550,1307.34033203125
grid_01551,1268.5518798828125
grid_01552,1268.5518798828125
grid_01553,1268.5518798828125
grid_01554,1240.166015625
grid_01555,1268.5518798828125
grid_01556,1268.5518798828125
grid_01557,1268.5518798828125
grid_01558,1268.5518798828125
grid_01559,1268.5518798828125
grid_01560,1240.166015625
grid_01561,1244.7254638671875
grid_01562,1307.34033203125
grid_01563,1244.7254638671875
grid_01564,1307.34033203125
grid_01565,1276.753173828125
grid_01566,1276.753173828125
grid_01567,1244.7254638671875
grid_01568,1244.7254638671875
grid_01569,1276.753173828125
grid_01570,1307.34033203125
grid_01571,1226.9862060546875
grid_01572,1240.166015625
grid_01573,1226.9862060546875
grid_01574,1240.166015625
grid_01575,1226.9862060546875
grid_01576,1240.166015625
grid_01577,1240.166015625
grid_01578,1226.9862060546875
grid_01579,1226.9862060546875
grid_01580,1240.166015625
grid_01581,1307.34033203125
grid_01582,1276.753173828125
grid_01583,1307.34033203125
grid_01584,1244.7254638671875
grid_01585,1307.34033203125
grid_01586,1244.7254638671875
grid_01587,1307.34033203125
grid_01588,1244.7254638671875
grid_01589,1276.753173828125
grid_01590,1307.34033203125
grid_01591,1276.753173828125
grid_01592,1244.7254638671875
grid_01593,1244.7254638671875
grid_01594,1276.753173828125
grid_01595,1276.753173828125
grid_01596,1276.753173828125
grid_01597,1276.753173828125
grid_01598,1244.7254638671875
grid_01599,1276.753173828125
grid_01600,1276.753173828125
grid_01601,1307.34033203125
grid_01602,1244.7254638671875
grid_01603,1244.7254638671875
grid_01604,1244.7254638671875
grid_01605,1307.34033203125
grid_01606,1307.34033203125
grid_01607,1307.34033203125
grid_01608,1307.34033203125
grid_01609,1307.34033203125
grid_01610,1244.7254638671875
grid_01611,1268.5518798828125
grid_01612,1268.5518798828125
grid_01613,1268.5518798828125
grid_01614,1268.5518798828125
grid_01615,1268.5518798828125
grid_01616,1240.166015625
grid_01617,1268.5518798828125
grid_01618,1268.5518798828125
grid_01619,1240.166015625
grid_01620,1268.5518798828125
grid_01621,1276.753173828125
grid_01622,1276.753173828125
grid_01623,1244.7254638671875
grid_01624,1276.753173828125
grid_01625,1244.7254638671875
grid_01626,1276.753173828125
grid_01627,1244.7254638671875
grid_01628,1276.753173828125
grid_01629,1307.34033203125
grid_01630,1307.34033203125
grid_01631,1226.9862060546875
grid_01632,1226.9862060546875
grid_01633,1213.957275390625
grid_01634,1213.957275390625
grid_01635,1226.9862060546875
grid_01636,1213.957275390625
grid_01637,1226.9862060546875
grid_01638,1226.9862060546875
grid_01639,1226.9862060546875
grid_01640,1213.957275390625
grid_01641,1240.166015625
grid_01642,1240.166015625
grid_01643,1226.9862060546875
grid_01644,1240.166015625
grid_01645,1226.9862060546875
grid_01646,1240.166015625
grid_01647,1240.166015625
grid_01648,1226.9862060546875
grid_01649,1240.166015625
grid_01650,1226.9862060546875
grid_01651,1244.7254638671875
grid_01652,1307.34033203125
grid_01653,1244.7254638671875
grid_01654,1307.34033203125
grid_01655,1307.34033203125
grid_01656,1307.34033203125
grid_01657,1276.753173828125
grid_01658,1244.7254638671875
grid_01659,1244.7254638671875
grid_01660,1307.34033203125
grid_01661,1244.7254638671875
grid_01662,1276.753173828125
grid_01663,1307.34033203125
grid_01664,1307.34033203125
grid_01665,1276.753173828125
grid_01666,1276.753173828125
grid_01667,1307.34033203125
grid_01668,1276.753173828125
grid_01669,1244.7254638671875
grid_01670,1244.7254638671875
grid_01671,1268.5518798828125
grid_01672,1268.5518798828125
grid_01673,1268.5518798828125
grid_01674,1268.5518798828125
grid_01675,1268.5518798828125
grid_01676,1268.5518798828125
grid_01677,1268.5518798828125
grid_01678,1240.166015625
grid_01679,1268.5518798828125
grid_01680,1290.0242919921875
grid_01681,1307.34033203125
grid_01682,1307.34033203125
grid_01683,1276.753173828125
grid_01684,1361.1290283203125
grid_01685,1335.2359619140625
grid_01686,1335.2359619140625
grid_01687,1361.1290283203125
grid_01688,1361.1290283203125
grid_01689,1265.7000732421875
grid_01690,1335.2359619140625
grid_01691,1265.7000732421875
grid_01692,1335.2359619140625
grid_01693,1361.1290283203125
grid_01694,1361.1290283203125
grid_01695,1361.1290283203125
grid_01696,1265.7000732421875
grid_01697,1265.7000732421875
grid_01698,1361.1290283203125
grid_01699,1335.2359619140625
grid_01700,1265.7000732421875
grid_01701,1164.5323486328125
grid_01702,1164.5323486328125
grid_01703,1205.2271728515625
grid_01704,1205.2271728515625
grid_01705,1194.8233642578125
grid_01706,1194.8233642578125
grid_01707,1194.8233642578125
grid_01708,1205.2271728515625
grid_01709,1194.8233642578125
grid_01710,1194.8233642578125
grid_01711,1205.2271728515625
grid_01712,1205.2271728515625
grid_01713,1213.957275390625
grid_01714,1213.957275390625
grid_01715,1205.2271728515625
grid_01716,1205.2271728515625
grid_01717,1213.957275390625
grid_01718,1213.957275390625
grid_01719,1205.2271728515625
grid_01720,1205.2271728515625
grid_01721,1213.957275390625
grid_01722,1226.9862060546875
grid_01723,1213.957275390625
grid_01724,1226.9862060546875
grid_01725,1226.9862060546875
grid_01726,1213.957275390625
grid_01727,1213.957275390625
grid_01728,1226.9862060546875
grid_01729,1213.957275390625
grid_01730,1226.9862060546875
grid_01731,1205.2271728515625
grid_01732,1194.8233642578125
grid_01733,1194.8233642578125
grid_01734,1205.2271728515625
grid_01735,1205.2271728515625
grid_01736,1194.8233642578125
grid_01737,1194.8233642578125
grid_01738,1194.8233642578125
grid_01739,1205.2271728515625
grid_01740,1194.8233642578125
grid_01741,1213.957275390625
grid_01742,1213.957275390625
grid_01743,1205.2271728515625
grid_01744,1205.2271728515625
grid_01745,1213.957275390625
grid_01746,1205.2271728515625
grid_01747,1205.2271728515625
grid_01748,1213.957275390625
grid_01749,1205.2271728515625
grid_01750,1213.957275390625
grid_01751,1213.957275390625
grid_01752,1205.2271728515625
grid_01753,1213.957275390625
grid_01754,1205.2271728515625
grid_01755,1205.2271728515625
grid_01756,1213.957275390625
grid_01757,1213.957275390625
grid_01758,1205.2271728515625
grid_01759,1262.09423828125
grid_01760,1250.102294921875
grid_01761,1205.2271728515625
grid_01762,1194.8233642578125
grid_01763,1194.8233642578125
grid_01764,1205.2271728515625
grid_01765,1194.8233642578125
grid_01766,1205.2271728515625
grid_01767,1194.8233642578125
grid_01768,1262.09423828125
grid_01769,1262.09423828125
grid_01770,1234.2288818359375
grid_01771,1226.9862060546875
grid_01772,1213.957275390625
grid_01773,1226.9862060546875
grid_01774,1226.9862060546875
grid_01775,1213.957275390625
grid_01776,1246.282470703125
grid_01777,1246.282470703125
grid_01778,1250.102294921875
grid_01779,1246.282470703125
grid_01780,1250.102294921875
grid_01781,1250.102294921875
grid_01782,1262.09423828125
grid_01783,1262.09423828125
grid_01784,1250.102294921875
grid_01785,1250.102294921875
grid_01786,1250.102294921875
grid_01787,1262.09423828125
grid_01788,1250.102294921875
grid_01789,1262.09423828125
grid_01790,1262.09423828125
grid_01791,1234.2288818359375
grid_01792,1234.2288818359375
grid_01793,1234.2288818359375
grid_01794,1234.2288818359375
grid_01795,1234.2288818359375
grid_01796,1262.09423828125
grid_01797,1262.09423828125
grid_01798,1234.2288818359375
grid_01799,1234.2288818359375
grid_01800,1262.09423828125
grid_01801,1151.4642333984375
grid_01802,1182.817626953125
grid_01803,1182.817626953125
grid_01804,1182.817626953125
grid_01805,1182.817626953125
grid_01806,1182.817626953125
grid_01807,1182.817626953125
grid_01808,1182.817626953125
grid_01809,1182.817626953125
grid_01810,1182.817626953125
grid_01811,1182.817626953125
grid_01812,1182.817626953125
grid_01813,1182.817626953125
grid_01814,1182.817626953125
grid_01815,1194.8233642578125
grid_01816,1182.817626953125
grid_01817,1194.8233642578125
grid_01818,1182.817626953125
grid_01819,1194.8233642578125
grid_01820,1194.8233642578125
grid_01821,1182.817626953125
grid_01822,1182.817626953125
grid_01823,1182.817626953125
grid_01824,1194.8233642578125
grid_01825,1182.817626953125
grid_01826,1182.817626953125
grid_01827,1182.817626953125
grid_01828,1182.817626953125
grid_01829,1182.817626953125
grid_01830,1194.8233642578125
grid_01831,1182.817626953125
grid_01832,1182.817626953125
grid_01833,1182.817626953125
grid_01834,1182.817626953125
grid_01835,1182.817626953125
grid_01836,1182.817626953125
grid_01837,1182.817626953125
grid_01838,1182.817626953125
grid_01839,1182.817626953125
grid_01840,1182.817626953125
grid_01841,1182.817626953125
grid_01842,1182.817626953125
grid_01843,1182.817626953125
grid_01844,1182.817626953125
grid_01845,1182.817626953125
grid_01846,1218.6378173828125
grid_01847,1218.6378173828125
grid_01848,1218.6378173828125
grid_01849,1218.6378173828125
grid_01850,1218.6378173828125
grid_01851,1182.817626953125
grid_01852,1182.817626953125
grid_01853,1182.817626953125
grid_01854,1234.2288818359375
grid_01855,1218.6378173828125
grid_01856,1218.6378173828125
grid_01857,1218.6378173828125
grid_01858,1218.6378173828125
grid_01859,1234.2288818359375
grid_01860,1218.6378173828125
grid_01861,1182.817626953125
grid_01862,1211.27783203125
grid_01863,1211.27783203125
grid_01864,1211.27783203125
grid_01865,1211.27783203125
grid_01866,1211.27783203125
grid_01867,1211.27783203125
grid_01868,1211.27783203125
grid_01869,1211.27783203125
grid_01870,1211.27783203125
grid_01871,1218.6378173828125
grid_01872,1218.6378173828125
grid_01873,1218.6378173828125
grid_01874,1218.6378173828125
grid_01875,1218.6378173828125
grid_01876,1218.6378173828125
grid_01877,1218.6378173828125
grid_01878,1218.6378173828125
grid_01879,1218.6378173828125
grid_01880,1218.6378173828125
grid_01881,1218.6378173828125
grid_01882,1218.6378173828125
grid_01883,1218.6378173828125
grid_01884,1218.6378173828125
grid_01885,1218.6378173828125
grid_01886,1218.6378173828125
grid_01887,1218.6378173828125
grid_01888,1218.6378173828125
grid_01889,1218.6378173828125
grid_01890,1218.6378173828125
grid_01891,1218.6378173828125
grid_01892,1218.6378173828125
grid_01893,1234.2288818359375
grid_01894,1218.6378173828125
grid_01895,1218.6378173828125
grid_01896,1218.6378173828125
grid_01897,1234.2288818359375
grid_01898,1218.6378173828125
grid_01899,1218.6378173828125
grid_01900,1218.6378173828125
grid_01901,1240.166015625
grid_01902,1240.166015625
grid_01903,1226.9862060546875
grid_01904,1256.00634765625
grid_01905,1256.00634765625
grid_01906,1246.282470703125
grid_01907,1256.00634765625
grid_01908,1246.282470703125
grid_01909,1256.00634765625
grid_01910,1246.282470703125
grid_01911,1290.0242919921875
grid_01912,1290.0242919921875
grid_01913,1290.0242919921875
grid_01914,1290.0242919921875
grid_01915,1256.00634765625
grid_01916,1290.0242919921875
grid_01917,1290.0242919921875
grid_01918,1290.0242919921875
grid_01919,1290.0242919921875
grid_01920,1256.00634765625
grid_01921,1361.1290283203125
grid_01922,1335.2359619140625
grid_01923,1361.1290283203125
grid_01924,1361.1290283203125
grid_01925,1335.2359619140625
grid_01926,1361.1290283203125
grid_01927,1335.2359619140625
grid_01928,1361.1290283203125
grid_01929,1265.7000732421875
grid_01930,1265.7000732421875
grid_01931,1335.2359619140625
grid_01932,1361.1290283203125
grid_01933,1265.7000732421875
grid_01934,1265.7000732421875
grid_01935,1265.7000732421875
grid_01936,1361.1290283203125
grid_01937,1335.2359619140625
grid_01938,1361.1290283203125
grid_01939,1265.7000732421875
grid_01940,1361.1290283203125
grid_01941,1265.7000732421875
grid_01942,1335.2359619140625
grid_01943,1335.2359619140625
grid_01944,1265.7000732421875
grid_01945,1361.1290283203125
grid_01946,1335.2359619140625
grid_01947,1361.1290283203125
grid_01948,1361.1290283203125
grid_01949,1335.2359619140625
grid_01950,1335.2359619140625
grid_01951,1256.00634765625
grid_01952,1246.282470703125
grid_01953,1256.00634765625
grid_01954,1256.00634765625
grid_01955,1256.00634765625
grid_01956,1246.282470703125
grid_01957,1246.282470703125
grid_01958,1256.00634765625
grid_01959,1256.00634765625
grid_01960,1256.00634765625
grid_01961,1290.0242919921875
grid_01962,1290.0242919921875
grid_01963,1290.0242919921875
grid_01964,1290.0242919921875
grid_01965,1290.0242919921875
grid_01966,1256.00634765625
grid_01967,1290.0242919921875
grid_01968,1290.0242919921875
grid_01969,1290.0242919921875
grid_01970,1290.0242919921875
grid_01971,1361.1290283203125
grid_01972,1265.7000732421875
grid_01973,1265.7000732421875
grid_01974,1361.1290283203125
grid_01975,1361.1290283203125
grid_01976,1361.1290283203125
grid_01977,1265.7000732421875
grid_01978,1361.1290283203125
grid_01979,1335.2359619140625
grid_01980,1361.1290283203125
grid_01981,1335.2359619140625
grid_01982,1265.7000732421875
grid_01983,1335.2359619140625
grid_01984,1335.2359619140625
grid_01985,1265.7000732421875
grid_01986,1361.1290283203125
grid_01987,1265.7000732421875
grid_01988,1361.1290283203125
grid_01989,1361.1290283203125
grid_01990,1335.2359619140625
grid_01991,1265.7000732421875
grid_01992,1361.1290283203125
grid_01993,1361.1290283203125
grid_01994,1361.1290283203125
grid_01995,1361.1290283203125
grid_01996,1335.2359619140625
grid_01997,1265.7000732421875
grid_01998,1335.2359619140625
grid_01999,1335.2359619140625
grid_02000,1335.2359619140625
grid_02001,1250.102294921875
grid_02002,1246.282470703125
grid_02003,1246.282470703125
grid_02004,1250.102294921875
grid_02005,1246.282470703125
grid_02006,1246.282470703125
grid_02007,1246.282470703125
grid_02008,1246.282470703125
grid_02009,1250.102294921875
grid_02010,1250.102294921875
grid_02011,1250.102294921875
grid_02012,1250.102294921875
grid_02013,1262.09423828125
grid_02014,1250.102294921875
grid_02015,1262.09423828125
grid_02016,1262.09423828125
grid_02017,1262.09423828125
grid_02018,1250.102294921875
grid_02019,1250.102294921875
grid_02020,1262.09423828125
grid_02021,1262.09423828125
grid_02022,1234.2288818359375
grid_02023,1234.2288818359375
grid_02024,1234.2288818359375
grid_02025,1262.09423828125
grid_02026,1262.09423828125
grid_02027,1234.2288818359375
grid_02028,1234.2288818359375
grid_02029,1262.09423828125
grid_02030,1262.09423828125
grid_02031,1246.282470703125
grid_02032,1246.282470703125
grid_02033,1246.282470703125
grid_02034,1250.102294921875
grid_02035,1250.102294921875
grid_02036,1246.282470703125
grid_02037,1246.282470703125
grid_02038,1246.282470703125
grid_02039,1250.102294921875
grid_02040,1250.102294921875
grid_02041,1262.09423828125
grid_02042,1250.102294921875
grid_02043,1262.09423828125
grid_02044,1250.102294921875
grid_02045,1250.102294921875
grid_02046,1250.102294921875
grid_02047,1262.09423828125
grid_02048,1262.09423828125
grid_02049,1345.1253662109375
grid_02050,1314.1385498046875
grid_02051,1234.2288818359375
grid_02052,1234.2288818359375
grid_02053,1296.626220703125
grid_02054,1345.1253662109375
grid_02055,1296.626220703125
grid_02056,1345.1253662109375
grid_02057,1296.626220703125
grid_02058,1296.626220703125
grid_02059,1345.1253662109375
grid_02060,1345.1253662109375
grid_02061,1314.1385498046875
grid_02062,1314.1385498046875
grid_02063,1345.1253662109375
grid_02064,1345.1253662109375
grid_02065,1345.1253662109375
grid_02066,1345.1253662109375
grid_02067,1314.1385498046875
grid_02068,1314.1385498046875
grid_02069,1314.1385498046875
grid_02070,1345.1253662109375
grid_02071,1314.1385498046875
grid_02072,1324.3973388671875
grid_02073,1324.3973388671875
grid_02074,1324.3973388671875
grid_02075,1314.1385498046875
grid_02076,1324.3973388671875
grid_02077,1314.1385498046875
grid_02078,1324.3973388671875
grid_02079,1314.1385498046875
grid_02080,1324.3973388671875
grid_02081,1296.626220703125
grid_02082,1296.626220703125
grid_02083,1296.626220703125
grid_02084,1296.626220703125
grid_02085,1296.626220703125
grid_02086,1345.1253662109375
grid_02087,1345.1253662109375
grid_02088,1296.626220703125
grid_02089,1296.626220703125
grid_02090,1345.1253662109375
grid_02091,1345.1253662109375
grid_02092,1345.1253662109375
grid_02093,1314.1385498046875
grid_02094,1345.1253662109375
grid_02095,1314.1385498046875
grid_02096,1314.1385498046875
grid_02097,1314.1385498046875
grid_02098,1345.1253662109375
grid_02099,1314.1385498046875
grid_02100,1314.1385498046875
grid_02101,1290.0242919921875
grid_02102,1290.0242919921875
grid_02103,1256.00634765625
grid_02104,1290.0242919921875
grid_02105,1290.0242919921875
grid_02106,1290.0242919921875
grid_02107,1290.0242919921875
grid_02108,1290.0242919921875
grid_02109,1256.00634765625
grid_02110,1377.3621826171875
grid_02111,1246.282470703125
grid_02112,1246.282470703125
grid_02113,1256.00634765625
grid_02114,1256.00634765625
grid_02115,1246.282470703125
grid_02116,1246.282470703125
grid_02117,1256.00634765625
grid_02118,1256.00634765625
grid_02119,1333.91162109375
grid_02120,1333.91162109375
grid_02121,1265.7000732421875
grid_02122,1361.1290283203125
grid_02123,1361.1290283203125
grid_02124,1335.2359619140625
grid_02125,1265.7000732421875
grid_02126,1265.7000732421875
grid_02127,1265.7000732421875
grid_02128,1388.2298583984375
grid_02129,1391.755859375
grid_02130,1352.5418701171875
grid_02131,1391.755859375
grid_02132,1352.5418701171875
grid_02133,1391.755859375
grid_02134,1352.5418701171875
grid_02135,1352.5418701171875
grid_02136,1391.755859375
grid_02137,1388.2298583984375
grid_02138,1388.2298583984375
grid_02139,1388.2298583984375
grid_02140,1391.755859375
grid_02141,1352.5418701171875
grid_02142,1391.755859375
grid_02143,1391.755859375
grid_02144,1388.2298583984375
grid_02145,1391.755859375
grid_02146,1352.5418701171875
grid_02147,1391.755859375
grid_02148,1388.2298583984375
grid_02149,1352.5418701171875
grid_02150,1391.755859375
grid_02151,1377.3621826171875
grid_02152,1377.3621826171875
grid_02153,1377.3621826171875
grid_02154,1377.3621826171875
grid_02155,1333.91162109375
grid_02156,1377.3621826171875
grid_02157,1377.3621826171875
grid_02158,1377.3621826171875
grid_02159,1377.3621826171875
grid_02160,1377.3621826171875
grid_02161,1324.3973388671875
grid_02162,1324.3973388671875
grid_02163,1333.91162109375
grid_02164,1333.91162109375
grid_02165,1324.3973388671875
grid_02166,1324.3973388671875
grid_02167,1333.91162109375
grid_02168,1333.91162109375
grid_02169,1324.3973388671875
grid_02170,1333.91162109375
grid_02171,1388.2298583984375
grid_02172,1352.5418701171875
grid_02173,1352.5418701171875
grid_02174,1352.5418701171875
grid_02175,1391.755859375
grid_02176,1388.2298583984375
grid_02177,1352.5418701171875
grid_02178,1388.2298583984375
grid_02179,1352.5418701171875
grid_02180,1352.5418701171875
grid_02181,1333.91162109375
grid_02182,1333.91162109375
grid_02183,1377.3621826171875
grid_02184,1377.3621826171875
grid_02185,1377.3621826171875
grid_02186,1377.3621826171875
grid_02187,1377.3621826171875
grid_02188,1333.91162109375
grid_02189,1377.3621826171875
grid_02190,1377.3621826171875
grid_02191,1391.755859375
grid_02192,1352.5418701171875
grid_02193,1388.2298583984375
grid_02194,1391.755859375
grid_02195,1352.5418701171875
grid_02196,1391.755859375
grid_02197,1391.755859375
grid_02198,1391.755859375
grid_02199,1388.2298583984375
grid_02200,1352.5418701171875
grid_02201,1218.6378173828125
grid_02202,1218.6378173828125
grid_02203,1218.6378173828125
grid_02204,1218.6378173828125
grid_02205,1218.6378173828125
grid_02206,1218.6378173828125
grid_02207,1218.6378173828125
grid_02208,1218.6378173828125
grid_02209,1218.6378173828125
grid_02210,1218.6378173828125
grid_02211,1211.27783203125
grid_02212,1211.27783203125
grid_02213,1211.27783203125
grid_02214,1211.27783203125
grid_02215,1211.27783203125
grid_02216,1211.27783203125
grid_02217,1211.27783203125
grid_02218,1211.27783203125
grid_02219,1211.27783203125
grid_02220,1139.4053955078125
grid_02221,1188.3446044921875
grid_02222,1211.27783203125
grid_02223,1190.4290771484375
grid_02224,1190.4290771484375
grid_02225,1190.4290771484375
grid_02226,1188.3446044921875
grid_02227,1190.4290771484375
grid_02228,1190.4290771484375
grid_02229,1188.3446044921875
grid_02230,1190.4290771484375
grid_02231,1218.6378173828125
grid_02232,1218.6378173828125
grid_02233,1234.2288818359375
grid_02234,1243.452880859375
grid_02235,1243.452880859375
grid_02236,1243.452880859375
grid_02237,1296.626220703125
grid_02238,1243.452880859375
grid_02239,1243.452880859375
grid_02240,1296.626220703125
grid_02241,1243.452880859375
grid_02242,1243.452880859375
grid_02243,1243.452880859375
grid_02244,1243.452880859375
grid_02245,1243.452880859375
grid_02246,1243.452880859375
grid_02247,1243.452880859375
grid_02248,1243.452880859375
grid_02249,1243.452880859375
grid_02250,1243.452880859375
grid_02251,1190.4290771484375
grid_02252,1190.4290771484375
grid_02253,1190.4290771484375
grid_02254,1190.4290771484375
grid_02255,1188.3446044921875
grid_02256,1188.3446044921875
grid_02257,1188.3446044921875
grid_02258,1190.4290771484375
grid_02259,1190.4290771484375
grid_02260,1190.4290771484375
grid_02261,1243.452880859375
grid_02262,1243.452880859375
grid_02263,1243.452880859375
grid_02264,1243.452880859375
grid_02265,1243.452880859375
grid_02266,1243.452880859375
grid_02267,1243.452880859375
grid_02268,1243.452880859375
grid_02269,1243.452880859375
grid_02270,1243.452880859375
grid_02271,1188.3446044921875
grid_02272,1188.3446044921875
grid_02273,1188.3446044921875
grid_02274,1188.3446044921875
grid_02275,1188.3446044921875
grid_02276,1188.3446044921875
grid_02277,1188.3446044921875
grid_02278,1188.3446044921875
grid_02279,1098.9775390625
grid_02280,1098.9775390625
grid_02281,1190.4290771484375
grid_02282,1190.4290771484375
grid_02283,1188.3446044921875
grid_02284,1190.4290771484375
grid_02285,1190.4290771484375
grid_02286,1190.4290771484375
grid_02287,1190.4290771484375
grid_02288,1190.4290771484375
grid_02289,1188.3446044921875
grid_02290,1188.3446044921875
grid_02291,1243.452880859375
grid_02292,1243.452880859375
grid_02293,1296.626220703125
grid_02294,1243.452880859375
grid_02295,1243.452880859375
grid_02296,1243.452880859375
grid_02297,1296.626220703125
grid_02298,1243.452880859375
grid_02299,1243.452880859375
grid_02300,1243.452880859375
grid_02301,1333.91162109375
grid_02302,1324.3973388671875
grid_02303,1333.91162109375
grid_02304,1333.91162109375
grid_02305,1324.3973388671875
grid_02306,1333.91162109375
grid_02307,1333.91162109375
grid_02308,1324.3973388671875
grid_02309,1333.91162109375
grid_02310,1333.91162109375
grid_02311,1391.755859375
grid_02312,1352.5418701171875
grid_02313,1352.5418701171875
grid_02314,1391.755859375
grid_02315,1391.755859375
grid_02316,1352.5418701171875
grid_02317,1391.755859375
grid_02318,1388.2298583984375
grid_02319,1352.5418701171875
grid_02320,1391.755859375
grid_02321,1377.3621826171875
grid_02322,1377.3621826171875
grid_02323,1377.3621826171875
grid_02324,1377.3621826171875
grid_02325,1377.3621826171875
grid_02326,1377.3621826171875
grid_02327,1377.3621826171875
grid_02328,1377.3621826171875
grid_02329,1333.91162109375
grid_02330,1379.9818115234375
grid_02331,1388.2298583984375
grid_02332,1352.5418701171875
grid_02333,1391.755859375
grid_02334,1352.5418701171875
grid_02335,1391.755859375
grid_02336,1352.5418701171875
grid_02337,1391.755859375
grid_02338,1388.2298583984375
grid_02339,1352.5418701171875
grid_02340,1391.755859375
grid_02341,1352.5418701171875
grid_02342,1358.2510986328125
grid_02343,1409.5255126953125
grid_02344,1375.6737060546875
grid_02345,1409.5255126953125
grid_02346,1375.6737060546875
grid_02347,1409.5255126953125
grid_02348,1409.5255126953125
grid_02349,1375.6737060546875
grid_02350,1375.6737060546875
grid_02351,1324.3973388671875
grid_02352,1324.3973388671875
grid_02353,1333.91162109375
grid_02354,1288.263916015625
grid_02355,1288.263916015625
grid_02356,1312.2352294921875
grid_02357,1312.2352294921875
grid_02358,1288.263916015625
grid_02359,1288.263916015625
grid_02360,1288.263916015625
grid_02361,1375.6737060546875
grid_02362,1358.2510986328125
grid_02363,1409.5255126953125
grid_02364,1409.5255126953125
grid_02365,1409.5255126953125
grid_02366,1409.5255126953125
grid_02367,1375.6737060546875
grid_02368,1375.6737060546875
grid_02369,1375.6737060546875
grid_02370,1358.2510986328125
grid_02371,1379.9818115234375
grid_02372,1379.9818115234375
grid_02373,1288.263916015625
grid_02374,1379.9818115234375
grid_02375,1379.9818115234375
grid_02376,1379.9818115234375
grid_02377,1379.9818115234375
grid_02378,1379.9818115234375
grid_02379,1379.9818115234375
grid_02380,1379.9818115234375
grid_02381,1288.263916015625
grid_02382,1312.2352294921875
grid_02383,1312.2352294921875
grid_02384,1288.263916015625
grid_02385,1288.263916015625
grid_02386,1288.263916015625
grid_02387,1288.263916015625
grid_02388,1312.2352294921875
grid_02389,1312.2352294921875
grid_02390,1288.263916015625
grid_02391,1379.9818115234375
grid_02392,1379.9818115234375
grid_02393,1379.9818115234375
grid_02394,1379.9818115234375
grid_02395,1379.9818115234375
grid_02396,1379.9818115234375
grid_02397,1379.9818115234375
grid_02398,1379.9818115234375
grid_02399,1379.9818115234375
grid_02400,1379.9818115234375
grid_02401,1324.3973388671875
grid_02402,1324.3973388671875
grid_02403,1324.3973388671875
grid_02404,1314.1385498046875
grid_02405,1314.1385498046875
grid_02406,1324.3973388671875
grid_02407,1314.1385498046875
grid_02408,1324.3973388671875
grid_02409,1324.3973388671875
grid_02410,1314.1385498046875
grid_02411,1296.626220703125
grid_02412,1345.1253662109375
grid_02413,1296.626220703125
grid_02414,1296.626220703125
grid_02415,1345.1253662109375
grid_02416,1345.1253662109375
grid_02417,1345.1253662109375
grid_02418,1296.626220703125
grid_02419,1348.4793701171875
grid_02420,1305.8519287109375
grid_02421,1345.1253662109375
grid_02422,1345.1253662109375
grid_02423,1345.1253662109375
grid_02424,1345.1253662109375
grid_02425,1314.1385498046875
grid_02426,1314.1385498046875
grid_02427,1314.1385498046875
grid_02428,1348.4793701171875
grid_02429,1348.4793701171875
grid_02430,1250.459228515625
grid_02431,1324.3973388671875
grid_02432,1324.3973388671875
grid_02433,1314.1385498046875
grid_02434,1324.3973388671875
grid_02435,1314.1385498046875
grid_02436,1312.2352294921875
grid_02437,1250.459228515625
grid_02438,1312.2352294921875
grid_02439,1312.2352294921875
grid_02440,1250.459228515625
grid_02441,1348.4793701171875
grid_02442,1305.8519287109375
grid_02443,1348.4793701171875
grid_02444,1305.8519287109375
grid_02445,1305.8519287109375
grid_02446,1348.4793701171875
grid_02447,1348.4793701171875
grid_02448,1305.8519287109375
grid_02449,1305.8519287109375
grid_02450,1348.4793701171875
grid_02451,1250.459228515625
grid_02452,1250.459228515625
grid_02453,1348.4793701171875
grid_02454,1250.459228515625
grid_02455,1250.459228515625
grid_02456,1250.459228515625
grid_02457,1348.4793701171875
grid_02458,1348.4793701171875
grid_02459,1250.459228515625
grid_02460,1250.459228515625
grid_02461,1250.459228515625
grid_02462,1250.459228515625
grid_02463,1312.2352294921875
grid_02464,1312.2352294921875
grid_02465,1312.2352294921875
grid_02466,1250.459228515625
grid_02467,1312.2352294921875
grid_02468,1312.2352294921875
grid_02469,1250.459228515625
grid_02470,1312.2352294921875
grid_02471,1265.8973388671875
grid_02472,1305.8519287109375
grid_02473,1265.8973388671875
grid_02474,1265.8973388671875
grid_02475,1265.8973388671875
grid_02476,1305.8519287109375
grid_02477,1305.8519287109375
grid_02478,1265.8973388671875
grid_02479,1305.8519287109375
grid_02480,1265.8973388671875
grid_02481,1305.8519287109375
grid_02482,1305.8519287109375
grid_02483,1348.4793701171875
grid_02484,1348.4793701171875
grid_02485,1348.4793701171875
grid_02486,1305.8519287109375
grid_02487,1348.4793701171875
grid_02488,1305.8519287109375
grid_02489,1348.4793701171875
grid_02490,1348.4793701171875
grid_02491,1250.459228515625
grid_02492,1348.4793701171875
grid_02493,1348.4793701171875
grid_02494,1250.459228515625
grid_02495,1250.459228515625
grid_02496,1348.4793701171875
grid_02497,1250.459228515625
grid_02498,1348.4793701171875
grid_02499,1348.4793701171875
grid_02500,1250.459228515625
grid_02501,1243.452880859375
grid_02502,1243.452880859375
grid_02503,1243.452880859375
grid_02504,1243.452880859375
grid_02505,1243.452880859375
grid_02506,1243.452880859375
grid_02507,1243.452880859375
grid_02508,1243.452880859375
grid_02509,1243.452880859375
grid_02510,1243.452880859375
grid_02511,1243.452880859375
grid_02512,1243.452880859375
grid_02513,1243.452880859375
grid_02514,1243.452880859375
grid_02515,1243.452880859375
grid_02516,1265.8973388671875
grid_02517,1265.8973388671875
grid_02518,1265.8973388671875
grid_02519,1265.8973388671875
grid_02520,1265.8973388671875
grid_02521,1190.4290771484375
grid_02522,1190.4290771484375
grid_02523,1190.4290771484375
grid_02524,1190.4290771484375
grid_02525,1188.3446044921875
grid_02526,1190.4290771484375
grid_02527,1188.3446044921875
grid_02528,1200.636962890625
grid_02529,1200.636962890625
grid_02530,1200.636962890625
grid_02531,1243.452880859375
grid_02532,1296.626220703125
grid_02533,1243.452880859375
grid_02534,1265.8973388671875
grid_02535,1305.8519287109375
grid_02536,1265.8973388671875
grid_02537,1265.8973388671875
grid_02538,1265.8973388671875
grid_02539,1305.8519287109375
grid_02540,1265.8973388671875
grid_02541,1183.6065673828125
grid_02542,1183.6065673828125
grid_02543,1200.636962890625
grid_02544,1200.636962890625
grid_02545,1183.6065673828125
grid_02546,1183.6065673828125
grid_02547,1200.636962890625
grid_02548,1200.636962890625
grid_02549,1200.636962890625
grid_02550,1200.636962890625
grid_02551,1265.8973388671875
grid_02552,1265.8973388671875
grid_02553,1265.8973388671875
grid_02554,1265.8973388671875
grid_02555,1265.8973388671875
grid_02556,1265.8973388671875
grid_02557,1265.8973388671875
grid_02558,1265.8973388671875
grid_02559,1265.8973388671875
grid_02560,1265.8973388671875
grid_02561,1200.636962890625
grid_02562,1200.636962890625
grid_02563,1183.6065673828125
grid_02564,1183.6065673828125
grid_02565,1200.636962890625
grid_02566,1200.636962890625
grid_02567,1200.636962890625
grid_02568,1200.636962890625
grid_02569,1183.6065673828125
grid_02570,1183.6065673828125
grid_02571,1265.8973388671875
grid_02572,1265.8973388671875
grid_02573,1265.8973388671875
grid_02574,1265.8973388671875
grid_02575,1265.8973388671875
grid_02576,1265.8973388671875
grid_02577,1265.8973388671875
grid_02578,1265.8973388671875
grid_02579,1265.8973388671875
grid_02580,1265.8973388671875
grid_02581,1265.8973388671875
grid_02582,1265.8973388671875
grid_02583,1265.8973388671875
grid_02584,1265.8973388671875
grid_02585,1265.8973388671875
grid_02586,1265.8973388671875
grid_02587,1265.8973388671875
grid_02588,1265.8973388671875
grid_02589,1265.8973388671875
grid_02590,1265.8973388671875
grid_02591,1200.636962890625
grid_02592,1200.636962890625
grid_02593,1200.636962890625
grid_02594,1200.636962890625
grid_02595,1200.636962890625
grid_02596,1200.636962890625
grid_02597,1183.6065673828125
grid_02598,1200.636962890625
grid_02599,1200.636962890625
grid_02600,1200.636962890625
grid_02601,1375.6737060546875
grid_02602,1409.5255126953125
grid_02603,1375.6737060546875
grid_02604,1409.5255126953125
grid_02605,1409.5255126953125
grid_02606,1409.5255126953125
grid_02607,1409.5255126953125
grid_02608,1409.5255126953125
grid_02609,1379.9818115234375
grid_02610,1379.9818115234375
grid_02611,1288.263916015625
grid_02612,1288.263916015625
grid_02613,1288.263916015625
grid_02614,1312.2352294921875
grid_02615,1312.2352294921875
grid_02616,1288.263916015625
grid_02617,1312.2352294921875
grid_02618,1288.263916015625
grid_02619,1312.2352294921875
grid_02620,1288.263916015625
grid_02621,1288.263916015625
grid_02622,1288.263916015625
grid_02623,1434.43994140625
grid_02624,1478.8836669921875
grid_02625,1434.43994140625
grid_02626,1434.43994140625
grid_02627,1434.43994140625
grid_02628,1478.8836669921875
grid_02629,1478.8836669921875
grid_02630,1478.8836669921875
grid_02631,1379.9818115234375
grid_02632,1379.9818115234375
grid_02633,1379.9818115234375
grid_02634,1379.9818115234375
grid_02635,1399.7926025390625
grid_02636,1399.7926025390625
grid_02637,1399.7926025390625
grid_02638,1399.7926025390625
grid_02639,1399.7926025390625
grid_02640,1399.7926025390625
grid_02641,1434.43994140625
grid_02642,1434.43994140625
grid_02643,1434.43994140625
grid_02644,1434.43994140625
grid_02645,1434.43994140625
grid_02646,1434.43994140625
grid_02647,1434.43994140625
grid_02648,1434.43994140625
grid_02649,1478.8836669921875
grid_02650,1478.8836669921875
grid_02651,1399.7926025390625
grid_02652,1434.43994140625
grid_02653,1399.7926025390625
grid_02654,1399.7926025390625
grid_02655,1399.7926025390625
grid_02656,1399.7926025390625
grid_02657,1399.7926025390625
grid_02658,1434.43994140625
grid_02659,1399.7926025390625
grid_02660,1399.7926025390625
grid_02661,1478.8836669921875
grid_02662,1478.8836669921875
grid_02663,1369.2567138671875
grid_02664,1478.8836669921875
grid_02665,1369.2567138671875
grid_02666,1478.8836669921875
grid_02667,1369.2567138671875
grid_02668,1478.8836669921875
grid_02669,1369.2567138671875
grid_02670,1478.8836669921875
grid_02671,1478.8836669921875
grid_02672,1434.43994140625
grid_02673,1434.43994140625
grid_02674,1434.43994140625
grid_02675,1434.43994140625
grid_02676,1478.8836669921875
grid_02677,1478.8836669921875
grid_02678,1434.43994140625
grid_02679,1478.8836669921875
grid_02680,1434.43994140625
grid_02681,1399.7926025390625
grid_02682,1399.7926025390625
grid_02683,1446.533447265625
grid_02684,1446.533447265625
grid_02685,1399.7926025390625
grid_02686,1399.7926025390625
grid_02687,1526.6622314453125
grid_02688,1494.9609375
grid_02689,1494.9609375
grid_02690,1526.6622314453125
grid_02691,1434.43994140625
grid_02692,1399.7926025390625
grid_02693,1399.7926025390625
grid_02694,1399.7926025390625
grid_02695,1399.7926025390625
grid_02696,1399.7926025390625
grid_02697,1399.7926025390625
grid_02698,1399.7926025390625
grid_02699,1399.7926025390625
grid_02700,1494.9609375
grid_02701,1312.2352294921875
grid_02702,1312.2352294921875
grid_02703,1250.459228515625
grid_02704,1250.459228515625
grid_02705,1312.2352294921875
grid_02706,1312.2352294921875
grid_02707,1312.2352294921875
grid_02708,1312.2352294921875
grid_02709,1250.459228515625
grid_02710,1250.459228515625
grid_02711,1265.8973388671875
grid_02712,1305.8519287109375
grid_02713,1305.8519287109375
grid_02714,1265.8973388671875
grid_02715,1265.8973388671875
grid_02716,1265.8973388671875
grid_02717,1211.844970703125
grid_02718,1211.844970703125
grid_02719,1320.785888671875
grid_02720,1211.844970703125
grid_02721,1305.8519287109375
grid_02722,1348.4793701171875
grid_02723,1305.8519287109375
grid_02724,1348.4793701171875
grid_02725,1348.4793701171875
grid_02726,1320.785888671875
grid_02727,1472.2115478515625
grid_02728,1320.785888671875
grid_02729,1472.2115478515625
grid_02730,1472.2115478515625
grid_02731,1250.459228515625
grid_02732,1250.459228515625
grid_02733,1472.2115478515625
grid_02734,1369.2567138671875
grid_02735,1472.2115478515625
grid_02736,1369.2567138671875
grid_02737,1369.2567138671875
grid_02738,1472.2115478515625
grid_02739,1369.2567138671875
grid_02740,1472.2115478515625
grid_02741,1478.8836669921875
grid_02742,1478.8836669921875
grid_02743,1478.8836669921875
grid_02744,1369.2567138671875
grid_02745,1369.2567138671875
grid_02746,1478.8836669921875
grid_02747,1478.8836669921875
grid_02748,1369.2567138671875
grid_02749,1478.8836669921875
grid_02750,1369.2567138671875
grid_02751,1320.785888671875
grid_02752,1472.2115478515625
grid_02753,1472.2115478515625
grid_02754,1472.2115478515625
grid_02755,1320.785888671875
grid_02756,1320.785888671875
grid_02757,1320.785888671875
grid_02758,1472.2115478515625
grid_02759,1472.2115478515625
grid_02760,1472.2115478515625
grid_02761,1369.2567138671875
grid_02762,1369.2567138671875
grid_02763,1472.2115478515625
grid_02764,1369.2567138671875
grid_02765,1369.2567138671875
grid_02766,1472.2115478515625
grid_02767,1369.2567138671875
grid_02768,1472.2115478515625
grid_02769,1369.2567138671875
grid_02770,1369.2567138671875
grid_02771,1211.844970703125
grid_02772,1320.785888671875
grid_02773,1320.785888671875
grid_02774,1211.844970703125
grid_02775,1211.844970703125
grid_02776,1211.844970703125
grid_02777,1320.785888671875
grid_02778,1211.844970703125
grid_02779,1211.844970703125
grid_02780,1320.785888671875
grid_02781,1320.785888671875
grid_02782,1472.2115478515625
grid_02783,1472.2115478515625
grid_02784,1472.2115478515625
grid_02785,1320.785888671875
grid_02786,1320.785888671875
grid_02787,1320.785888671875
grid_02788,1472.2115478515625
grid_02789,1472.2115478515625
grid_02790,1472.2115478515625
grid_02791,1472.2115478515625
grid_02792,1369.2567138671875
grid_02793,1472.2115478515625
grid_02794,1369.2567138671875
grid_02795,1472.2115478515625
grid_02796,1369.2567138671875
grid_02797,1369.2567138671875
grid_02798,1450.9705810546875
grid_02799,1450.9705810546875
grid_02800,1496.0528564453125
grid_02801,1200.636962890625
grid_02802,1183.6065673828125
grid_02803,1283.0933837890625
grid_02804,1283.0933837890625
grid_02805,1283.0933837890625
grid_02806,1283.0933837890625
grid_02807,1283.0933837890625
grid_02808,1239.55322265625
grid_02809,1239.55322265625
grid_02810,1283.0933837890625
grid_02811,1211.844970703125
grid_02812,1211.844970703125
grid_02813,1211.844970703125
grid_02814,1211.844970703125
grid_02815,1211.844970703125
grid_02816,1211.844970703125
grid_02817,1211.844970703125
grid_02818,1211.844970703125
grid_02819,1211.844970703125
grid_02820,1211.844970703125
grid_02821,1320.785888671875
grid_02822,1211.844970703125
grid_02823,1211.844970703125
grid_02824,1320.785888671875
grid_02825,1320.785888671875
grid_02826,1211.844970703125
grid_02827,1211.844970703125
grid_02828,1211.844970703125
grid_02829,1320.785888671875
grid_02830,1320.785888671875
grid_02831,1211.844970703125
grid_02832,1211.844970703125
grid_02833,1211.844970703125
grid_02834,1211.844970703125
grid_02835,1211.844970703125
grid_02836,1211.844970703125
grid_02837,1211.844970703125
grid_02838,1211.844970703125
grid_02839,1211.844970703125
grid_02840,1211.844970703125
grid_02841,1283.0933837890625
grid_02842,1283.0933837890625
grid_02843,1283.0933837890625
grid_02844,1283.0933837890625
grid_02845,1239.55322265625
grid_02846,1239.55322265625
grid_02847,1283.0933837890625
grid_02848,1283.0933837890625
grid_02849,1283.0933837890625
grid_02850,1283.0933837890625
grid_02851,1239.55322265625
grid_02852,1283.0933837890625
grid_02853,1239.55322265625
grid_02854,1283.0933837890625
grid_02855,1283.0933837890625
grid_02856,1239.55322265625
grid_02857,1283.0933837890625
grid_02858,1283.0933837890625
grid_02859,1283.0933837890625
grid_02860,1239.55322265625
grid_02861,1211.844970703125
grid_02862,1211.844970703125
grid_02863,1211.844970703125
grid_02864,1211.844970703125
grid_02865,1211.844970703125
grid_02866,1211.844970703125
grid_02867,1211.844970703125
grid_02868,1211.844970703125
grid_02869,1211.844970703125
grid_02870,1211.844970703125
grid_02871,1211.844970703125
grid_02872,1211.844970703125
grid_02873,1211.844970703125
grid_02874,1211.844970703125
grid_02875,1211.844970703125
grid_02876,1250.335693359375
grid_02877,1250.335693359375
grid_02878,1250.335693359375
grid_02879,1250.335693359375
grid_02880,1250.335693359375
grid_02881,1283.0933837890625
grid_02882,1283.0933837890625
grid_02883,1239.55322265625
grid_02884,1283.0933837890625
grid_02885,1283.0933837890625
grid_02886,1283.0933837890625
grid_02887,1239.55322265625
grid_02888,1262.53125
grid_02889,1262.53125
grid_02890,1326.611328125
grid_02891,1262.53125
grid_02892,1262.53125
grid_02893,1262.53125
grid_02894,1326.611328125
grid_02895,1326.611328125
grid_02896,1262.53125
grid_02897,1262.53125
grid_02898,1262.53125
grid_02899,1262.53125
grid_02900,1326.611328125
grid_02901,1478.8836669921875
grid_02902,1369.2567138671875
grid_02903,1369.2567138671875
grid_02904,1478.8836669921875
grid_02905,1478.8836669921875
grid_02906,1512.524169921875
grid_02907,1450.9705810546875
grid_02908,1450.9705810546875
grid_02909,1512.524169921875
grid_02910,1512.524169921875
grid_02911,1434.43994140625
grid_02912,1510.7073974609375
grid_02913,1512.524169921875
grid_02914,1510.7073974609375
grid_02915,1512.524169921875
grid_02916,1510.7073974609375
grid_02917,1512.524169921875
grid_02918,1510.7073974609375
grid_02919,1512.524169921875
grid_02920,1512.524169921875
grid_02921,1494.9609375
grid_02922,1494.9609375
grid_02923,1494.9609375
grid_02924,1494.9609375
grid_02925,1494.9609375
grid_02926,1494.9609375
grid_02927,1494.9609375
grid_02928,1494.9609375
grid_02929,1494.9609375
grid_02930,1494.9609375
grid_02931,1494.9609375
grid_02932,1494.9609375
grid_02933,1494.9609375
grid_02934,1494.9609375
grid_02935,1494.9609375
grid_02936,1510.7073974609375
grid_02937,1494.9609375
grid_02938,1494.9609375
grid_02939,1494.9609375
grid_02940,1494.9609375
grid_02941,1510.7073974609375
grid_02942,1510.7073974609375
grid_02943,1512.524169921875
grid_02944,1510.7073974609375
grid_02945,1512.524169921875
grid_02946,1512.524169921875
grid_02947,1510.7073974609375
grid_02948,1510.7073974609375
grid_02949,1510.7073974609375
grid_02950,1512.524169921875
grid_02951,1526.6622314453125
grid_02952,1526.6622314453125
grid_02953,1526.6622314453125
grid_02954,1510.7073974609375
grid_02955,1558.6005859375
grid_02956,1558.6005859375
grid_02957,1510.7073974609375
grid_02958,1494.9609375
grid_02959,1494.9609375
grid_02960,1494.9609375
grid_02961,1653.0721435546875
grid_02962,1653.0721435546875
grid_02963,1653.0721435546875
grid_02964,1558.6005859375
grid_02965,1653.0721435546875
grid_02966,1653.0721435546875
grid_02967,1653.0721435546875
grid_02968,1653.0721435546875
grid_02969,1653.0721435546875
grid_02970,1188.3446044921875
grid_02971,1188.3446044921875
grid_02972,1098.9775390625
grid_02973,1098.9775390625
grid_02974,1188.3446044921875
grid_02975,1098.9775390625
grid_02976,1188.3446044921875
grid_02977,1183.6065673828125
grid_02978,1183.6065673828125
grid_02979,1182.961181640625
grid_02980,1182.961181640625
grid_02981,1182.961181640625
grid_02982,1182.961181640625
grid_02983,1183.6065673828125
grid_02984,1182.961181640625
grid_02985,1182.961181640625
grid_02986,1182.961181640625
grid_02987,1183.6065673828125
grid_02988,1183.6065673828125
grid_02989,1155.8941650390625
grid_02990,1182.961181640625
grid_02991,1183.6065673828125
grid_02992,1182.961181640625
grid_02993,1183.6065673828125
grid_02994,1155.8941650390625
grid_02995,1182.961181640625
grid_02996,1182.961181640625
grid_02997,1183.6065673828125
grid_02998,1182.961181640625
grid_02999,1182.961181640625
grid_03000,1155.8941650390625
grid_03001,1155.8941650390625
grid_03002,1155.8941650390625
grid_03003,1155.8941650390625
grid_03004,1155.8941650390625
grid_03005,1155.8941650390625
grid_03006,1155.8941650390625
grid_03007,1155.8941650390625
grid_03008,1155.8941650390625
grid_03009,1155.8941650390625
grid_03010,1182.961181640625
grid_03011,1155.8941650390625
grid_03012,1182.961181640625
grid_03013,1182.961181640625
grid_03014,1182.961181640625
grid_03015,1183.6065673828125
grid_03016,1183.6065673828125
grid_03017,1182.961181640625
grid_03018,1182.961181640625
grid_03019,1155.8941650390625
grid_03020,1183.6065673828125
grid_03021,1182.961181640625
grid_03022,1182.961181640625
grid_03023,1182.961181640625
grid_03024,1182.961181640625
grid_03025,1183.6065673828125
grid_03026,1182.961181640625
grid_03027,1147.0908203125
grid_03028,1142.0152587890625
grid_03029,1142.0152587890625
grid_03030,1141.558837890625
grid_03031,1141.558837890625
grid_03032,1155.8941650390625
grid_03033,1155.8941650390625
grid_03034,1158.6434326171875
grid_03035,1158.6434326171875
grid_03036,1147.0908203125
grid_03037,1147.0908203125
grid_03038,1147.0908203125
grid_03039,1158.6434326171875
grid_03040,1239.55322265625
grid_03041,1142.0152587890625
grid_03042,1239.55322265625
grid_03043,1142.0152587890625
grid_03044,1142.0152587890625
grid_03045,1142.0152587890625
grid_03046,1239.55322265625
grid_03047,1142.0152587890625
grid_03048,1142.0152587890625
grid_03049,1239.55322265625
grid_03050,1147.0908203125
grid_03051,1147.0908203125
grid_03052,1158.6434326171875
grid_03053,1147.0908203125
grid_03054,1147.0908203125
grid_03055,1147.0908203125
grid_03056,1158.6434326171875
grid_03057,1158.6434326171875
grid_03058,1147.0908203125
grid_03059,1147.0908203125
grid_03060,1158.6434326171875
grid_03061,1158.6434326171875
grid_03062,1158.6434326171875
grid_03063,1158.6434326171875
grid_03064,1152.15673828125
grid_03065,1152.15673828125
grid_03066,1158.6434326171875
grid_03067,1158.6434326171875
grid_03068,1152.15673828125
grid_03069,1158.6434326171875
grid_03070,1142.0152587890625
grid_03071,1142.0152587890625
grid_03072,1239.55322265625
grid_03073,1142.0152587890625
grid_03074,1142.0152587890625
grid_03075,1142.0152587890625
grid_03076,1239.55322265625
grid_03077,1142.0152587890625
grid_03078,1142.0152587890625
grid_03079,1142.0152587890625
grid_03080,1147.0908203125
grid_03081,1158.6434326171875
grid_03082,1158.6434326171875
grid_03083,1158.6434326171875
grid_03084,1147.0908203125
grid_03085,1147.0908203125
grid_03086,1147.0908203125
grid_03087,1147.0908203125
grid_03088,1147.0908203125
grid_03089,1147.0908203125
grid_03090,1158.6434326171875
grid_03091,1158.6434326171875
grid_03092,1147.0908203125
grid_03093,1158.6434326171875
grid_03094,1147.0908203125
grid_03095,1147.0908203125
grid_03096,1147.0908203125
grid_03097,1147.0908203125
grid_03098,1158.6434326171875
grid_03099,1147.0908203125
grid_03100,1239.55322265625
grid_03101,1142.0152587890625
grid_03102,1142.0152587890625
grid_03103,1142.0152587890625
grid_03104,1142.0152587890625
grid_03105,1239.55322265625
grid_03106,1142.0152587890625
grid_03107,1142.0152587890625
grid_03108,1239.55322265625
grid_03109,1142.0152587890625
grid_03110,1152.15673828125
grid_03111,1152.15673828125
grid_03112,1152.15673828125
grid_03113,1158.6434326171875
grid_03114,1158.6434326171875
grid_03115,1152.15673828125
grid_03116,1152.15673828125
grid_03117,1152.15673828125
grid_03118,1152.15673828125
grid_03119,1195.6500244140625
grid_03120,1158.6434326171875
grid_03121,1158.6434326171875
grid_03122,1147.0908203125
grid_03123,1288.0203857421875
grid_03124,1288.0203857421875
grid_03125,1236.9505615234375
grid_03126,1288.0203857421875
grid_03127,1236.9505615234375
grid_03128,1236.9505615234375
grid_03129,1288.0203857421875
grid_03130,1239.55322265625
grid_03131,1142.0152587890625
grid_03132,1142.0152587890625
grid_03133,1326.611328125
grid_03134,1326.611328125
grid_03135,1341.8812255859375
grid_03136,1341.8812255859375
grid_03137,1341.8812255859375
grid_03138,1341.8812255859375
grid_03139,1341.8812255859375
grid_03140,1236.9505615234375
grid_03141,1195.6500244140625
grid_03142,1195.6500244140625
grid_03143,1195.6500244140625
grid_03144,1236.9505615234375
grid_03145,1195.6500244140625
grid_03146,1195.6500244140625
grid_03147,1236.9505615234375
grid_03148,1195.6500244140625
grid_03149,1195.6500244140625
grid_03150,1288.0203857421875
grid_03151,1288.0203857421875
grid_03152,1288.0203857421875
grid_03153,1288.0203857421875
grid_03154,1236.9505615234375
grid_03155,1236.9505615234375
grid_03156,1236.9505615234375
grid_03157,1288.0203857421875
grid_03158,1288.0203857421875
grid_03159,1236.9505615234375
grid_03160,1326.611328125
grid_03161,1341.8812255859375
grid_03162,1326.611328125
grid_03163,1341.8812255859375
grid_03164,1341.8812255859375
grid_03165,1341.8812255859375
grid_03166,1341.8812255859375
grid_03167,1326.611328125
grid_03168,1341.8812255859375
grid_03169,1341.8812255859375
grid_03170,1195.6500244140625
grid_03171,1236.9505615234375
grid_03172,1195.6500244140625
grid_03173,1236.9505615234375
grid_03174,1195.6500244140625
grid_03175,1195.6500244140625
grid_03176,1236.9505615234375
grid_03177,1195.6500244140625
grid_03178,1195.6500244140625
grid_03179,1195.6500244140625
grid_03180,1236.9505615234375
grid_03181,1236.9505615234375
grid_03182,1288.0203857421875
grid_03183,1288.0203857421875
grid_03184,1288.0203857421875
grid_03185,1288.0203857421875
grid_03186,1288.0203857421875
grid_03187,1236.9505615234375
grid_03188,1236.9505615234375
grid_03189,1288.0203857421875
grid_03190,1195.6500244140625
grid_03191,1195.6500244140625
grid_03192,1236.9505615234375
grid_03193,1195.6500244140625
grid_03194,1195.6500244140625
grid_03195,1195.6500244140625
grid_03196,1236.9505615234375
grid_03197,1195.6500244140625
grid_03198,1236.9505615234375
grid_03199,1195.6500244140625
grid_03200,1288.0203857421875
grid_03201,1288.0203857421875
grid_03202,1288.0203857421875
grid_03203,1288.0203857421875
grid_03204,1236.9505615234375
grid_03205,1236.9505615234375
grid_03206,1288.0203857421875
grid_03207,1288.0203857421875
grid_03208,1288.0203857421875
grid_03209,1288.0203857421875
grid_03210,1341.8812255859375
grid_03211,1326.611328125
grid_03212,1341.8812255859375
grid_03213,1326.611328125
grid_03214,1341.8812255859375
grid_03215,1341.8812255859375
grid_03216,1341.8812255859375
grid_03217,1341.8812255859375
grid_03218,1317.2528076171875
grid_03219,1317.2528076171875
grid_03220,1236.9505615234375
grid_03221,1236.9505615234375
grid_03222,1288.0203857421875
grid_03223,1265.8095703125
grid_03224,1365.5780029296875
grid_03225,1365.5780029296875
grid_03226,1365.5780029296875
grid_03227,1365.5780029296875
grid_03228,1365.5780029296875
grid_03229,1265.8095703125
grid_03230,1195.6500244140625
grid_03231,1236.9505615234375
grid_03232,1167.542236328125
grid_03233,1195.6500244140625
grid_03234,1265.8095703125
grid_03235,1257.0728759765625
grid_03236,1257.0728759765625
grid_03237,1257.0728759765625
grid_03238,1257.0728759765625
grid_03239,1237.799072265625
grid_03240,1265.8095703125
grid_03241,1365.5780029296875
grid_03242,1265.8095703125
grid_03243,1365.5780029296875
grid_03244,1365.5780029296875
grid_03245,1265.8095703125
grid_03246,1365.5780029296875
grid_03247,1265.8095703125
grid_03248,1365.5780029296875
grid_03249,1265.8095703125
grid_03250,1265.8095703125
grid_03251,1257.0728759765625
grid_03252,1257.0728759765625
grid_03253,1257.0728759765625
grid_03254,1257.0728759765625
grid_03255,1237.799072265625
grid_03256,1265.8095703125
grid_03257,1265.8095703125
grid_03258,1257.0728759765625
grid_03259,1257.0728759765625
grid_03260,1317.2528076171875
grid_03261,1317.2528076171875
grid_03262,1317.2528076171875
grid_03263,1317.2528076171875
grid_03264,1317.2528076171875
grid_03265,1337.2589111328125
grid_03266,1337.2589111328125
grid_03267,1317.2528076171875
grid_03268,1317.2528076171875
grid_03269,1317.2528076171875
grid_03270,1167.542236328125
grid_03271,1167.542236328125
grid_03272,1167.542236328125
grid_03273,1167.542236328125
grid_03274,1167.542236328125
grid_03275,1167.542236328125
grid_03276,1167.542236328125
grid_03277,1123.7193603515625
grid_03278,1167.542236328125
grid_03279,1167.542236328125
grid_03280,1167.542236328125
grid_03281,1123.7193603515625
grid_03282,1167.542236328125
grid_03283,1167.542236328125
grid_03284,1123.7193603515625
grid_03285,1167.542236328125
grid_03286,1167.542236328125
grid_03287,1123.7193603515625
grid_03288,1167.542236328125
grid_03289,1123.7193603515625
grid_03290,1123.7193603515625
grid_03291,1123.7193603515625
grid_03292,1092.9652099609375
grid_03293,1123.7193603515625
grid_03294,1123.7193603515625
grid_03295,1123.7193603515625
grid_03296,1162.72021484375
grid_03297,1199.354736328125
grid_03298,1199.354736328125
grid_03299,1162.72021484375
grid_03300,1123.7193603515625
grid_03301,1167.542236328125
grid_03302,1167.542236328125
grid_03303,1167.542236328125
grid_03304,1199.354736328125
grid_03305,1237.799072265625
grid_03306,1237.799072265625
grid_03307,1237.799072265625
grid_03308,1199.354736328125
grid_03309,1237.799072265625
grid_03310,1162.72021484375
grid_03311,1199.354736328125
grid_03312,1162.72021484375
grid_03313,1162.72021484375
grid_03314,1199.354736328125
grid_03315,1162.72021484375
grid_03316,1199.354736328125
grid_03317,1199.354736328125
grid_03318,1162.72021484375
grid_03319,1199.354736328125
grid_03320,1237.799072265625
grid_03321,1237.799072265625
grid_03322,1237.799072265625
grid_03323,1199.354736328125
grid_03324,1199.354736328125
grid_03325,1237.799072265625
grid_03326,1199.354736328125
grid_03327,1237.799072265625
grid_03328,1237.799072265625
grid_03329,1199.354736328125
grid_03330,1162.72021484375
grid_03331,1162.72021484375
grid_03332,1162.72021484375
grid_03333,1162.72021484375
grid_03334,1162.72021484375
grid_03335,1162.72021484375
grid_03336,1162.72021484375
grid_03337,1162.72021484375
grid_03338,1162.72021484375
grid_03339,1162.72021484375
grid_03340,1162.72021484375
grid_03341,1162.72021484375
grid_03342,1199.354736328125
grid_03343,1199.354736328125
grid_03344,1162.72021484375
grid_03345,1162.72021484375
grid_03346,1199.354736328125
grid_03347,1162.72021484375
grid_03348,1199.354736328125
grid_03349,1199.354736328125
grid_03350,1237.799072265625
grid_03351,1237.799072265625
grid_03352,1237.799072265625
grid_03353,1199.354736328125
grid_03354,1199.354736328125
grid_03355,1237.799072265625
grid_03356,1237.799072265625
grid_03357,1237.799072265625
grid_03358,1237.799072265625
grid_03359,1237.799072265625
grid_03360,1162.72021484375
grid_03361,1162.72021484375
grid_03362,1162.72021484375
grid_03363,1162.72021484375
grid_03364,1162.72021484375
grid_03365,1162.72021484375
grid_03366,1162.72021484375
grid_03367,1162.72021484375
grid_03368,1162.72021484375
grid_03369,1162.72021484375
grid_03370,1365.5780029296875
grid_03371,1365.5780029296875
grid_03372,1265.8095703125
grid_03373,1365.5780029296875
grid_03374,1365.5780029296875
grid_03375,1365.5780029296875
grid_03376,1265.8095703125
grid_03377,1265.8095703125
grid_03378,1365.5780029296875
grid_03379,1365.5780029296875
grid_03380,1257.0728759765625
grid_03381,1257.0728759765625
grid_03382,1237.799072265625
grid_03383,1265.8095703125
grid_03384,1265.8095703125
grid_03385,1257.0728759765625
grid_03386,1265.8095703125
grid_03387,1257.0728759765625
grid_03388,1257.0728759765625
grid_03389,1257.0728759765625
grid_03390,1317.2528076171875
grid_03391,1337.2589111328125
grid_03392,1337.2589111328125
grid_03393,1317.2528076171875
grid_03394,1317.2528076171875
grid_03395,1317.2528076171875
grid_03396,1317.2528076171875
grid_03397,1317.2528076171875
grid_03398,1317.2528076171875
grid_03399,1337.2589111328125
grid_03400,1365.5780029296875
grid_03401,1365.5780029296875
grid_03402,1265.8095703125
grid_03403,1265.8095703125
grid_03404,1365.5780029296875
grid_03405,1265.8095703125
grid_03406,1365.5780029296875
grid_03407,1365.5780029296875
grid_03408,1365.5780029296875
grid_03409,1265.8095703125
grid_03410,1265.8095703125
grid_03411,1257.0728759765625
grid_03412,1257.0728759765625
grid_03413,1257.0728759765625
grid_03414,1265.8095703125
grid_03415,1265.8095703125
grid_03416,1257.0728759765625
grid_03417,1257.0728759765625
grid_03418,1257.0728759765625
grid_03419,1257.0728759765625
grid_03420,1337.2589111328125
grid_03421,1317.2528076171875
grid_03422,1317.2528076171875
grid_03423,1317.2528076171875
grid_03424,1317.2528076171875
grid_03425,1337.2589111328125
grid_03426,1337.2589111328125
grid_03427,1317.2528076171875
grid_03428,1317.2528076171875
grid_03429,1317.2528076171875
grid_03430,1365.5780029296875
grid_03431,1265.8095703125
grid_03432,1365.5780029296875
grid_03433,1365.5780029296875
grid_03434,1365.5780029296875
grid_03435,1365.5780029296875
grid_03436,1265.8095703125
grid_03437,1365.5780029296875
grid_03438,1265.8095703125
grid_03439,1265.8095703125
grid_03440,1365.5780029296875
grid_03441,1365.5780029296875
grid_03442,1265.8095703125
grid_03443,1365.5780029296875
grid_03444,1365.5780029296875
grid_03445,1365.5780029296875
grid_03446,1365.5780029296875
grid_03447,1265.8095703125
grid_03448,1265.8095703125
grid_03449,1365.5780029296875
grid_03450,1257.0728759765625
grid_03451,1265.8095703125
grid_03452,1265.8095703125
grid_03453,1257.0728759765625
grid_03454,1257.0728759765625
grid_03455,1257.0728759765625
grid_03456,1265.8095703125
grid_03457,1257.0728759765625
grid_03458,1265.8095703125
grid_03459,1265.8095703125
grid_03460,1317.2528076171875
grid_03461,1317.2528076171875
grid_03462,1337.2589111328125
grid_03463,1317.2528076171875
grid_03464,1317.2528076171875
grid_03465,1337.2589111328125
grid_03466,1317.2528076171875
grid_03467,1337.2589111328125
grid_03468,1317.2528076171875
grid_03469,1317.2528076171875
grid_03470,1199.354736328125
grid_03471,1199.354736328125
grid_03472,1162.72021484375
grid_03473,1199.354736328125
grid_03474,1162.72021484375
grid_03475,1162.72021484375
grid_03476,1199.354736328125
grid_03477,1162.72021484375
grid_03478,1162.72021484375
grid_03479,1199.354736328125
grid_03480,1199.354736328125
grid_03481,1199.354736328125
grid_03482,1237.799072265625
grid_03483,1237.799072265625
grid_03484,1237.799072265625
grid_03485,1237.799072265625
grid_03486,1237.799072265625
grid_03487,1237.799072265625
grid_03488,1199.354736328125
grid_03489,1237.799072265625
grid_03490,1199.354736328125
grid_03491,1237.799072265625
grid_03492,1237.799072265625
grid_03493,1199.354736328125
grid_03494,1237.799072265625
grid_03495,1237.799072265625
grid_03496,1199.354736328125
grid_03497,1237.799072265625
grid_03498,1237.799072265625
grid_03499,1237.799072265625
grid_03500,1162.72021484375
grid_03501,1162.72021484375
grid_03502,1162.72021484375
grid_03503,1162.72021484375
grid_03504,1162.72021484375
grid_03505,1162.72021484375
grid_03506,1162.72021484375
grid_03507,1162.72021484375
grid_03508,1162.72021484375
grid_03509,1162.72021484375
grid_03510,1162.72021484375
grid_03511,1199.354736328125
grid_03512,1199.354736328125
grid_03513,1199.354736328125
grid_03514,1162.72021484375
grid_03515,1162.72021484375
grid_03516,1162.72021484375
grid_03517,1199.354736328125
grid_03518,1199.354736328125
grid_03519,1162.72021484375
grid_03520,1162.72021484375
grid_03521,1162.72021484375
grid_03522,1162.72021484375
grid_03523,1162.72021484375
grid_03524,1162.72021484375
grid_03525,1162.72021484375
grid_03526,1162.72021484375
grid_03527,1162.72021484375
grid_03528,1162.72021484375
grid_03529,1162.72021484375
grid_03530,1237.799072265625
grid_03531,1237.799072265625
grid_03532,1237.799072265625
grid_03533,1199.354736328125
grid_03534,1237.799072265625
grid_03535,1199.354736328125
grid_03536,1237.799072265625
grid_03537,1237.799072265625
grid_03538,1237.799072265625
grid_03539,1199.354736328125
grid_03540,1162.72021484375
grid_03541,1162.72021484375
grid_03542,1199.354736328125
grid_03543,1199.354736328125
grid_03544,1199.354736328125
grid_03545,1199.354736328125
grid_03546,1162.72021484375
grid_03547,1162.72021484375
grid_03548,1162.72021484375
grid_03549,1199.354736328125
grid_03550,1162.72021484375
grid_03551,1162.72021484375
grid_03552,1162.72021484375
grid_03553,1162.72021484375
grid_03554,1162.72021484375
grid_03555,1162.72021484375
grid_03556,1162.72021484375
grid_03557,1162.72021484375
grid_03558,1162.72021484375
grid_03559,1162.72021484375
grid_03560,1237.799072265625
grid_03561,1199.354736328125
grid_03562,1237.799072265625
grid_03563,1237.799072265625
grid_03564,1237.799072265625
grid_03565,1237.799072265625
grid_03566,1237.799072265625
grid_03567,1199.354736328125
grid_03568,1237.799072265625
grid_03569,1199.354736328125
grid_03570,1337.2589111328125
grid_03571,1317.2528076171875
grid_03572,1317.2528076171875
grid_03573,1317.2528076171875
grid_03574,1317.2528076171875
grid_03575,1337.2589111328125
grid_03576,1317.2528076171875
grid_03577,1317.2528076171875
grid_03578,1317.2528076171875
grid_03579,1317.2528076171875
grid_03580,1257.0728759765625
grid_03581,1257.0728759765625
grid_03582,1257.0728759765625
grid_03583,1265.8095703125
grid_03584,1257.0728759765625
grid_03585,1257.0728759765625
grid_03586,1265.8095703125
grid_03587,1257.0728759765625
grid_03588,1265.8095703125
grid_03589,1257.0728759765625
grid_03590,1365.5780029296875
grid_03591,1265.8095703125
grid_03592,1265.8095703125
grid_03593,1265.8095703125
grid_03594,1365.5780029296875
grid_03595,1365.5780029296875
grid_03596,1365.5780029296875
grid_03597,1365.5780029296875
grid_03598,1265.8095703125
grid_03599,1265.8095703125
grid_03600,1265.8095703125
grid_03601,1365.5780029296875
grid_03602,1365.5780029296875
grid_03603,1365.5780029296875
grid_03604,1365.5780029296875
grid_03605,1365.5780029296875
grid_03606,1265.8095703125
grid_03607,1365.5780029296875
grid_03608,1365.5780029296875
grid_03609,1265.8095703125
grid_03610,1337.2589111328125
grid_03611,1317.2528076171875
grid_03612,1337.2589111328125
grid_03613,1317.2528076171875
grid_03614,1317.2528076171875
grid_03615,1337.2589111328125
grid_03616,1317.2528076171875
grid_03617,1317.2528076171875
grid_03618,1325.5821533203125
grid_03619,1325.5821533203125
grid_03620,1257.0728759765625
grid_03621,1257.0728759765625
grid_03622,1265.8095703125
grid_03623,1265.8095703125
grid_03624,1265.8095703125
grid_03625,1257.0728759765625
grid_03626,1257.0728759765625
grid_03627,1257.0728759765625
grid_03628,1359.3341064453125
grid_03629,1366.159912109375
grid_03630,1365.5780029296875
grid_03631,1365.5780029296875
grid_03632,1289.931640625
grid_03633,1289.931640625
grid_03634,1289.931640625
grid_03635,1359.3341064453125
grid_03636,1359.3341064453125
grid_03637,1289.931640625
grid_03638,1289.931640625
grid_03639,1289.931640625
grid_03640,1312.962890625
grid_03641,1325.5821533203125
grid_03642,1325.5821533203125
grid_03643,1312.962890625
grid_03644,1325.5821533203125
grid_03645,1312.962890625
grid_03646,1325.5821533203125
grid_03647,1325.5821533203125
grid_03648,1325.5821533203125
grid_03649,1325.5821533203125
grid_03650,1359.3341064453125
grid_03651,1366.159912109375
grid_03652,1359.3341064453125
grid_03653,1366.159912109375
grid_03654,1366.159912109375
grid_03655,1366.159912109375
grid_03656,1359.3341064453125
grid_03657,1359.3341064453125
grid_03658,1366.159912109375
grid_03659,1366.159912109375
grid_03660,1359.3341064453125
grid_03661,1289.931640625
grid_03662,1289.931640625
grid_03663,1289.931640625
grid_03664,1289.931640625
grid_03665,1359.3341064453125
grid_03666,1289.931640625
grid_03667,1359.3341064453125
grid_03668,1289.931640625
grid_03669,1359.3341064453125
grid_03670,1132.032470703125
grid_03671,1132.032470703125
grid_03672,1132.032470703125
grid_03673,1132.032470703125
grid_03674,1132.032470703125
grid_03675,1132.032470703125
grid_03676,1132.032470703125
grid_03677,1062.1375732421875
grid_03678,1132.032470703125
grid_03679,1062.1375732421875
grid_03680,1132.032470703125
grid_03681,1132.032470703125
grid_03682,1132.032470703125
grid_03683,1062.1375732421875
grid_03684,1062.1375732421875
grid_03685,1132.032470703125
grid_03686,1132.032470703125
grid_03687,1132.032470703125
grid_03688,1132.032470703125
grid_03689,1132.032470703125
grid_03690,1062.1375732421875
grid_03691,1062.1375732421875
grid_03692,1062.1375732421875
grid_03693,1062.1375732421875
grid_03694,1062.1375732421875
grid_03695,1062.1375732421875
grid_03696,1062.1375732421875
grid_03697,
grid_03698,
grid_03699,1062.1375732421875
grid_03700,1062.1375732421875
grid_03701,1132.032470703125
grid_03702,1132.032470703125
grid_03703,1062.1375732421875
grid_03704,1132.032470703125
grid_03705,1062.1375732421875
grid_03706,1132.032470703125
grid_03707,1132.032470703125
grid_03708,1132.032470703125
grid_03709,1062.1375732421875
grid_03710,1062.1375732421875
grid_03711,1062.1375732421875
grid_03712,1045.673095703125
grid_03713,1045.673095703125
grid_03714,1090.4635009765625
grid_03715,1045.673095703125
grid_03716,1090.4635009765625
grid_03717,1045.673095703125
grid_03718,1090.4635009765625
grid_03719,1045.673095703125
grid_03720,1150.1849365234375
grid_03721,1150.1849365234375
grid_03722,1150.1849365234375
grid_03723,1090.4635009765625
grid_03724,1150.1849365234375
grid_03725,1090.4635009765625
grid_03726,1150.1849365234375
grid_03727,1150.1849365234375
grid_03728,1150.1849365234375
grid_03729,1150.1849365234375
grid_03730,1045.673095703125
grid_03731,1045.673095703125
grid_03732,1090.4635009765625
grid_03733,1045.673095703125
grid_03734,1090.4635009765625
grid_03735,1090.4635009765625
grid_03736,1045.673095703125
grid_03737,1045.673095703125
grid_03738,1090.4635009765625
grid_03739,1045.673095703125
grid_03740,1090.4635009765625
grid_03741,1090.4635009765625
grid_03742,1150.1849365234375
grid_03743,1090.4635009765625
grid_03744,1090.4635009765625
grid_03745,1150.1849365234375
grid_03746,1150.1849365234375
grid_03747,1150.1849365234375
grid_03748,1150.1849365234375
grid_03749,1150.1849365234375
grid_03750,1045.673095703125
grid_03751,1090.4635009765625
grid_03752,1090.4635009765625
grid_03753,1090.4635009765625
grid_03754,1045.673095703125
grid_03755,1045.673095703125
grid_03756,1090.4635009765625
grid_03757,1045.673095703125
grid_03758,1045.673095703125
grid_03759,1090.4635009765625
grid_03760,1045.673095703125
grid_03761,1045.673095703125
grid_03762,1045.673095703125
grid_03763,991.701416015625
grid_03764,991.701416015625
grid_03765,1045.673095703125
grid_03766,991.701416015625
grid_03767,991.701416015625
grid_03768,991.701416015625
grid_03769,1095.6768798828125
grid_03770,1199.354736328125
grid_03771,1162.72021484375
grid_03772,1199.354736328125
grid_03773,1162.72021484375
grid_03774,1162.72021484375
grid_03775,1199.354736328125
grid_03776,1217.1639404296875
grid_03777,1183.9869384765625
grid_03778,1217.1639404296875
grid_03779,1183.9869384765625
grid_03780,1132.032470703125
grid_03781,1162.72021484375
grid_03782,1162.72021484375
grid_03783,1162.72021484375
grid_03784,1162.72021484375
grid_03785,1183.9869384765625
grid_03786,1150.1849365234375
grid_03787,1183.9869384765625
grid_03788,1183.9869384765625
grid_03789,1183.9869384765625
grid_03790,1237.799072265625
grid_03791,1309.7274169921875
grid_03792,1309.7274169921875
grid_03793,1309.7274169921875
grid_03794,1217.1639404296875
grid_03795,1309.7274169921875
grid_03796,1217.1639404296875
grid_03797,1309.7274169921875
grid_03798,1309.7274169921875
grid_03799,1217.1639404296875
grid_03800,1183.9869384765625
grid_03801,1217.1639404296875
grid_03802,1183.9869384765625
grid_03803,1217.1639404296875
grid_03804,1217.1639404296875
grid_03805,1183.9869384765625
grid_03806,1183.9869384765625
grid_03807,1217.1639404296875
grid_03808,1217.1639404296875
grid_03809,1183.9869384765625
grid_03810,1183.9869384765625
grid_03811,1183.9869384765625
grid_03812,1150.1849365234375
grid_03813,1183.9869384765625
grid_03814,1183.9869384765625
grid_03815,1183.9869384765625
grid_03816,1183.9869384765625
grid_03817,1183.9869384765625
grid_03818,1183.9869384765625
grid_03819,1183.9869384765625
grid_03820,1309.7274169921875
grid_03821,1309.7274169921875
grid_03822,1217.1639404296875
grid_03823,1309.7274169921875
grid_03824,1309.7274169921875
grid_03825,1309.7274169921875
grid_03826,1309.7274169921875
grid_03827,1217.1639404296875
grid_03828,1309.7274169921875
grid_03829,1309.7274169921875
grid_03830,1183.9869384765625
grid_03831,1183.9869384765625
grid_03832,1217.1639404296875
grid_03833,1217.1639404296875
grid_03834,1183.9869384765625
grid_03835,1217.1639404296875
grid_03836,1183.9869384765625
grid_03837,1217.1639404296875
grid_03838,1183.9869384765625
grid_03839,1217.1639404296875
grid_03840,1183.9869384765625
grid_03841,1183.9869384765625
grid_03842,1183.9869384765625
grid_03843,1150.1849365234375
grid_03844,1183.9869384765625
grid_03845,1183.9869384765625
grid_03846,1183.9869384765625
grid_03847,1183.9869384765625
grid_03848,1183.9869384765625
grid_03849,1183.9869384765625
grid_03850,1309.7274169921875
grid_03851,1217.1639404296875
grid_03852,1309.7274169921875
grid_03853,1309.7274169921875
grid_03854,1217.1639404296875
grid_03855,1309.7274169921875
grid_03856,1309.7274169921875
grid_03857,1309.7274169921875
grid_03858,1217.1639404296875
grid_03859,1309.7274169921875
grid_03860,1183.9869384765625
grid_03861,1183.9869384765625
grid_03862,1150.1849365234375
grid_03863,1183.9869384765625
grid_03864,1183.9869384765625
grid_03865,1183.9869384765625
grid_03866,1183.9869384765625
grid_03867,1183.9869384765625
grid_03868,1183.9869384765625
grid_03869,1150.1849365234375
grid_03870,1312.962890625
grid_03871,1325.5821533203125
grid_03872,1325.5821533203125
grid_03873,1325.5821533203125
grid_03874,1325.5821533203125
grid_03875,1312.962890625
grid_03876,1325.5821533203125
grid_03877,1312.962890625
grid_03878,1325.5821533203125
grid_03879,1325.5821533203125
grid_03880,1366.159912109375
grid_03881,1359.3341064453125
grid_03882,1359.3341064453125
grid_03883,1359.3341064453125
grid_03884,1366.159912109375
grid_03885,1366.159912109375
grid_03886,1366.159912109375
grid_03887,1366.159912109375
grid_03888,1359.3341064453125
grid_03889,1359.3341064453125
grid_03890,1289.931640625
grid_03891,1289.931640625
grid_03892,1289.931640625
grid_03893,1289.931640625
grid_03894,1289.931640625
grid_03895,1359.3341064453125
grid_03896,1359.3341064453125
grid_03897,1289.931640625
grid_03898,1289.931640625
grid_03899,1289.931640625
grid_03900,1359.3341064453125
grid_03901,1366.159912109375
grid_03902,1366.159912109375
grid_03903,1366.159912109375
grid_03904,1359.3341064453125
grid_03905,1366.159912109375
grid_03906,1359.3341064453125
grid_03907,1366.159912109375
grid_03908,1359.3341064453125
grid_03909,1366.159912109375
grid_03910,1312.962890625
grid_03911,1325.5821533203125
grid_03912,1325.5821533203125
grid_03913,1325.5821533203125
grid_03914,1325.5821533203125
grid_03915,1312.962890625
grid_03916,1325.5821533203125
grid_03917,1325.5821533203125
grid_03918,1325.5821533203125
grid_03919,1325.5821533203125
grid_03920,1312.962890625
grid_03921,1325.5821533203125
grid_03922,1312.962890625
grid_03923,1300.8519287109375
grid_03924,1300.8519287109375
grid_03925,1319.740966796875
grid_03926,1319.740966796875
grid_03927,1319.740966796875
grid_03928,1319.740966796875
grid_03929,1319.740966796875
grid_03930,1289.931640625
grid_03931,1289.931640625
grid_03932,1359.3341064453125
grid_03933,1289.931640625
grid_03934,1289.931640625
grid_03935,1359.3341064453125
grid_03936,1289.931640625
grid_03937,1316.64306640625
grid_03938,1316.64306640625
grid_03939,1286.8226318359375
grid_03940,1366.159912109375
grid_03941,1366.159912109375
grid_03942,1359.3341064453125
grid_03943,1286.8226318359375
grid_03944,1286.8226318359375
grid_03945,1321.0294189453125
grid_03946,1321.0294189453125
grid_03947,1321.0294189453125
grid_03948,1321.0294189453125
grid_03949,1286.8226318359375
grid_03950,1286.8226318359375
grid_03951,1316.64306640625
grid_03952,1316.64306640625
grid_03953,1316.64306640625
grid_03954,1316.64306640625
grid_03955,1316.64306640625
grid_03956,1316.64306640625
grid_03957,1316.64306640625
grid_03958,1286.8226318359375
grid_03959,1286.8226318359375
grid_03960,1319.740966796875
grid_03961,1319.740966796875
grid_03962,1319.740966796875
grid_03963,1319.740966796875
grid_03964,1300.8519287109375
grid_03965,1319.740966796875
grid_03966,1300.8519287109375
grid_03967,1319.740966796875
grid_03968,1319.740966796875
grid_03969,1319.740966796875
grid_03970,1211.844970703125
grid_03971,1250.335693359375
grid_03972,1388.6710205078125
grid_03973,1250.335693359375
grid_03974,1250.335693359375
grid_03975,1388.6710205078125
grid_03976,1250.335693359375
grid_03977,1250.335693359375
grid_03978,1388.6710205078125
grid_03979,1250.335693359375
grid_03980,1388.6710205078125
grid_03981,1388.6710205078125
grid_03982,1496.0528564453125
grid_03983,1496.0528564453125
grid_03984,1496.0528564453125
grid_03985,1388.6710205078125
grid_03986,1388.6710205078125
grid_03987,1496.0528564453125
grid_03988,1496.0528564453125
grid_03989,1496.0528564453125
grid_03990,1496.0528564453125
grid_03991,1450.9705810546875
grid_03992,1496.0528564453125
grid_03993,1496.0528564453125
grid_03994,1450.9705810546875
grid_03995,1450.9705810546875
grid_03996,1450.9705810546875
grid_03997,1496.0528564453125
grid_03998,1450.9705810546875
grid_03999,1450.9705810546875
grid_04000,1450.9705810546875
grid_04001,1450.9705810546875
grid_04002,1512.524169921875
grid_04003,1512.524169921875
grid_04004,1512.524169921875
grid_04005,1450.9705810546875
grid_04006,1512.524169921875
grid_04007,1512.524169921875
grid_04008,1450.9705810546875
grid_04009,1512.524169921875
grid_04010,1388.6710205078125
grid_04011,1250.335693359375
grid_04012,1388.6710205078125
grid_04013,1250.335693359375
grid_04014,1250.335693359375
grid_04015,1388.6710205078125
grid_04016,1388.6710205078125
grid_04017,1388.6710205078125
grid_04018,1250.335693359375
grid_04019,1250.335693359375
grid_04020,1388.6710205078125
grid_04021,1388.6710205078125
grid_04022,1496.0528564453125
grid_04023,1496.0528564453125
grid_04024,1496.0528564453125
grid_04025,1388.6710205078125
grid_04026,1496.0528564453125
grid_04027,1388.6710205078125
grid_04028,1496.0528564453125
grid_04029,1496.0528564453125
grid_04030,1450.9705810546875
grid_04031,1496.0528564453125
grid_04032,1496.0528564453125
grid_04033,1450.9705810546875
grid_04034,1450.9705810546875
grid_04035,1450.9705810546875
grid_04036,1496.0528564453125
grid_04037,1450.9705810546875
grid_04038,1496.0528564453125
grid_04039,1450.9705810546875
grid_04040,1512.524169921875
grid_04041,1512.524169921875
grid_04042,1512.524169921875
grid_04043,1450.9705810546875
grid_04044,1450.9705810546875
grid_04045,1512.524169921875
grid_04046,1450.9705810546875
grid_04047,1512.524169921875
grid_04048,1512.524169921875
grid_04049,1450.9705810546875
grid_04050,1496.0528564453125
grid_04051,1496.0528564453125
grid_04052,1388.6710205078125
grid_04053,1388.6710205078125
grid_04054,1496.0528564453125
grid_04055,1525.496337890625
grid_04056,1602.399169921875
grid_04057,1602.399169921875
grid_04058,1525.496337890625
grid_04059,1602.399169921875
grid_04060,1450.9705810546875
grid_04061,1496.0528564453125
grid_04062,1540.8880615234375
grid_04063,1540.8880615234375
grid_04064,1540.8880615234375
grid_04065,1602.399169921875
grid_04066,1602.399169921875
grid_04067,1540.8880615234375
grid_04068,1540.8880615234375
grid_04069,1602.399169921875
grid_04070,1250.335693359375
grid_04071,1250.335693359375
grid_04072,1250.335693359375
grid_04073,1250.335693359375
grid_04074,1250.335693359375
grid_04075,1250.335693359375
grid_04076,1250.335693359375
grid_04077,1250.335693359375
grid_04078,1250.335693359375
grid_04079,1250.335693359375
grid_04080,1262.53125
grid_04081,1262.53125
grid_04082,1262.53125
grid_04083,1262.53125
grid_04084,1262.53125
grid_04085,1262.53125
grid_04086,1326.611328125
grid_04087,1326.611328125
grid_04088,1262.53125
grid_04089,1262.53125
grid_04090,1250.335693359375
grid_04091,1250.335693359375
grid_04092,1250.335693359375
grid_04093,1250.335693359375
grid_04094,1250.335693359375
grid_04095,1250.335693359375
grid_04096,1250.335693359375
grid_04097,1250.335693359375
grid_04098,1250.335693359375
grid_04099,1250.335693359375
grid_04100,1341.8812255859375
grid_04101,1326.611328125
grid_04102,1341.8812255859375
grid_04103,1341.8812255859375
grid_04104,1326.611328125
grid_04105,1326.611328125
grid_04106,1341.8812255859375
grid_04107,1341.8812255859375
grid_04108,1341.8812255859375
grid_04109,1341.8812255859375
grid_04110,1262.53125
grid_04111,1262.53125
grid_04112,1326.611328125
grid_04113,1262.53125
grid_04114,1326.611328125
grid_04115,1262.53125
grid_04116,1262.53125
grid_04117,1262.53125
grid_04118,1262.53125
grid_04119,1262.53125
grid_04120,1250.335693359375
grid_04121,1250.335693359375
grid_04122,1250.335693359375
grid_04123,1250.335693359375
grid_04124,1250.335693359375
grid_04125,1250.335693359375
grid_04126,1250.335693359375
grid_04127,1250.335693359375
grid_04128,1250.335693359375
grid_04129,1250.335693359375
grid_04130,1250.335693359375
grid_04131,1388.6710205078125
grid_04132,1250.335693359375
grid_04133,1388.6710205078125
grid_04134,1250.335693359375
grid_04135,1250.335693359375
grid_04136,1525.496337890625
grid_04137,1405.4903564453125
grid_04138,1405.4903564453125
grid_04139,1405.4903564453125
grid_04140,1326.611328125
grid_04141,1326.611328125
grid_04142,1337.2589111328125
grid_04143,1356.0869140625
grid_04144,1356.0869140625
grid_04145,1356.0869140625
grid_04146,1356.0869140625
grid_04147,1356.0869140625
grid_04148,1337.2589111328125
grid_04149,1356.0869140625
grid_04150,1405.4903564453125
grid_04151,1405.4903564453125
grid_04152,1405.4903564453125
grid_04153,1405.4903564453125
grid_04154,1405.4903564453125
grid_04155,1405.4903564453125
grid_04156,1405.4903564453125
grid_04157,1405.4903564453125
grid_04158,1405.4903564453125
grid_04159,1405.4903564453125
grid_04160,1317.2528076171875
grid_04161,1317.2528076171875
grid_04162,1337.2589111328125
grid_04163,1317.2528076171875
grid_04164,1337.2589111328125
grid_04165,1317.2528076171875
grid_04166,1317.2528076171875
grid_04167,1317.2528076171875
grid_04168,1337.2589111328125
grid_04169,1337.2589111328125
grid_04170,1525.496337890625
grid_04171,1525.496337890625
grid_04172,1405.4903564453125
grid_04173,1525.496337890625
grid_04174,1405.4903564453125
grid_04175,1405.4903564453125
grid_04176,1525.496337890625
grid_04177,1405.4903564453125
grid_04178,1405.4903564453125
grid_04179,1525.496337890625
grid_04180,1356.0869140625
grid_04181,1356.0869140625
grid_04182,1356.0869140625
grid_04183,1337.2589111328125
grid_04184,1356.0869140625
grid_04185,1337.2589111328125
grid_04186,1356.0869140625
grid_04187,1337.2589111328125
grid_04188,1356.0869140625
grid_04189,1356.0869140625
grid_04190,1405.4903564453125
grid_04191,1405.4903564453125
grid_04192,1405.4903564453125
grid_04193,1405.4903564453125
grid_04194,1405.4903564453125
grid_04195,1405.4903564453125
grid_04196,1405.4903564453125
grid_04197,1405.4903564453125
grid_04198,1405.4903564453125
grid_04199,1405.4903564453125
grid_04200,1356.0869140625
grid_04201,1356.0869140625
grid_04202,1337.2589111328125
grid_04203,1356.0869140625
grid_04204,1337.2589111328125
grid_04205,1356.0869140625
grid_04206,1356.0869140625
grid_04207,1356.0869140625
grid_04208,1356.0869140625
grid_04209,1337.2589111328125
grid_04210,1405.4903564453125
grid_04211,1405.4903564453125
grid_04212,1405.4903564453125
grid_04213,1405.4903564453125
grid_04214,1405.4903564453125
grid_04215,1405.4903564453125
grid_04216,1405.4903564453125
grid_04217,1405.4903564453125
grid_04218,1405.4903564453125
grid_04219,1405.4903564453125
grid_04220,1405.4903564453125
grid_04221,1525.496337890625
grid_04222,1405.4903564453125
grid_04223,1525.496337890625
grid_04224,1405.4903564453125
grid_04225,1405.4903564453125
grid_04226,1525.496337890625
grid_04227,1525.496337890625
grid_04228,1405.4903564453125
grid_04229,1405.4903564453125
grid_04230,1405.4903564453125
grid_04231,1405.4903564453125
grid_04232,1405.4903564453125
grid_04233,1405.4903564453125
grid_04234,1405.4903564453125
grid_04235,1405.4903564453125
grid_04236,1405.4903564453125
grid_04237,1405.4903564453125
grid_04238,1405.4903564453125
grid_04239,1405.4903564453125
grid_04240,1356.0869140625
grid_04241,1356.0869140625
grid_04242,1356.0869140625
grid_04243,1356.0869140625
grid_04244,1337.2589111328125
grid_04245,1356.0869140625
grid_04246,1337.2589111328125
grid_04247,1356.0869140625
grid_04248,1337.2589111328125
grid_04249,1356.0869140625
grid_04250,1405.4903564453125
grid_04251,1405.4903564453125
grid_04252,1405.4903564453125
grid_04253,1405.4903564453125
grid_04254,1525.496337890625
grid_04255,1525.496337890625
grid_04256,1405.4903564453125
grid_04257,1525.496337890625
grid_04258,1525.496337890625
grid_04259,1405.4903564453125
grid_04260,1356.0869140625
grid_04261,1356.0869140625
grid_04262,1356.0869140625
grid_04263,1337.2589111328125
grid_04264,1356.0869140625
grid_04265,1337.2589111328125
grid_04266,1356.0869140625
grid_04267,1337.2589111328125
grid_04268,1356.0869140625
grid_04269,1356.0869140625
grid_04270,1469.390625
grid_04271,1540.8880615234375
grid_04272,1469.390625
grid_04273,1602.399169921875
grid_04274,1602.399169921875
grid_04275,1525.496337890625
grid_04276,1602.399169921875
grid_04277,1525.496337890625
grid_04278,1602.399169921875
grid_04279,1602.399169921875
grid_04280,1602.399169921875
grid_04281,1525.496337890625
grid_04282,1525.496337890625
grid_04283,1540.8880615234375
grid_04284,1602.399169921875
grid_04285,1540.8880615234375
grid_04286,1602.399169921875
grid_04287,1602.399169921875
grid_04288,1540.8880615234375
grid_04289,1602.399169921875
grid_04290,1602.399169921875
grid_04291,1602.399169921875
grid_04292,1602.399169921875
grid_04293,1525.496337890625
grid_04294,1602.399169921875
grid_04295,1525.496337890625
grid_04296,1602.399169921875
grid_04297,1602.399169921875
grid_04298,1602.399169921875
grid_04299,1525.496337890625
grid_04300,1525.496337890625
grid_04301,1602.399169921875
grid_04302,1602.399169921875
grid_04303,1602.399169921875
grid_04304,1602.399169921875
grid_04305,1602.399169921875
grid_04306,1525.496337890625
grid_04307,1525.496337890625
grid_04308,1602.399169921875
grid_04309,1602.399169921875
grid_04310,1602.399169921875
grid_04311,1525.496337890625
grid_04312,1525.496337890625
grid_04313,1525.496337890625
grid_04314,1602.399169921875
grid_04315,1525.496337890625
grid_04316,1525.496337890625
grid_04317,1525.496337890625
grid_04318,1525.496337890625
grid_04319,1525.496337890625
grid_04320,1525.496337890625
grid_04321,1525.496337890625
grid_04322,1525.496337890625
grid_04323,1525.496337890625
grid_04324,1594.454833984375
grid_04325,1594.454833984375
grid_04326,1525.496337890625
grid_04327,1525.496337890625
grid_04328,1405.4903564453125
grid_04329,1525.496337890625
grid_04330,1405.4903564453125
grid_04331,1405.4903564453125
grid_04332,1614.9051513671875
grid_04333,1594.454833984375
grid_04334,1614.9051513671875
grid_04335,1614.9051513671875
grid_04336,1594.454833984375
grid_04337,1594.454833984375
grid_04338,1594.454833984375
grid_04339,1405.4903564453125
grid_04340,1405.4903564453125
grid_04341,1405.4903564453125
grid_04342,1405.4903564453125
grid_04343,1405.4903564453125
grid_04344,1405.4903564453125
grid_04345,1405.4903564453125
grid_04346,1405.4903564453125
grid_04347,1405.4903564453125
grid_04348,1405.4903564453125
grid_04349,1356.0869140625
grid_04350,1337.2589111328125
grid_04351,1356.0869140625
grid_04352,1356.0869140625
grid_04353,1356.0869140625
grid_04354,1356.0869140625
grid_04355,1356.0869140625
grid_04356,1337.2589111328125
grid_04357,1356.0869140625
grid_04358,1356.0869140625
grid_04359,1405.4903564453125
grid_04360,1525.496337890625
grid_04361,1405.4903564453125
grid_04362,1405.4903564453125
grid_04363,1405.4903564453125
grid_04364,1525.496337890625
grid_04365,1405.4903564453125
grid_04366,1525.496337890625
grid_04367,1405.4903564453125
grid_04368,1405.4903564453125
grid_04369,1405.4903564453125
grid_04370,1405.4903564453125
grid_04371,1405.4903564453125
grid_04372,1405.4903564453125
grid_04373,1405.4903564453125
grid_04374,1405.4903564453125
grid_04375,1405.4903564453125
grid_04376,1405.4903564453125
grid_04377,1405.4903564453125
grid_04378,1405.4903564453125
grid_04379,1337.2589111328125
grid_04380,1356.0869140625
grid_04381,1356.0869140625
grid_04382,1356.0869140625
grid_04383,1337.2589111328125
grid_04384,1337.2589111328125
grid_04385,1356.0869140625
grid_04386,1356.0869140625
grid_04387,1356.0869140625
grid_04388,1356.0869140625
grid_04389,1405.4903564453125
grid_04390,1405.4903564453125
grid_04391,1405.4903564453125
grid_04392,1405.4903564453125
grid_04393,1405.4903564453125
grid_04394,1405.4903564453125
grid_04395,1405.4903564453125
grid_04396,1405.4903564453125
grid_04397,1405.4903564453125
grid_04398,1405.4903564453125
grid_04399,1356.0869140625
grid_04400,1337.2589111328125
grid_04401,1411.495849609375
grid_04402,1411.495849609375
grid_04403,1411.495849609375
grid_04404,1411.495849609375
grid_04405,1411.495849609375
grid_04406,1312.962890625
grid_04407,1312.962890625
grid_04408,1411.495849609375
grid_04409,1614.9051513671875
grid_04410,1614.9051513671875
grid_04411,1614.9051513671875
grid_04412,1614.9051513671875
grid_04413,1614.9051513671875
grid_04414,1614.9051513671875
grid_04415,1614.9051513671875
grid_04416,1614.9051513671875
grid_04417,1614.9051513671875
grid_04418,1614.9051513671875
grid_04419,1594.454833984375
grid_04420,1614.9051513671875
grid_04421,1614.9051513671875
grid_04422,1594.454833984375
grid_04423,1614.9051513671875
grid_04424,1594.454833984375
grid_04425,1594.454833984375
grid_04426,1614.9051513671875
grid_04427,1614.9051513671875
grid_04428,1594.454833984375
grid_04429,1411.495849609375
grid_04430,1312.962890625
grid_04431,1411.495849609375
grid_04432,1411.495849609375
grid_04433,1411.495849609375
grid_04434,1312.962890625
grid_04435,1411.495849609375
grid_04436,1411.495849609375
grid_04437,1411.495849609375
grid_04438,1411.495849609375
grid_04439,1614.9051513671875
grid_04440,1614.9051513671875
grid_04441,1614.9051513671875
grid_04442,1614.9051513671875
grid_04443,1614.9051513671875
grid_04444,1614.9051513671875
grid_04445,1614.9051513671875
grid_04446,1614.9051513671875
grid_04447,1614.9051513671875
grid_04448,1614.9051513671875
grid_04449,1411.495849609375
grid_04450,1312.962890625
grid_04451,1312.962890625
grid_04452,1411.495849609375
grid_04453,1312.962890625
grid_04454,1411.495849609375
grid_04455,1411.495849609375
grid_04456,1411.495849609375
grid_04457,1411.495849609375
grid_04458,1312.962890625
grid_04459,1614.9051513671875
grid_04460,1614.9051513671875
grid_04461,1614.9051513671875
grid_04462,1614.9051513671875
grid_04463,1614.9051513671875
grid_04464,1614.9051513671875
grid_04465,1614.9051513671875
grid_04466,1614.9051513671875
grid_04467,1614.9051513671875
grid_04468,1614.9051513671875
grid_04469,1614.9051513671875
grid_04470,1594.454833984375
grid_04471,1614.9051513671875
grid_04472,1614.9051513671875
grid_04473,1614.9051513671875
grid_04474,1594.454833984375
grid_04475,1614.9051513671875
grid_04476,1614.9051513671875
grid_04477,1614.9051513671875
grid_04478,1486.9664306640625
grid_04479,1312.962890625
grid_04480,1411.495849609375
grid_04481,1411.495849609375
grid_04482,1411.495849609375
grid_04483,1411.495849609375
grid_04484,1411.495849609375
grid_04485,1312.962890625
grid_04486,1300.8519287109375
grid_04487,1460.9140625
grid_04488,1300.8519287109375
grid_04489,1614.9051513671875
grid_04490,1614.9051513671875
grid_04491,1614.9051513671875
grid_04492,1614.9051513671875
grid_04493,1614.9051513671875
grid_04494,1486.9664306640625
grid_04495,1486.9664306640625
grid_04496,1486.9664306640625
grid_04497,1486.9664306640625
grid_04498,1486.9664306640625
grid_04499,1460.9140625
grid_04500,1460.9140625
grid_04501,1460.9140625
grid_04502,1460.9140625
grid_04503,1300.8519287109375
grid_04504,1300.8519287109375
grid_04505,1460.9140625
grid_04506,1460.9140625
grid_04507,1460.9140625
grid_04508,1460.9140625
grid_04509,1486.9664306640625
grid_04510,1486.9664306640625
grid_04511,1486.9664306640625
grid_04512,1486.9664306640625
grid_04513,1486.9664306640625
grid_04514,1486.9664306640625
grid_04515,1486.9664306640625
grid_04516,1486.9664306640625
grid_04517,1486.9664306640625
grid_04518,1486.9664306640625
grid_04519,1486.9664306640625
grid_04520,1486.9664306640625
grid_04521,1486.9664306640625
grid_04522,1486.9664306640625
grid_04523,1486.9664306640625
grid_04524,1486.9664306640625
grid_04525,1486.9664306640625
grid_04526,1486.9664306640625
grid_04527,1486.9664306640625
grid_04528,1486.9664306640625
grid_04529,1460.9140625
grid_04530,1460.9140625
grid_04531,1300.8519287109375
grid_04532,1300.8519287109375
grid_04533,1460.9140625
grid_04534,1460.9140625
grid_04535,1460.9140625
grid_04536,1300.8519287109375
grid_04537,1460.9140625
grid_04538,1300.8519287109375
grid_04539,1516.302001953125
grid_04540,1516.302001953125
grid_04541,1516.302001953125
grid_04542,1516.302001953125
grid_04543,1516.302001953125
grid_04544,1516.302001953125
grid_04545,1516.302001953125
grid_04546,1516.302001953125
grid_04547,1516.302001953125
grid_04548,1516.302001953125
grid_04549,1516.302001953125
grid_04550,1516.302001953125
grid_04551,1516.302001953125
grid_04552,1604.982666015625
grid_04553,1604.982666015625
grid_04554,1451.5772705078125
grid_04555,1451.5772705078125
grid_04556,1604.982666015625
grid_04557,1604.982666015625
grid_04558,1604.982666015625
grid_04559,1516.302001953125
grid_04560,1516.302001953125
grid_04561,1604.982666015625
grid_04562,1516.302001953125
grid_04563,1516.302001953125
grid_04564,1516.302001953125
grid_04565,1516.302001953125
grid_04566,1516.302001953125
grid_04567,1516.302001953125
grid_04568,1516.302001953125
grid_04569,1516.302001953125
grid_04570,1516.302001953125
grid_04571,1516.302001953125
grid_04572,1516.302001953125
grid_04573,1516.302001953125
grid_04574,1516.302001953125
grid_04575,1604.982666015625
grid_04576,1604.982666015625
grid_04577,1604.982666015625
grid_04578,1451.5772705078125
grid_04579,1451.5772705078125
grid_04580,1604.982666015625
grid_04581,1604.982666015625
grid_04582,1604.982666015625
grid_04583,1451.5772705078125
grid_04584,1604.982666015625
grid_04585,1451.5772705078125
grid_04586,1604.982666015625
grid_04587,1768.134521484375
grid_04588,1768.134521484375
grid_04589,1768.134521484375
grid_04590,1865.6241455078125
grid_04591,1768.134521484375
grid_04592,1865.6241455078125
grid_04593,1865.6241455078125
grid_04594,1768.134521484375
grid_04595,1865.6241455078125
grid_04596,1768.134521484375
grid_04597,1768.134521484375
grid_04598,1768.134521484375
grid_04599,1865.6241455078125
grid_04600,1768.134521484375
grid_04601,1768.134521484375
grid_04602,1865.6241455078125
grid_04603,1768.134521484375
grid_04604,1768.134521484375
grid_04605,1865.6241455078125
grid_04606,1865.6241455078125
grid_04607,1768.134521484375
grid_04608,1183.9869384765625
grid_04609,1217.1639404296875
grid_04610,1217.1639404296875
grid_04611,1183.9869384765625
grid_04612,1217.1639404296875
grid_04613,1183.9869384765625
grid_04614,1218.9390869140625
grid_04615,1293.78759765625
grid_04616,1293.78759765625
grid_04617,1218.9390869140625
grid_04618,1309.7274169921875
grid_04619,1217.1639404296875
grid_04620,1309.7274169921875
grid_04621,1309.7274169921875
grid_04622,1309.7274169921875
grid_04623,1217.1639404296875
grid_04624,1337.781005859375
grid_04625,1337.781005859375
grid_04626,1337.781005859375
grid_04627,1293.78759765625
grid_04628,1337.781005859375
grid_04629,1337.781005859375
grid_04630,1293.78759765625
grid_04631,1337.781005859375
grid_04632,1337.781005859375
grid_04633,1337.781005859375
grid_04634,1337.781005859375
grid_04635,1337.781005859375
grid_04636,1293.78759765625
grid_04637,1293.78759765625
grid_04638,1218.9390869140625
grid_04639,1218.9390869140625
grid_04640,1218.9390869140625
grid_04641,1218.9390869140625
grid_04642,1218.9390869140625
grid_04643,1218.9390869140625
grid_04644,1173.734130859375
grid_04645,1218.9390869140625
grid_04646,1173.734130859375
grid_04647,1218.9390869140625
grid_04648,1293.78759765625
grid_04649,1218.9390869140625
grid_04650,1218.9390869140625
grid_04651,1293.78759765625
grid_04652,1293.78759765625
grid_04653,1218.9390869140625
grid_04654,1218.9390869140625
grid_04655,1293.78759765625
grid_04656,1218.9390869140625
grid_04657,1218.9390869140625
grid_04658,1218.9390869140625
grid_04659,1218.9390869140625
grid_04660,1218.9390869140625
grid_04661,1218.9390869140625
grid_04662,1218.9390869140625
grid_04663,1218.9390869140625
grid_04664,1218.9390869140625
grid_04665,1218.9390869140625
grid_04666,1218.9390869140625
grid_04667,1218.9390869140625
grid_04668,1218.9390869140625
grid_04669,1293.78759765625
grid_04670,1293.78759765625
grid_04671,1293.78759765625
grid_04672,1218.9390869140625
grid_04673,1218.9390869140625
grid_04674,1218.9390869140625
grid_04675,1293.78759765625
grid_04676,1293.78759765625
grid_04677,1293.78759765625
grid_04678,1293.78759765625
grid_04679,1337.781005859375
grid_04680,1337.781005859375
grid_04681,1337.781005859375
grid_04682,1337.781005859375
grid_04683,1337.781005859375
grid_04684,1293.78759765625
grid_04685,1337.781005859375
grid_04686,1293.78759765625
grid_04687,1337.781005859375
grid_04688,1173.734130859375
grid_04689,1218.9390869140625
grid_04690,1173.734130859375
grid_04691,1218.9390869140625
grid_04692,1218.9390869140625
grid_04693,1218.9390869140625
grid_04694,1218.9390869140625
grid_04695,1218.9390869140625
grid_04696,1173.734130859375
grid_04697,1218.9390869140625
grid_04698,1337.781005859375
grid_04699,1337.781005859375
grid_04700,1337.781005859375
grid_04701,1293.78759765625
grid_04702,1337.781005859375
grid_04703,1337.781005859375
grid_04704,1337.781005859375
grid_04705,1337.781005859375
grid_04706,1337.781005859375
grid_04707,1293.78759765625
grid_04708,1319.740966796875
grid_04709,1319.740966796875
grid_04710,1300.8519287109375
grid_04711,1300.8519287109375
grid_04712,1300.8519287109375
grid_04713,1319.740966796875
grid_04714,1319.740966796875
grid_04715,1300.8519287109375
grid_04716,1319.740966796875
grid_04717,1319.740966796875
grid_04718,1486.9664306640625
grid_04719,1486.9664306640625
grid_04720,1486.9664306640625
grid_04721,1486.9664306640625
grid_04722,1486.9664306640625
grid_04723,1486.9664306640625
grid_04724,1486.9664306640625
grid_04725,1486.9664306640625
grid_04726,1486.9664306640625
grid_04727,1486.9664306640625
grid_04728,1319.740966796875
grid_04729,1300.8519287109375
grid_04730,1319.740966796875
grid_04731,1319.740966796875
grid_04732,1319.740966796875
grid_04733,1300.8519287109375
grid_04734,1319.740966796875
grid_04735,1319.740966796875
grid_04736,1300.8519287109375
grid_04737,1300.8519287109375
grid_04738,1486.9664306640625
grid_04739,1486.9664306640625
grid_04740,1486.9664306640625
grid_04741,1486.9664306640625
grid_04742,1486.9664306640625
grid_04743,1486.9664306640625
grid_04744,1486.9664306640625
grid_04745,1486.9664306640625
grid_04746,1486.9664306640625
grid_04747,1486.9664306640625
grid_04748,1460.9140625
grid_04749,1460.9140625
grid_04750,1460.9140625
grid_04751,1300.8519287109375
grid_04752,1460.9140625
grid_04753,1460.9140625
grid_04754,1300.8519287109375
grid_04755,1300.8519287109375
grid_04756,1460.9140625
grid_04757,1460.9140625
grid_04758,1374.33203125
grid_04759,1374.33203125
grid_04760,1374.33203125
grid_04761,1374.33203125
grid_04762,1328.746826171875
grid_04763,1374.33203125
grid_04764,1328.746826171875
grid_04765,1328.746826171875
grid_04766,1328.746826171875
grid_04767,1374.33203125
grid_04768,1540.0767822265625
grid_04769,1565.2430419921875
grid_04770,1328.746826171875
grid_04771,1540.0767822265625
grid_04772,1540.0767822265625
grid_04773,1540.0767822265625
grid_04774,1328.746826171875
grid_04775,1540.0767822265625
grid_04776,1565.2430419921875
grid_04777,1328.746826171875
grid_04778,1565.2430419921875
grid_04779,1565.2430419921875
grid_04780,1565.2430419921875
grid_04781,1565.2430419921875
grid_04782,1565.2430419921875
grid_04783,1565.2430419921875
grid_04784,1565.2430419921875
grid_04785,1565.2430419921875
grid_04786,1565.2430419921875
grid_04787,1565.2430419921875
grid_04788,1374.33203125
grid_04789,1328.746826171875
grid_04790,1374.33203125
grid_04791,1374.33203125
grid_04792,1374.33203125
grid_04793,1328.746826171875
grid_04794,1328.746826171875
grid_04795,1374.33203125
grid_04796,1374.33203125
grid_04797,1374.33203125
grid_04798,1540.0767822265625
grid_04799,1540.0767822265625
grid_04800,1540.0767822265625
grid_04801,1328.746826171875
grid_04802,1540.0767822265625
grid_04803,1328.746826171875
grid_04804,1540.0767822265625
grid_04805,1565.2430419921875
grid_04806,1540.0767822265625
grid_04807,1540.0767822265625
grid_04808,1286.8226318359375
grid_04809,1321.0294189453125
grid_04810,1286.8226318359375
grid_04811,1321.0294189453125
grid_04812,1321.0294189453125
grid_04813,1286.8226318359375
grid_04814,1321.0294189453125
grid_04815,1286.8226318359375
grid_04816,1321.0294189453125
grid_04817,1286.8226318359375
grid_04818,1316.64306640625
grid_04819,1316.64306640625
grid_04820,1316.64306640625
grid_04821,1316.64306640625
grid_04822,1286.8226318359375
grid_04823,1316.64306640625
grid_04824,1316.64306640625
grid_04825,1286.8226318359375
grid_04826,1316.64306640625
grid_04827,1316.64306640625
grid_04828,1286.8226318359375
grid_04829,1321.0294189453125
grid_04830,1321.0294189453125
grid_04831,1321.0294189453125
grid_04832,1286.8226318359375
grid_04833,1321.0294189453125
grid_04834,1286.8226318359375
grid_04835,1321.0294189453125
grid_04836,1286.8226318359375
grid_04837,1321.0294189453125
grid_04838,1316.64306640625
grid_04839,1316.64306640625
grid_04840,1286.8226318359375
grid_04841,1286.8226318359375
grid_04842,1316.64306640625
grid_04843,1316.64306640625
grid_04844,1316.64306640625
grid_04845,1316.64306640625
grid_04846,1286.8226318359375
grid_04847,1286.8226318359375
grid_04848,1321.0294189453125
grid_04849,1286.8226318359375
grid_04850,1321.0294189453125
grid_04851,1321.0294189453125
grid_04852,1286.8226318359375
grid_04853,1321.0294189453125
grid_04854,1321.0294189453125
grid_04855,1286.8226318359375
grid_04856,1309.765869140625
grid_04857,1295.28271484375
grid_04858,1316.64306640625
grid_04859,1316.64306640625
grid_04860,1348.5628662109375
grid_04861,1348.5628662109375
grid_04862,1348.5628662109375
grid_04863,1348.5628662109375
grid_04864,1309.765869140625
grid_04865,1309.765869140625
grid_04866,1348.5628662109375
grid_04867,1348.5628662109375
grid_04868,1309.765869140625
grid_04869,1309.765869140625
grid_04870,1295.28271484375
grid_04871,1295.28271484375
grid_04872,1295.28271484375
grid_04873,1309.765869140625
grid_04874,1295.28271484375
grid_04875,1309.765869140625
grid_04876,1295.28271484375
grid_04877,1295.28271484375
grid_04878,1348.5628662109375
grid_04879,1309.765869140625
grid_04880,1348.5628662109375
grid_04881,1309.765869140625
grid_04882,1348.5628662109375
grid_04883,1348.5628662109375
grid_04884,1348.5628662109375
grid_04885,1348.5628662109375
grid_04886,1348.5628662109375
grid_04887,1348.5628662109375
grid_04888,1295.28271484375
grid_04889,1309.765869140625
grid_04890,1309.765869140625
grid_04891,1309.765869140625
grid_04892,1309.765869140625
grid_04893,1295.28271484375
grid_04894,1295.28271484375
grid_04895,1295.28271484375
grid_04896,1295.28271484375
grid_04897,1309.765869140625
grid_04898,1374.33203125
grid_04899,1374.33203125
grid_04900,1328.746826171875
grid_04901,1328.746826171875
grid_04902,1328.746826171875
grid_04903,1374.33203125
grid_04904,1328.746826171875
grid_04905,1328.746826171875
grid_04906,1374.33203125
grid_04907,1374.33203125
grid_04908,1173.734130859375
grid_04909,1173.734130859375
grid_04910,1173.734130859375
grid_04911,1157.2783203125
grid_04912,1157.2783203125
grid_04913,1173.734130859375
grid_04914,1157.2783203125
grid_04915,1173.734130859375
grid_04916,1173.734130859375
grid_04917,1173.734130859375
grid_04918,1095.6768798828125
grid_04919,1157.2783203125
grid_04920,1103.5982666015625
grid_04921,1158.761474609375
grid_04922,1103.5982666015625
grid_04923,1103.5982666015625
grid_04924,1158.761474609375
grid_04925,1103.5982666015625
grid_04926,1158.761474609375
grid_04927,1103.5982666015625
grid_04928,1073.69775390625
grid_04929,1073.69775390625
grid_04930,1073.69775390625
grid_04931,1095.6768798828125
grid_04932,1094.2080078125
grid_04933,1094.2080078125
grid_04934,1094.2080078125
grid_04935,1103.5982666015625
grid_04936,1094.2080078125
grid_04937,1094.2080078125
grid_04938,1158.761474609375
grid_04939,1176.5252685546875
grid_04940,1176.5252685546875
grid_04941,1158.761474609375
grid_04942,1176.5252685546875
grid_04943,1176.5252685546875
grid_04944,1176.5252685546875
grid_04945,1176.5252685546875
grid_04946,1158.761474609375
grid_04947,1176.5252685546875
grid_04948,1094.2080078125
grid_04949,1094.2080078125
grid_04950,1094.2080078125
grid_04951,1103.5982666015625
grid_04952,1103.5982666015625
grid_04953,1094.2080078125
grid_04954,1094.2080078125
grid_04955,1094.2080078125
grid_04956,1094.2080078125
grid_04957,1103.5982666015625
grid_04958,1103.5982666015625
grid_04959,1158.761474609375
grid_04960,1103.5982666015625
grid_04961,1158.761474609375
grid_04962,1158.761474609375
grid_04963,1103.5982666015625
grid_04964,1158.761474609375
grid_04965,1103.5982666015625
grid_04966,1158.761474609375
grid_04967,1103.5982666015625
grid_04968,1158.761474609375
grid_04969,1176.5252685546875
grid_04970,1176.5252685546875
grid_04971,1176.5252685546875
grid_04972,1158.761474609375
grid_04973,1176.5252685546875
grid_04974,1158.761474609375
grid_04975,1176.5252685546875
grid_04976,1176.5252685546875
grid_04977,1176.5252685546875
grid_04978,1103.5982666015625
grid_04979,1094.2080078125
grid_04980,1094.2080078125
grid_04981,1094.2080078125
grid_04982,1103.5982666015625
grid_04983,1094.2080078125
grid_04984,1103.5982666015625
grid_04985,1094.2080078125
grid_04986,1094.2080078125
grid_04987,1094.2080078125
grid_04988,1158.761474609375
grid_04989,1103.5982666015625
grid_04990,1103.5982666015625
grid_04991,1103.5982666015625
grid_04992,1158.761474609375
grid_04993,1158.761474609375
grid_04994,1158.761474609375
grid_04995,1158.761474609375
grid_04996,1103.5982666015625
grid_04997,1158.761474609375
grid_04998,1176.5252685546875
grid_04999,1176.5252685546875
grid_05000,1176.5252685546875
grid_05001,1158.761474609375
grid_05002,1158.761474609375
grid_05003,1176.5252685546875
grid_05004,1176.5252685546875
grid_05005,1176.5252685546875
grid_05006,1158.761474609375
grid_05007,1176.5252685546875
grid_05008,1218.9390869140625
grid_05009,1218.9390869140625
grid_05010,1218.9390869140625
grid_05011,1218.9390869140625
grid_05012,1218.9390869140625
grid_05013,1274.4044189453125
grid_05014,1274.4044189453125
grid_05015,1274.4044189453125
grid_05016,1274.4044189453125
grid_05017,1274.4044189453125
grid_05018,1218.9390869140625
grid_05019,1218.9390869140625
grid_05020,1218.9390869140625
grid_05021,1293.78759765625
grid_05022,1293.78759765625
grid_05023,1293.78759765625
grid_05024,1274.4044189453125
grid_05025,1458.9644775390625
grid_05026,1458.9644775390625
grid_05027,1274.4044189453125
grid_05028,1293.78759765625
grid_05029,1279.374755859375
grid_05030,1279.374755859375
grid_05031,1458.9644775390625
grid_05032,1279.374755859375
grid_05033,1279.374755859375
grid_05034,1458.9644775390625
grid_05035,1279.374755859375
grid_05036,1279.374755859375
grid_05037,1279.374755859375
grid_05038,1274.4044189453125
grid_05039,1458.9644775390625
grid_05040,1458.9644775390625
grid_05041,1458.9644775390625
grid_05042,1458.9644775390625
grid_05043,1274.4044189453125
grid_05044,1274.4044189453125
grid_05045,1274.4044189453125
grid_05046,1458.9644775390625
grid_05047,1458.9644775390625
grid_05048,1274.4044189453125
grid_05049,1176.5252685546875
grid_05050,1274.4044189453125
grid_05051,1274.4044189453125
grid_05052,1274.4044189453125
grid_05053,1274.4044189453125
grid_05054,1274.4044189453125
grid_05055,1274.4044189453125
grid_05056,1274.4044189453125
grid_05057,1274.4044189453125
grid_05058,1279.374755859375
grid_05059,1458.9644775390625
grid_05060,1279.374755859375
grid_05061,1279.374755859375
grid_05062,1279.374755859375
grid_05063,1279.374755859375
grid_05064,1279.374755859375
grid_05065,1458.9644775390625
grid_05066,1279.374755859375
grid_05067,1279.374755859375
grid_05068,1274.4044189453125
grid_05069,1274.4044189453125
grid_05070,1458.9644775390625
grid_05071,1274.4044189453125
grid_05072,1458.9644775390625
grid_05073,1458.9644775390625
grid_05074,1458.9644775390625
grid_05075,1274.4044189453125
grid_05076,1458.9644775390625
grid_05077,1274.4044189453125
grid_05078,1274.4044189453125
grid_05079,1274.4044189453125
grid_05080,1274.4044189453125
grid_05081,1274.4044189453125
grid_05082,1274.4044189453125
grid_05083,1274.4044189453125
grid_05084,1274.4044189453125
grid_05085,1274.4044189453125
grid_05086,1274.4044189453125
grid_05087,1274.4044189453125
grid_05088,1279.374755859375
grid_05089,1279.374755859375
grid_05090,1458.9644775390625
grid_05091,1279.374755859375
grid_05092,1279.374755859375
grid_05093,1279.374755859375
grid_05094,1279.374755859375
grid_05095,1279.374755859375
grid_05096,1279.374755859375
grid_05097,1279.374755859375
grid_05098,1458.9644775390625
grid_05099,1274.4044189453125
grid_05100,1458.9644775390625
grid_05101,1458.9644775390625
grid_05102,1458.9644775390625
grid_05103,1274.4044189453125
grid_05104,1458.9644775390625
grid_05105,1274.4044189453125
grid_05106,1458.9644775390625
grid_05107,1274.4044189453125
grid_05108,1328.746826171875
grid_05109,1328.746826171875
grid_05110,1540.0767822265625
grid_05111,1540.0767822265625
grid_05112,1540.0767822265625
grid_05113,1540.0767822265625
grid_05114,1328.746826171875
grid_05115,1540.0767822265625
grid_05116,1540.0767822265625
grid_05117,1540.0767822265625
grid_05118,1486.9664306640625
grid_05119,1486.9664306640625
grid_05120,1506.269775390625
grid_05121,1506.269775390625
grid_05122,1506.269775390625
grid_05123,1506.269775390625
grid_05124,1506.269775390625
grid_05125,1516.302001953125
grid_05126,1516.302001953125
grid_05127,1516.302001953125
grid_05128,1565.2430419921875
grid_05129,1565.2430419921875
grid_05130,1565.2430419921875
grid_05131,1565.2430419921875
grid_05132,1506.269775390625
grid_05133,1506.269775390625
grid_05134,1506.269775390625
grid_05135,1506.269775390625
grid_05136,1506.269775390625
grid_05137,1506.269775390625
grid_05138,1328.746826171875
grid_05139,1328.746826171875
grid_05140,1540.0767822265625
grid_05141,1469.9560546875
grid_05142,1533.865478515625
grid_05143,1533.865478515625
grid_05144,1533.865478515625
grid_05145,1533.865478515625
grid_05146,1469.9560546875
grid_05147,1533.865478515625
grid_05148,1533.865478515625
grid_05149,1587.8558349609375
grid_05150,1587.8558349609375
grid_05151,1533.865478515625
grid_05152,1587.8558349609375
grid_05153,1587.8558349609375
grid_05154,1533.865478515625
grid_05155,1533.865478515625
grid_05156,1587.8558349609375
grid_05157,1587.8558349609375
grid_05158,1587.8558349609375
grid_05159,1587.8558349609375
grid_05160,1533.865478515625
grid_05161,1587.8558349609375
grid_05162,1533.865478515625
grid_05163,1533.865478515625
grid_05164,1587.8558349609375
grid_05165,1587.8558349609375
grid_05166,1533.865478515625
grid_05167,1587.8558349609375
grid_05168,1533.865478515625
grid_05169,1469.9560546875
grid_05170,1469.9560546875
grid_05171,1469.9560546875
grid_05172,1506.269775390625
grid_05173,1533.865478515625
grid_05174,1469.9560546875
grid_05175,1469.9560546875
grid_05176,1469.9560546875
grid_05177,1533.865478515625
grid_05178,1506.269775390625
grid_05179,1506.269775390625
grid_05180,1506.269775390625
grid_05181,1506.269775390625
grid_05182,1506.269775390625
grid_05183,1506.269775390625
grid_05184,1506.269775390625
grid_05185,1506.269775390625
grid_05186,1506.269775390625
grid_05187,1506.269775390625
grid_05188,1533.865478515625
grid_05189,1469.9560546875
grid_05190,1506.269775390625
grid_05191,1604.982666015625
grid_05192,1533.865478515625
grid_05193,1469.9560546875
grid_05194,1469.9560546875
grid_05195,1516.302001953125
grid_05196,1451.5772705078125
grid_05197,1604.982666015625
grid_05198,1604.982666015625
grid_05199,1451.5772705078125
grid_05200,1604.982666015625
grid_05201,1604.982666015625
grid_05202,1604.982666015625
grid_05203,1451.5772705078125
grid_05204,1604.982666015625
grid_05205,1604.982666015625
grid_05206,1451.5772705078125
grid_05207,1516.302001953125
grid_05208,1309.765869140625
grid_05209,1348.5628662109375
grid_05210,1309.765869140625
grid_05211,1348.5628662109375
grid_05212,1309.765869140625
grid_05213,1348.5628662109375
grid_05214,1309.765869140625
grid_05215,1348.5628662109375
grid_05216,1348.5628662109375
grid_05217,1348.5628662109375
grid_05218,1374.33203125
grid_05219,1374.33203125
grid_05220,1328.746826171875
grid_05221,1328.746826171875
grid_05222,1374.33203125
grid_05223,1374.33203125
grid_05224,1328.746826171875
grid_05225,1374.33203125
grid_05226,1374.33203125
grid_05227,1374.33203125
grid_05228,1295.28271484375
grid_05229,1309.765869140625
grid_05230,1309.765869140625
grid_05231,1295.28271484375
grid_05232,1295.28271484375
grid_05233,1295.28271484375
grid_05234,1309.765869140625
grid_05235,1295.28271484375
grid_05236,1295.28271484375
grid_05237,1295.28271484375
grid_05238,1309.765869140625
grid_05239,1295.28271484375
grid_05240,1309.765869140625
grid_05241,1369.825927734375
grid_05242,1339.8974609375
grid_05243,1369.825927734375
grid_05244,1339.8974609375
grid_05245,1339.8974609375
grid_05246,1369.825927734375
grid_05247,1339.8974609375
grid_05248,1348.5628662109375
grid_05249,1348.5628662109375
grid_05250,1348.5628662109375
grid_05251,1348.5628662109375
grid_05252,1309.765869140625
grid_05253,1348.5628662109375
grid_05254,1309.765869140625
grid_05255,1432.979736328125
grid_05256,1432.979736328125
grid_05257,1432.979736328125
grid_05258,1432.979736328125
grid_05259,1369.825927734375
grid_05260,1369.825927734375
grid_05261,1432.979736328125
grid_05262,1432.979736328125
grid_05263,1432.979736328125
grid_05264,1432.979736328125
grid_05265,1369.825927734375
grid_05266,1369.825927734375
grid_05267,1432.979736328125
grid_05268,1533.865478515625
grid_05269,1587.8558349609375
grid_05270,1587.8558349609375
grid_05271,1587.8558349609375
grid_05272,1587.8558349609375
grid_05273,1533.865478515625
grid_05274,1533.865478515625
grid_05275,1587.8558349609375
grid_05276,1533.865478515625
grid_05277,1587.8558349609375
grid_05278,1369.825927734375
grid_05279,1339.8974609375
grid_05280,1339.8974609375
grid_05281,1339.8974609375
grid_05282,1339.8974609375
grid_05283,1339.8974609375
grid_05284,1369.825927734375
grid_05285,1369.825927734375
grid_05286,1369.825927734375
grid_05287,1339.8974609375
grid_05288,1432.979736328125
grid_05289,1432.979736328125
grid_05290,1369.825927734375
grid_05291,1432.979736328125
grid_05292,1432.979736328125
grid_05293,1432.979736328125
grid_05294,1432.979736328125
grid_05295,1369.825927734375
grid_05296,1369.825927734375
grid_05297,1432.979736328125
grid_05298,1339.8974609375
grid_05299,1339.8974609375
grid_05300,1339.8974609375
grid_05301,1339.8974609375
grid_05302,1369.825927734375
grid_05303,1369.825927734375
grid_05304,1339.8974609375
grid_05305,1339.8974609375
grid_05306,1339.8974609375
grid_05307,1339.8974609375
grid_05308,1274.4044189453125
grid_05309,1274.4044189453125
grid_05310,1274.4044189453125
grid_05311,1274.4044189453125
grid_05312,1274.4044189453125
grid_05313,1274.4044189453125
grid_05314,1307.8651123046875
grid_05315,1307.8651123046875
grid_05316,1307.8651123046875
grid_05317,1307.8651123046875
grid_05318,1458.9644775390625
grid_05319,1279.374755859375
grid_05320,1317.73876953125
grid_05321,1353.814453125
grid_05322,1317.73876953125
grid_05323,1317.73876953125
grid_05324,1317.73876953125
grid_05325,1317.73876953125
grid_05326,1317.73876953125
grid_05327,1317.73876953125
grid_05328,1353.814453125
grid_05329,1353.814453125
grid_05330,1353.814453125
grid_05331,1307.8651123046875
grid_05332,1307.8651123046875
grid_05333,1307.8651123046875
grid_05334,1353.814453125
grid_05335,1353.814453125
grid_05336,1353.814453125
grid_05337,1307.8651123046875
grid_05338,1307.8651123046875
grid_05339,1307.8651123046875
grid_05340,1307.8651123046875
grid_05341,1307.8651123046875
grid_05342,1307.8651123046875
grid_05343,1307.8651123046875
grid_05344,1307.8651123046875
grid_05345,1307.8651123046875
grid_05346,1307.8651123046875
grid_05347,1307.8651123046875
grid_05348,1317.73876953125
grid_05349,1353.814453125
grid_05350,1317.73876953125
grid_05351,1317.73876953125
grid_05352,1317.73876953125
grid_05353,1317.73876953125
grid_05354,1353.814453125
grid_05355,1317.73876953125
grid_05356,1317.73876953125
grid_05357,1317.73876953125
grid_05358,1307.8651123046875
grid_05359,1353.814453125
grid_05360,1353.814453125
grid_05361,1307.8651123046875
grid_05362,1353.814453125
grid_05363,1307.8651123046875
grid_05364,1353.814453125
grid_05365,1353.814453125
grid_05366,1353.814453125
grid_05367,1307.8651123046875
grid_05368,1307.8651123046875
grid_05369,1307.8651123046875
grid_05370,1307.8651123046875
grid_05371,1307.8651123046875
grid_05372,1307.8651123046875
grid_05373,1307.8651123046875
grid_05374,1307.8651123046875
grid_05375,1307.8651123046875
grid_05376,1307.8651123046875
grid_05377,1307.8651123046875
grid_05378,1307.8651123046875
grid_05379,1353.814453125
grid_05380,1353.814453125
grid_05381,1353.814453125
grid_05382,1353.814453125
grid_05383,1307.8651123046875
grid_05384,1307.8651123046875
grid_05385,1307.8651123046875
grid_05386,1353.814453125
grid_05387,1353.814453125
grid_05388,1317.73876953125
grid_05389,1317.73876953125
grid_05390,1317.73876953125
grid_05391,1317.73876953125
grid_05392,1317.73876953125
grid_05393,1353.814453125
grid_05394,1317.73876953125
grid_05395,1353.814453125
grid_05396,1317.73876953125
grid_05397,1317.73876953125
grid_05398,1307.8651123046875
grid_05399,1307.8651123046875
grid_05400,1307.8651123046875
grid_05401,1307.8651123046875
grid_05402,1307.8651123046875
grid_05403,1307.8651123046875
grid_05404,1358.66357421875
grid_05405,1358.66357421875
grid_05406,1358.66357421875
grid_05407,1358.66357421875
grid_05408,1176.5252685546875
grid_05409,1176.5252685546875
grid_05410,1176.5252685546875
grid_05411,1158.761474609375
grid_05412,1281.9256591796875
grid_05413,1281.9256591796875
grid_05414,1281.9256591796875
grid_05415,1281.9256591796875
grid_05416,1192.59765625
grid_05417,1281.9256591796875
grid_05418,1103.5982666015625
grid_05419,1103.5982666015625
grid_05420,1158.761474609375
grid_05421,1192.59765625
grid_05422,1139.091796875
grid_05423,1139.091796875
grid_05424,1192.59765625
grid_05425,1139.091796875
grid_05426,1192.59765625
grid_05427,1192.59765625
grid_05428,1103.5982666015625
grid_05429,1094.2080078125
grid_05430,1103.5982666015625
grid_05431,1088.841064453125
grid_05432,1088.841064453125
grid_05433,1088.841064453125
grid_05434,1139.091796875
grid_05435,1088.841064453125
grid_05436,1139.091796875
grid_05437,1139.091796875
grid_05438,1192.59765625
grid_05439,1192.59765625
grid_05440,1281.9256591796875
grid_05441,1281.9256591796875
grid_05442,1281.9256591796875
grid_05443,1192.59765625
grid_05444,1281.9256591796875
grid_05445,1281.9256591796875
grid_05446,1281.9256591796875
grid_05447,1192.59765625
grid_05448,1139.091796875
grid_05449,1192.59765625
grid_05450,1139.091796875
grid_05451,1139.091796875
grid_05452,1192.59765625
grid_05453,1192.59765625
grid_05454,1139.091796875
grid_05455,1139.091796875
grid_05456,1139.091796875
grid_05457,1192.59765625
grid_05458,1088.841064453125
grid_05459,1088.841064453125
grid_05460,1088.841064453125
grid_05461,1139.091796875
grid_05462,1088.841064453125
grid_05463,1088.841064453125
grid_05464,1088.841064453125
grid_05465,1139.091796875
grid_05466,1088.841064453125
grid_05467,1139.091796875
grid_05468,1281.9256591796875
grid_05469,1281.9256591796875
grid_05470,1281.9256591796875
grid_05471,1281.9256591796875
grid_05472,1192.59765625
grid_05473,1281.9256591796875
grid_05474,1192.59765625
grid_05475,1281.9256591796875
grid_05476,1281.9256591796875
grid_05477,1281.9256591796875
grid_05478,1088.841064453125
grid_05479,1139.091796875
grid_05480,1139.091796875
grid_05481,1088.841064453125
grid_05482,1088.841064453125
grid_05483,1088.841064453125
grid_05484,1088.841064453125
grid_05485,1139.091796875
grid_05486,1139.091796875
grid_05487,1088.841064453125
grid_05488,1192.59765625
grid_05489,1139.091796875
grid_05490,1192.59765625
grid_05491,1139.091796875
grid_05492,1139.091796875
grid_05493,1192.59765625
grid_05494,1192.59765625
grid_05495,1192.59765625
grid_05496,1139.091796875
grid_05497,1139.091796875
grid_05498,1281.9256591796875
grid_05499,1192.59765625
grid_05500,1281.9256591796875
grid_05501,1281.9256591796875
grid_05502,1281.9256591796875
grid_05503,1281.9256591796875
grid_05504,1192.59765625
grid_05505,1281.9256591796875
grid_05506,1192.59765625
grid_05507,1338.8902587890625
grid_05508,1432.979736328125
grid_05509,1369.825927734375
grid_05510,1432.979736328125
grid_05511,1432.979736328125
grid_05512,1432.979736328125
grid_05513,1369.825927734375
grid_05514,1432.979736328125
grid_05515,1369.825927734375
grid_05516,1432.979736328125
grid_05517,1432.979736328125
grid_05518,1587.8558349609375
grid_05519,1587.8558349609375
grid_05520,1533.865478515625
grid_05521,1587.8558349609375
grid_05522,1533.865478515625
grid_05523,1587.8558349609375
grid_05524,1587.8558349609375
grid_05525,1587.8558349609375
grid_05526,1533.865478515625
grid_05527,1587.8558349609375
grid_05528,1339.8974609375
grid_05529,1339.8974609375
grid_05530,1369.825927734375
grid_05531,1339.8974609375
grid_05532,1339.8974609375
grid_05533,1339.8974609375
grid_05534,1339.8974609375
grid_05535,1369.825927734375
grid_05536,1340.0147705078125
grid_05537,1340.0147705078125
grid_05538,1432.979736328125
grid_05539,1432.979736328125
grid_05540,1426.4639892578125
grid_05541,1371.7386474609375
grid_05542,1426.4639892578125
grid_05543,1371.7386474609375
grid_05544,1426.4639892578125
grid_05545,1426.4639892578125
grid_05546,1426.4639892578125
grid_05547,1426.4639892578125
grid_05548,1317.73876953125
grid_05549,1317.73876953125
grid_05550,1337.721923828125
grid_05551,1337.721923828125
grid_05552,1337.721923828125
grid_05553,1377.0391845703125
grid_05554,1337.721923828125
grid_05555,1337.721923828125
grid_05556,1337.721923828125
grid_05557,1337.721923828125
grid_05558,1340.0147705078125
grid_05559,1371.7386474609375
grid_05560,1340.0147705078125
grid_05561,1340.0147705078125
grid_05562,1371.7386474609375
grid_05563,1340.0147705078125
grid_05564,1340.0147705078125
grid_05565,1340.0147705078125
grid_05566,1371.7386474609375
grid_05567,1340.0147705078125
grid_05568,1451.5772705078125
grid_05569,1480.6998291015625
grid_05570,1451.5772705078125
grid_05571,1480.6998291015625
grid_05572,1451.5772705078125
grid_05573,1480.6998291015625
grid_05574,1480.6998291015625
grid_05575,1480.6998291015625
grid_05576,1451.5772705078125
grid_05577,1480.6998291015625
grid_05578,1480.6998291015625
grid_05579,1451.5772705078125
grid_05580,1480.6998291015625
grid_05581,1480.6998291015625
grid_05582,1480.6998291015625
grid_05583,1451.5772705078125
grid_05584,1451.5772705078125
grid_05585,1480.6998291015625
grid_05586,1451.5772705078125
grid_05587,1451.5772705078125
grid_05588,1426.4639892578125
grid_05589,1426.4639892578125
grid_05590,1371.7386474609375
grid_05591,1426.4639892578125
grid_05592,1371.7386474609375
grid_05593,1426.4639892578125
grid_05594,1371.7386474609375
grid_05595,1426.4639892578125
grid_05596,1426.4639892578125
grid_05597,1371.7386474609375
grid_05598,1377.0391845703125
grid_05599,1337.721923828125
grid_05600,1337.721923828125
grid_05601,1337.721923828125
grid_05602,1377.0391845703125
grid_05603,1337.721923828125
grid_05604,1337.721923828125
grid_05605,1337.721923828125
grid_05606,1337.721923828125
grid_05607,1337.721923828125
grid_05608,1150.1849365234375
grid_05609,1150.1849365234375
grid_05610,1090.4635009765625
grid_05611,1090.4635009765625
grid_05612,1150.1849365234375
grid_05613,1150.1849365234375
grid_05614,1150.1849365234375
grid_05615,1090.4635009765625
grid_05616,1090.4635009765625
grid_05617,1150.1849365234375
grid_05618,1090.4635009765625
grid_05619,1090.4635009765625
grid_05620,1045.673095703125
grid_05621,1045.673095703125
grid_05622,1045.673095703125
grid_05623,1045.673095703125
grid_05624,1090.4635009765625
grid_05625,1095.6768798828125
grid_05626,1157.2783203125
grid_05627,1095.6768798828125
grid_05628,1173.734130859375
grid_05629,1173.734130859375
grid_05630,1173.734130859375
grid_05631,1173.734130859375
grid_05632,1157.2783203125
grid_05633,1157.2783203125
grid_05634,1173.734130859375
grid_05635,1173.734130859375
grid_05636,1173.734130859375
grid_05637,1173.734130859375
grid_05638,1095.6768798828125
grid_05639,1095.6768798828125
grid_05640,1157.2783203125
grid_05641,1157.2783203125
grid_05642,1157.2783203125
grid_05643,1095.6768798828125
grid_05644,1095.6768798828125
grid_05645,1095.6768798828125
grid_05646,1095.6768798828125
grid_05647,1157.2783203125
grid_05648,1003.5853271484375
grid_05649,1073.69775390625
grid_05650,1003.5853271484375
grid_05651,1073.69775390625
grid_05652,1003.5853271484375
grid_05653,1003.5853271484375
grid_05654,1003.5853271484375
grid_05655,1003.5853271484375
grid_05656,1003.5853271484375
grid_05657,1003.5853271484375
grid_05658,1073.69775390625
grid_05659,1073.69775390625
grid_05660,1073.69775390625
grid_05661,1073.69775390625
grid_05662,1073.69775390625
grid_05663,1095.6768798828125
grid_05664,1073.69775390625
grid_05665,1073.69775390625
grid_05666,1073.69775390625
grid_05667,1095.6768798828125
grid_05668,1157.2783203125
grid_05669,1157.2783203125
grid_05670,1173.734130859375
grid_05671,1157.2783203125
grid_05672,1173.734130859375
grid_05673,1173.734130859375
grid_05674,1173.734130859375
grid_05675,1157.2783203125
grid_05676,1173.734130859375
grid_05677,1157.2783203125
grid_05678,1157.2783203125
grid_05679,1095.6768798828125
grid_05680,1095.6768798828125
grid_05681,1095.6768798828125
grid_05682,1157.2783203125
grid_05683,1095.6768798828125
grid_05684,1157.2783203125
grid_05685,1157.2783203125
grid_05686,1157.2783203125
grid_05687,1095.6768798828125
grid_05688,1073.69775390625
grid_05689,1073.69775390625
grid_05690,1073.69775390625
grid_05691,1073.69775390625
grid_05692,1073.69775390625
grid_05693,1073.69775390625
grid_05694,1073.69775390625
grid_05695,1073.69775390625
grid_05696,1095.6768798828125
grid_05697,1073.69775390625
grid_05698,1095.6768798828125
grid_05699,1157.2783203125
grid_05700,1095.6768798828125
grid_05701,1095.6768798828125
grid_05702,1157.2783203125
grid_05703,1095.6768798828125
grid_05704,1157.2783203125
grid_05705,1095.6768798828125
grid_05706,1095.6768798828125
grid_05707,1157.2783203125
grid_05708,1003.5853271484375
grid_05709,1003.5853271484375
grid_05710,1003.5853271484375
grid_05711,981.4194946289062
grid_05712,1003.5853271484375
grid_05713,1003.5853271484375
grid_05714,1003.5853271484375
grid_05715,1003.5853271484375
grid_05716,1003.5853271484375
grid_05717,981.4194946289062
grid_05718,981.4194946289062
grid_05719,981.4194946289062
grid_05720,981.4194946289062
grid_05721,
grid_05722,981.4194946289062
grid_05723,981.4194946289062
grid_05724,981.4194946289062
grid_05725,1027.5177001953125
grid_05726,975.4943237304688
grid_05727,975.4943237304688
grid_05728,1003.5853271484375
grid_05729,1003.5853271484375
grid_05730,1003.5853271484375
grid_05731,981.4194946289062
grid_05732,1003.5853271484375
grid_05733,1003.5853271484375
grid_05734,981.4194946289062
grid_05735,1056.2479248046875
grid_05736,1056.2479248046875
grid_05737,1056.2479248046875
grid_05738,1027.5177001953125
grid_05739,1056.2479248046875
grid_05740,1056.2479248046875
grid_05741,1027.5177001953125
grid_05742,1056.2479248046875
grid_05743,1056.2479248046875
grid_05744,1056.2479248046875
grid_05745,1027.5177001953125
grid_05746,1056.2479248046875
grid_05747,1056.2479248046875
grid_05748,1027.5177001953125
grid_05749,1027.5177001953125
grid_05750,1027.5177001953125
grid_05751,975.4943237304688
grid_05752,975.4943237304688
grid_05753,1027.5177001953125
grid_05754,1027.5177001953125
grid_05755,975.4943237304688
grid_05756,1027.5177001953125
grid_05757,975.4943237304688
grid_05758,975.4943237304688
grid_05759,975.4943237304688
grid_05760,975.4943237304688
grid_05761,975.4943237304688
grid_05762,975.4943237304688
grid_05763,964.5612182617188
grid_05764,975.4943237304688
grid_05765,964.5612182617188
grid_05766,975.4943237304688
grid_05767,975.4943237304688
grid_05768,1027.5177001953125
grid_05769,1056.2479248046875
grid_05770,1027.5177001953125
grid_05771,1056.2479248046875
grid_05772,1027.5177001953125
grid_05773,1056.2479248046875
grid_05774,1056.2479248046875
grid_05775,1056.2479248046875
grid_05776,1056.2479248046875
grid_05777,1056.2479248046875
grid_05778,1027.5177001953125
grid_05779,1027.5177001953125
grid_05780,1027.5177001953125
grid_05781,975.4943237304688
grid_05782,1027.5177001953125
grid_05783,975.4943237304688
grid_05784,1027.5177001953125
grid_05785,1027.5177001953125
grid_05786,975.4943237304688
grid_05787,1027.5177001953125
grid_05788,1027.5177001953125
grid_05789,1056.2479248046875
grid_05790,1056.2479248046875
grid_05791,1056.2479248046875
grid_05792,1027.5177001953125
grid_05793,1056.2479248046875
grid_05794,1056.2479248046875
grid_05795,1056.2479248046875
grid_05796,1056.2479248046875
grid_05797,1027.5177001953125
grid_05798,975.4943237304688
grid_05799,964.5612182617188
grid_05800,964.5612182617188
grid_05801,975.4943237304688
grid_05802,975.4943237304688
grid_05803,964.5612182617188
grid_05804,975.4943237304688
grid_05805,964.5612182617188
grid_05806,975.4943237304688
grid_05807,972.841064453125
grid_05808,964.5612182617188
grid_05809,964.5612182617188
grid_05810,964.5612182617188
grid_05811,986.626708984375
grid_05812,986.626708984375
grid_05813,986.626708984375
grid_05814,948.5789184570312
grid_05815,986.626708984375
grid_05816,986.626708984375
grid_05817,986.626708984375
grid_05818,1027.5177001953125
grid_05819,1056.2479248046875
grid_05820,1052.0335693359375
grid_05821,1052.0335693359375
grid_05822,1019.0726928710938
grid_05823,1019.0726928710938
grid_05824,1052.0335693359375
grid_05825,1052.0335693359375
grid_05826,1052.0335693359375
grid_05827,1052.0335693359375
grid_05828,975.4943237304688
grid_05829,1027.5177001953125
grid_05830,1019.0726928710938
grid_05831,1019.0726928710938
grid_05832,972.841064453125
grid_05833,1019.0726928710938
grid_05834,972.841064453125
grid_05835,972.841064453125
grid_05836,1019.0726928710938
grid_05837,972.841064453125
grid_05838,972.841064453125
grid_05839,972.841064453125
grid_05840,986.626708984375
grid_05841,986.626708984375
grid_05842,972.841064453125
grid_05843,972.841064453125
grid_05844,986.626708984375
grid_05845,986.626708984375
grid_05846,972.841064453125
grid_05847,986.626708984375
grid_05848,1052.0335693359375
grid_05849,1052.0335693359375
grid_05850,1019.0726928710938
grid_05851,1052.0335693359375
grid_05852,1052.0335693359375
grid_05853,1019.0726928710938
grid_05854,1052.0335693359375
grid_05855,1052.0335693359375
grid_05856,1052.0335693359375
grid_05857,1052.0335693359375
grid_05858,1019.0726928710938
grid_05859,1019.0726928710938
grid_05860,1019.0726928710938
grid_05861,1019.0726928710938
grid_05862,1019.0726928710938
grid_05863,972.841064453125
grid_05864,972.841064453125
grid_05865,1019.0726928710938
grid_05866,1019.0726928710938
grid_05867,1019.0726928710938
grid_05868,1019.0726928710938
grid_05869,1052.0335693359375
grid_05870,1019.0726928710938
grid_05871,1052.0335693359375
grid_05872,1052.0335693359375
grid_05873,1019.0726928710938
grid_05874,1052.0335693359375
grid_05875,1052.0335693359375
grid_05876,1052.0335693359375
grid_05877,1019.0726928710938
grid_05878,986.626708984375
grid_05879,972.841064453125
grid_05880,972.841064453125
grid_05881,972.841064453125
grid_05882,972.841064453125
grid_05883,986.626708984375
grid_05884,972.841064453125
grid_05885,972.841064453125
grid_05886,986.626708984375
grid_05887,972.841064453125
grid_05888,972.841064453125
grid_05889,972.841064453125
grid_05890,1019.0726928710938
grid_05891,1019.0726928710938
grid_05892,1019.0726928710938
grid_05893,972.841064453125
grid_05894,972.841064453125
grid_05895,1051.4339599609375
grid_05896,999.2700805664062
grid_05897,1051.4339599609375
grid_05898,1052.0335693359375
grid_05899,1019.0726928710938
grid_05900,1052.0335693359375
grid_05901,1052.0335693359375
grid_05902,1052.0335693359375
grid_05903,1052.0335693359375
grid_05904,1019.0726928710938
grid_05905,1051.4339599609375
grid_05906,1116.04736328125
grid_05907,1116.04736328125
grid_05908,948.5789184570312
grid_05909,986.626708984375
grid_05910,986.626708984375
grid_05911,948.5789184570312
grid_05912,948.5789184570312
grid_05913,986.626708984375
grid_05914,948.5789184570312
grid_05915,986.626708984375
grid_05916,948.5789184570312
grid_05917,948.5789184570312
grid_05918,948.5789184570312
grid_05919,986.626708984375
grid_05920,986.626708984375
grid_05921,948.5789184570312
grid_05922,948.5789184570312
grid_05923,1021.1135864257812
grid_05924,978.0823974609375
grid_05925,978.0823974609375
grid_05926,1021.1135864257812
grid_05927,978.0823974609375
grid_05928,948.5789184570312
grid_05929,978.0823974609375
grid_05930,978.0823974609375
grid_05931,978.0823974609375
grid_05932,978.0823974609375
grid_05933,978.0823974609375
grid_05934,978.0823974609375
grid_05935,978.0823974609375
grid_05936,978.0823974609375
grid_05937,978.0823974609375
grid_05938,978.0823974609375
grid_05939,978.0823974609375
grid_05940,1021.1135864257812
grid_05941,978.0823974609375
grid_05942,1021.1135864257812
grid_05943,978.0823974609375
grid_05944,1021.1135864257812
grid_05945,978.0823974609375
grid_05946,1021.1135864257812
grid_05947,978.0823974609375
grid_05948,978.0823974609375
grid_05949,978.0823974609375
grid_05950,978.0823974609375
grid_05951,1021.1135864257812
grid_05952,1021.1135864257812
grid_05953,978.0823974609375
grid_05954,978.0823974609375
grid_05955,978.0823974609375
grid_05956,1021.1135864257812
grid_05957,1021.1135864257812
grid_05958,978.0823974609375
grid_05959,978.0823974609375
grid_05960,978.0823974609375
grid_05961,978.0823974609375
grid_05962,978.0823974609375
grid_05963,978.0823974609375
grid_05964,978.0823974609375
grid_05965,978.0823974609375
grid_05966,978.0823974609375
grid_05967,978.0823974609375
grid_05968,978.0823974609375
grid_05969,978.0823974609375
grid_05970,978.0823974609375
grid_05971,978.0823974609375
grid_05972,978.0823974609375
grid_05973,971.2244873046875
grid_05974,971.2244873046875
grid_05975,971.2244873046875
grid_05976,971.2244873046875
grid_05977,971.2244873046875
grid_05978,1002.540771484375
grid_05979,971.2244873046875
grid_05980,971.2244873046875
grid_05981,1002.540771484375
grid_05982,971.2244873046875
grid_05983,1002.540771484375
grid_05984,971.2244873046875
grid_05985,971.2244873046875
grid_05986,1002.540771484375
grid_05987,971.2244873046875
grid_05988,971.2244873046875
grid_05989,971.2244873046875
grid_05990,971.2244873046875
grid_05991,971.2244873046875
grid_05992,971.2244873046875
grid_05993,971.2244873046875
grid_05994,971.2244873046875
grid_05995,971.2244873046875
grid_05996,971.2244873046875
grid_05997,971.2244873046875
grid_05998,971.2244873046875
grid_05999,971.2244873046875
grid_06000,971.2244873046875
grid_06001,971.2244873046875
grid_06002,971.2244873046875
grid_06003,971.2244873046875
grid_06004,971.2244873046875
grid_06005,971.2244873046875
grid_06006,971.2244873046875
grid_06007,971.2244873046875
grid_06008,972.841064453125
grid_06009,986.626708984375
grid_06010,972.841064453125
grid_06011,986.626708984375
grid_06012,999.2700805664062
grid_06013,999.2700805664062
grid_06014,999.2700805664062
grid_06015,1021.1135864257812
grid_06016,1021.1135864257812
grid_06017,999.2700805664062
grid_06018,1116.04736328125
grid_06019,1116.04736328125
grid_06020,1116.04736328125
grid_06021,1051.4339599609375
grid_06022,1051.4339599609375
grid_06023,1116.04736328125
grid_06024,1116.04736328125
grid_06025,1116.04736328125
grid_06026,1116.04736328125
grid_06027,1051.4339599609375
grid_06028,1051.4339599609375
grid_06029,999.2700805664062
grid_06030,1051.4339599609375
grid_06031,1051.4339599609375
grid_06032,1051.4339599609375
grid_06033,999.2700805664062
grid_06034,999.2700805664062
grid_06035,1051.4339599609375
grid_06036,1051.4339599609375
grid_06037,1051.4339599609375
grid_06038,1116.04736328125
grid_06039,1051.4339599609375
grid_06040,1051.4339599609375
grid_06041,1116.04736328125
grid_06042,1116.04736328125
grid_06043,1116.04736328125
grid_06044,1116.04736328125
grid_06045,1116.04736328125
grid_06046,1116.04736328125
grid_06047,1116.04736328125
grid_06048,999.2700805664062
grid_06049,999.2700805664062
grid_06050,1021.1135864257812
grid_06051,1021.1135864257812
grid_06052,999.2700805664062
grid_06053,999.2700805664062
grid_06054,999.2700805664062
grid_06055,1021.1135864257812
grid_06056,1021.1135864257812
grid_06057,999.2700805664062
grid_06058,999.2700805664062
grid_06059,999.2700805664062
grid_06060,1051.4339599609375
grid_06061,1051.4339599609375
grid_06062,999.2700805664062
grid_06063,1051.4339599609375
grid_06064,999.2700805664062
grid_06065,1051.4339599609375
grid_06066,1051.4339599609375
grid_06067,1051.4339599609375
grid_06068,1021.1135864257812
grid_06069,999.2700805664062
grid_06070,999.2700805664062
grid_06071,1021.1135864257812
grid_06072,1021.1135864257812
grid_06073,1021.1135864257812
grid_06074,999.2700805664062
grid_06075,999.2700805664062
grid_06076,999.2700805664062
grid_06077,1021.9068603515625
grid_06078,1051.4339599609375
grid_06079,1051.4339599609375
grid_06080,999.2700805664062
grid_06081,999.2700805664062
grid_06082,1079.6614990234375
grid_06083,1021.9068603515625
grid_06084,1079.6614990234375
grid_06085,1021.9068603515625
grid_06086,1079.6614990234375
grid_06087,1079.6614990234375
grid_06088,1021.9068603515625
grid_06089,1002.540771484375
grid_06090,1021.9068603515625
grid_06091,1002.540771484375
grid_06092,1021.9068603515625
grid_06093,1002.540771484375
grid_06094,1021.9068603515625
grid_06095,1021.9068603515625
grid_06096,1002.540771484375
grid_06097,1021.9068603515625
grid_06098,1079.6614990234375
grid_06099,1021.9068603515625
grid_06100,1079.6614990234375
grid_06101,1079.6614990234375
grid_06102,1079.6614990234375
grid_06103,1021.9068603515625
grid_06104,1079.6614990234375
grid_06105,1079.6614990234375
grid_06106,1079.6614990234375
grid_06107,1021.9068603515625
grid_06108,1021.9068603515625
grid_06109,1079.6614990234375
grid_06110,1079.6614990234375
grid_06111,1079.6614990234375
grid_06112,1021.9068603515625
grid_06113,1021.9068603515625
grid_06114,1079.6614990234375
grid_06115,1079.6614990234375
grid_06116,1079.6614990234375
grid_06117,1021.9068603515625
grid_06118,1021.9068603515625
grid_06119,1002.540771484375
grid_06120,1021.9068603515625
grid_06121,1002.540771484375
grid_06122,1021.9068603515625
grid_06123,1002.540771484375
grid_06124,1021.9068603515625
grid_06125,1002.540771484375
grid_06126,1021.9068603515625
grid_06127,1002.540771484375
grid_06128,1079.6614990234375
grid_06129,1021.9068603515625
grid_06130,1079.6614990234375
grid_06131,1079.6614990234375
grid_06132,1059.224853515625
grid_06133,1050.1761474609375
grid_06134,1059.224853515625
grid_06135,1059.224853515625
grid_06136,1050.1761474609375
grid_06137,1059.224853515625
grid_06138,1021.9068603515625
grid_06139,1021.9068603515625
grid_06140,1002.540771484375
grid_06141,1021.9068603515625
grid_06142,1050.1761474609375
grid_06143,1050.1761474609375
grid_06144,1077.9200439453125
grid_06145,1077.9200439453125
grid_06146,1050.1761474609375
grid_06147,1077.9200439453125
grid_06148,1059.224853515625
grid_06149,1059.224853515625
grid_06150,1059.224853515625
grid_06151,1059.224853515625
grid_06152,1050.1761474609375
grid_06153,1050.1761474609375
grid_06154,1050.1761474609375
grid_06155,1059.224853515625
grid_06156,1059.224853515625
grid_06157,1050.1761474609375
grid_06158,1050.1761474609375
grid_06159,1050.1761474609375
grid_06160,1050.1761474609375
grid_06161,1077.9200439453125
grid_06162,1050.1761474609375
grid_06163,1050.1761474609375
grid_06164,1077.9200439453125
grid_06165,1077.9200439453125
grid_06166,1050.1761474609375
grid_06167,1050.1761474609375
grid_06168,1059.224853515625
grid_06169,1059.224853515625
grid_06170,1050.1761474609375
grid_06171,1059.224853515625
grid_06172,1059.224853515625
grid_06173,1059.224853515625
grid_06174,1050.1761474609375
grid_06175,1059.224853515625
grid_06176,1059.224853515625
grid_06177,1050.1761474609375
grid_06178,1133.048583984375
grid_06179,1133.048583984375
grid_06180,1133.048583984375
grid_06181,1133.048583984375
grid_06182,1133.048583984375
grid_06183,1133.048583984375
grid_06184,1133.048583984375
grid_06185,1059.224853515625
grid_06186,1133.048583984375
grid_06187,1133.048583984375
grid_06188,1050.1761474609375
grid_06189,1077.9200439453125
grid_06190,1077.9200439453125
grid_06191,1050.1761474609375
grid_06192,1077.9200439453125
grid_06193,1050.1761474609375
grid_06194,1050.1761474609375
grid_06195,1077.9200439453125
grid_06196,1077.9200439453125
grid_06197,1063.9581298828125
grid_06198,1059.224853515625
grid_06199,1059.224853515625
grid_06200,1050.1761474609375
grid_06201,1059.224853515625
grid_06202,1120.184326171875
grid_06203,1120.184326171875
grid_06204,1079.8798828125
grid_06205,1120.184326171875
grid_06206,1079.8798828125
grid_06207,1120.184326171875
grid_06208,971.2244873046875
grid_06209,1002.540771484375
grid_06210,1002.540771484375
grid_06211,971.2244873046875
grid_06212,971.2244873046875
grid_06213,971.2244873046875
grid_06214,1002.540771484375
grid_06215,971.2244873046875
grid_06216,971.2244873046875
grid_06217,1002.540771484375
grid_06218,1002.540771484375
grid_06219,971.2244873046875
grid_06220,971.2244873046875
grid_06221,1002.540771484375
grid_06222,971.2244873046875
grid_06223,1077.9200439453125
grid_06224,1096.50439453125
grid_06225,1096.50439453125
grid_06226,1096.50439453125
grid_06227,1077.9200439453125
grid_06228,971.2244873046875
grid_06229,971.2244873046875
grid_06230,971.2244873046875
grid_06231,971.2244873046875
grid_06232,1096.50439453125
grid_06233,1096.50439453125
grid_06234,1096.50439453125
grid_06235,1096.50439453125
grid_06236,1096.50439453125
grid_06237,1096.50439453125
grid_06238,971.2244873046875
grid_06239,971.2244873046875
grid_06240,971.2244873046875
grid_06241,1096.50439453125
grid_06242,971.2244873046875
grid_06243,1096.50439453125
grid_06244,971.2244873046875
grid_06245,1096.50439453125
grid_06246,1096.50439453125
grid_06247,1096.50439453125
grid_06248,1077.9200439453125
grid_06249,1096.50439453125
grid_06250,1096.50439453125
grid_06251,1096.50439453125
grid_06252,1077.9200439453125
grid_06253,1096.50439453125
grid_06254,1096.50439453125
grid_06255,1077.9200439453125
grid_06256,1096.50439453125
grid_06257,1077.9200439453125
grid_06258,1096.50439453125
grid_06259,1096.50439453125
grid_06260,1096.50439453125
grid_06261,1096.50439453125
grid_06262,1096.50439453125
grid_06263,1096.50439453125
grid_06264,1096.50439453125
grid_06265,1096.50439453125
grid_06266,1096.50439453125
grid_06267,1096.50439453125
grid_06268,1096.50439453125
grid_06269,1077.9200439453125
grid_06270,1096.50439453125
grid_06271,1077.9200439453125
grid_06272,1096.50439453125
grid_06273,1077.9200439453125
grid_06274,1096.50439453125
grid_06275,1077.9200439453125
grid_06276,1096.50439453125
grid_06277,1096.50439453125
grid_06278,1096.50439453125
grid_06279,1096.50439453125
grid_06280,1096.50439453125
grid_06281,1096.50439453125
grid_06282,1096.50439453125
grid_06283,1096.50439453125
grid_06284,1096.50439453125
grid_06285,1096.50439453125
grid_06286,1096.50439453125
grid_06287,1089.7958984375
grid_06288,1096.50439453125
grid_06289,1096.50439453125
grid_06290,1096.50439453125
grid_06291,1089.7958984375
grid_06292,1089.7958984375
grid_06293,1089.7958984375
grid_06294,1089.7958984375
grid_06295,1089.7958984375
grid_06296,1089.7958984375
grid_06297,1089.7958984375
grid_06298,1063.9581298828125
grid_06299,1063.9581298828125
grid_06300,1089.7958984375
grid_06301,1089.7958984375
grid_06302,1089.7958984375
grid_06303,1063.9581298828125
grid_06304,1089.7958984375
grid_06305,1063.9581298828125
grid_06306,1089.7958984375
grid_06307,1089.7958984375
grid_06308,962.9130249023438
grid_06309,962.9130249023438
grid_06310,962.9130249023438
grid_06311,962.9130249023438
grid_06312,962.9130249023438
grid_06313,962.9130249023438
grid_06314,962.9130249023438
grid_06315,962.9130249023438
grid_06316,962.9130249023438
grid_06317,1029.0316162109375
grid_06318,962.9130249023438
grid_06319,1029.0316162109375
grid_06320,1029.0316162109375
grid_06321,1029.0316162109375
grid_06322,1029.0316162109375
grid_06323,1029.0316162109375
grid_06324,1029.0316162109375
grid_06325,1029.0316162109375
grid_06326,1029.0316162109375
grid_06327,1029.0316162109375
grid_06328,1029.0316162109375
grid_06329,1024.9954833984375
grid_06330,1024.9954833984375
grid_06331,1029.0316162109375
grid_06332,1024.9954833984375
grid_06333,1024.9954833984375
grid_06334,1024.9954833984375
grid_06335,1029.0316162109375
grid_06336,1024.9954833984375
grid_06337,1050.17529296875
grid_06338,1029.0316162109375
grid_06339,1029.0316162109375
grid_06340,1029.0316162109375
grid_06341,1029.0316162109375
grid_06342,1029.0316162109375
grid_06343,1029.0316162109375
grid_06344,1029.0316162109375
grid_06345,1029.0316162109375
grid_06346,1029.0316162109375
grid_06347,1029.0316162109375
grid_06348,1029.0316162109375
grid_06349,1029.0316162109375
grid_06350,1097.3818359375
grid_06351,1097.3818359375
grid_06352,1097.3818359375
grid_06353,1097.3818359375
grid_06354,1097.3818359375
grid_06355,1097.3818359375
grid_06356,1097.3818359375
grid_06357,1097.3818359375
grid_06358,1029.0316162109375
grid_06359,1024.9954833984375
grid_06360,1050.17529296875
grid_06361,1097.3818359375
grid_06362,1050.17529296875
grid_06363,1050.17529296875
grid_06364,1050.17529296875
grid_06365,1050.17529296875
grid_06366,1050.17529296875
grid_06367,1097.3818359375
grid_06368,1050.17529296875
grid_06369,1050.17529296875
grid_06370,1097.3818359375
grid_06371,1050.17529296875
grid_06372,1050.17529296875
grid_06373,1050.17529296875
grid_06374,1050.17529296875
grid_06375,1050.17529296875
grid_06376,1050.17529296875
grid_06377,1050.17529296875
grid_06378,1097.3818359375
grid_06379,1097.3818359375
grid_06380,1097.3818359375
grid_06381,1097.3818359375
grid_06382,1097.3818359375
grid_06383,1097.3818359375
grid_06384,1097.3818359375
grid_06385,1097.3818359375
grid_06386,1174.789794921875
grid_06387,1097.3818359375
grid_06388,1050.17529296875
grid_06389,996.9732666015625
grid_06390,996.9732666015625
grid_06391,996.9732666015625
grid_06392,996.9732666015625
grid_06393,1046.1363525390625
grid_06394,1046.1363525390625
grid_06395,1046.1363525390625
grid_06396,1046.1363525390625
grid_06397,1046.1363525390625
grid_06398,1050.17529296875
grid_06399,1050.17529296875
grid_06400,1050.17529296875
grid_06401,1050.17529296875
grid_06402,1050.17529296875
grid_06403,1050.17529296875
grid_06404,1050.17529296875
grid_06405,1096.8309326171875
grid_06406,1096.8309326171875
grid_06407,1096.8309326171875
grid_06408,1188.27978515625
grid_06409,1188.27978515625
grid_06410,1188.27978515625
grid_06411,1188.27978515625
grid_06412,1188.27978515625
grid_06413,1120.184326171875
grid_06414,1188.27978515625
grid_06415,1188.27978515625
grid_06416,1188.27978515625
grid_06417,1188.27978515625
grid_06418,1063.9581298828125
grid_06419,1079.8798828125
grid_06420,1063.9581298828125
grid_06421,1079.8798828125
grid_06422,1063.9581298828125
grid_06423,1079.8798828125
grid_06424,1063.9581298828125
grid_06425,1063.9581298828125
grid_06426,1079.8798828125
grid_06427,1079.8798828125
grid_06428,1079.8798828125
grid_06429,1120.184326171875
grid_06430,1120.184326171875
grid_06431,1120.184326171875
grid_06432,1079.8798828125
grid_06433,1120.184326171875
grid_06434,1079.8798828125
grid_06435,1120.184326171875
grid_06436,1120.184326171875
grid_06437,1120.184326171875
grid_06438,1120.184326171875
grid_06439,1188.27978515625
grid_06440,1188.27978515625
grid_06441,1188.27978515625
grid_06442,1188.27978515625
grid_06443,1188.27978515625
grid_06444,1120.184326171875
grid_06445,1188.27978515625
grid_06446,1188.27978515625
grid_06447,1188.27978515625
grid_06448,1079.8798828125
grid_06449,1120.184326171875
grid_06450,1079.8798828125
grid_06451,1120.184326171875
grid_06452,1120.184326171875
grid_06453,1120.184326171875
grid_06454,1120.184326171875
grid_06455,1079.8798828125
grid_06456,1079.8798828125
grid_06457,1120.184326171875
grid_06458,1063.9581298828125
grid_06459,1063.9581298828125
grid_06460,1063.9581298828125
grid_06461,1079.8798828125
grid_06462,1079.8798828125
grid_06463,1079.8798828125
grid_06464,1063.9581298828125
grid_06465,1063.9581298828125
grid_06466,1063.9581298828125
grid_06467,1063.9581298828125
grid_06468,1188.27978515625
grid_06469,1120.184326171875
grid_06470,1188.27978515625
grid_06471,1188.27978515625
grid_06472,1120.184326171875
grid_06473,1188.27978515625
grid_06474,1188.27978515625
grid_06475,1188.27978515625
grid_06476,1188.27978515625
grid_06477,1188.27978515625
grid_06478,1120.184326171875
grid_06479,1120.184326171875
grid_06480,1120.184326171875
grid_06481,1079.8798828125
grid_06482,1132.5650634765625
grid_06483,1184.4774169921875
grid_06484,1184.4774169921875
grid_06485,1184.4774169921875
grid_06486,1132.5650634765625
grid_06487,1184.4774169921875
grid_06488,1079.8798828125
grid_06489,1063.9581298828125
grid_06490,1079.8798828125
grid_06491,1063.9581298828125
grid_06492,1132.5650634765625
grid_06493,1086.4210205078125
grid_06494,1086.4210205078125
grid_06495,1132.5650634765625
grid_06496,1086.4210205078125
grid_06497,1132.5650634765625
grid_06498,1231.1539306640625
grid_06499,1231.1539306640625
grid_06500,1231.1539306640625
grid_06501,1231.1539306640625
grid_06502,1184.4774169921875
grid_06503,1231.1539306640625
grid_06504,1231.1539306640625
grid_06505,1231.1539306640625
grid_06506,1184.4774169921875
grid_06507,1231.1539306640625
grid_06508,1089.7958984375
grid_06509,1089.7958984375
grid_06510,1089.7958984375
grid_06511,1089.7958984375
grid_06512,1089.7958984375
grid_06513,1089.7958984375
grid_06514,1089.7958984375
grid_06515,1089.7958984375
grid_06516,1089.7958984375
grid_06517,1089.7958984375
grid_06518,1063.9581298828125
grid_06519,1063.9581298828125
grid_06520,1089.7958984375
grid_06521,1089.7958984375
grid_06522,1089.7958984375
grid_06523,1089.7958984375
grid_06524,1063.9581298828125
grid_06525,1089.7958984375
grid_06526,1063.9581298828125
grid_06527,1089.7958984375
grid_06528,1089.7958984375
grid_06529,1089.7958984375
grid_06530,1089.7958984375
grid_06531,1089.7958984375
grid_06532,1089.7958984375
grid_06533,1089.7958984375
grid_06534,1089.7958984375
grid_06535,1089.7958984375
grid_06536,1089.7958984375
grid_06537,1089.7958984375
grid_06538,1089.7958984375
grid_06539,1063.9581298828125
grid_06540,1089.7958984375
grid_06541,1089.7958984375
grid_06542,1063.9581298828125
grid_06543,1086.4210205078125
grid_06544,1111.6021728515625
grid_06545,1111.6021728515625
grid_06546,1086.4210205078125
grid_06547,1111.6021728515625
grid_06548,1089.7958984375
grid_06549,1089.7958984375
grid_06550,1089.7958984375
grid_06551,1089.7958984375
grid_06552,1111.6021728515625
grid_06553,1111.6021728515625
grid_06554,1111.6021728515625
grid_06555,1111.6021728515625
grid_06556,1111.6021728515625
grid_06557,1111.6021728515625
grid_06558,1089.7958984375
grid_06559,1089.7958984375
grid_06560,1089.7958984375
grid_06561,1111.6021728515625
grid_06562,1111.6021728515625
grid_06563,1111.6021728515625
grid_06564,1111.6021728515625
grid_06565,1111.6021728515625
grid_06566,1111.6021728515625
grid_06567,1111.6021728515625
grid_06568,1111.6021728515625
grid_06569,1111.6021728515625
grid_06570,1111.6021728515625
grid_06571,1111.6021728515625
grid_06572,1111.6021728515625
grid_06573,1111.6021728515625
grid_06574,1111.6021728515625
grid_06575,1111.6021728515625
grid_06576,1111.6021728515625
grid_06577,1111.6021728515625
grid_06578,1111.6021728515625
grid_06579,1111.6021728515625
grid_06580,1111.6021728515625
grid_06581,1111.6021728515625
grid_06582,1111.6021728515625
grid_06583,1111.6021728515625
grid_06584,1111.6021728515625
grid_06585,1111.6021728515625
grid_06586,1111.6021728515625
grid_06587,1111.6021728515625
grid_06588,1174.789794921875
grid_06589,1174.789794921875
grid_06590,1174.789794921875
grid_06591,1174.789794921875
grid_06592,1174.789794921875
grid_06593,1174.789794921875
grid_06594,1174.789794921875
grid_06595,1174.789794921875
grid_06596,1174.789794921875
grid_06597,1174.789794921875
grid_06598,1111.6021728515625
grid_06599,1111.6021728515625
grid_06600,1111.6021728515625
grid_06601,1111.6021728515625
grid_06602,1111.6021728515625
grid_06603,1111.6021728515625
grid_06604,1111.6021728515625
grid_06605,1111.6021728515625
grid_06606,1111.6021728515625
grid_06607,1111.6021728515625
grid_06608,1088.841064453125
grid_06609,1088.841064453125
grid_06610,1088.841064453125
grid_06611,1137.1572265625
grid_06612,1130.680908203125
grid_06613,1137.1572265625
grid_06614,1130.680908203125
grid_06615,1130.680908203125
grid_06616,1130.680908203125
grid_06617,1137.1572265625
grid_06618,1192.59765625
grid_06619,1139.091796875
grid_06620,1192.59765625
grid_06621,1137.1572265625
grid_06622,1137.1572265625
grid_06623,1225.92724609375
grid_06624,1225.92724609375
grid_06625,1137.1572265625
grid_06626,1225.92724609375
grid_06627,1225.92724609375
grid_06628,1338.8902587890625
grid_06629,1225.92724609375
grid_06630,1338.8902587890625
grid_06631,1338.8902587890625
grid_06632,1225.92724609375
grid_06633,1338.8902587890625
grid_06634,1338.8902587890625
grid_06635,1338.8902587890625
grid_06636,1225.92724609375
grid_06637,1338.8902587890625
grid_06638,1338.8902587890625
grid_06639,1225.92724609375
grid_06640,1338.8902587890625
grid_06641,1338.8902587890625
grid_06642,1225.92724609375
grid_06643,1338.8902587890625
grid_06644,1338.8902587890625
grid_06645,1338.8902587890625
grid_06646,1225.92724609375
grid_06647,1338.8902587890625
grid_06648,1130.680908203125
grid_06649,1130.680908203125
grid_06650,1137.1572265625
grid_06651,1130.680908203125
grid_06652,1130.680908203125
grid_06653,1137.1572265625
grid_06654,1130.680908203125
grid_06655,1130.680908203125
grid_06656,1130.680908203125
grid_06657,1137.1572265625
grid_06658,1137.1572265625
grid_06659,1137.1572265625
grid_06660,1225.92724609375
grid_06661,1137.1572265625
grid_06662,1225.92724609375
grid_06663,1225.92724609375
grid_06664,1137.1572265625
grid_06665,1137.1572265625
grid_06666,1137.1572265625
grid_06667,1225.92724609375
grid_06668,1130.680908203125
grid_06669,1130.680908203125
grid_06670,1137.1572265625
grid_06671,1130.680908203125
grid_06672,1137.1572265625
grid_06673,1130.680908203125
grid_06674,1130.680908203125
grid_06675,1130.680908203125
grid_06676,1137.1572265625
grid_06677,1130.680908203125
grid_06678,1225.92724609375
grid_06679,1225.92724609375
grid_06680,1137.1572265625
grid_06681,1225.92724609375
grid_06682,1137.1572265625
grid_06683,1137.1572265625
grid_06684,1225.92724609375
grid_06685,1137.1572265625
grid_06686,1225.92724609375
grid_06687,1225.92724609375
grid_06688,1338.8902587890625
grid_06689,1338.8902587890625
grid_06690,1225.92724609375
grid_06691,1338.8902587890625
grid_06692,1338.8902587890625
grid_06693,1338.8902587890625
grid_06694,1225.92724609375
grid_06695,1338.8902587890625
grid_06696,1338.8902587890625
grid_06697,1338.8902587890625
grid_06698,1051.4339599609375
grid_06699,1116.04736328125
grid_06700,1116.04736328125
grid_06701,1116.04736328125
grid_06702,1116.04736328125
grid_06703,1116.04736328125
grid_06704,1051.4339599609375
grid_06705,1116.04736328125
grid_06706,1116.04736328125
grid_06707,1116.04736328125
grid_06708,1353.814453125
grid_06709,1307.8651123046875
grid_06710,1353.814453125
grid_06711,1307.8651123046875
grid_06712,1307.8651123046875
grid_06713,1377.0391845703125
grid_06714,1358.66357421875
grid_06715,1377.0391845703125
grid_06716,1377.0391845703125
grid_06717,1377.0391845703125
grid_06718,1358.66357421875
grid_06719,1358.66357421875
grid_06720,1358.66357421875
grid_06721,1377.0391845703125
grid_06722,1377.0391845703125
grid_06723,1358.66357421875
grid_06724,1377.0391845703125
grid_06725,1377.0391845703125
grid_06726,1358.66357421875
grid_06727,1358.66357421875
grid_06728,1358.66357421875
grid_06729,1358.66357421875
grid_06730,1358.66357421875
grid_06731,1358.66357421875
grid_06732,1358.66357421875
grid_06733,1358.66357421875
grid_06734,1358.66357421875
grid_06735,1358.66357421875
grid_06736,1358.66357421875
grid_06737,1358.66357421875
grid_06738,1377.0391845703125
grid_06739,1377.0391845703125
grid_06740,1377.0391845703125
grid_06741,1358.66357421875
grid_06742,1377.0391845703125
grid_06743,1358.66357421875
grid_06744,1358.66357421875
grid_06745,1377.0391845703125
grid_06746,1377.0391845703125
grid_06747,1377.0391845703125
grid_06748,1358.66357421875
grid_06749,1358.66357421875
grid_06750,1358.66357421875
grid_06751,1358.66357421875
grid_06752,1358.66357421875
grid_06753,1358.66357421875
grid_06754,1358.66357421875
grid_06755,1358.66357421875
grid_06756,1358.66357421875
grid_06757,1358.66357421875
grid_06758,1358.66357421875
grid_06759,1377.0391845703125
grid_06760,1358.66357421875
grid_06761,1358.66357421875
grid_06762,1358.66357421875
grid_06763,1377.0391845703125
grid_06764,1377.0391845703125
grid_06765,1377.0391845703125
grid_06766,1377.0391845703125
grid_06767,1358.66357421875
grid_06768,1358.66357421875
grid_06769,1358.66357421875
grid_06770,1358.66357421875
grid_06771,1358.66357421875
grid_06772,1358.66357421875
grid_06773,1358.66357421875
grid_06774,1402.3265380859375
grid_06775,1402.3265380859375
grid_06776,1402.3265380859375
grid_06777,1402.3265380859375
grid_06778,1402.3265380859375
grid_06779,1402.3265380859375
grid_06780,1452.4842529296875
grid_06781,1452.4842529296875
grid_06782,1452.4842529296875
grid_06783,1452.4842529296875
grid_06784,1402.3265380859375
grid_06785,1402.3265380859375
grid_06786,1402.3265380859375
grid_06787,1452.4842529296875
grid_06788,1402.3265380859375
grid_06789,1402.3265380859375
grid_06790,1402.3265380859375
grid_06791,1402.3265380859375
grid_06792,1402.3265380859375
grid_06793,1402.3265380859375
grid_06794,1402.3265380859375
grid_06795,1402.3265380859375
grid_06796,1402.3265380859375
grid_06797,1402.3265380859375
grid_06798,1452.4842529296875
grid_06799,1452.4842529296875
grid_06800,1452.4842529296875
grid_06801,1402.3265380859375
grid_06802,1452.4842529296875
grid_06803,1452.4842529296875
grid_06804,1452.4842529296875
grid_06805,1402.3265380859375
grid_06806,1452.4842529296875
grid_06807,1402.3265380859375
grid_06808,1371.7386474609375
grid_06809,1340.0147705078125
grid_06810,1340.0147705078125
grid_06811,1340.0147705078125
grid_06812,1340.0147705078125
grid_06813,1340.0147705078125
grid_06814,1340.0147705078125
grid_06815,1371.7386474609375
grid_06816,1371.7386474609375
grid_06817,1340.0147705078125
grid_06818,1426.4639892578125
grid_06819,1426.4639892578125
grid_06820,1426.4639892578125
grid_06821,1426.4639892578125
grid_06822,1371.7386474609375
grid_06823,1371.7386474609375
grid_06824,1426.4639892578125
grid_06825,1426.4639892578125
grid_06826,1426.4639892578125
grid_06827,1426.4639892578125
grid_06828,1480.6998291015625
grid_06829,1480.6998291015625
grid_06830,1480.6998291015625
grid_06831,1480.6998291015625
grid_06832,1480.6998291015625
grid_06833,1480.6998291015625
grid_06834,1480.6998291015625
grid_06835,1480.6998291015625
grid_06836,1451.5772705078125
grid_06837,1451.5772705078125
grid_06838,1337.721923828125
grid_06839,1377.0391845703125
grid_06840,1337.721923828125
grid_06841,1337.721923828125
grid_06842,1337.721923828125
grid_06843,1337.721923828125
grid_06844,1337.721923828125
grid_06845,1377.0391845703125
grid_06846,1337.721923828125
grid_06847,1337.721923828125
grid_06848,1371.7386474609375
grid_06849,1371.7386474609375
grid_06850,1340.0147705078125
grid_06851,1340.0147705078125
grid_06852,1340.0147705078125
grid_06853,1340.0147705078125
grid_06854,1340.0147705078125
grid_06855,1371.7386474609375
grid_06856,1340.0147705078125
grid_06857,1340.0147705078125
grid_06858,1451.5772705078125
grid_06859,1480.6998291015625
grid_06860,1451.5772705078125
grid_06861,1480.6998291015625
grid_06862,1480.6998291015625
grid_06863,1480.6998291015625
grid_06864,1480.6998291015625
grid_06865,1480.6998291015625
grid_06866,1451.5772705078125
grid_06867,1451.5772705078125
grid_06868,1371.7386474609375
grid_06869,1340.0147705078125
grid_06870,1340.0147705078125
grid_06871,1411.96142578125
grid_06872,1440.8665771484375
grid_06873,1440.8665771484375
grid_06874,1411.96142578125
grid_06875,1411.96142578125
grid_06876,1411.96142578125
grid_06877,1411.96142578125
grid_06878,1371.7386474609375
grid_06879,1426.4639892578125
grid_06880,1426.4639892578125
grid_06881,1426.4639892578125
grid_06882,1426.4639892578125
grid_06883,1371.7386474609375
grid_06884,1426.4639892578125
grid_06885,1477.5321044921875
grid_06886,1477.5321044921875
grid_06887,1477.5321044921875
grid_06888,1337.721923828125
grid_06889,1337.721923828125
grid_06890,1399.766845703125
grid_06891,1399.766845703125
grid_06892,1452.4842529296875
grid_06893,1399.766845703125
grid_06894,1399.766845703125
grid_06895,1399.766845703125
grid_06896,1399.766845703125
grid_06897,1399.766845703125
grid_06898,1440.8665771484375
grid_06899,1477.5321044921875
grid_06900,1477.5321044921875
grid_06901,1440.8665771484375
grid_06902,1477.5321044921875
grid_06903,1440.8665771484375
grid_06904,1440.8665771484375
grid_06905,1477.5321044921875
grid_06906,1477.5321044921875
grid_06907,1477.5321044921875
grid_06908,1338.8902587890625
grid_06909,1338.8902587890625
grid_06910,1225.92724609375
grid_06911,1225.92724609375
grid_06912,1388.384765625
grid_06913,1388.384765625
grid_06914,1278.404052734375
grid_06915,1278.404052734375
grid_06916,1388.384765625
grid_06917,1388.384765625
grid_06918,1137.1572265625
grid_06919,1130.680908203125
grid_06920,1130.680908203125
grid_06921,1173.1407470703125
grid_06922,1190.718505859375
grid_06923,1173.1407470703125
grid_06924,1190.718505859375
grid_06925,1173.1407470703125
grid_06926,1173.1407470703125
grid_06927,1190.718505859375
grid_06928,1137.1572265625
grid_06929,1137.1572265625
grid_06930,1225.92724609375
grid_06931,1190.718505859375
grid_06932,1190.718505859375
grid_06933,1278.404052734375
grid_06934,1278.404052734375
grid_06935,1278.404052734375
grid_06936,1190.718505859375
grid_06937,1190.718505859375
grid_06938,1103.4864501953125
grid_06939,1079.6614990234375
grid_06940,1103.4864501953125
grid_06941,1103.4864501953125
grid_06942,1103.4864501953125
grid_06943,1103.4864501953125
grid_06944,1103.4864501953125
grid_06945,1079.6614990234375
grid_06946,1103.4864501953125
grid_06947,1103.4864501953125
grid_06948,1388.384765625
grid_06949,1388.384765625
grid_06950,1388.384765625
grid_06951,1388.384765625
grid_06952,1278.404052734375
grid_06953,1278.404052734375
grid_06954,1388.384765625
grid_06955,1388.384765625
grid_06956,1278.404052734375
grid_06957,1388.384765625
grid_06958,1278.404052734375
grid_06959,1278.404052734375
grid_06960,1190.718505859375
grid_06961,1190.718505859375
grid_06962,1278.404052734375
grid_06963,1190.718505859375
grid_06964,1278.404052734375
grid_06965,1190.718505859375
grid_06966,1278.404052734375
grid_06967,1278.404052734375
grid_06968,1173.1407470703125
grid_06969,1173.1407470703125
grid_06970,1173.1407470703125
grid_06971,1173.1407470703125
grid_06972,1190.718505859375
grid_06973,1190.718505859375
grid_06974,1173.1407470703125
grid_06975,1173.1407470703125
grid_06976,1173.1407470703125
grid_06977,1173.1407470703125
grid_06978,1103.4864501953125
grid_06979,1103.4864501953125
grid_06980,1103.4864501953125
grid_06981,1079.6614990234375
grid_06982,1103.4864501953125
grid_06983,1103.4864501953125
grid_06984,1103.4864501953125
grid_06985,1103.4864501953125
grid_06986,1079.6614990234375
grid_06987,1103.4864501953125
grid_06988,1388.384765625
grid_06989,1278.404052734375
grid_06990,1388.384765625
grid_06991,1388.384765625
grid_06992,1388.384765625
grid_06993,1388.384765625
grid_06994,1388.384765625
grid_06995,1278.404052734375
grid_06996,1388.384765625
grid_06997,1388.384765625
grid_06998,1190.718505859375
grid_06999,1190.718505859375
grid_07000,1190.718505859375
grid_07001,1173.1407470703125
grid_07002,1173.1407470703125
grid_07003,1173.1407470703125
grid_07004,1173.1407470703125
grid_07005,1190.718505859375
grid_07006,1173.1407470703125
grid_07007,1173.1407470703125
grid_07008,1865.6241455078125
grid_07009,1591.4434814453125
grid_07010,1591.4434814453125
grid_07011,1865.6241455078125
grid_07012,1591.4434814453125
grid_07013,1591.4434814453125
grid_07014,1865.6241455078125
grid_07015,1591.4434814453125
grid_07016,1865.6241455078125
grid_07017,1865.6241455078125
grid_07018,1411.96142578125
grid_07019,1411.96142578125
grid_07020,1411.96142578125
grid_07021,1440.8665771484375
grid_07022,1440.8665771484375
grid_07023,1411.96142578125
grid_07024,1411.96142578125
grid_07025,1411.96142578125
grid_07026,1411.96142578125
grid_07027,1411.96142578125
grid_07028,1399.766845703125
grid_07029,1452.4842529296875
grid_07030,1399.766845703125
grid_07031,1399.766845703125
grid_07032,1399.766845703125
grid_07033,1399.766845703125
grid_07034,1399.766845703125
grid_07035,1399.766845703125
grid_07036,1452.4842529296875
grid_07037,1399.766845703125
grid_07038,1591.4434814453125
grid_07039,1865.6241455078125
grid_07040,1591.4434814453125
grid_07041,1865.6241455078125
grid_07042,1865.6241455078125
grid_07043,1865.6241455078125
grid_07044,1591.4434814453125
grid_07045,1591.4434814453125
grid_07046,1591.4434814453125
grid_07047,1865.6241455078125
grid_07048,1477.5321044921875
grid_07049,1477.5321044921875
grid_07050,1440.8665771484375
grid_07051,1477.5321044921875
grid_07052,1477.5321044921875
grid_07053,1477.5321044921875
grid_07054,1477.5321044921875
grid_07055,1440.8665771484375
grid_07056,1440.8665771484375
grid_07057,1477.5321044921875
grid_07058,1440.8665771484375
grid_07059,1411.96142578125
grid_07060,1440.8665771484375
grid_07061,1411.96142578125
grid_07062,1440.8665771484375
grid_07063,1411.96142578125
grid_07064,1411.96142578125
grid_07065,1440.8665771484375
grid_07066,1411.96142578125
grid_07067,1411.96142578125
grid_07068,1477.5321044921875
grid_07069,1477.5321044921875
grid_07070,1477.5321044921875
grid_07071,1440.8665771484375
grid_07072,1477.5321044921875
grid_07073,1440.8665771484375
grid_07074,1477.5321044921875
grid_07075,1440.8665771484375
grid_07076,1477.5321044921875
grid_07077,1477.5321044921875
grid_07078,1399.766845703125
grid_07079,1399.766845703125
grid_07080,1399.766845703125
grid_07081,1399.766845703125
grid_07082,1452.4842529296875
grid_07083,1399.766845703125
grid_07084,1399.766845703125
grid_07085,1399.766845703125
grid_07086,1399.766845703125
grid_07087,1452.4842529296875
grid_07088,1411.96142578125
grid_07089,1411.96142578125
grid_07090,1411.96142578125
grid_07091,1411.96142578125
grid_07092,1440.8665771484375
grid_07093,1440.8665771484375
grid_07094,1411.96142578125
grid_07095,1411.96142578125
grid_07096,1540.8206787109375
grid_07097,1418.806640625
grid_07098,1591.4434814453125
grid_07099,1591.4434814453125
grid_07100,1560.019775390625
grid_07101,1190.718505859375
grid_07102,1190.718505859375
grid_07103,1278.404052734375
grid_07104,1190.718505859375
grid_07105,1278.404052734375
grid_07106,1278.404052734375
grid_07107,1190.718505859375
grid_07108,1278.404052734375
grid_07109,1278.404052734375
grid_07110,1190.718505859375
grid_07111,1103.4864501953125
grid_07112,1103.4864501953125
grid_07113,1103.4864501953125
grid_07114,1103.4864501953125
grid_07115,1103.4864501953125
grid_07116,1103.4864501953125
grid_07117,1103.4864501953125
grid_07118,1103.4864501953125
grid_07119,1103.4864501953125
grid_07120,1079.6614990234375
grid_07121,1388.384765625
grid_07122,1278.404052734375
grid_07123,1388.384765625
grid_07124,1388.384765625
grid_07125,1388.384765625
grid_07126,1278.404052734375
grid_07127,1388.384765625
grid_07128,1278.404052734375
grid_07129,1388.384765625
grid_07130,1267.294921875
grid_07131,1173.1407470703125
grid_07132,1173.1407470703125
grid_07133,1173.1407470703125
grid_07134,1152.8477783203125
grid_07135,1226.170654296875
grid_07136,1226.170654296875
grid_07137,1226.170654296875
grid_07138,1226.170654296875
grid_07139,1226.170654296875
grid_07140,1152.8477783203125
grid_07141,1278.404052734375
grid_07142,1190.718505859375
grid_07143,1190.718505859375
grid_07144,1152.8477783203125
grid_07145,1152.8477783203125
grid_07146,1210.6907958984375
grid_07147,1210.6907958984375
grid_07148,1210.6907958984375
grid_07149,1152.8477783203125
grid_07150,1152.8477783203125
grid_07151,1267.294921875
grid_07152,1210.6907958984375
grid_07153,1267.294921875
grid_07154,1210.6907958984375
grid_07155,1267.294921875
grid_07156,1267.294921875
grid_07157,1210.6907958984375
grid_07158,1267.294921875
grid_07159,1267.294921875
grid_07160,1210.6907958984375
grid_07161,1133.048583984375
grid_07162,1059.224853515625
grid_07163,1133.048583984375
grid_07164,1133.048583984375
grid_07165,1133.048583984375
grid_07166,1133.048583984375
grid_07167,1133.048583984375
grid_07168,1133.048583984375
grid_07169,1133.048583984375
grid_07170,1133.048583984375
grid_07171,1210.6907958984375
grid_07172,1152.8477783203125
grid_07173,1152.8477783203125
grid_07174,1210.6907958984375
grid_07175,1210.6907958984375
grid_07176,1152.8477783203125
grid_07177,1210.6907958984375
grid_07178,1152.8477783203125
grid_07179,1210.6907958984375
grid_07180,1152.8477783203125
grid_07181,1267.294921875
grid_07182,1267.294921875
grid_07183,1267.294921875
grid_07184,1210.6907958984375
grid_07185,1267.294921875
grid_07186,1267.294921875
grid_07187,1210.6907958984375
grid_07188,1267.294921875
grid_07189,1267.294921875
grid_07190,1267.294921875
grid_07191,1226.170654296875
grid_07192,1226.170654296875
grid_07193,1226.170654296875
grid_07194,1226.170654296875
grid_07195,1226.170654296875
grid_07196,1152.8477783203125
grid_07197,1226.170654296875
grid_07198,1226.170654296875
grid_07199,1226.170654296875
grid_07200,1226.170654296875
grid_07201,1402.3265380859375
grid_07202,1402.3265380859375
grid_07203,1402.3265380859375
grid_07204,1402.3265380859375
grid_07205,1402.3265380859375
grid_07206,1402.3265380859375
grid_07207,1402.3265380859375
grid_07208,1402.3265380859375
grid_07209,1402.3265380859375
grid_07210,1402.3265380859375
grid_07211,1402.3265380859375
grid_07212,1452.4842529296875
grid_07213,1402.3265380859375
grid_07214,1452.4842529296875
grid_07215,1402.3265380859375
grid_07216,1402.3265380859375
grid_07217,1452.4842529296875
grid_07218,1452.4842529296875
grid_07219,1402.3265380859375
grid_07220,1452.4842529296875
grid_07221,1402.3265380859375
grid_07222,1402.3265380859375
grid_07223,1402.3265380859375
grid_07224,1402.3265380859375
grid_07225,1402.3265380859375
grid_07226,1402.3265380859375
grid_07227,1308.62353515625
grid_07228,1308.62353515625
grid_07229,1308.62353515625
grid_07230,1308.62353515625
grid_07231,1452.4842529296875
grid_07232,1452.4842529296875
grid_07233,1402.3265380859375
grid_07234,1402.3265380859375
grid_07235,1452.4842529296875
grid_07236,1381.4339599609375
grid_07237,1381.4339599609375
grid_07238,1308.62353515625
grid_07239,1308.62353515625
grid_07240,1308.62353515625
grid_07241,1381.4339599609375
grid_07242,1381.4339599609375
grid_07243,1308.62353515625
grid_07244,1381.4339599609375
grid_07245,1381.4339599609375
grid_07246,1381.4339599609375
grid_07247,1381.4339599609375
grid_07248,1308.62353515625
grid_07249,1308.62353515625
grid_07250,1308.62353515625
grid_07251,1308.62353515625
grid_07252,1308.62353515625
grid_07253,1308.62353515625
grid_07254,1308.62353515625
grid_07255,1308.62353515625
grid_07256,1308.62353515625
grid_07257,1308.62353515625
grid_07258,1308.62353515625
grid_07259,1308.62353515625
grid_07260,1308.62353515625
grid_07261,1381.4339599609375
grid_07262,1381.4339599609375
grid_07263,1381.4339599609375
grid_07264,1308.62353515625
grid_07265,1381.4339599609375
grid_07266,1308.62353515625
grid_07267,1381.4339599609375
grid_07268,1308.62353515625
grid_07269,1381.4339599609375
grid_07270,1381.4339599609375
grid_07271,1308.62353515625
grid_07272,1308.62353515625
grid_07273,1308.62353515625
grid_07274,1308.62353515625
grid_07275,1308.62353515625
grid_07276,1308.62353515625
grid_07277,1308.62353515625
grid_07278,1308.62353515625
grid_07279,1308.62353515625
grid_07280,1308.62353515625
grid_07281,1381.4339599609375
grid_07282,1308.62353515625
grid_07283,1308.62353515625
grid_07284,1381.4339599609375
grid_07285,1308.62353515625
grid_07286,1308.62353515625
grid_07287,1381.4339599609375
grid_07288,1381.4339599609375
grid_07289,1381.4339599609375
grid_07290,1308.62353515625
grid_07291,1308.62353515625
grid_07292,1308.62353515625
grid_07293,1308.62353515625
grid_07294,1308.62353515625
grid_07295,1308.62353515625
grid_07296,1308.62353515625
grid_07297,1388.68701171875
grid_07298,1388.68701171875
grid_07299,1388.68701171875
grid_07300,1388.68701171875
grid_07301,1477.5321044921875
grid_07302,1477.5321044921875
grid_07303,1540.8206787109375
grid_07304,1540.8206787109375
grid_07305,1560.019775390625
grid_07306,1560.019775390625
grid_07307,1560.019775390625
grid_07308,1560.019775390625
grid_07309,1560.019775390625
grid_07310,1560.019775390625
grid_07311,1399.766845703125
grid_07312,1399.766845703125
grid_07313,1381.3021240234375
grid_07314,1381.4339599609375
grid_07315,1381.3021240234375
grid_07316,1381.3021240234375
grid_07317,1381.3021240234375
grid_07318,1381.3021240234375
grid_07319,1381.3021240234375
grid_07320,1381.3021240234375
grid_07321,1418.806640625
grid_07322,1418.806640625
grid_07323,1540.8206787109375
grid_07324,1418.806640625
grid_07325,1418.806640625
grid_07326,1418.806640625
grid_07327,1418.806640625
grid_07328,1418.806640625
grid_07329,1540.8206787109375
grid_07330,1540.8206787109375
grid_07331,1540.8206787109375
grid_07332,1560.019775390625
grid_07333,1560.019775390625
grid_07334,1560.019775390625
grid_07335,1560.019775390625
grid_07336,1540.8206787109375
grid_07337,1560.019775390625
grid_07338,1540.8206787109375
grid_07339,1540.8206787109375
grid_07340,1560.019775390625
grid_07341,1381.3021240234375
grid_07342,1381.3021240234375
grid_07343,1381.4339599609375
grid_07344,1381.3021240234375
grid_07345,1381.3021240234375
grid_07346,1381.3021240234375
grid_07347,1381.3021240234375
grid_07348,1381.3021240234375
grid_07349,1381.4339599609375
grid_07350,1381.3021240234375
grid_07351,1418.806640625
grid_07352,1418.806640625
grid_07353,1418.806640625
grid_07354,1418.806640625
grid_07355,1418.806640625
grid_07356,1540.8206787109375
grid_07357,1418.806640625
grid_07358,1540.8206787109375
grid_07359,1418.806640625
grid_07360,1418.806640625
grid_07361,1560.019775390625
grid_07362,1560.019775390625
grid_07363,1560.019775390625
grid_07364,1560.019775390625
grid_07365,1560.019775390625
grid_07366,1540.8206787109375
grid_07367,1540.8206787109375
grid_07368,1540.8206787109375
grid_07369,1540.8206787109375
grid_07370,1540.8206787109375
grid_07371,1418.806640625
grid_07372,1540.8206787109375
grid_07373,1418.806640625
grid_07374,1418.806640625
grid_07375,1418.806640625
grid_07376,1540.8206787109375
grid_07377,1418.806640625
grid_07378,1418.806640625
grid_07379,1418.806640625
grid_07380,1418.806640625
grid_07381,1381.4339599609375
grid_07382,1381.3021240234375
grid_07383,1381.3021240234375
grid_07384,1381.3021240234375
grid_07385,1381.3021240234375
grid_07386,1381.3021240234375
grid_07387,1381.3021240234375
grid_07388,1381.3021240234375
grid_07389,1381.4339599609375
grid_07390,1381.3021240234375
grid_07391,1418.806640625
grid_07392,1540.8206787109375
grid_07393,1602.4146728515625
grid_07394,1602.4146728515625
grid_07395,1602.4146728515625
grid_07396,1602.4146728515625
grid_07397,1655.0711669921875
grid_07398,1602.4146728515625
grid_07399,1655.0711669921875
grid_07400,1602.4146728515625
grid_07401,1133.048583984375
grid_07402,1059.224853515625
grid_07403,1133.048583984375
grid_07404,1133.048583984375
grid_07405,1133.048583984375
grid_07406,1133.048583984375
grid_07407,1133.048583984375
grid_07408,1059.224853515625
grid_07409,1133.048583984375
grid_07410,1059.224853515625
grid_07411,1210.6907958984375
grid_07412,1152.8477783203125
grid_07413,1210.6907958984375
grid_07414,1210.6907958984375
grid_07415,1152.8477783203125
grid_07416,1152.8477783203125
grid_07417,1210.6907958984375
grid_07418,1152.8477783203125
grid_07419,1210.6907958984375
grid_07420,1152.8477783203125
grid_07421,1226.170654296875
grid_07422,1226.170654296875
grid_07423,1226.170654296875
grid_07424,1226.170654296875
grid_07425,1152.8477783203125
grid_07426,1226.170654296875
grid_07427,1226.170654296875
grid_07428,1152.8477783203125
grid_07429,1226.170654296875
grid_07430,1226.170654296875
grid_07431,1267.294921875
grid_07432,1267.294921875
grid_07433,1210.6907958984375
grid_07434,1267.294921875
grid_07435,1267.294921875
grid_07436,1267.294921875
grid_07437,1210.6907958984375
grid_07438,1267.294921875
grid_07439,1267.294921875
grid_07440,1210.6907958984375
grid_07441,1210.6907958984375
grid_07442,1210.6907958984375
grid_07443,1152.8477783203125
grid_07444,1238.6474609375
grid_07445,1238.6474609375
grid_07446,1173.192138671875
grid_07447,1173.192138671875
grid_07448,1238.6474609375
grid_07449,1238.6474609375
grid_07450,1173.192138671875
grid_07451,1226.170654296875
grid_07452,1226.170654296875
grid_07453,1226.170654296875
grid_07454,1263.7904052734375
grid_07455,1263.7904052734375
grid_07456,1263.7904052734375
grid_07457,1263.7904052734375
grid_07458,1173.192138671875
grid_07459,1263.7904052734375
grid_07460,1263.7904052734375
grid_07461,1238.6474609375
grid_07462,1238.6474609375
grid_07463,1238.6474609375
grid_07464,1238.6474609375
grid_07465,1173.192138671875
grid_07466,1173.192138671875
grid_07467,1173.192138671875
grid_07468,1238.6474609375
grid_07469,1238.6474609375
grid_07470,1173.192138671875
grid_07471,1263.7904052734375
grid_07472,1263.7904052734375
grid_07473,1173.192138671875
grid_07474,1263.7904052734375
grid_07475,1263.7904052734375
grid_07476,1263.7904052734375
grid_07477,1263.7904052734375
grid_07478,1263.7904052734375
grid_07479,1263.7904052734375
grid_07480,1173.192138671875
grid_07481,1238.6474609375
grid_07482,1173.192138671875
grid_07483,1238.6474609375
grid_07484,1173.192138671875
grid_07485,1238.6474609375
grid_07486,1238.6474609375
grid_07487,1173.192138671875
grid_07488,1173.192138671875
grid_07489,1173.192138671875
grid_07490,1238.6474609375
grid_07491,1263.7904052734375
grid_07492,1263.7904052734375
grid_07493,1263.7904052734375
grid_07494,1173.192138671875
grid_07495,1263.7904052734375
grid_07496,1263.7904052734375
grid_07497,1263.7904052734375
grid_07498,1263.7904052734375
grid_07499,1173.192138671875
grid_07500,1263.7904052734375
grid_07501,1267.294921875
grid_07502,1210.6907958984375
grid_07503,1267.294921875
grid_07504,1267.294921875
grid_07505,1304.1685791015625
grid_07506,1304.1685791015625
grid_07507,1304.1685791015625
grid_07508,1238.6474609375
grid_07509,1304.1685791015625
grid_07510,1304.1685791015625
grid_07511,1381.3021240234375
grid_07512,1381.3021240234375
grid_07513,1501.8343505859375
grid_07514,1592.258056640625
grid_07515,1592.258056640625
grid_07516,1592.258056640625
grid_07517,1592.258056640625
grid_07518,1592.258056640625
grid_07519,1592.258056640625
grid_07520,1501.8343505859375
grid_07521,1501.8343505859375
grid_07522,1501.8343505859375
grid_07523,1388.68701171875
grid_07524,1501.8343505859375
grid_07525,1388.68701171875
grid_07526,1501.8343505859375
grid_07527,1388.68701171875
grid_07528,1501.8343505859375
grid_07529,1501.8343505859375
grid_07530,1501.8343505859375
grid_07531,1388.68701171875
grid_07532,1388.68701171875
grid_07533,1388.68701171875
grid_07534,1388.68701171875
grid_07535,1388.68701171875
grid_07536,1388.68701171875
grid_07537,1388.68701171875
grid_07538,1388.68701171875
grid_07539,1388.68701171875
grid_07540,1388.68701171875
grid_07541,1501.8343505859375
grid_07542,1388.68701171875
grid_07543,1388.68701171875
grid_07544,1388.68701171875
grid_07545,1501.8343505859375
grid_07546,1388.68701171875
grid_07547,1501.8343505859375
grid_07548,1501.8343505859375
grid_07549,1501.8343505859375
grid_07550,1388.68701171875
grid_07551,1592.258056640625
grid_07552,1592.258056640625
grid_07553,1592.258056640625
grid_07554,1592.258056640625
grid_07555,1592.258056640625
grid_07556,1592.258056640625
grid_07557,1501.8343505859375
grid_07558,1592.258056640625
grid_07559,1592.258056640625
grid_07560,1592.258056640625
grid_07561,1304.1685791015625
grid_07562,1238.6474609375
grid_07563,1304.1685791015625
grid_07564,1304.1685791015625
grid_07565,1304.1685791015625
grid_07566,1304.1685791015625
grid_07567,1304.1685791015625
grid_07568,1238.6474609375
grid_07569,1304.1685791015625
grid_07570,1304.1685791015625
grid_07571,1388.68701171875
grid_07572,1388.68701171875
grid_07573,1388.68701171875
grid_07574,1388.68701171875
grid_07575,1388.68701171875
grid_07576,1388.68701171875
grid_07577,1388.68701171875
grid_07578,1388.68701171875
grid_07579,1388.68701171875
grid_07580,1388.68701171875
grid_07581,1304.1685791015625
grid_07582,1304.1685791015625
grid_07583,1304.1685791015625
grid_07584,1304.1685791015625
grid_07585,1238.6474609375
grid_07586,1304.1685791015625
grid_07587,1304.1685791015625
grid_07588,1304.1685791015625
grid_07589,1304.1685791015625
grid_07590,1304.1685791015625
grid_07591,1388.68701171875
grid_07592,1388.68701171875
grid_07593,1501.8343505859375
grid_07594,1388.68701171875
grid_07595,1501.8343505859375
grid_07596,1501.8343505859375
grid_07597,1501.8343505859375
grid_07598,1388.68701171875
grid_07599,1388.68701171875
grid_07600,1388.68701171875
grid_07601,1592.258056640625
grid_07602,1592.258056640625
grid_07603,1592.258056640625
grid_07604,1592.258056640625
grid_07605,1592.258056640625
grid_07606,1501.8343505859375
grid_07607,1592.258056640625
grid_07608,1501.8343505859375
grid_07609,1592.258056640625
grid_07610,1592.258056640625
grid_07611,1388.68701171875
grid_07612,1388.68701171875
grid_07613,1388.68701171875
grid_07614,1388.68701171875
grid_07615,1388.68701171875
grid_07616,1388.68701171875
grid_07617,1397.189453125
grid_07618,1397.189453125
grid_07619,1397.189453125
grid_07620,1397.189453125
grid_07621,1501.8343505859375
grid_07622,1501.8343505859375
grid_07623,1388.68701171875
grid_07624,1501.8343505859375
grid_07625,1501.8343505859375
grid_07626,1467.828125
grid_07627,1467.828125
grid_07628,1397.189453125
grid_07629,1397.189453125
grid_07630,1467.828125
grid_07631,1592.258056640625
grid_07632,1592.258056640625
grid_07633,1448.7650146484375
grid_07634,1448.7650146484375
grid_07635,1448.7650146484375
grid_07636,1448.7650146484375
grid_07637,1448.7650146484375
grid_07638,1467.828125
grid_07639,1448.7650146484375
grid_07640,1448.7650146484375
grid_07641,1397.189453125
grid_07642,1397.189453125
grid_07643,1397.189453125
grid_07644,1397.189453125
grid_07645,1397.189453125
grid_07646,1397.189453125
grid_07647,1397.189453125
grid_07648,1397.189453125
grid_07649,1397.189453125
grid_07650,1397.189453125
grid_07651,1397.189453125
grid_07652,1467.828125
grid_07653,1467.828125
grid_07654,1467.828125
grid_07655,1397.189453125
grid_07656,1397.189453125
grid_07657,1467.828125
grid_07658,1467.828125
grid_07659,1397.189453125
grid_07660,1467.828125
grid_07661,1448.7650146484375
grid_07662,1448.7650146484375
grid_07663,1448.7650146484375
grid_07664,1467.828125
grid_07665,1448.7650146484375
grid_07666,1448.7650146484375
grid_07667,1448.7650146484375
grid_07668,1448.7650146484375
grid_07669,1467.828125
grid_07670,1448.7650146484375
grid_07671,1347.57275390625
grid_07672,1347.57275390625
grid_07673,1347.57275390625
grid_07674,1347.57275390625
grid_07675,1293.94970703125
grid_07676,1347.57275390625
grid_07677,1347.57275390625
grid_07678,1347.57275390625
grid_07679,1293.94970703125
grid_07680,1347.57275390625
grid_07681,1397.189453125
grid_07682,1397.189453125
grid_07683,1467.828125
grid_07684,1467.828125
grid_07685,1397.189453125
grid_07686,1467.828125
grid_07687,1467.828125
grid_07688,1467.828125
grid_07689,1397.189453125
grid_07690,1397.189453125
grid_07691,1397.189453125
grid_07692,1397.189453125
grid_07693,1397.189453125
grid_07694,1397.189453125
grid_07695,1397.189453125
grid_07696,1397.189453125
grid_07697,1397.189453125
grid_07698,1397.189453125
grid_07699,1397.189453125
grid_07700,1397.189453125
grid_07701,1602.4146728515625
grid_07702,1602.4146728515625
grid_07703,1602.4146728515625
grid_07704,1602.4146728515625
grid_07705,1602.4146728515625
grid_07706,1655.0711669921875
grid_07707,1602.4146728515625
grid_07708,1602.4146728515625
grid_07709,1602.4146728515625
grid_07710,1602.4146728515625
grid_07711,1560.019775390625
grid_07712,1590.8883056640625
grid_07713,1590.8883056640625
grid_07714,1655.0711669921875
grid_07715,1602.4146728515625
grid_07716,1602.4146728515625
grid_07717,1602.4146728515625
grid_07718,1602.4146728515625
grid_07719,1602.4146728515625
grid_07720,1655.0711669921875
grid_07721,1655.0711669921875
grid_07722,1602.4146728515625
grid_07723,1602.4146728515625
grid_07724,1602.4146728515625
grid_07725,1655.0711669921875
grid_07726,1602.4146728515625
grid_07727,1602.4146728515625
grid_07728,1655.0711669921875
grid_07729,1845.4400634765625
grid_07730,1845.4400634765625
grid_07731,1845.4400634765625
grid_07732,1845.4400634765625
grid_07733,1590.8883056640625
grid_07734,1845.4400634765625
grid_07735,1590.8883056640625
grid_07736,1845.4400634765625
grid_07737,1845.4400634765625
grid_07738,1845.4400634765625
grid_07739,1845.4400634765625
grid_07740,1845.4400634765625
grid_07741,1845.4400634765625
grid_07742,1845.4400634765625
grid_07743,1845.4400634765625
grid_07744,1448.7650146484375
grid_07745,1448.7650146484375
grid_07746,1448.7650146484375
grid_07747,1467.828125
grid_07748,1448.7650146484375
grid_07749,1448.7650146484375
grid_07750,1448.7650146484375
grid_07751,1467.828125
grid_07752,1448.7650146484375
grid_07753,1448.7650146484375
grid_07754,1448.7650146484375
grid_07755,1448.7650146484375
grid_07756,1448.7650146484375
grid_07757,1448.7650146484375
grid_07758,1467.828125
grid_07759,1448.7650146484375
grid_07760,1448.7650146484375
grid_07761,1448.7650146484375
grid_07762,1448.7650146484375
grid_07763,1448.7650146484375
grid_07764,1845.4400634765625
grid_07765,1845.4400634765625
grid_07766,1845.4400634765625
grid_07767,1448.7650146484375
grid_07768,1467.828125
grid_07769,1448.7650146484375
grid_07770,1448.7650146484375
grid_07771,1448.7650146484375
grid_07772,1467.828125
grid_07773,1448.7650146484375
grid_07774,1448.7650146484375
grid_07775,1448.7650146484375
grid_07776,1448.7650146484375
grid_07777,1238.6474609375
grid_07778,1238.6474609375
grid_07779,1238.6474609375
grid_07780,1238.6474609375
grid_07781,1173.192138671875
grid_07782,1173.192138671875
grid_07783,1173.192138671875
grid_07784,1238.6474609375
grid_07785,1293.94970703125
grid_07786,1293.94970703125
grid_07787,1304.1685791015625
grid_07788,1238.6474609375
grid_07789,1304.1685791015625
grid_07790,1304.1685791015625
grid_07791,1347.57275390625
grid_07792,1347.57275390625
grid_07793,1293.94970703125
grid_07794,1347.57275390625
grid_07795,1347.57275390625
grid_07796,1347.57275390625
grid_07797,1263.7904052734375
grid_07798,1263.7904052734375
grid_07799,1263.7904052734375
grid_07800,1285.065185546875
grid_07801,1285.065185546875
grid_07802,1285.065185546875
grid_07803,1235.2354736328125
grid_07804,1285.065185546875
grid_07805,1285.065185546875
grid_07806,1285.065185546875
grid_07807,1235.2354736328125
grid_07808,1235.2354736328125
grid_07809,1235.2354736328125
grid_07810,1293.94970703125
grid_07811,1293.94970703125
grid_07812,1293.94970703125
grid_07813,1293.94970703125
grid_07814,1235.2354736328125
grid_07815,1235.2354736328125
grid_07816,1235.2354736328125
grid_07817,1235.2354736328125
grid_07818,1285.065185546875
grid_07819,1285.065185546875
grid_07820,1285.065185546875
grid_07821,1285.065185546875
grid_07822,1285.065185546875
grid_07823,1285.065185546875
grid_07824,1285.065185546875
grid_07825,1285.065185546875
grid_07826,1235.2354736328125
grid_07827,1293.94970703125
grid_07828,1293.94970703125
grid_07829,1235.2354736328125
grid_07830,1293.94970703125
grid_07831,1235.2354736328125
grid_07832,1293.94970703125
grid_07833,1235.2354736328125
grid_07834,1293.94970703125
grid_07835,1293.94970703125
grid_07836,1293.94970703125
grid_07837,1285.065185546875
grid_07838,1285.065185546875
grid_07839,1285.065185546875
grid_07840,1235.2354736328125
grid_07841,1285.065185546875
grid_07842,1285.065185546875
grid_07843,1285.065185546875
grid_07844,1235.2354736328125
grid_07845,1285.065185546875
grid_07846,1285.065185546875
grid_07847,1235.2354736328125
grid_07848,1293.94970703125
grid_07849,1235.2354736328125
grid_07850,1235.2354736328125
grid_07851,1293.94970703125
grid_07852,1293.94970703125
grid_07853,1293.94970703125
grid_07854,1235.2354736328125
grid_07855,1235.2354736328125
grid_07856,1293.94970703125
grid_07857,1293.94970703125
grid_07858,1235.2354736328125
grid_07859,1293.94970703125
grid_07860,1235.2354736328125
grid_07861,1293.94970703125
grid_07862,1293.94970703125
grid_07863,1293.94970703125
grid_07864,1235.2354736328125
grid_07865,1293.94970703125
grid_07866,1235.2354736328125
grid_07867,1285.065185546875
grid_07868,1285.065185546875
grid_07869,1285.065185546875
grid_07870,1285.065185546875
grid_07871,1285.065185546875
grid_07872,1285.065185546875
grid_07873,1285.065185546875
grid_07874,1235.2354736328125
grid_07875,1285.065185546875
grid_07876,1285.065185546875
grid_07877,1347.57275390625
grid_07878,1347.57275390625
grid_07879,1347.57275390625
grid_07880,1347.57275390625
grid_07881,1293.94970703125
grid_07882,1347.57275390625
grid_07883,1347.57275390625
grid_07884,1347.57275390625
grid_07885,1347.57275390625
grid_07886,1347.57275390625
grid_07887,1467.828125
grid_07888,1467.828125
grid_07889,1467.828125
grid_07890,1467.828125
grid_07891,1397.189453125
grid_07892,1397.189453125
grid_07893,1467.828125
grid_07894,1467.828125
grid_07895,1397.189453125
grid_07896,1397.189453125
grid_07897,1397.189453125
grid_07898,1397.189453125
grid_07899,1397.189453125
grid_07900,1397.189453125
grid_07901,1397.189453125
grid_07902,1397.189453125
grid_07903,1397.189453125
grid_07904,1397.189453125
grid_07905,1397.189453125
grid_07906,1397.189453125
grid_07907,1293.94970703125
grid_07908,1347.57275390625
grid_07909,1347.57275390625
grid_07910,1347.57275390625
grid_07911,1347.57275390625
grid_07912,1347.57275390625
grid_07913,1347.57275390625
grid_07914,1293.94970703125
grid_07915,1347.57275390625
grid_07916,1347.57275390625
grid_07917,1467.828125
grid_07918,1467.828125
grid_07919,1467.828125
grid_07920,1467.828125
grid_07921,1397.189453125
grid_07922,1467.828125
grid_07923,1467.828125
grid_07924,1397.189453125
grid_07925,1467.828125
grid_07926,1467.828125
grid_07927,1397.189453125
grid_07928,1397.189453125
grid_07929,1397.189453125
grid_07930,1397.189453125
grid_07931,1397.189453125
grid_07932,1397.189453125
grid_07933,1397.189453125
grid_07934,1397.189453125
grid_07935,1397.189453125
grid_07936,1397.189453125
grid_07937,1293.94970703125
grid_07938,1347.57275390625
grid_07939,1347.57275390625
grid_07940,1347.57275390625
grid_07941,1347.57275390625
grid_07942,1347.57275390625
grid_07943,1347.57275390625
grid_07944,1293.94970703125
grid_07945,1347.57275390625
grid_07946,1347.57275390625
grid_07947,1397.189453125
grid_07948,1397.189453125
grid_07949,1397.189453125
grid_07950,1397.189453125
grid_07951,1397.189453125
grid_07952,1397.189453125
grid_07953,1397.189453125
grid_07954,1397.189453125
grid_07955,1397.189453125
grid_07956,1397.189453125
grid_07957,1397.189453125
grid_07958,1467.828125
grid_07959,1397.189453125
grid_07960,1467.828125
grid_07961,1467.828125
grid_07962,1397.189453125
grid_07963,1397.189453125
grid_07964,1397.189453125
grid_07965,1467.828125
grid_07966,1467.828125
grid_07967,1347.57275390625
grid_07968,1347.57275390625
grid_07969,1347.57275390625
grid_07970,1347.57275390625
grid_07971,1347.57275390625
grid_07972,1293.94970703125
grid_07973,1347.57275390625
grid_07974,1347.57275390625
grid_07975,1347.57275390625
grid_07976,1347.57275390625
grid_07977,1285.065185546875
grid_07978,1285.065185546875
grid_07979,1235.2354736328125
grid_07980,1285.065185546875
grid_07981,1285.065185546875
grid_07982,1285.065185546875
grid_07983,1285.065185546875
grid_07984,1235.2354736328125
grid_07985,1285.065185546875
grid_07986,1285.065185546875
grid_07987,1293.94970703125
grid_07988,1293.94970703125
grid_07989,1293.94970703125
grid_07990,1293.94970703125
grid_07991,1235.2354736328125
grid_07992,1235.2354736328125
grid_07993,1235.2354736328125
grid_07994,1235.2354736328125
grid_07995,1235.2354736328125
grid_07996,1293.94970703125
grid_07997,1235.2354736328125
grid_07998,1293.94970703125
grid_07999,1293.94970703125
grid_08000,1293.94970703125
grid_08001,1293.94970703125
grid_08002,1293.94970703125
grid_08003,1235.2354736328125
grid_08004,1293.94970703125
grid_08005,1235.2354736328125
grid_08006,1293.94970703125
grid_08007,1285.065185546875
grid_08008,1285.065185546875
grid_08009,1285.065185546875
grid_08010,1235.2354736328125
grid_08011,1285.065185546875
grid_08012,1285.065185546875
grid_08013,1285.065185546875
grid_08014,1285.065185546875
grid_08015,1285.065185546875
grid_08016,1235.2354736328125
grid_08017,1235.2354736328125
grid_08018,1235.2354736328125
grid_08019,1293.94970703125
grid_08020,1235.2354736328125
grid_08021,1293.94970703125
grid_08022,1293.94970703125
grid_08023,1293.94970703125
grid_08024,1235.2354736328125
grid_08025,1365.9940185546875
grid_08026,1297.558837890625
grid_08027,1285.065185546875
grid_08028,1285.065185546875
grid_08029,1285.065185546875
grid_08030,1333.1448974609375
grid_08031,1333.1448974609375
grid_08032,1333.1448974609375
grid_08033,1333.1448974609375
grid_08034,1333.1448974609375
grid_08035,1297.558837890625
grid_08036,1333.1448974609375
grid_08037,1365.9940185546875
grid_08038,1365.9940185546875
grid_08039,1297.558837890625
grid_08040,1297.558837890625
grid_08041,1365.9940185546875
grid_08042,1365.9940185546875
grid_08043,1297.558837890625
grid_08044,1365.9940185546875
grid_08045,1297.558837890625
grid_08046,1365.9940185546875
grid_08047,1333.1448974609375
grid_08048,1333.1448974609375
grid_08049,1333.1448974609375
grid_08050,1333.1448974609375
grid_08051,1297.558837890625
grid_08052,1297.558837890625
grid_08053,1333.1448974609375
grid_08054,1333.1448974609375
grid_08055,1333.1448974609375
grid_08056,1333.1448974609375
grid_08057,1297.558837890625
grid_08058,1297.558837890625
grid_08059,1365.9940185546875
grid_08060,1365.9940185546875
grid_08061,1297.558837890625
grid_08062,1365.9940185546875
grid_08063,1297.558837890625
grid_08064,1297.558837890625
grid_08065,1297.558837890625
grid_08066,1297.558837890625
grid_08067,1333.1448974609375
grid_08068,1333.1448974609375
grid_08069,1333.1448974609375
grid_08070,1297.558837890625
grid_08071,1333.1448974609375
grid_08072,1333.1448974609375
grid_08073,1333.1448974609375
grid_08074,1333.1448974609375
grid_08075,1333.1448974609375
grid_08076,1297.558837890625
grid_08077,1397.189453125
grid_08078,1397.189453125
grid_08079,1397.189453125
grid_08080,1397.189453125
grid_08081,1397.189453125
grid_08082,1397.189453125
grid_08083,1397.189453125
grid_08084,1397.189453125
grid_08085,1397.189453125
grid_08086,1397.189453125
grid_08087,1397.189453125
grid_08088,1467.828125
grid_08089,1397.189453125
grid_08090,1397.189453125
grid_08091,1467.828125
grid_08092,1467.828125
grid_08093,1467.828125
grid_08094,1397.189453125
grid_08095,1598.1058349609375
grid_08096,1612.6827392578125
grid_08097,1467.828125
grid_08098,1448.7650146484375
grid_08099,1448.7650146484375
grid_08100,1448.7650146484375
grid_08101,1448.7650146484375
grid_08102,1448.7650146484375
grid_08103,1448.7650146484375
grid_08104,1467.828125
grid_08105,1448.7650146484375
grid_08106,1520.6435546875
grid_08107,1347.57275390625
grid_08108,1293.94970703125
grid_08109,1347.57275390625
grid_08110,1347.57275390625
grid_08111,1416.10009765625
grid_08112,1416.10009765625
grid_08113,1416.10009765625
grid_08114,1416.10009765625
grid_08115,1416.10009765625
grid_08116,1365.9940185546875
grid_08117,1397.189453125
grid_08118,1397.189453125
grid_08119,1397.189453125
grid_08120,1612.6827392578125
grid_08121,1612.6827392578125
grid_08122,1612.6827392578125
grid_08123,1612.6827392578125
grid_08124,1612.6827392578125
grid_08125,1612.6827392578125
grid_08126,1612.6827392578125
grid_08127,1598.1058349609375
grid_08128,1520.6435546875
grid_08129,1520.6435546875
grid_08130,1520.6435546875
grid_08131,1598.1058349609375
grid_08132,1520.6435546875
grid_08133,1520.6435546875
grid_08134,1520.6435546875
grid_08135,1520.6435546875
grid_08136,1520.6435546875
grid_08137,1598.1058349609375
grid_08138,1612.6827392578125
grid_08139,1598.1058349609375
grid_08140,1598.1058349609375
grid_08141,1598.1058349609375
grid_08142,1598.1058349609375
grid_08143,1598.1058349609375
grid_08144,1598.1058349609375
grid_08145,1598.1058349609375
grid_08146,1598.1058349609375
grid_08147,1416.10009765625
grid_08148,1416.10009765625
grid_08149,1416.10009765625
grid_08150,1365.9940185546875
grid_08151,1416.10009765625
grid_08152,1416.10009765625
grid_08153,1416.10009765625
grid_08154,1416.10009765625
grid_08155,1416.10009765625
grid_08156,1365.9940185546875
grid_08157,1612.6827392578125
grid_08158,1612.6827392578125
grid_08159,1612.6827392578125
grid_08160,1612.6827392578125
grid_08161,1612.6827392578125
grid_08162,1612.6827392578125
grid_08163,1612.6827392578125
grid_08164,1612.6827392578125
grid_08165,1612.6827392578125
grid_08166,1612.6827392578125
grid_08167,1598.1058349609375
grid_08168,1520.6435546875
grid_08169,1520.6435546875
grid_08170,1598.1058349609375
grid_08171,1598.1058349609375
grid_08172,1598.1058349609375
grid_08173,1416.10009765625
grid_08174,1416.10009765625
grid_08175,1416.10009765625
grid_08176,1416.10009765625
grid_08177,1416.10009765625
grid_08178,1365.9940185546875
grid_08179,1416.10009765625
grid_08180,1416.10009765625
grid_08181,1365.9940185546875
grid_08182,1416.10009765625
grid_08183,1612.6827392578125
grid_08184,1612.6827392578125
grid_08185,1612.6827392578125
grid_08186,1612.6827392578125
grid_08187,1612.6827392578125
grid_08188,1612.6827392578125
grid_08189,1612.6827392578125
grid_08190,1612.6827392578125
grid_08191,1723.7391357421875
grid_08192,1723.7391357421875
grid_08193,1416.10009765625
grid_08194,1416.10009765625
grid_08195,1416.10009765625
grid_08196,1416.10009765625
grid_08197,1484.90185546875
grid_08198,1554.2733154296875
grid_08199,1554.2733154296875
grid_08200,1554.2733154296875
grid_08201,1554.2733154296875
grid_08202,1554.2733154296875
grid_08203,1554.2733154296875
grid_08204,1554.2733154296875
grid_08205,1554.2733154296875
grid_08206,1554.2733154296875
grid_08207,1554.2733154296875
grid_08208,1484.90185546875
grid_08209,1484.90185546875
grid_08210,1554.2733154296875
grid_08211,1554.2733154296875
grid_08212,1554.2733154296875
grid_08213,1723.7391357421875
grid_08214,1723.7391357421875
grid_08215,1723.7391357421875
grid_08216,1723.7391357421875
grid_08217,1723.7391357421875
grid_08218,1723.7391357421875
grid_08219,1723.7391357421875
grid_08220,1723.7391357421875
grid_08221,1723.7391357421875
grid_08222,1723.7391357421875
grid_08223,1554.2733154296875
grid_08224,1554.2733154296875
grid_08225,1554.2733154296875
grid_08226,1554.2733154296875
grid_08227,1554.2733154296875
grid_08228,1554.2733154296875
grid_08229,1554.2733154296875
grid_08230,1554.2733154296875
grid_08231,1554.2733154296875
grid_08232,1554.2733154296875
grid_08233,1723.7391357421875
grid_08234,1723.7391357421875
grid_08235,1723.7391357421875
grid_08236,1554.2733154296875
grid_08237,1554.2733154296875
grid_08238,
grid_08239,1132.5650634765625
grid_08240,1184.4774169921875
grid_08241,1184.4774169921875
grid_08242,1184.4774169921875
grid_08243,1184.4774169921875
grid_08244,1132.5650634765625
grid_08245,1184.4774169921875
grid_08246,1184.4774169921875
grid_08247,1132.5650634765625
grid_08248,1184.4774169921875
grid_08249,1231.1539306640625
grid_08250,1231.1539306640625
grid_08251,1231.1539306640625
grid_08252,1231.1539306640625
grid_08253,1184.4774169921875
grid_08254,1231.1539306640625
grid_08255,1231.1539306640625
grid_08256,1231.1539306640625
grid_08257,1231.1539306640625
grid_08258,1231.1539306640625
grid_08259,1086.4210205078125
grid_08260,1111.6021728515625
grid_08261,1086.4210205078125
grid_08262,1111.6021728515625
grid_08263,1086.4210205078125
grid_08264,1111.6021728515625
grid_08265,1111.6021728515625
grid_08266,1086.4210205078125
grid_08267,1111.6021728515625
grid_08268,1086.4210205078125
grid_08269,1086.4210205078125
grid_08270,1086.4210205078125
grid_08271,1086.4210205078125
grid_08272,1132.5650634765625
grid_08273,1086.4210205078125
grid_08274,1086.4210205078125
grid_08275,1086.4210205078125
grid_08276,1132.5650634765625
grid_08277,1132.5650634765625
grid_08278,1086.4210205078125
grid_08279,1184.4774169921875
grid_08280,1132.5650634765625
grid_08281,1132.5650634765625
grid_08282,1184.4774169921875
grid_08283,1184.4774169921875
grid_08284,1184.4774169921875
grid_08285,1184.4774169921875
grid_08286,1132.5650634765625
grid_08287,1132.5650634765625
grid_08288,1184.4774169921875
grid_08289,1231.1539306640625
grid_08290,1231.1539306640625
grid_08291,1184.4774169921875
grid_08292,1231.1539306640625
grid_08293,1231.1539306640625
grid_08294,1231.1539306640625
grid_08295,1231.1539306640625
grid_08296,1231.1539306640625
grid_08297,1184.4774169921875
grid_08298,1231.1539306640625
grid_08299,1086.4210205078125
grid_08300,1132.5650634765625
grid_08301,1132.5650634765625
grid_08302,1086.4210205078125
grid_08303,1132.5650634765625
grid_08304,1086.4210205078125
grid_08305,1086.4210205078125
grid_08306,1086.4210205078125
grid_08307,1132.5650634765625
grid_08308,1132.5650634765625
grid_08309,1086.4210205078125
grid_08310,1111.6021728515625
grid_08311,1111.6021728515625
grid_08312,1111.6021728515625
grid_08313,1086.4210205078125
grid_08314,1086.4210205078125
grid_08315,1086.4210205078125
grid_08316,1111.6021728515625
grid_08317,1111.6021728515625
grid_08318,1086.4210205078125
grid_08319,1184.4774169921875
grid_08320,1184.4774169921875
grid_08321,1184.4774169921875
grid_08322,1132.5650634765625
grid_08323,1184.4774169921875
grid_08324,1184.4774169921875
grid_08325,1132.5650634765625
grid_08326,1184.4774169921875
grid_08327,1184.4774169921875
grid_08328,1132.5650634765625
grid_08329,1231.1539306640625
grid_08330,1184.4774169921875
grid_08331,1231.1539306640625
grid_08332,1231.1539306640625
grid_08333,1231.1539306640625
grid_08334,1231.1539306640625
grid_08335,1184.4774169921875
grid_08336,1231.1539306640625
grid_08337,1231.1539306640625
grid_08338,1231.1539306640625
grid_08339,1097.3818359375
grid_08340,1174.789794921875
grid_08341,1174.789794921875
grid_08342,1174.789794921875
grid_08343,1174.789794921875
grid_08344,1174.789794921875
grid_08345,1174.789794921875
grid_08346,1174.789794921875
grid_08347,1174.789794921875
grid_08348,1174.789794921875
grid_08349,1096.8309326171875
grid_08350,1096.8309326171875
grid_08351,1096.8309326171875
grid_08352,1096.8309326171875
grid_08353,1096.8309326171875
grid_08354,1096.8309326171875
grid_08355,1096.8309326171875
grid_08356,1096.8309326171875
grid_08357,1096.8309326171875
grid_08358,1096.8309326171875
grid_08359,1096.8309326171875
grid_08360,1096.8309326171875
grid_08361,1096.8309326171875
grid_08362,1096.8309326171875
grid_08363,1096.8309326171875
grid_08364,1096.8309326171875
grid_08365,1096.8309326171875
grid_08366,1096.8309326171875
grid_08367,1096.8309326171875
grid_08368,1096.8309326171875
grid_08369,1046.1363525390625
grid_08370,1046.1363525390625
grid_08371,1046.1363525390625
grid_08372,1046.1363525390625
grid_08373,1046.1363525390625
grid_08374,1046.1363525390625
grid_08375,1046.1363525390625
grid_08376,1046.1363525390625
grid_08377,1046.1363525390625
grid_08378,1046.1363525390625
grid_08379,1096.8309326171875
grid_08380,1096.8309326171875
grid_08381,1096.8309326171875
grid_08382,1096.8309326171875
grid_08383,1096.8309326171875
grid_08384,1096.8309326171875
grid_08385,1096.8309326171875
grid_08386,1096.8309326171875
grid_08387,1096.8309326171875
grid_08388,1096.8309326171875
grid_08389,1046.1363525390625
grid_08390,1046.1363525390625
grid_08391,1046.1363525390625
grid_08392,1046.1363525390625
grid_08393,1046.1363525390625
grid_08394,1046.1363525390625
grid_08395,1046.1363525390625
grid_08396,1046.1363525390625
grid_08397,1046.1363525390625
grid_08398,1046.1363525390625
grid_08399,1046.1363525390625
grid_08400,1046.1363525390625
grid_08401,999.2875366210938
grid_08402,1046.1363525390625
grid_08403,999.2875366210938
grid_08404,999.2875366210938
grid_08405,1046.1363525390625
grid_08406,999.2875366210938
grid_08407,1046.1363525390625
grid_08408,999.2875366210938
grid_08409,1096.8309326171875
grid_08410,1096.8309326171875
grid_08411,1096.8309326171875
grid_08412,1096.8309326171875
grid_08413,1096.8309326171875
grid_08414,1096.8309326171875
grid_08415,1096.8309326171875
grid_08416,1096.8309326171875
grid_08417,1096.8309326171875
grid_08418,1096.8309326171875
grid_08419,1046.1363525390625
grid_08420,1046.1363525390625
grid_08421,1046.1363525390625
grid_08422,1046.1363525390625
grid_08423,1046.1363525390625
grid_08424,1046.1363525390625
grid_08425,1046.1363525390625
grid_08426,1046.1363525390625
grid_08427,1046.1363525390625
grid_08428,1046.1363525390625
grid_08429,1096.8309326171875
grid_08430,1096.8309326171875
grid_08431,1096.8309326171875
grid_08432,1096.8309326171875
grid_08433,1096.8309326171875
grid_08434,1145.5992431640625
grid_08435,1145.5992431640625
grid_08436,1145.5992431640625
grid_08437,1145.5992431640625
grid_08438,1145.5992431640625
grid_08439,1132.5650634765625
grid_08440,1086.4210205078125
grid_08441,1086.4210205078125
grid_08442,1086.4210205078125
grid_08443,1132.5650634765625
grid_08444,1086.4210205078125
grid_08445,1132.5650634765625
grid_08446,1086.4210205078125
grid_08447,1086.4210205078125
grid_08448,1132.5650634765625
grid_08449,1184.4774169921875
grid_08450,1184.4774169921875
grid_08451,1184.4774169921875
grid_08452,1184.4774169921875
grid_08453,1132.5650634765625
grid_08454,1132.5650634765625
grid_08455,1184.4774169921875
grid_08456,1184.4774169921875
grid_08457,1184.4774169921875
grid_08458,1132.5650634765625
grid_08459,1231.1539306640625
grid_08460,1231.1539306640625
grid_08461,1184.4774169921875
grid_08462,1231.1539306640625
grid_08463,1231.1539306640625
grid_08464,1231.1539306640625
grid_08465,1231.1539306640625
grid_08466,1231.1539306640625
grid_08467,1231.1539306640625
grid_08468,1231.1539306640625
grid_08469,1086.4210205078125
grid_08470,1111.6021728515625
grid_08471,1111.6021728515625
grid_08472,1086.4210205078125
grid_08473,1111.6021728515625
grid_08474,1111.6021728515625
grid_08475,1086.4210205078125
grid_08476,1086.4210205078125
grid_08477,1111.6021728515625
grid_08478,1111.6021728515625
grid_08479,1132.5650634765625
grid_08480,1184.4774169921875
grid_08481,1184.4774169921875
grid_08482,1184.4774169921875
grid_08483,1184.4774169921875
grid_08484,1132.5650634765625
grid_08485,1132.5650634765625
grid_08486,1184.4774169921875
grid_08487,1132.5650634765625
grid_08488,1132.5650634765625
grid_08489,1086.4210205078125
grid_08490,1086.4210205078125
grid_08491,1086.4210205078125
grid_08492,1132.5650634765625
grid_08493,1086.4210205078125
grid_08494,1086.4210205078125
grid_08495,1132.5650634765625
grid_08496,1086.4210205078125
grid_08497,1132.5650634765625
grid_08498,1132.5650634765625
grid_08499,1231.1539306640625
grid_08500,1231.1539306640625
grid_08501,1184.4774169921875
grid_08502,1231.1539306640625
grid_08503,1231.1539306640625
grid_08504,1184.4774169921875
grid_08505,1231.1539306640625
grid_08506,1231.1539306640625
grid_08507,1231.1539306640625
grid_08508,1231.1539306640625
grid_08509,1086.4210205078125
grid_08510,1086.4210205078125
grid_08511,1111.6021728515625
grid_08512,1086.4210205078125
grid_08513,1111.6021728515625
grid_08514,1086.4210205078125
grid_08515,1199.14013671875
grid_08516,1175.9349365234375
grid_08517,1175.9349365234375
grid_08518,1199.14013671875
grid_08519,1184.4774169921875
grid_08520,1184.4774169921875
grid_08521,1184.4774169921875
grid_08522,1184.4774169921875
grid_08523,1235.9613037109375
grid_08524,1235.9613037109375
grid_08525,1196.0809326171875
grid_08526,1196.0809326171875
grid_08527,1235.9613037109375
grid_08528,1235.9613037109375
grid_08529,1086.4210205078125
grid_08530,1132.5650634765625
grid_08531,1086.4210205078125
grid_08532,1086.4210205078125
grid_08533,1199.14013671875
grid_08534,1196.0809326171875
grid_08535,1196.0809326171875
grid_08536,1199.14013671875
grid_08537,1199.14013671875
grid_08538,1199.14013671875
grid_08539,1111.6021728515625
grid_08540,1111.6021728515625
grid_08541,1111.6021728515625
grid_08542,1111.6021728515625
grid_08543,1111.6021728515625
grid_08544,1111.6021728515625
grid_08545,1111.6021728515625
grid_08546,1111.6021728515625
grid_08547,1111.6021728515625
grid_08548,1111.6021728515625
grid_08549,1174.789794921875
grid_08550,1174.789794921875
grid_08551,1174.789794921875
grid_08552,1174.789794921875
grid_08553,1174.789794921875
grid_08554,1174.789794921875
grid_08555,1174.789794921875
grid_08556,1174.789794921875
grid_08557,1174.789794921875
grid_08558,1174.789794921875
grid_08559,1111.6021728515625
grid_08560,1111.6021728515625
grid_08561,1111.6021728515625
grid_08562,1111.6021728515625
grid_08563,1111.6021728515625
grid_08564,1111.6021728515625
grid_08565,1111.6021728515625
grid_08566,1111.6021728515625
grid_08567,1111.6021728515625
grid_08568,1111.6021728515625
grid_08569,1111.6021728515625
grid_08570,1111.6021728515625
grid_08571,1111.6021728515625
grid_08572,1111.6021728515625
grid_08573,1111.6021728515625
grid_08574,1111.6021728515625
grid_08575,1111.6021728515625
grid_08576,1111.6021728515625
grid_08577,1111.6021728515625
grid_08578,1111.6021728515625
grid_08579,1174.789794921875
grid_08580,1174.789794921875
grid_08581,1174.789794921875
grid_08582,1174.789794921875
grid_08583,1174.789794921875
grid_08584,1174.789794921875
grid_08585,1174.789794921875
grid_08586,1174.789794921875
grid_08587,1139.7982177734375
grid_08588,1139.7982177734375
grid_08589,1111.6021728515625
grid_08590,1111.6021728515625
grid_08591,1111.6021728515625
grid_08592,1175.9349365234375
grid_08593,1175.9349365234375
grid_08594,1175.9349365234375
grid_08595,1175.9349365234375
grid_08596,1175.9349365234375
grid_08597,1175.9349365234375
grid_08598,1175.9349365234375
grid_08599,1111.6021728515625
grid_08600,1111.6021728515625
grid_08601,1111.6021728515625
grid_08602,1175.9349365234375
grid_08603,1175.9349365234375
grid_08604,1175.9349365234375
grid_08605,1175.9349365234375
grid_08606,1175.9349365234375
grid_08607,1175.9349365234375
grid_08608,1175.9349365234375
grid_08609,1139.7982177734375
grid_08610,1139.7982177734375
grid_08611,1139.7982177734375
grid_08612,1139.7982177734375
grid_08613,1139.7982177734375
grid_08614,1139.7982177734375
grid_08615,1139.7982177734375
grid_08616,1139.7982177734375
grid_08617,1139.7982177734375
grid_08618,1139.7982177734375
grid_08619,1175.9349365234375
grid_08620,1175.9349365234375
grid_08621,1175.9349365234375
grid_08622,1175.9349365234375
grid_08623,1175.9349365234375
grid_08624,1175.9349365234375
grid_08625,1175.9349365234375
grid_08626,1175.9349365234375
grid_08627,1175.9349365234375
grid_08628,1175.9349365234375
grid_08629,1175.9349365234375
grid_08630,1175.9349365234375
grid_08631,1175.9349365234375
grid_08632,1175.9349365234375
grid_08633,1175.9349365234375
grid_08634,1175.9349365234375
grid_08635,1175.9349365234375
grid_08636,1175.9349365234375
grid_08637,1175.9349365234375
grid_08638,1175.9349365234375
grid_08639,1235.9613037109375
grid_08640,1281.64599609375
grid_08641,1281.64599609375
grid_08642,1281.64599609375
grid_08643,1281.64599609375
grid_08644,1281.64599609375
grid_08645,1281.64599609375
grid_08646,1281.64599609375
grid_08647,1281.64599609375
grid_08648,1281.64599609375
grid_08649,1235.9613037109375
grid_08650,1235.9613037109375
grid_08651,1196.0809326171875
grid_08652,1235.9613037109375
grid_08653,1235.9613037109375
grid_08654,1196.0809326171875
grid_08655,1235.9613037109375
grid_08656,1196.0809326171875
grid_08657,1196.0809326171875
grid_08658,1235.9613037109375
grid_08659,1281.64599609375
grid_08660,1235.9613037109375
grid_08661,1281.64599609375
grid_08662,1281.64599609375
grid_08663,1281.64599609375
grid_08664,1281.64599609375
grid_08665,1281.64599609375
grid_08666,1235.9613037109375
grid_08667,1281.64599609375
grid_08668,1281.64599609375
grid_08669,1196.0809326171875
grid_08670,1199.14013671875
grid_08671,1199.14013671875
grid_08672,1196.0809326171875
grid_08673,1199.14013671875
grid_08674,1199.14013671875
grid_08675,1196.0809326171875
grid_08676,1196.0809326171875
grid_08677,1199.14013671875
grid_08678,1199.14013671875
grid_08679,1175.9349365234375
grid_08680,1199.14013671875
grid_08681,1175.9349365234375
grid_08682,1199.14013671875
grid_08683,1199.14013671875
grid_08684,1175.9349365234375
grid_08685,1175.9349365234375
grid_08686,1199.14013671875
grid_08687,1175.9349365234375
grid_08688,1199.14013671875
grid_08689,1235.9613037109375
grid_08690,1235.9613037109375
grid_08691,1235.9613037109375
grid_08692,1235.9613037109375
grid_08693,1196.0809326171875
grid_08694,1196.0809326171875
grid_08695,1235.9613037109375
grid_08696,1235.9613037109375
grid_08697,1196.0809326171875
grid_08698,1235.9613037109375
grid_08699,1196.0809326171875
grid_08700,1196.0809326171875
grid_08701,1199.14013671875
grid_08702,1199.14013671875
grid_08703,1199.14013671875
grid_08704,1196.0809326171875
grid_08705,1199.14013671875
grid_08706,1196.0809326171875
grid_08707,1199.14013671875
grid_08708,1262.765625
grid_08709,1175.9349365234375
grid_08710,1199.14013671875
grid_08711,1199.14013671875
grid_08712,1175.9349365234375
grid_08713,1199.14013671875
grid_08714,1175.9349365234375
grid_08715,1232.15185546875
grid_08716,1248.93603515625
grid_08717,1232.15185546875
grid_08718,1248.93603515625
grid_08719,1235.9613037109375
grid_08720,1235.9613037109375
grid_08721,1235.9613037109375
grid_08722,1196.0809326171875
grid_08723,1262.765625
grid_08724,1262.765625
grid_08725,1327.8389892578125
grid_08726,1327.8389892578125
grid_08727,1327.8389892578125
grid_08728,1262.765625
grid_08729,1248.93603515625
grid_08730,1262.765625
grid_08731,1248.93603515625
grid_08732,1248.93603515625
grid_08733,1248.93603515625
grid_08734,1248.93603515625
grid_08735,1262.765625
grid_08736,1248.93603515625
grid_08737,1262.765625
grid_08738,1262.765625
grid_08739,1281.64599609375
grid_08740,1235.9613037109375
grid_08741,1281.64599609375
grid_08742,1281.64599609375
grid_08743,1281.64599609375
grid_08744,1281.64599609375
grid_08745,1281.64599609375
grid_08746,1235.9613037109375
grid_08747,1281.64599609375
grid_08748,1281.64599609375
grid_08749,1297.558837890625
grid_08750,1365.9940185546875
grid_08751,1297.558837890625
grid_08752,1365.9940185546875
grid_08753,1365.9940185546875
grid_08754,1297.558837890625
grid_08755,1297.558837890625
grid_08756,1297.558837890625
grid_08757,1297.558837890625
grid_08758,1365.9940185546875
grid_08759,1365.9940185546875
grid_08760,1365.9940185546875
grid_08761,1297.558837890625
grid_08762,1343.12646484375
grid_08763,1484.90185546875
grid_08764,1484.90185546875
grid_08765,1343.12646484375
grid_08766,1484.90185546875
grid_08767,1343.12646484375
grid_08768,1343.12646484375
grid_08769,1333.1448974609375
grid_08770,1333.1448974609375
grid_08771,1333.1448974609375
grid_08772,1410.8873291015625
grid_08773,1343.12646484375
grid_08774,1410.8873291015625
grid_08775,1410.8873291015625
grid_08776,1410.8873291015625
grid_08777,1410.8873291015625
grid_08778,1410.8873291015625
grid_08779,1377.58154296875
grid_08780,1327.8389892578125
grid_08781,1377.58154296875
grid_08782,1377.58154296875
grid_08783,1377.58154296875
grid_08784,1377.58154296875
grid_08785,1377.58154296875
grid_08786,1327.8389892578125
grid_08787,1377.58154296875
grid_08788,1377.58154296875
grid_08789,1410.8873291015625
grid_08790,1343.12646484375
grid_08791,1410.8873291015625
grid_08792,1410.8873291015625
grid_08793,1410.8873291015625
grid_08794,1343.12646484375
grid_08795,1410.8873291015625
grid_08796,1410.8873291015625
grid_08797,1410.8873291015625
grid_08798,1410.8873291015625
grid_08799,1343.12646484375
grid_08800,1484.90185546875
grid_08801,1484.90185546875
grid_08802,1343.12646484375
grid_08803,1343.12646484375
grid_08804,1343.12646484375
grid_08805,1484.90185546875
grid_08806,1343.12646484375
grid_08807,1343.12646484375
grid_08808,1343.12646484375
grid_08809,1377.58154296875
grid_08810,1377.58154296875
grid_08811,1327.8389892578125
grid_08812,1377.58154296875
grid_08813,1377.58154296875
grid_08814,1377.58154296875
grid_08815,1377.58154296875
grid_08816,1377.58154296875
grid_08817,1377.58154296875
grid_08818,1377.58154296875
grid_08819,1410.8873291015625
grid_08820,1343.12646484375
grid_08821,1410.8873291015625
grid_08822,1410.8873291015625
grid_08823,1410.8873291015625
grid_08824,1410.8873291015625
grid_08825,1410.8873291015625
grid_08826,1410.8873291015625
grid_08827,1343.12646484375
grid_08828,1410.8873291015625
grid_08829,1343.12646484375
grid_08830,1484.90185546875
grid_08831,1484.90185546875
grid_08832,1484.90185546875
grid_08833,1343.12646484375
grid_08834,1343.12646484375
grid_08835,1343.12646484375
grid_08836,1484.90185546875
grid_08837,1343.12646484375
grid_08838,1343.12646484375
grid_08839,1145.5992431640625
grid_08840,1145.5992431640625
grid_08841,1145.5992431640625
grid_08842,1145.5992431640625
grid_08843,1145.5992431640625
grid_08844,1145.5992431640625
grid_08845,1145.5992431640625
grid_08846,1145.5992431640625
grid_08847,1145.5992431640625
grid_08848,1145.5992431640625
grid_08849,1081.3643798828125
grid_08850,1081.3643798828125
grid_08851,1081.3643798828125
grid_08852,1081.3643798828125
grid_08853,1081.3643798828125
grid_08854,1081.3643798828125
grid_08855,1081.3643798828125
grid_08856,1081.3643798828125
grid_08857,1081.3643798828125
grid_08858,1081.3643798828125
grid_08859,1145.5992431640625
grid_08860,1145.5992431640625
grid_08861,1145.5992431640625
grid_08862,1145.5992431640625
grid_08863,1145.5992431640625
grid_08864,1145.5992431640625
grid_08865,1145.5992431640625
grid_08866,1177.8675537109375
grid_08867,1177.8675537109375
grid_08868,1177.8675537109375
grid_08869,1081.3643798828125
grid_08870,1081.3643798828125
grid_08871,1081.3643798828125
grid_08872,1081.3643798828125
grid_08873,1081.3643798828125
grid_08874,1081.3643798828125
grid_08875,1081.3643798828125
grid_08876,1081.3643798828125
grid_08877,1081.3643798828125
grid_08878,1081.3643798828125
grid_08879,1145.5992431640625
grid_08880,1177.8675537109375
grid_08881,1177.8675537109375
grid_08882,1177.8675537109375
grid_08883,1177.8675537109375
grid_08884,1177.8675537109375
grid_08885,1177.8675537109375
grid_08886,1177.8675537109375
grid_08887,1177.8675537109375
grid_08888,1177.8675537109375
grid_08889,1144.688720703125
grid_08890,1144.688720703125
grid_08891,1144.688720703125
grid_08892,1144.688720703125
grid_08893,1144.688720703125
grid_08894,1144.688720703125
grid_08895,1144.688720703125
grid_08896,1144.688720703125
grid_08897,1144.688720703125
grid_08898,1144.688720703125
grid_08899,1177.8675537109375
grid_08900,1177.8675537109375
grid_08901,1177.8675537109375
grid_08902,1177.8675537109375
grid_08903,1177.8675537109375
grid_08904,1177.8675537109375
grid_08905,1177.8675537109375
grid_08906,1177.8675537109375
grid_08907,1177.8675537109375
grid_08908,1177.8675537109375
grid_08909,1144.688720703125
grid_08910,1144.688720703125
grid_08911,1144.688720703125
grid_08912,1144.688720703125
grid_08913,1144.688720703125
grid_08914,1144.688720703125
grid_08915,1144.688720703125
grid_08916,1160.62890625
grid_08917,1144.688720703125
grid_08918,1144.688720703125
grid_08919,1177.8675537109375
grid_08920,1177.8675537109375
grid_08921,1161.224853515625
grid_08922,1161.224853515625
grid_08923,1161.224853515625
grid_08924,1161.224853515625
grid_08925,1161.224853515625
grid_08926,1161.224853515625
grid_08927,1161.224853515625
grid_08928,1161.224853515625
grid_08929,1161.224853515625
grid_08930,1161.224853515625
grid_08931,1161.224853515625
grid_08932,1161.224853515625
grid_08933,1161.224853515625
grid_08934,1161.224853515625
grid_08935,1161.224853515625
grid_08936,1161.224853515625
grid_08937,1161.224853515625
grid_08938,1161.224853515625
grid_08939,1139.7982177734375
grid_08940,1139.7982177734375
grid_08941,1139.7982177734375
grid_08942,1139.7982177734375
grid_08943,1139.7982177734375
grid_08944,1139.7982177734375
grid_08945,1139.7982177734375
grid_08946,1139.7982177734375
grid_08947,1204.647705078125
grid_08948,1204.647705078125
grid_08949,1175.9349365234375
grid_08950,1175.9349365234375
grid_08951,1175.9349365234375
grid_08952,1232.15185546875
grid_08953,1232.15185546875
grid_08954,1232.15185546875
grid_08955,1232.15185546875
grid_08956,1232.15185546875
grid_08957,1232.15185546875
grid_08958,1232.15185546875
grid_08959,1175.9349365234375
grid_08960,1175.9349365234375
grid_08961,1175.9349365234375
grid_08962,1232.15185546875
grid_08963,1232.15185546875
grid_08964,1232.15185546875
grid_08965,1232.15185546875
grid_08966,1232.15185546875
grid_08967,1232.15185546875
grid_08968,1232.15185546875
grid_08969,1204.647705078125
grid_08970,1204.647705078125
grid_08971,1204.647705078125
grid_08972,1204.647705078125
grid_08973,1204.647705078125
grid_08974,1204.647705078125
grid_08975,1204.647705078125
grid_08976,1204.647705078125
grid_08977,1204.647705078125
grid_08978,1204.647705078125
grid_08979,1232.15185546875
grid_08980,1232.15185546875
grid_08981,1232.15185546875
grid_08982,1232.15185546875
grid_08983,1232.15185546875
grid_08984,1204.647705078125
grid_08985,1232.15185546875
grid_08986,1232.15185546875
grid_08987,1232.15185546875
grid_08988,1204.647705078125
grid_08989,1232.15185546875
grid_08990,1232.15185546875
grid_08991,1232.15185546875
grid_08992,1232.15185546875
grid_08993,1232.15185546875
grid_08994,1232.15185546875
grid_08995,1232.15185546875
grid_08996,1232.15185546875
grid_08997,1232.15185546875
grid_08998,1232.15185546875
grid_08999,1204.647705078125
grid_09000,1204.647705078125
grid_09001,1204.647705078125
grid_09002,1204.647705078125
grid_09003,1204.647705078125
grid_09004,1204.647705078125
grid_09005,1204.647705078125
grid_09006,1204.647705078125
grid_09007,1204.382568359375
grid_09008,1204.382568359375
grid_09009,1232.15185546875
grid_09010,1232.15185546875
grid_09011,1232.15185546875
grid_09012,1203.3406982421875
grid_09013,1204.382568359375
grid_09014,1203.3406982421875
grid_09015,1203.3406982421875
grid_09016,1203.3406982421875
grid_09017,1204.382568359375
grid_09018,1203.3406982421875
grid_09019,1232.15185546875
grid_09020,1232.15185546875
grid_09021,1232.15185546875
grid_09022,1203.3406982421875
grid_09023,1203.3406982421875
grid_09024,1203.3406982421875
grid_09025,1203.3406982421875
grid_09026,1203.3406982421875
grid_09027,1203.3406982421875
grid_09028,1203.3406982421875
grid_09029,1204.382568359375
grid_09030,1204.382568359375
grid_09031,1204.382568359375
grid_09032,1204.382568359375
grid_09033,1204.382568359375
grid_09034,1204.382568359375
grid_09035,1204.382568359375
grid_09036,1204.382568359375
grid_09037,1204.382568359375
grid_09038,1204.382568359375
grid_09039,1327.8389892578125
grid_09040,1327.8389892578125
grid_09041,1262.765625
grid_09042,1327.8389892578125
grid_09043,1262.765625
grid_09044,1262.765625
grid_09045,1262.765625
grid_09046,1327.8389892578125
grid_09047,1262.765625
grid_09048,1327.8389892578125
grid_09049,1232.15185546875
grid_09050,1248.93603515625
grid_09051,1232.15185546875
grid_09052,1248.93603515625
grid_09053,1232.15185546875
grid_09054,1232.15185546875
grid_09055,1248.93603515625
grid_09056,1248.93603515625
grid_09057,1232.15185546875
grid_09058,1232.15185546875
grid_09059,1248.93603515625
grid_09060,1248.93603515625
grid_09061,1248.93603515625
grid_09062,1262.765625
grid_09063,1262.765625
grid_09064,1248.93603515625
grid_09065,1248.93603515625
grid_09066,1248.93603515625
grid_09067,1262.765625
grid_09068,1262.765625
grid_09069,1327.8389892578125
grid_09070,1262.765625
grid_09071,1262.765625
grid_09072,1262.765625
grid_09073,1327.8389892578125
grid_09074,1262.765625
grid_09075,1327.8389892578125
grid_09076,1327.8389892578125
grid_09077,1327.8389892578125
grid_09078,1262.765625
grid_09079,1248.93603515625
grid_09080,1248.93603515625
grid_09081,1232.15185546875
grid_09082,1248.93603515625
grid_09083,1232.15185546875
grid_09084,1248.93603515625
grid_09085,1134.975341796875
grid_09086,1203.3406982421875
grid_09087,1203.3406982421875
grid_09088,1134.975341796875
grid_09089,1327.8389892578125
grid_09090,1262.765625
grid_09091,1262.765625
grid_09092,1327.8389892578125
grid_09093,1217.44775390625
grid_09094,1152.442138671875
grid_09095,1217.44775390625
grid_09096,1152.442138671875
grid_09097,1152.442138671875
grid_09098,1217.44775390625
grid_09099,1248.93603515625
grid_09100,1248.93603515625
grid_09101,1248.93603515625
grid_09102,1262.765625
grid_09103,1152.442138671875
grid_09104,1134.975341796875
grid_09105,1134.975341796875
grid_09106,1152.442138671875
grid_09107,1134.975341796875
grid_09108,1152.442138671875
grid_09109,1217.44775390625
grid_09110,1217.44775390625
grid_09111,1152.442138671875
grid_09112,1152.442138671875
grid_09113,1152.442138671875
grid_09114,1217.44775390625
grid_09115,1217.44775390625
grid_09116,1217.44775390625
grid_09117,1217.44775390625
grid_09118,1152.442138671875
grid_09119,1134.975341796875
grid_09120,1134.975341796875
grid_09121,1152.442138671875
grid_09122,1134.975341796875
grid_09123,1152.442138671875
grid_09124,1134.975341796875
grid_09125,1134.975341796875
grid_09126,1152.442138671875
grid_09127,1134.975341796875
grid_09128,1152.442138671875
grid_09129,1152.442138671875
grid_09130,1152.442138671875
grid_09131,1152.442138671875
grid_09132,1217.44775390625
grid_09133,1217.44775390625
grid_09134,1152.442138671875
grid_09135,1217.44775390625
grid_09136,1152.442138671875
grid_09137,1217.44775390625
grid_09138,1217.44775390625
grid_09139,1377.58154296875
grid_09140,1327.8389892578125
grid_09141,1377.58154296875
grid_09142,1377.58154296875
grid_09143,1377.58154296875
grid_09144,1377.58154296875
grid_09145,1377.58154296875
grid_09146,1327.8389892578125
grid_09147,1377.58154296875
grid_09148,1377.58154296875
grid_09149,1410.8873291015625
grid_09150,1410.8873291015625
grid_09151,1410.8873291015625
grid_09152,1410.5625
grid_09153,1255.337890625
grid_09154,1410.5625
grid_09155,1410.5625
grid_09156,1410.5625
grid_09157,1410.5625
grid_09158,1410.5625
grid_09159,1337.6142578125
grid_09160,1337.6142578125
grid_09161,1337.6142578125
grid_09162,1337.6142578125
grid_09163,1337.6142578125
grid_09164,1217.44775390625
grid_09165,1337.6142578125
grid_09166,1337.6142578125
grid_09167,1337.6142578125
grid_09168,1337.6142578125
grid_09169,1343.12646484375
grid_09170,1343.12646484375
grid_09171,1343.12646484375
grid_09172,1255.337890625
grid_09173,1255.337890625
grid_09174,1255.337890625
grid_09175,1255.337890625
grid_09176,1255.337890625
grid_09177,1255.337890625
grid_09178,1255.337890625
grid_09179,1410.5625
grid_09180,1255.337890625
grid_09181,1410.5625
grid_09182,1410.5625
grid_09183,1410.5625
grid_09184,1410.5625
grid_09185,1255.337890625
grid_09186,1410.5625
grid_09187,1410.5625
grid_09188,1410.5625
grid_09189,1337.6142578125
grid_09190,1217.44775390625
grid_09191,1337.6142578125
grid_09192,1337.6142578125
grid_09193,1337.6142578125
grid_09194,1337.6142578125
grid_09195,1337.6142578125
grid_09196,1217.44775390625
grid_09197,1337.6142578125
grid_09198,1337.6142578125
grid_09199,1410.5625
grid_09200,1410.5625
grid_09201,1255.337890625
grid_09202,1410.5625
grid_09203,1410.5625
grid_09204,1410.5625
grid_09205,1410.5625
grid_09206,1410.5625
grid_09207,1410.5625
grid_09208,1410.5625
grid_09209,1337.6142578125
grid_09210,1217.44775390625
grid_09211,1337.6142578125
grid_09212,1337.6142578125
grid_09213,1337.6142578125
grid_09214,1337.6142578125
grid_09215,1337.6142578125
grid_09216,1337.6142578125
grid_09217,1217.44775390625
grid_09218,1337.6142578125
grid_09219,1410.5625
grid_09220,1255.337890625
grid_09221,1410.5625
grid_09222,1416.0283203125
grid_09223,1482.616943359375
grid_09224,1482.616943359375
grid_09225,1482.616943359375
grid_09226,1482.616943359375
grid_09227,1482.616943359375
grid_09228,1482.616943359375
grid_09229,1509.47412109375
grid_09230,1509.47412109375
grid_09231,1509.47412109375
grid_09232,1290.046630859375
grid_09233,1509.47412109375
grid_09234,1509.47412109375
grid_09235,1509.47412109375
grid_09236,1509.47412109375
grid_09237,1290.046630859375
grid_09238,1509.47412109375
grid_09239,999.2875366210938
grid_09240,999.2875366210938
grid_09241,1046.1363525390625
grid_09242,999.2875366210938
grid_09243,999.2875366210938
grid_09244,1068.2930908203125
grid_09245,999.2875366210938
grid_09246,1081.3643798828125
grid_09247,1068.2930908203125
grid_09248,1068.2930908203125
grid_09249,1068.2930908203125
grid_09250,1068.2930908203125
grid_09251,1068.2930908203125
grid_09252,1081.3643798828125
grid_09253,1068.2930908203125
grid_09254,1068.2930908203125
grid_09255,1068.2930908203125
grid_09256,1068.2930908203125
grid_09257,1068.2930908203125
grid_09258,1081.3643798828125
grid_09259,1062.89990234375
grid_09260,1062.89990234375
grid_09261,1062.89990234375
grid_09262,1062.89990234375
grid_09263,1062.89990234375
grid_09264,1062.89990234375
grid_09265,1062.89990234375
grid_09266,1062.89990234375
grid_09267,1062.89990234375
grid_09268,1062.89990234375
grid_09269,1068.2930908203125
grid_09270,1068.2930908203125
grid_09271,1068.2930908203125
grid_09272,1068.2930908203125
grid_09273,1068.2930908203125
grid_09274,1081.3643798828125
grid_09275,1068.2930908203125
grid_09276,1068.2930908203125
grid_09277,1068.2930908203125
grid_09278,1068.2930908203125
grid_09279,1062.89990234375
grid_09280,1062.89990234375
grid_09281,1062.89990234375
grid_09282,1062.89990234375
grid_09283,1062.89990234375
grid_09284,1062.89990234375
grid_09285,1062.89990234375
grid_09286,1086.80078125
grid_09287,1086.80078125
grid_09288,1086.80078125
grid_09289,1068.2930908203125
grid_09290,1068.2930908203125
grid_09291,1068.2930908203125
grid_09292,1068.2930908203125
grid_09293,1068.2930908203125
grid_09294,1068.2930908203125
grid_09295,1081.3643798828125
grid_09296,1144.688720703125
grid_09297,1103.2796630859375
grid_09298,1103.2796630859375
grid_09299,1103.2796630859375
grid_09300,1103.2796630859375
grid_09301,1103.2796630859375
grid_09302,1144.688720703125
grid_09303,1103.2796630859375
grid_09304,1103.2796630859375
grid_09305,1103.2796630859375
grid_09306,1103.2796630859375
grid_09307,1103.2796630859375
grid_09308,1144.688720703125
grid_09309,1086.80078125
grid_09310,1028.607177734375
grid_09311,1086.80078125
grid_09312,1086.80078125
grid_09313,1028.607177734375
grid_09314,1086.80078125
grid_09315,1086.80078125
grid_09316,1086.80078125
grid_09317,1086.80078125
grid_09318,1086.80078125
grid_09319,1028.607177734375
grid_09320,1028.607177734375
grid_09321,1028.607177734375
grid_09322,1028.607177734375
grid_09323,1028.607177734375
grid_09324,1028.607177734375
grid_09325,1028.607177734375
grid_09326,1028.607177734375
grid_09327,1066.8153076171875
grid_09328,1028.607177734375
grid_09329,1103.2796630859375
grid_09330,1103.2796630859375
grid_09331,1103.2796630859375
grid_09332,1103.2796630859375
grid_09333,1103.2796630859375
grid_09334,1144.688720703125
grid_09335,1103.2796630859375
grid_09336,1103.2796630859375
grid_09337,1103.2796630859375
grid_09338,1103.2796630859375
grid_09339,1086.80078125
grid_09340,1028.607177734375
grid_09341,1086.80078125
grid_09342,1028.607177734375
grid_09343,1086.80078125
grid_09344,1086.80078125
grid_09345,1086.80078125
grid_09346,1086.80078125
grid_09347,1086.80078125
grid_09348,1086.80078125
grid_09349,1103.2796630859375
grid_09350,1144.688720703125
grid_09351,1103.2796630859375
grid_09352,1103.2796630859375
grid_09353,1103.2796630859375
grid_09354,1103.2796630859375
grid_09355,1103.2796630859375
grid_09356,1109.218505859375
grid_09357,1109.218505859375
grid_09358,1107.900146484375
grid_09359,1086.80078125
grid_09360,1028.607177734375
grid_09361,1107.900146484375
grid_09362,1107.900146484375
grid_09363,1066.8153076171875
grid_09364,1107.900146484375
grid_09365,1107.900146484375
grid_09366,1066.8153076171875
grid_09367,1107.900146484375
grid_09368,1107.900146484375
grid_09369,1109.218505859375
grid_09370,1109.218505859375
grid_09371,1160.62890625
grid_09372,1109.218505859375
grid_09373,1107.900146484375
grid_09374,1109.218505859375
grid_09375,1109.218505859375
grid_09376,1160.62890625
grid_09377,1109.218505859375
grid_09378,1160.62890625
grid_09379,1066.8153076171875
grid_09380,1066.8153076171875
grid_09381,1066.8153076171875
grid_09382,1066.8153076171875
grid_09383,1066.8153076171875
grid_09384,1066.8153076171875
grid_09385,1029.449951171875
grid_09386,1066.8153076171875
grid_09387,1066.8153076171875
grid_09388,1066.8153076171875
grid_09389,1107.900146484375
grid_09390,1107.900146484375
grid_09391,1107.900146484375
grid_09392,1107.900146484375
grid_09393,1066.8153076171875
grid_09394,1107.900146484375
grid_09395,1107.900146484375
grid_09396,1107.900146484375
grid_09397,1107.900146484375
grid_09398,1066.8153076171875
grid_09399,1066.8153076171875
grid_09400,1029.449951171875
grid_09401,1066.8153076171875
grid_09402,1029.449951171875
grid_09403,1066.8153076171875
grid_09404,1066.8153076171875
grid_09405,1066.8153076171875
grid_09406,1066.8153076171875
grid_09407,1029.449951171875
grid_09408,1029.449951171875
grid_09409,1109.218505859375
grid_09410,1109.218505859375
grid_09411,1109.218505859375
grid_09412,1109.218505859375
grid_09413,1160.62890625
grid_09414,1109.218505859375
grid_09415,1109.218505859375
grid_09416,1109.218505859375
grid_09417,1109.218505859375
grid_09418,1160.62890625
grid_09419,1107.900146484375
grid_09420,1107.900146484375
grid_09421,1107.900146484375
grid_09422,1107.900146484375
grid_09423,1107.900146484375
grid_09424,1107.900146484375
grid_09425,1066.8153076171875
grid_09426,1107.900146484375
grid_09427,1107.900146484375
grid_09428,1107.900146484375
grid_09429,1029.449951171875
grid_09430,1029.449951171875
grid_09431,1029.449951171875
grid_09432,1029.449951171875
grid_09433,1029.449951171875
grid_09434,1084.6925048828125
grid_09435,1029.449951171875
grid_09436,1084.6925048828125
grid_09437,1117.6551513671875
grid_09438,1084.6925048828125
grid_09439,1160.62890625
grid_09440,1160.62890625
grid_09441,1160.62890625
grid_09442,1160.62890625
grid_09443,1160.62890625
grid_09444,1160.62890625
grid_09445,1160.62890625
grid_09446,1160.62890625
grid_09447,1160.62890625
grid_09448,1160.62890625
grid_09449,1160.62890625
grid_09450,1160.62890625
grid_09451,1160.62890625
grid_09452,1160.62890625
grid_09453,1160.62890625
grid_09454,1160.62890625
grid_09455,1231.7510986328125
grid_09456,1177.8609619140625
grid_09457,1177.8609619140625
grid_09458,1160.62890625
grid_09459,1161.224853515625
grid_09460,1161.224853515625
grid_09461,1161.224853515625
grid_09462,1161.224853515625
grid_09463,1161.224853515625
grid_09464,1161.224853515625
grid_09465,1161.224853515625
grid_09466,1231.7510986328125
grid_09467,1231.7510986328125
grid_09468,1231.7510986328125
grid_09469,1177.8609619140625
grid_09470,1177.8609619140625
grid_09471,1177.8609619140625
grid_09472,1177.8609619140625
grid_09473,1177.8609619140625
grid_09474,1231.7510986328125
grid_09475,1177.8609619140625
grid_09476,1177.8609619140625
grid_09477,1177.8609619140625
grid_09478,1177.8609619140625
grid_09479,1109.218505859375
grid_09480,1109.218505859375
grid_09481,1109.218505859375
grid_09482,1109.218505859375
grid_09483,1177.8609619140625
grid_09484,1180.259033203125
grid_09485,1180.259033203125
grid_09486,1180.259033203125
grid_09487,1180.259033203125
grid_09488,1177.8609619140625
grid_09489,1231.7510986328125
grid_09490,1231.7510986328125
grid_09491,1231.7510986328125
grid_09492,1231.7510986328125
grid_09493,1231.7510986328125
grid_09494,1231.7510986328125
grid_09495,1231.7510986328125
grid_09496,1231.7510986328125
grid_09497,1231.7510986328125
grid_09498,1231.7510986328125
grid_09499,1231.7510986328125
grid_09500,1177.8609619140625
grid_09501,1177.8609619140625
grid_09502,1177.8609619140625
grid_09503,1177.8609619140625
grid_09504,1231.7510986328125
grid_09505,1177.8609619140625
grid_09506,1177.8609619140625
grid_09507,1177.8609619140625
grid_09508,1231.7510986328125
grid_09509,1180.259033203125
grid_09510,1180.259033203125
grid_09511,1180.259033203125
grid_09512,1180.259033203125
grid_09513,1177.8609619140625
grid_09514,1180.259033203125
grid_09515,1180.259033203125
grid_09516,1180.259033203125
grid_09517,1180.259033203125
grid_09518,1180.259033203125
grid_09519,1231.7510986328125
grid_09520,1231.7510986328125
grid_09521,1231.7510986328125
grid_09522,1231.7510986328125
grid_09523,1231.7510986328125
grid_09524,1231.7510986328125
grid_09525,1231.7510986328125
grid_09526,1249.744384765625
grid_09527,1249.744384765625
grid_09528,1249.744384765625
grid_09529,1177.8609619140625
grid_09530,1232.6304931640625
grid_09531,1232.6304931640625
grid_09532,1232.6304931640625
grid_09533,1249.744384765625
grid_09534,1232.6304931640625
grid_09535,1232.6304931640625
grid_09536,1232.6304931640625
grid_09537,1232.6304931640625
grid_09538,1249.744384765625
grid_09539,1066.8153076171875
grid_09540,1066.8153076171875
grid_09541,1066.8153076171875
grid_09542,1066.8153076171875
grid_09543,1066.8153076171875
grid_09544,1029.449951171875
grid_09545,1029.449951171875
grid_09546,1171.741943359375
grid_09547,1117.6551513671875
grid_09548,1171.741943359375
grid_09549,1191.1396484375
grid_09550,1191.1396484375
grid_09551,1191.1396484375
grid_09552,1191.1396484375
grid_09553,1191.1396484375
grid_09554,1171.741943359375
grid_09555,1191.1396484375
grid_09556,1191.1396484375
grid_09557,1191.1396484375
grid_09558,1191.1396484375
grid_09559,1117.6551513671875
grid_09560,1117.6551513671875
grid_09561,1084.6925048828125
grid_09562,1117.6551513671875
grid_09563,1084.6925048828125
grid_09564,1084.6925048828125
grid_09565,1117.6551513671875
grid_09566,1117.6551513671875
grid_09567,1117.6551513671875
grid_09568,1117.6551513671875
grid_09569,1171.741943359375
grid_09570,1171.741943359375
grid_09571,1117.6551513671875
grid_09572,1171.741943359375
grid_09573,1171.741943359375
grid_09574,1171.741943359375
grid_09575,1171.741943359375
grid_09576,1117.6551513671875
grid_09577,1117.6551513671875
grid_09578,1171.741943359375
grid_09579,1191.1396484375
grid_09580,1171.741943359375
grid_09581,1191.1396484375
grid_09582,1191.1396484375
grid_09583,1191.1396484375
grid_09584,1191.1396484375
grid_09585,1191.1396484375
grid_09586,1171.741943359375
grid_09587,1191.1396484375
grid_09588,1191.1396484375
grid_09589,1171.741943359375
grid_09590,1171.741943359375
grid_09591,1117.6551513671875
grid_09592,1171.741943359375
grid_09593,1117.6551513671875
grid_09594,1171.741943359375
grid_09595,1117.6551513671875
grid_09596,1171.741943359375
grid_09597,1171.741943359375
grid_09598,1171.741943359375
grid_09599,1084.6925048828125
grid_09600,1084.6925048828125
grid_09601,1084.6925048828125
grid_09602,1117.6551513671875
grid_09603,1117.6551513671875
grid_09604,1117.6551513671875
grid_09605,1084.6925048828125
grid_09606,1084.6925048828125
grid_09607,1084.6925048828125
grid_09608,1117.6551513671875
grid_09609,1171.741943359375
grid_09610,1191.1396484375
grid_09611,1191.1396484375
grid_09612,1191.1396484375
grid_09613,1191.1396484375
grid_09614,1191.1396484375
grid_09615,1191.1396484375
grid_09616,1191.1396484375
grid_09617,1191.1396484375
grid_09618,1171.741943359375
grid_09619,1117.6551513671875
grid_09620,1171.741943359375
grid_09621,1117.6551513671875
grid_09622,1117.6551513671875
grid_09623,1171.741943359375
grid_09624,1171.741943359375
grid_09625,1171.741943359375
grid_09626,1203.2513427734375
grid_09627,1203.2513427734375
grid_09628,1174.3773193359375
grid_09629,1212.1832275390625
grid_09630,1212.1832275390625
grid_09631,1212.1832275390625
grid_09632,1212.1832275390625
grid_09633,1212.1832275390625
grid_09634,1203.2513427734375
grid_09635,1212.1832275390625
grid_09636,1212.1832275390625
grid_09637,1212.1832275390625
grid_09638,1212.1832275390625
grid_09639,1084.6925048828125
grid_09640,1084.6925048828125
grid_09641,1084.6925048828125
grid_09642,1084.6925048828125
grid_09643,
grid_09644,1084.6925048828125
grid_09645,1083.974609375
grid_09646,1084.6925048828125
grid_09647,1083.974609375
grid_09648,1137.2335205078125
grid_09649,1117.6551513671875
grid_09650,1084.6925048828125
grid_09651,1084.6925048828125
grid_09652,1117.6551513671875
grid_09653,1117.6551513671875
grid_09654,1084.6925048828125
grid_09655,1174.3773193359375
grid_09656,1174.3773193359375
grid_09657,1174.3773193359375
grid_09658,1137.2335205078125
grid_09659,1083.974609375
grid_09660,1083.974609375
grid_09661,1083.974609375
grid_09662,1083.974609375
grid_09663,1083.974609375
grid_09664,1137.2335205078125
grid_09665,1083.974609375
grid_09666,1083.974609375
grid_09667,1083.974609375
grid_09668,1083.974609375
grid_09669,1137.2335205078125
grid_09670,1137.2335205078125
grid_09671,1174.3773193359375
grid_09672,1174.3773193359375
grid_09673,1137.2335205078125
grid_09674,1137.2335205078125
grid_09675,1137.2335205078125
grid_09676,1174.3773193359375
grid_09677,1137.2335205078125
grid_09678,1174.3773193359375
grid_09679,1083.974609375
grid_09680,1083.974609375
grid_09681,1083.974609375
grid_09682,1083.974609375
grid_09683,1083.974609375
grid_09684,1083.974609375
grid_09685,1083.974609375
grid_09686,1083.974609375
grid_09687,1137.2335205078125
grid_09688,1083.974609375
grid_09689,1137.2335205078125
grid_09690,1174.3773193359375
grid_09691,1174.3773193359375
grid_09692,1137.2335205078125
grid_09693,1174.3773193359375
grid_09694,1137.2335205078125
grid_09695,1174.3773193359375
grid_09696,1137.2335205078125
grid_09697,1174.3773193359375
grid_09698,1137.2335205078125
grid_09699,1083.974609375
grid_09700,1083.974609375
grid_09701,1083.974609375
grid_09702,1083.974609375
grid_09703,1083.974609375
grid_09704,1083.974609375
grid_09705,1137.2335205078125
grid_09706,1083.974609375
grid_09707,1083.974609375
grid_09708,1083.974609375
grid_09709,1083.974609375
grid_09710,1083.974609375
grid_09711,1083.974609375
grid_09712,1083.974609375
grid_09713,1083.974609375
grid_09714,1083.974609375
grid_09715,1069.2269287109375
grid_09716,1069.2269287109375
grid_09717,1083.974609375
grid_09718,1140.096923828125
grid_09719,1137.2335205078125
grid_09720,1137.2335205078125
grid_09721,1174.3773193359375
grid_09722,1174.3773193359375
grid_09723,1174.3773193359375
grid_09724,1137.2335205078125
grid_09725,1189.8779296875
grid_09726,1207.08837890625
grid_09727,1189.8779296875
grid_09728,1207.08837890625
grid_09729,1083.974609375
grid_09730,1083.974609375
grid_09731,1137.2335205078125
grid_09732,1083.974609375
grid_09733,1083.974609375
grid_09734,1083.974609375
grid_09735,1083.974609375
grid_09736,1138.901123046875
grid_09737,1138.901123046875
grid_09738,1189.8779296875
grid_09739,1180.259033203125
grid_09740,1177.8609619140625
grid_09741,1180.259033203125
grid_09742,1180.259033203125
grid_09743,1180.259033203125
grid_09744,1232.6304931640625
grid_09745,1180.259033203125
grid_09746,1180.259033203125
grid_09747,1180.259033203125
grid_09748,1232.6304931640625
grid_09749,1249.744384765625
grid_09750,1249.744384765625
grid_09751,1249.744384765625
grid_09752,1249.744384765625
grid_09753,1249.744384765625
grid_09754,1249.744384765625
grid_09755,1249.744384765625
grid_09756,1249.744384765625
grid_09757,1249.744384765625
grid_09758,1249.744384765625
grid_09759,1232.6304931640625
grid_09760,1232.6304931640625
grid_09761,1232.6304931640625
grid_09762,1232.6304931640625
grid_09763,1249.744384765625
grid_09764,1232.6304931640625
grid_09765,1249.744384765625
grid_09766,1232.6304931640625
grid_09767,1232.6304931640625
grid_09768,1232.6304931640625
grid_09769,1215.9691162109375
grid_09770,1215.9691162109375
grid_09771,1215.9691162109375
grid_09772,1215.9691162109375
grid_09773,1232.6304931640625
grid_09774,1215.9691162109375
grid_09775,1215.9691162109375
grid_09776,1215.9691162109375
grid_09777,1215.9691162109375
grid_09778,1232.6304931640625
grid_09779,1232.6304931640625
grid_09780,1232.6304931640625
grid_09781,1249.744384765625
grid_09782,1232.6304931640625
grid_09783,1232.6304931640625
grid_09784,1232.6304931640625
grid_09785,1307.3927001953125
grid_09786,1312.5836181640625
grid_09787,1312.5836181640625
grid_09788,1312.5836181640625
grid_09789,1215.9691162109375
grid_09790,1215.9691162109375
grid_09791,1215.9691162109375
grid_09792,1215.9691162109375
grid_09793,1232.6304931640625
grid_09794,1215.9691162109375
grid_09795,1215.9691162109375
grid_09796,1215.9691162109375
grid_09797,1215.9691162109375
grid_09798,1312.5836181640625
grid_09799,1249.744384765625
grid_09800,1249.744384765625
grid_09801,1249.744384765625
grid_09802,1249.744384765625
grid_09803,1249.744384765625
grid_09804,1249.744384765625
grid_09805,1249.744384765625
grid_09806,1307.3927001953125
grid_09807,1307.3927001953125
grid_09808,1307.3927001953125
grid_09809,1312.5836181640625
grid_09810,1307.3927001953125
grid_09811,1312.5836181640625
grid_09812,1312.5836181640625
grid_09813,1312.5836181640625
grid_09814,1312.5836181640625
grid_09815,1307.3927001953125
grid_09816,1312.5836181640625
grid_09817,1312.5836181640625
grid_09818,1312.5836181640625
grid_09819,1215.9691162109375
grid_09820,1215.9691162109375
grid_09821,1247.666015625
grid_09822,1247.666015625
grid_09823,1247.666015625
grid_09824,1312.5836181640625
grid_09825,1247.666015625
grid_09826,1247.666015625
grid_09827,1247.666015625
grid_09828,1312.5836181640625
grid_09829,1307.3927001953125
grid_09830,1307.3927001953125
grid_09831,1307.3927001953125
grid_09832,1307.3927001953125
grid_09833,1307.3927001953125
grid_09834,1307.3927001953125
grid_09835,1307.3927001953125
grid_09836,1307.3927001953125
grid_09837,1307.3927001953125
grid_09838,1307.3927001953125
grid_09839,1174.3773193359375
grid_09840,1203.2513427734375
grid_09841,1203.2513427734375
grid_09842,1203.2513427734375
grid_09843,1203.2513427734375
grid_09844,1203.2513427734375
grid_09845,1174.3773193359375
grid_09846,1174.3773193359375
grid_09847,1203.2513427734375
grid_09848,1203.2513427734375
grid_09849,1212.1832275390625
grid_09850,1203.2513427734375
grid_09851,1212.1832275390625
grid_09852,1212.1832275390625
grid_09853,1212.1832275390625
grid_09854,1212.1832275390625
grid_09855,1212.1832275390625
grid_09856,1203.2513427734375
grid_09857,1212.1832275390625
grid_09858,1212.1832275390625
grid_09859,1174.3773193359375
grid_09860,1174.3773193359375
grid_09861,1203.2513427734375
grid_09862,1203.2513427734375
grid_09863,1203.2513427734375
grid_09864,1203.2513427734375
grid_09865,1203.2513427734375
grid_09866,1203.2513427734375
grid_09867,1174.3773193359375
grid_09868,1174.3773193359375
grid_09869,1212.1832275390625
grid_09870,1212.1832275390625
grid_09871,1212.1832275390625
grid_09872,1203.2513427734375
grid_09873,1212.1832275390625
grid_09874,1212.1832275390625
grid_09875,1212.1832275390625
grid_09876,1212.1832275390625
grid_09877,1212.1832275390625
grid_09878,1203.2513427734375
grid_09879,1203.2513427734375
grid_09880,1203.2513427734375
grid_09881,1203.2513427734375
grid_09882,1174.3773193359375
grid_09883,1203.2513427734375
grid_09884,1203.2513427734375
grid_09885,1174.3773193359375
grid_09886,1247.6217041015625
grid_09887,1247.6217041015625
grid_09888,1247.6217041015625
grid_09889,1276.12255859375
grid_09890,1276.12255859375
grid_09891,1276.12255859375
grid_09892,1276.12255859375
grid_09893,1276.12255859375
grid_09894,1247.6217041015625
grid_09895,1276.12255859375
grid_09896,1276.12255859375
grid_09897,1276.12255859375
grid_09898,1247.6217041015625
grid_09899,1207.08837890625
grid_09900,1207.08837890625
grid_09901,1247.6217041015625
grid_09902,1247.6217041015625
grid_09903,1247.6217041015625
grid_09904,1247.6217041015625
grid_09905,1207.08837890625
grid_09906,1207.08837890625
grid_09907,1247.6217041015625
grid_09908,1207.08837890625
grid_09909,1276.12255859375
grid_09910,1276.12255859375
grid_09911,1276.12255859375
grid_09912,1276.12255859375
grid_09913,1247.6217041015625
grid_09914,1276.12255859375
grid_09915,1276.12255859375
grid_09916,1276.12255859375
grid_09917,1276.12255859375
grid_09918,1276.12255859375
grid_09919,1247.6217041015625
grid_09920,1207.08837890625
grid_09921,1247.6217041015625
grid_09922,1247.6217041015625
grid_09923,1247.6217041015625
grid_09924,1247.6217041015625
grid_09925,1207.08837890625
grid_09926,1207.08837890625
grid_09927,1247.6217041015625
grid_09928,1247.6217041015625
grid_09929,1276.12255859375
grid_09930,1247.6217041015625
grid_09931,1276.12255859375
grid_09932,1276.12255859375
grid_09933,1276.12255859375
grid_09934,1276.12255859375
grid_09935,1247.6217041015625
grid_09936,1276.12255859375
grid_09937,1276.12255859375
grid_09938,1276.12255859375
grid_09939,1138.901123046875
grid_09940,1138.901123046875
grid_09941,1138.901123046875
grid_09942,1138.901123046875
grid_09943,1138.901123046875
grid_09944,1138.901123046875
grid_09945,1138.901123046875
grid_09946,1138.901123046875
grid_09947,1189.8779296875
grid_09948,1138.901123046875
grid_09949,1140.096923828125
grid_09950,1140.096923828125
grid_09951,1140.096923828125
grid_09952,1138.901123046875
grid_09953,1138.901123046875
grid_09954,1138.901123046875
grid_09955,1140.096923828125
grid_09956,1138.901123046875
grid_09957,1140.096923828125
grid_09958,1140.096923828125
grid_09959,1207.08837890625
grid_09960,1189.8779296875
grid_09961,1207.08837890625
grid_09962,1207.08837890625
grid_09963,1189.8779296875
grid_09964,1207.08837890625
grid_09965,1189.8779296875
grid_09966,1189.8779296875
grid_09967,1189.8779296875
grid_09968,1189.8779296875
grid_09969,1138.901123046875
grid_09970,1138.901123046875
grid_09971,1138.901123046875
grid_09972,1138.901123046875
grid_09973,1138.901123046875
grid_09974,1189.8779296875
grid_09975,1138.901123046875
grid_09976,1138.901123046875
grid_09977,1138.901123046875
grid_09978,1138.901123046875
grid_09979,1140.096923828125
grid_09980,1138.901123046875
grid_09981,1138.901123046875
grid_09982,1140.096923828125
grid_09983,1140.096923828125
grid_09984,1138.901123046875
grid_09985,1140.096923828125
grid_09986,1138.901123046875
grid_09987,1138.901123046875
grid_09988,1140.096923828125
grid_09989,1100.51025390625
grid_09990,1100.51025390625
grid_09991,1100.51025390625
grid_09992,1100.51025390625
grid_09993,1100.51025390625
grid_09994,1100.51025390625
grid_09995,1100.51025390625
grid_09996,1063.181396484375
grid_09997,1100.51025390625
grid_09998,1100.51025390625
grid_09999,1207.08837890625
grid_10000,1189.8779296875
grid_10001,1207.08837890625
grid_10002,1207.08837890625
grid_10003,1189.8779296875
grid_10004,1207.08837890625
grid_10005,1189.8779296875
grid_10006,1207.08837890625
grid_10007,1207.08837890625
grid_10008,1189.8779296875
grid_10009,1140.096923828125
grid_10010,1140.096923828125
grid_10011,1138.901123046875
grid_10012,1140.096923828125
grid_10013,1138.901123046875
grid_10014,1140.096923828125
grid_10015,1138.901123046875
grid_10016,1140.096923828125
grid_10017,1140.096923828125
grid_10018,1140.096923828125
grid_10019,1138.901123046875
grid_10020,1138.901123046875
grid_10021,1138.901123046875
grid_10022,1189.8779296875
grid_10023,1138.901123046875
grid_10024,1138.901123046875
grid_10025,1138.901123046875
grid_10026,1138.901123046875
grid_10027,1138.901123046875
grid_10028,1189.8779296875
grid_10029,1063.181396484375
grid_10030,1100.51025390625
grid_10031,1100.51025390625
grid_10032,1100.51025390625
grid_10033,1063.181396484375
grid_10034,1063.181396484375
grid_10035,1100.51025390625
grid_10036,1100.51025390625
grid_10037,1100.51025390625
grid_10038,1063.181396484375
grid_10039,1312.5836181640625
grid_10040,1307.3927001953125
grid_10041,1312.5836181640625
grid_10042,1312.5836181640625
grid_10043,1312.5836181640625
grid_10044,1312.5836181640625
grid_10045,1307.3927001953125
grid_10046,1312.5836181640625
grid_10047,1312.5836181640625
grid_10048,1312.5836181640625
grid_10049,1247.666015625
grid_10050,1247.666015625
grid_10051,1247.666015625
grid_10052,1247.666015625
grid_10053,1247.666015625
grid_10054,1247.666015625
grid_10055,1247.666015625
grid_10056,1312.5836181640625
grid_10057,1247.666015625
grid_10058,1247.666015625
grid_10059,1307.3927001953125
grid_10060,1307.3927001953125
grid_10061,1307.3927001953125
grid_10062,1307.3927001953125
grid_10063,1307.3927001953125
grid_10064,1307.3927001953125
grid_10065,1307.3927001953125
grid_10066,1386.7548828125
grid_10067,1386.7548828125
grid_10068,1386.7548828125
grid_10069,1312.5836181640625
grid_10070,1386.7548828125
grid_10071,1343.609375
grid_10072,1343.609375
grid_10073,1343.609375
grid_10074,1343.609375
grid_10075,1386.7548828125
grid_10076,1343.609375
grid_10077,1343.609375
grid_10078,1343.609375
grid_10079,1247.666015625
grid_10080,1247.666015625
grid_10081,1247.666015625
grid_10082,1247.666015625
grid_10083,1329.7305908203125
grid_10084,1329.7305908203125
grid_10085,1329.7305908203125
grid_10086,1329.7305908203125
grid_10087,1329.7305908203125
grid_10088,1329.7305908203125
grid_10089,1386.7548828125
grid_10090,1386.7548828125
grid_10091,1386.7548828125
grid_10092,1386.7548828125
grid_10093,1386.7548828125
grid_10094,1386.7548828125
grid_10095,1386.7548828125
grid_10096,1386.7548828125
grid_10097,1386.7548828125
grid_10098,1386.7548828125
grid_10099,1343.609375
grid_10100,1386.7548828125
grid_10101,1343.609375
grid_10102,1343.609375
grid_10103,1343.609375
grid_10104,1343.609375
grid_10105,1343.609375
grid_10106,1343.609375
grid_10107,1343.609375
grid_10108,1343.609375
grid_10109,1329.7305908203125
grid_10110,1329.7305908203125
grid_10111,1329.7305908203125
grid_10112,1329.7305908203125
grid_10113,1329.7305908203125
grid_10114,1329.7305908203125
grid_10115,1329.7305908203125
grid_10116,1329.7305908203125
grid_10117,1329.7305908203125
grid_10118,1329.7305908203125
grid_10119,1386.7548828125
grid_10120,1386.7548828125
grid_10121,1343.609375
grid_10122,1343.609375
grid_10123,1343.609375
grid_10124,1343.609375
grid_10125,1319.18994140625
grid_10126,1275.411376953125
grid_10127,1275.411376953125
grid_10128,1275.411376953125
grid_10129,1386.7548828125
grid_10130,1386.7548828125
grid_10131,1386.7548828125
grid_10132,1386.7548828125
grid_10133,1386.7548828125
grid_10134,1386.7548828125
grid_10135,1386.7548828125
grid_10136,1319.18994140625
grid_10137,1319.18994140625
grid_10138,1319.18994140625
grid_10139,1138.901123046875
grid_10140,1138.901123046875
grid_10141,1138.901123046875
grid_10142,1138.901123046875
grid_10143,1138.901123046875
grid_10144,1138.901123046875
grid_10145,1138.901123046875
grid_10146,1225.40185546875
grid_10147,1233.1761474609375
grid_10148,1233.1761474609375
grid_10149,1189.8779296875
grid_10150,1189.8779296875
grid_10151,1189.8779296875
grid_10152,1189.8779296875
grid_10153,1207.08837890625
grid_10154,1207.08837890625
grid_10155,1225.40185546875
grid_10156,1225.40185546875
grid_10157,1225.40185546875
grid_10158,1247.673828125
grid_10159,1140.096923828125
grid_10160,1140.096923828125
grid_10161,1140.096923828125
grid_10162,1138.901123046875
grid_10163,1138.901123046875
grid_10164,1140.096923828125
grid_10165,1140.096923828125
grid_10166,1138.901123046875
grid_10167,1233.1761474609375
grid_10168,1233.1761474609375
grid_10169,1233.1761474609375
grid_10170,1233.1761474609375
grid_10171,1233.1761474609375
grid_10172,1233.1761474609375
grid_10173,1233.1761474609375
grid_10174,1233.1761474609375
grid_10175,1233.1761474609375
grid_10176,1233.1761474609375
grid_10177,1233.1761474609375
grid_10178,1233.1761474609375
grid_10179,1220.548583984375
grid_10180,1220.548583984375
grid_10181,1220.548583984375
grid_10182,1233.1761474609375
grid_10183,1220.548583984375
grid_10184,1194.7308349609375
grid_10185,1220.548583984375
grid_10186,1194.7308349609375
grid_10187,1233.1761474609375
grid_10188,1220.548583984375
grid_10189,1148.4598388671875
grid_10190,1148.4598388671875
grid_10191,1194.7308349609375
grid_10192,1148.4598388671875
grid_10193,1194.7308349609375
grid_10194,1194.7308349609375
grid_10195,1194.7308349609375
grid_10196,1148.4598388671875
grid_10197,1194.7308349609375
grid_10198,1194.7308349609375
grid_10199,1247.673828125
grid_10200,1225.40185546875
grid_10201,1225.40185546875
grid_10202,1225.40185546875
grid_10203,1225.40185546875
grid_10204,1247.673828125
grid_10205,1247.673828125
grid_10206,1225.40185546875
grid_10207,1225.40185546875
grid_10208,1225.40185546875
grid_10209,1148.4598388671875
grid_10210,1148.4598388671875
grid_10211,1194.7308349609375
grid_10212,1194.7308349609375
grid_10213,1148.4598388671875
grid_10214,1194.7308349609375
grid_10215,1194.7308349609375
grid_10216,1194.7308349609375
grid_10217,1148.4598388671875
grid_10218,1148.4598388671875
grid_10219,1233.1761474609375
grid_10220,1220.548583984375
grid_10221,1220.548583984375
grid_10222,1233.1761474609375
grid_10223,1220.548583984375
grid_10224,1233.1761474609375
grid_10225,1220.548583984375
grid_10226,1233.1761474609375
grid_10227,1233.1761474609375
grid_10228,1220.548583984375
grid_10229,1233.1761474609375
grid_10230,1225.40185546875
grid_10231,1233.1761474609375
grid_10232,1233.1761474609375
grid_10233,1233.1761474609375
grid_10234,1233.1761474609375
grid_10235,1233.1761474609375
grid_10236,1233.1761474609375
grid_10237,1225.40185546875
grid_10238,1233.1761474609375
grid_10239,1203.3406982421875
grid_10240,1203.3406982421875
grid_10241,1134.975341796875
grid_10242,1134.975341796875
grid_10243,1134.975341796875
grid_10244,1203.3406982421875
grid_10245,1203.3406982421875
grid_10246,1134.975341796875
grid_10247,1134.975341796875
grid_10248,1203.3406982421875
grid_10249,1203.3406982421875
grid_10250,1204.382568359375
grid_10251,1203.3406982421875
grid_10252,1203.3406982421875
grid_10253,1203.3406982421875
grid_10254,1203.3406982421875
grid_10255,1203.3406982421875
grid_10256,1204.382568359375
grid_10257,1203.3406982421875
grid_10258,1204.382568359375
grid_10259,1203.3406982421875
grid_10260,1203.3406982421875
grid_10261,1203.3406982421875
grid_10262,1203.3406982421875
grid_10263,1203.3406982421875
grid_10264,1203.3406982421875
grid_10265,1203.3406982421875
grid_10266,1203.3406982421875
grid_10267,1203.3406982421875
grid_10268,1203.3406982421875
grid_10269,1204.382568359375
grid_10270,1204.382568359375
grid_10271,1204.382568359375
grid_10272,1204.382568359375
grid_10273,1204.382568359375
grid_10274,1204.382568359375
grid_10275,1204.382568359375
grid_10276,1204.382568359375
grid_10277,1233.6439208984375
grid_10278,1233.6439208984375
grid_10279,1203.3406982421875
grid_10280,1134.975341796875
grid_10281,1134.975341796875
grid_10282,1203.3406982421875
grid_10283,1203.3406982421875
grid_10284,1134.975341796875
grid_10285,1208.939208984375
grid_10286,1268.19677734375
grid_10287,1268.19677734375
grid_10288,1208.939208984375
grid_10289,1203.3406982421875
grid_10290,1203.3406982421875
grid_10291,1203.3406982421875
grid_10292,1233.6439208984375
grid_10293,1268.19677734375
grid_10294,1268.19677734375
grid_10295,1268.19677734375
grid_10296,1233.6439208984375
grid_10297,1268.19677734375
grid_10298,1268.19677734375
grid_10299,1203.3406982421875
grid_10300,1203.3406982421875
grid_10301,1203.3406982421875
grid_10302,1268.19677734375
grid_10303,1268.19677734375
grid_10304,1268.19677734375
grid_10305,1268.19677734375
grid_10306,1268.19677734375
grid_10307,1268.19677734375
grid_10308,1268.19677734375
grid_10309,1233.6439208984375
grid_10310,1233.6439208984375
grid_10311,1233.6439208984375
grid_10312,1233.6439208984375
grid_10313,1233.6439208984375
grid_10314,1233.6439208984375
grid_10315,1233.6439208984375
grid_10316,1233.6439208984375
grid_10317,1233.6439208984375
grid_10318,1233.6439208984375
grid_10319,1208.939208984375
grid_10320,1268.19677734375
grid_10321,1268.19677734375
grid_10322,1208.939208984375
grid_10323,1208.939208984375
grid_10324,1268.19677734375
grid_10325,1208.939208984375
grid_10326,1268.19677734375
grid_10327,1208.939208984375
grid_10328,1208.939208984375
grid_10329,1268.19677734375
grid_10330,1268.19677734375
grid_10331,1268.19677734375
grid_10332,1233.6439208984375
grid_10333,1268.19677734375
grid_10334,1233.6439208984375
grid_10335,1268.19677734375
grid_10336,1268.19677734375
grid_10337,1268.19677734375
grid_10338,1268.19677734375
grid_10339,1134.975341796875
grid_10340,1152.442138671875
grid_10341,1134.975341796875
grid_10342,1134.975341796875
grid_10343,1152.442138671875
grid_10344,1134.975341796875
grid_10345,1152.442138671875
grid_10346,1134.975341796875
grid_10347,1134.975341796875
grid_10348,1208.939208984375
grid_10349,1152.442138671875
grid_10350,1217.44775390625
grid_10351,1152.442138671875
grid_10352,1152.442138671875
grid_10353,1290.046630859375
grid_10354,1290.046630859375
grid_10355,1248.9090576171875
grid_10356,1248.9090576171875
grid_10357,1290.046630859375
grid_10358,1248.9090576171875
grid_10359,1248.9090576171875
grid_10360,1208.939208984375
grid_10361,1208.939208984375
grid_10362,1248.9090576171875
grid_10363,1208.939208984375
grid_10364,1208.939208984375
grid_10365,1248.9090576171875
grid_10366,1248.9090576171875
grid_10367,1208.939208984375
grid_10368,1208.939208984375
grid_10369,1248.9090576171875
grid_10370,1290.046630859375
grid_10371,1290.046630859375
grid_10372,1290.046630859375
grid_10373,1248.9090576171875
grid_10374,1248.9090576171875
grid_10375,1248.9090576171875
grid_10376,1248.9090576171875
grid_10377,1290.046630859375
grid_10378,1290.046630859375
grid_10379,1208.939208984375
grid_10380,1248.9090576171875
grid_10381,1208.939208984375
grid_10382,1248.9090576171875
grid_10383,1208.939208984375
grid_10384,1248.9090576171875
grid_10385,1208.939208984375
grid_10386,1248.9090576171875
grid_10387,1208.939208984375
grid_10388,1248.9090576171875
grid_10389,1290.046630859375
grid_10390,1248.9090576171875
grid_10391,1290.046630859375
grid_10392,1290.046630859375
grid_10393,1248.9090576171875
grid_10394,1290.046630859375
grid_10395,1248.9090576171875
grid_10396,1248.9090576171875
grid_10397,1248.9090576171875
grid_10398,1248.9090576171875
grid_10399,1290.046630859375
grid_10400,1248.9090576171875
grid_10401,1290.046630859375
grid_10402,1290.046630859375
grid_10403,1296.1707763671875
grid_10404,1409.615234375
grid_10405,1296.1707763671875
grid_10406,1296.1707763671875
grid_10407,1409.615234375
grid_10408,1409.615234375
grid_10409,1208.939208984375
grid_10410,1208.939208984375
grid_10411,1208.939208984375
grid_10412,1248.9090576171875
grid_10413,1247.711181640625
grid_10414,1296.1707763671875
grid_10415,1247.711181640625
grid_10416,1247.711181640625
grid_10417,1296.1707763671875
grid_10418,1247.711181640625
grid_10419,1296.1707763671875
grid_10420,1296.1707763671875
grid_10421,1409.615234375
grid_10422,1296.1707763671875
grid_10423,1409.615234375
grid_10424,1296.1707763671875
grid_10425,1296.1707763671875
grid_10426,1296.1707763671875
grid_10427,1409.615234375
grid_10428,1296.1707763671875
grid_10429,1247.711181640625
grid_10430,1296.1707763671875
grid_10431,1296.1707763671875
grid_10432,1247.711181640625
grid_10433,1247.711181640625
grid_10434,1247.711181640625
grid_10435,1247.711181640625
grid_10436,1296.1707763671875
grid_10437,1296.1707763671875
grid_10438,1296.1707763671875
grid_10439,1509.47412109375
grid_10440,1509.47412109375
grid_10441,1509.47412109375
grid_10442,1509.47412109375
grid_10443,1509.47412109375
grid_10444,1509.47412109375
grid_10445,1482.616943359375
grid_10446,1290.046630859375
grid_10447,1509.47412109375
grid_10448,1509.47412109375
grid_10449,1482.616943359375
grid_10450,1482.616943359375
grid_10451,1482.616943359375
grid_10452,1482.616943359375
grid_10453,1482.616943359375
grid_10454,1482.616943359375
grid_10455,1482.616943359375
grid_10456,1482.616943359375
grid_10457,1416.0283203125
grid_10458,1482.616943359375
grid_10459,1255.337890625
grid_10460,1530.70947265625
grid_10461,1530.70947265625
grid_10462,1509.47412109375
grid_10463,1509.47412109375
grid_10464,1290.046630859375
grid_10465,1482.616943359375
grid_10466,1509.47412109375
grid_10467,1509.47412109375
grid_10468,1509.47412109375
grid_10469,1290.046630859375
grid_10470,1509.47412109375
grid_10471,1509.47412109375
grid_10472,1482.616943359375
grid_10473,1482.616943359375
grid_10474,1482.616943359375
grid_10475,1482.616943359375
grid_10476,1482.616943359375
grid_10477,1482.616943359375
grid_10478,1482.616943359375
grid_10479,1592.954833984375
grid_10480,1592.954833984375
grid_10481,1592.954833984375
grid_10482,1592.954833984375
grid_10483,1592.954833984375
grid_10484,1592.954833984375
grid_10485,1592.954833984375
grid_10486,1592.954833984375
grid_10487,1530.70947265625
grid_10488,1592.954833984375
grid_10489,1592.954833984375
grid_10490,1530.70947265625
grid_10491,1592.954833984375
grid_10492,1592.954833984375
grid_10493,1592.954833984375
grid_10494,1592.954833984375
grid_10495,1530.70947265625
grid_10496,1592.954833984375
grid_10497,1592.954833984375
grid_10498,1592.954833984375
grid_10499,1592.954833984375
grid_10500,1530.70947265625
grid_10501,1592.954833984375
grid_10502,1482.616943359375
grid_10503,1504.59716796875
grid_10504,1504.59716796875
grid_10505,1504.59716796875
grid_10506,1592.954833984375
grid_10507,1504.59716796875
grid_10508,1504.59716796875
grid_10509,1504.59716796875
grid_10510,1592.954833984375
grid_10511,1457.6654052734375
grid_10512,1558.994140625
grid_10513,
grid_10514,1558.994140625
grid_10515,1268.19677734375
grid_10516,1268.19677734375
grid_10517,1268.19677734375
grid_10518,1268.19677734375
grid_10519,1268.19677734375
grid_10520,1268.19677734375
grid_10521,1268.19677734375
grid_10522,1268.19677734375
grid_10523,1268.19677734375
grid_10524,1268.19677734375
grid_10525,1268.19677734375
grid_10526,1268.19677734375
grid_10527,1208.939208984375
grid_10528,1208.939208984375
grid_10529,1268.19677734375
grid_10530,1268.19677734375
grid_10531,1247.711181640625
grid_10532,1318.974609375
grid_10533,1318.974609375
grid_10534,1247.711181640625
grid_10535,1233.6439208984375
grid_10536,1233.6439208984375
grid_10537,1233.6439208984375
grid_10538,1233.6439208984375
grid_10539,1233.6439208984375
grid_10540,1233.6439208984375
grid_10541,1233.6439208984375
grid_10542,1233.6439208984375
grid_10543,1279.36376953125
grid_10544,1279.36376953125
grid_10545,1268.19677734375
grid_10546,1268.19677734375
grid_10547,1268.19677734375
grid_10548,1318.974609375
grid_10549,1318.974609375
grid_10550,1318.974609375
grid_10551,1318.974609375
grid_10552,1318.974609375
grid_10553,1318.974609375
grid_10554,1318.974609375
grid_10555,1233.6439208984375
grid_10556,1268.19677734375
grid_10557,1268.19677734375
grid_10558,1318.974609375
grid_10559,1318.974609375
grid_10560,1279.36376953125
grid_10561,1318.974609375
grid_10562,1318.974609375
grid_10563,1279.36376953125
grid_10564,1318.974609375
grid_10565,1279.36376953125
grid_10566,1279.36376953125
grid_10567,1279.36376953125
grid_10568,1279.36376953125
grid_10569,1279.36376953125
grid_10570,1279.36376953125
grid_10571,1279.36376953125
grid_10572,1279.36376953125
grid_10573,1279.36376953125
grid_10574,1279.36376953125
grid_10575,1247.711181640625
grid_10576,1318.974609375
grid_10577,1247.711181640625
grid_10578,1318.974609375
grid_10579,1318.974609375
grid_10580,1318.974609375
grid_10581,1247.711181640625
grid_10582,1247.711181640625
grid_10583,1247.711181640625
grid_10584,1318.974609375
grid_10585,1318.974609375
grid_10586,1318.974609375
grid_10587,1318.974609375
grid_10588,1279.36376953125
grid_10589,1318.974609375
grid_10590,1318.974609375
grid_10591,1318.974609375
grid_10592,1279.36376953125
grid_10593,1318.974609375
grid_10594,1318.974609375
grid_10595,1318.974609375
grid_10596,1318.974609375
grid_10597,1318.974609375
grid_10598,1318.974609375
grid_10599,1318.974609375
grid_10600,1318.974609375
grid_10601,1318.974609375
grid_10602,1318.974609375
grid_10603,1318.974609375
grid_10604,1318.974609375
grid_10605,1247.711181640625
grid_10606,1318.974609375
grid_10607,1247.711181640625
grid_10608,1318.974609375
grid_10609,1247.711181640625
grid_10610,1318.974609375
grid_10611,1314.1373291015625
grid_10612,1379.75439453125
grid_10613,1314.1373291015625
grid_10614,1379.75439453125
grid_10615,1247.711181640625
grid_10616,1296.1707763671875
grid_10617,1247.711181640625
grid_10618,1247.711181640625
grid_10619,1296.1707763671875
grid_10620,1247.711181640625
grid_10621,1247.711181640625
grid_10622,1296.1707763671875
grid_10623,1247.711181640625
grid_10624,1314.1373291015625
grid_10625,1296.1707763671875
grid_10626,1296.1707763671875
grid_10627,1409.615234375
grid_10628,1409.615234375
grid_10629,1296.1707763671875
grid_10630,1296.1707763671875
grid_10631,1296.1707763671875
grid_10632,1409.615234375
grid_10633,1409.615234375
grid_10634,1457.6654052734375
grid_10635,1356.9930419921875
grid_10636,1356.9930419921875
grid_10637,1314.1373291015625
grid_10638,1314.1373291015625
grid_10639,1314.1373291015625
grid_10640,1356.9930419921875
grid_10641,1356.9930419921875
grid_10642,1314.1373291015625
grid_10643,1314.1373291015625
grid_10644,1314.1373291015625
grid_10645,1296.1707763671875
grid_10646,1457.6654052734375
grid_10647,1356.9930419921875
grid_10648,1356.9930419921875
grid_10649,1457.6654052734375
grid_10650,1457.6654052734375
grid_10651,1356.9930419921875
grid_10652,1457.6654052734375
grid_10653,1356.9930419921875
grid_10654,1457.6654052734375
grid_10655,1356.9930419921875
grid_10656,1356.9930419921875
grid_10657,1356.9930419921875
grid_10658,1314.1373291015625
grid_10659,1314.1373291015625
grid_10660,1314.1373291015625
grid_10661,1356.9930419921875
grid_10662,1314.1373291015625
grid_10663,1356.9930419921875
grid_10664,1356.9930419921875
grid_10665,1457.6654052734375
grid_10666,1356.9930419921875
grid_10667,1356.9930419921875
grid_10668,1457.6654052734375
grid_10669,1457.6654052734375
grid_10670,1457.6654052734375
grid_10671,1457.6654052734375
grid_10672,1356.9930419921875
grid_10673,1356.9930419921875
grid_10674,1457.6654052734375
grid_10675,1314.1373291015625
grid_10676,1314.1373291015625
grid_10677,1379.75439453125
grid_10678,1314.1373291015625
grid_10679,1314.1373291015625
grid_10680,1379.75439453125
grid_10681,1437.3673095703125
grid_10682,1449.48388671875
grid_10683,1449.48388671875
grid_10684,1437.3673095703125
grid_10685,1314.1373291015625
grid_10686,1314.1373291015625
grid_10687,1356.9930419921875
grid_10688,1356.9930419921875
grid_10689,1356.9930419921875
grid_10690,1314.1373291015625
grid_10691,1314.1373291015625
grid_10692,1530.6187744140625
grid_10693,1530.6187744140625
grid_10694,1530.6187744140625
grid_10695,1457.6654052734375
grid_10696,1604.052978515625
grid_10697,1604.052978515625
grid_10698,1457.6654052734375
grid_10699,1457.6654052734375
grid_10700,1457.6654052734375
grid_10701,1604.052978515625
grid_10702,1604.052978515625
grid_10703,1604.052978515625
grid_10704,1604.052978515625
grid_10705,1604.052978515625
grid_10706,1604.052978515625
grid_10707,1604.052978515625
grid_10708,1279.36376953125
grid_10709,1279.36376953125
grid_10710,1279.36376953125
grid_10711,1279.36376953125
grid_10712,1279.36376953125
grid_10713,1279.36376953125
grid_10714,1279.36376953125
grid_10715,1279.36376953125
grid_10716,1340.6181640625
grid_10717,1340.6181640625
grid_10718,1318.974609375
grid_10719,1318.974609375
grid_10720,1318.974609375
grid_10721,1379.75439453125
grid_10722,1379.75439453125
grid_10723,1379.75439453125
grid_10724,1379.75439453125
grid_10725,1379.75439453125
grid_10726,1379.75439453125
grid_10727,1379.75439453125
grid_10728,1318.974609375
grid_10729,1279.36376953125
grid_10730,1318.974609375
grid_10731,1379.75439453125
grid_10732,1340.6181640625
grid_10733,1379.75439453125
grid_10734,1379.75439453125
grid_10735,1379.75439453125
grid_10736,1379.75439453125
grid_10737,1340.6181640625
grid_10738,1340.6181640625
grid_10739,1340.6181640625
grid_10740,1340.6181640625
grid_10741,1340.6181640625
grid_10742,1340.6181640625
grid_10743,1340.6181640625
grid_10744,1340.6181640625
grid_10745,1340.6181640625
grid_10746,1340.6181640625
grid_10747,1340.6181640625
grid_10748,1379.75439453125
grid_10749,1314.1373291015625
grid_10750,1379.75439453125
grid_10751,1314.1373291015625
grid_10752,1379.75439453125
grid_10753,1314.1373291015625
grid_10754,1379.75439453125
grid_10755,1314.1373291015625
grid_10756,1379.75439453125
grid_10757,1379.75439453125
grid_10758,1379.75439453125
grid_10759,1379.75439453125
grid_10760,1379.75439453125
grid_10761,1379.75439453125
grid_10762,1379.75439453125
grid_10763,1379.75439453125
grid_10764,1379.75439453125
grid_10765,1379.75439453125
grid_10766,1379.75439453125
grid_10767,1379.75439453125
grid_10768,1379.75439453125
grid_10769,1379.75439453125
grid_10770,1340.6181640625
grid_10771,1379.75439453125
grid_10772,1379.75439453125
grid_10773,1379.75439453125
grid_10774,1340.6181640625
grid_10775,1379.75439453125
grid_10776,1379.75439453125
grid_10777,1379.75439453125
grid_10778,1340.6181640625
grid_10779,1340.6181640625
grid_10780,1340.6181640625
grid_10781,1340.6181640625
grid_10782,1340.6181640625
grid_10783,1340.6181640625
grid_10784,1340.6181640625
grid_10785,1340.6181640625
grid_10786,1419.52197265625
grid_10787,1419.52197265625
grid_10788,1379.75439453125
grid_10789,1379.75439453125
grid_10790,1340.6181640625
grid_10791,1449.48388671875
grid_10792,1419.52197265625
grid_10793,1449.48388671875
grid_10794,1449.48388671875
grid_10795,1449.48388671875
grid_10796,1419.52197265625
grid_10797,1449.48388671875
grid_10798,1379.75439453125
grid_10799,1379.75439453125
grid_10800,1379.75439453125
grid_10801,1449.48388671875
grid_10802,1449.48388671875
grid_10803,1449.48388671875
grid_10804,1449.48388671875
grid_10805,1449.48388671875
grid_10806,1449.48388671875
grid_10807,1449.48388671875
grid_10808,1419.52197265625
grid_10809,1419.52197265625
grid_10810,1419.52197265625
grid_10811,1419.52197265625
grid_10812,1419.52197265625
grid_10813,1419.52197265625
grid_10814,1419.52197265625
grid_10815,1419.52197265625
grid_10816,1419.52197265625
grid_10817,1419.52197265625
grid_10818,1449.48388671875
grid_10819,1449.48388671875
grid_10820,1449.48388671875
grid_10821,1419.52197265625
grid_10822,1449.48388671875
grid_10823,1449.48388671875
grid_10824,1449.48388671875
grid_10825,1419.52197265625
grid_10826,1449.48388671875
grid_10827,1449.48388671875
grid_10828,1449.48388671875
grid_10829,1449.48388671875
grid_10830,1449.48388671875
grid_10831,1449.48388671875
grid_10832,1449.48388671875
grid_10833,1449.48388671875
grid_10834,1449.48388671875
grid_10835,1449.48388671875
grid_10836,1449.48388671875
grid_10837,1449.48388671875
grid_10838,1419.52197265625
grid_10839,1419.52197265625
grid_10840,1419.52197265625
grid_10841,1419.52197265625
grid_10842,1419.52197265625
grid_10843,1419.52197265625
grid_10844,1419.52197265625
grid_10845,1419.52197265625
grid_10846,1343.423583984375
grid_10847,1343.423583984375
grid_10848,1449.48388671875
grid_10849,1449.48388671875
grid_10850,1449.48388671875
grid_10851,1409.066650390625
grid_10852,1409.066650390625
grid_10853,1409.066650390625
grid_10854,1409.066650390625
grid_10855,1409.066650390625
grid_10856,1409.066650390625
grid_10857,1409.066650390625
grid_10858,1419.52197265625
grid_10859,1449.48388671875
grid_10860,1449.48388671875
grid_10861,1409.066650390625
grid_10862,1343.423583984375
grid_10863,1409.066650390625
grid_10864,1409.066650390625
grid_10865,1409.066650390625
grid_10866,1343.423583984375
grid_10867,1409.066650390625
grid_10868,1343.423583984375
grid_10869,1343.423583984375
grid_10870,1343.423583984375
grid_10871,1343.423583984375
grid_10872,1343.423583984375
grid_10873,1343.423583984375
grid_10874,1343.423583984375
grid_10875,1343.423583984375
grid_10876,1343.423583984375
grid_10877,1343.423583984375
grid_10878,1409.066650390625
grid_10879,1343.423583984375
grid_10880,1409.066650390625
grid_10881,1409.066650390625
grid_10882,1409.066650390625
grid_10883,1343.423583984375
grid_10884,1409.066650390625
grid_10885,1409.066650390625
grid_10886,1409.066650390625
grid_10887,1343.423583984375
grid_10888,1409.066650390625
grid_10889,1409.066650390625
grid_10890,1409.066650390625
grid_10891,1409.066650390625
grid_10892,1409.066650390625
grid_10893,1409.066650390625
grid_10894,1409.066650390625
grid_10895,1409.066650390625
grid_10896,1409.066650390625
grid_10897,1409.066650390625
grid_10898,1409.066650390625
grid_10899,1409.066650390625
grid_10900,1409.066650390625
grid_10901,1410.931396484375
grid_10902,1415.2294921875
grid_10903,1415.2294921875
grid_10904,1415.2294921875
grid_10905,1410.931396484375
grid_10906,1415.2294921875
grid_10907,1415.2294921875
grid_10908,1329.7305908203125
grid_10909,1329.7305908203125
grid_10910,1329.7305908203125
grid_10911,1329.7305908203125
grid_10912,1329.7305908203125
grid_10913,1329.7305908203125
grid_10914,1329.7305908203125
grid_10915,1329.7305908203125
grid_10916,1329.7305908203125
grid_10917,1253.8753662109375
grid_10918,1253.8753662109375
grid_10919,1253.8753662109375
grid_10920,1253.8753662109375
grid_10921,1253.8753662109375
grid_10922,1253.8753662109375
grid_10923,1253.8753662109375
grid_10924,1253.8753662109375
grid_10925,1253.8753662109375
grid_10926,1253.8753662109375
grid_10927,1253.8753662109375
grid_10928,1275.411376953125
grid_10929,1319.18994140625
grid_10930,1275.411376953125
grid_10931,1275.411376953125
grid_10932,1275.411376953125
grid_10933,1275.411376953125
grid_10934,1275.411376953125
grid_10935,1319.18994140625
grid_10936,1275.411376953125
grid_10937,1275.411376953125
grid_10938,1319.18994140625
grid_10939,1319.18994140625
grid_10940,1319.18994140625
grid_10941,1319.18994140625
grid_10942,1319.18994140625
grid_10943,1319.18994140625
grid_10944,1319.18994140625
grid_10945,1319.18994140625
grid_10946,1319.18994140625
grid_10947,1319.18994140625
grid_10948,1253.8753662109375
grid_10949,1253.8753662109375
grid_10950,1253.8753662109375
grid_10951,1253.8753662109375
grid_10952,1253.8753662109375
grid_10953,1253.8753662109375
grid_10954,1253.8753662109375
grid_10955,1253.8753662109375
grid_10956,1253.8753662109375
grid_10957,1253.8753662109375
grid_10958,1275.411376953125
grid_10959,1319.18994140625
grid_10960,1275.411376953125
grid_10961,1275.411376953125
grid_10962,1275.411376953125
grid_10963,1275.411376953125
grid_10964,1319.18994140625
grid_10965,1275.411376953125
grid_10966,1275.411376953125
grid_10967,1275.411376953125
grid_10968,1319.18994140625
grid_10969,1319.18994140625
grid_10970,1319.18994140625
grid_10971,1319.18994140625
grid_10972,1319.18994140625
grid_10973,1319.18994140625
grid_10974,1319.18994140625
grid_10975,1370.9971923828125
grid_10976,1370.9971923828125
grid_10977,1370.9971923828125
grid_10978,1343.423583984375
grid_10979,1343.423583984375
grid_10980,1343.423583984375
grid_10981,1343.423583984375
grid_10982,1343.423583984375
grid_10983,1343.423583984375
grid_10984,1343.423583984375
grid_10985,1343.423583984375
grid_10986,1410.931396484375
grid_10987,1410.931396484375
grid_10988,1275.411376953125
grid_10989,1370.9971923828125
grid_10990,1311.311767578125
grid_10991,1311.311767578125
grid_10992,1311.311767578125
grid_10993,1311.311767578125
grid_10994,1311.311767578125
grid_10995,1311.311767578125
grid_10996,1370.9971923828125
grid_10997,1311.311767578125
grid_10998,1253.8753662109375
grid_10999,1253.8753662109375
grid_11000,1253.8753662109375
grid_11001,1253.8753662109375
grid_11002,1290.7333984375
grid_11003,1290.7333984375
grid_11004,1290.7333984375
grid_11005,1290.7333984375
grid_11006,1290.7333984375
grid_11007,1290.7333984375
grid_11008,1437.3673095703125
grid_11009,1437.3673095703125
grid_11010,1437.3673095703125
grid_11011,1437.3673095703125
grid_11012,1530.6187744140625
grid_11013,1530.6187744140625
grid_11014,1530.6187744140625
grid_11015,1530.6187744140625
grid_11016,1530.6187744140625
grid_11017,1530.6187744140625
grid_11018,1437.3673095703125
grid_11019,1449.48388671875
grid_11020,1437.3673095703125
grid_11021,1449.48388671875
grid_11022,1449.48388671875
grid_11023,1449.48388671875
grid_11024,1437.3673095703125
grid_11025,1437.3673095703125
grid_11026,1449.48388671875
grid_11027,1449.48388671875
grid_11028,1437.3673095703125
grid_11029,1437.3673095703125
grid_11030,1449.48388671875
grid_11031,1409.066650390625
grid_11032,1415.2294921875
grid_11033,1415.2294921875
grid_11034,1415.2294921875
grid_11035,1415.2294921875
grid_11036,1415.2294921875
grid_11037,1385.2537841796875
grid_11038,1530.6187744140625
grid_11039,1530.6187744140625
grid_11040,1486.8056640625
grid_11041,1486.8056640625
grid_11042,1385.2537841796875
grid_11043,1486.8056640625
grid_11044,1486.8056640625
grid_11045,1385.2537841796875
grid_11046,1486.8056640625
grid_11047,1385.2537841796875
grid_11048,1604.052978515625
grid_11049,1604.052978515625
grid_11050,1486.8056640625
grid_11051,1415.2294921875
grid_11052,1415.2294921875
grid_11053,1385.2537841796875
grid_11054,1415.2294921875
grid_11055,1385.2537841796875
grid_11056,1385.2537841796875
grid_11057,1415.2294921875
grid_11058,1415.2294921875
grid_11059,1415.2294921875
grid_11060,1415.2294921875
grid_11061,1415.2294921875
grid_11062,1415.2294921875
grid_11063,1415.2294921875
grid_11064,1415.2294921875
grid_11065,1385.2537841796875
grid_11066,1415.2294921875
grid_11067,1385.2537841796875
grid_11068,1385.2537841796875
grid_11069,1415.2294921875
grid_11070,1415.2294921875
grid_11071,1486.8056640625
grid_11072,1385.2537841796875
grid_11073,1385.2537841796875
grid_11074,1486.8056640625
grid_11075,1385.2537841796875
grid_11076,1385.2537841796875
grid_11077,1486.8056640625
grid_11078,1385.2537841796875
grid_11079,1486.8056640625
grid_11080,1486.8056640625
grid_11081,1385.2537841796875
grid_11082,1486.8056640625
grid_11083,1385.2537841796875
grid_11084,1486.8056640625
grid_11085,1486.8056640625
grid_11086,1385.2537841796875
grid_11087,1486.8056640625
grid_11088,1486.8056640625
grid_11089,1486.8056640625
grid_11090,1385.2537841796875
grid_11091,1385.2537841796875
grid_11092,1415.2294921875
grid_11093,1415.2294921875
grid_11094,1415.2294921875
grid_11095,1385.2537841796875
grid_11096,1415.2294921875
grid_11097,1415.2294921875
grid_11098,1415.2294921875
grid_11099,1385.2537841796875
grid_11100,1415.2294921875
grid_11101,1409.066650390625
grid_11102,1415.2294921875
grid_11103,1415.2294921875
grid_11104,1415.2294921875
grid_11105,1415.2294921875
grid_11106,1415.2294921875
grid_11107,1415.2294921875
grid_11108,1415.2294921875
grid_11109,1415.2294921875
grid_11110,1415.2294921875
grid_11111,1415.2294921875
grid_11112,1410.931396484375
grid_11113,1415.2294921875
grid_11114,1415.2294921875
grid_11115,1415.2294921875
grid_11116,1415.2294921875
grid_11117,1410.931396484375
grid_11118,1415.2294921875
grid_11119,1415.2294921875
grid_11120,1410.931396484375
grid_11121,1415.2294921875
grid_11122,1415.2294921875
grid_11123,1415.2294921875
grid_11124,1415.2294921875
grid_11125,1415.2294921875
grid_11126,1415.2294921875
grid_11127,1415.2294921875
grid_11128,1415.2294921875
grid_11129,1415.2294921875
grid_11130,1415.2294921875
grid_11131,1415.2294921875
grid_11132,1415.2294921875
grid_11133,1415.2294921875
grid_11134,1415.2294921875
grid_11135,1410.931396484375
grid_11136,1415.2294921875
grid_11137,1415.2294921875
grid_11138,1415.2294921875
grid_11139,1410.931396484375
grid_11140,1415.2294921875
grid_11141,1415.2294921875
grid_11142,1415.2294921875
grid_11143,1415.2294921875
grid_11144,1415.2294921875
grid_11145,1415.2294921875
grid_11146,1415.2294921875
grid_11147,1415.2294921875
grid_11148,1415.2294921875
grid_11149,1415.2294921875
grid_11150,1415.2294921875
grid_11151,1415.2294921875
grid_11152,1415.2294921875
grid_11153,1415.2294921875
grid_11154,1415.2294921875
grid_11155,1410.931396484375
grid_11156,1415.2294921875
grid_11157,1415.2294921875
grid_11158,1415.2294921875
grid_11159,1410.931396484375
grid_11160,1415.2294921875
grid_11161,1415.2294921875
grid_11162,1415.2294921875
grid_11163,1415.2294921875
grid_11164,1415.2294921875
grid_11165,1415.2294921875
grid_11166,1415.2294921875
grid_11167,1415.2294921875
grid_11168,1415.2294921875
grid_11169,1415.2294921875
grid_11170,1415.2294921875
grid_11171,1415.2294921875
grid_11172,1415.2294921875
grid_11173,1410.931396484375
grid_11174,1461.2490234375
grid_11175,1461.2490234375
grid_11176,1461.2490234375
grid_11177,1425.3250732421875
grid_11178,1461.2490234375
grid_11179,1461.2490234375
grid_11180,1461.2490234375
grid_11181,1415.2294921875
grid_11182,1461.2490234375
grid_11183,1461.2490234375
grid_11184,1461.2490234375
grid_11185,1461.2490234375
grid_11186,1461.2490234375
grid_11187,1461.2490234375
grid_11188,1461.2490234375
grid_11189,1461.2490234375
grid_11190,1461.2490234375
grid_11191,1425.3250732421875
grid_11192,1461.2490234375
grid_11193,1461.2490234375
grid_11194,1461.2490234375
grid_11195,1425.3250732421875
grid_11196,1461.2490234375
grid_11197,1461.2490234375
grid_11198,1461.2490234375
grid_11199,1425.3250732421875
grid_11200,1461.2490234375
grid_11201,1247.6217041015625
grid_11202,1207.08837890625
grid_11203,1247.6217041015625
grid_11204,1247.6217041015625
grid_11205,1247.6217041015625
grid_11206,1207.08837890625
grid_11207,1247.6217041015625
grid_11208,1247.673828125
grid_11209,1295.4371337890625
grid_11210,1295.4371337890625
grid_11211,1343.028564453125
grid_11212,1343.028564453125
grid_11213,1343.028564453125
grid_11214,1343.028564453125
grid_11215,1295.4371337890625
grid_11216,1343.028564453125
grid_11217,1343.028564453125
grid_11218,1343.028564453125
grid_11219,1343.028564453125
grid_11220,1295.4371337890625
grid_11221,1295.4371337890625
grid_11222,1247.673828125
grid_11223,1295.4371337890625
grid_11224,1247.673828125
grid_11225,1295.4371337890625
grid_11226,1295.4371337890625
grid_11227,1295.4371337890625
grid_11228,1295.4371337890625
grid_11229,1247.673828125
grid_11230,1295.4371337890625
grid_11231,1343.028564453125
grid_11232,1343.028564453125
grid_11233,1343.028564453125
grid_11234,1343.028564453125
grid_11235,1343.028564453125
grid_11236,1343.028564453125
grid_11237,1343.028564453125
grid_11238,1295.4371337890625
grid_11239,1343.028564453125
grid_11240,1343.028564453125
grid_11241,1247.673828125
grid_11242,1247.673828125
grid_11243,1295.4371337890625
grid_11244,1295.4371337890625
grid_11245,1295.4371337890625
grid_11246,1295.4371337890625
grid_11247,1295.4371337890625
grid_11248,1295.4371337890625
grid_11249,1247.673828125
grid_11250,1295.4371337890625
grid_11251,1343.028564453125
grid_11252,1343.028564453125
grid_11253,1343.028564453125
grid_11254,1295.4371337890625
grid_11255,1299.3291015625
grid_11256,1343.028564453125
grid_11257,1343.028564453125
grid_11258,1299.3291015625
grid_11259,1343.028564453125
grid_11260,1295.4371337890625
grid_11261,1247.673828125
grid_11262,1295.4371337890625
grid_11263,1295.4371337890625
grid_11264,1295.4371337890625
grid_11265,1247.673828125
grid_11266,1295.4371337890625
grid_11267,1247.673828125
grid_11268,1256.7164306640625
grid_11269,1256.7164306640625
grid_11270,1263.34912109375
grid_11271,1299.3291015625
grid_11272,1299.3291015625
grid_11273,1299.3291015625
grid_11274,1299.3291015625
grid_11275,1299.3291015625
grid_11276,1256.7164306640625
grid_11277,1299.3291015625
grid_11278,1256.7164306640625
grid_11279,1299.3291015625
grid_11280,1299.3291015625
grid_11281,1256.7164306640625
grid_11282,1263.34912109375
grid_11283,1256.7164306640625
grid_11284,1256.7164306640625
grid_11285,1263.34912109375
grid_11286,1256.7164306640625
grid_11287,1256.7164306640625
grid_11288,1256.7164306640625
grid_11289,1263.34912109375
grid_11290,1256.7164306640625
grid_11291,1299.3291015625
grid_11292,1299.3291015625
grid_11293,1299.3291015625
grid_11294,1299.3291015625
grid_11295,1299.3291015625
grid_11296,1256.7164306640625
grid_11297,1299.3291015625
grid_11298,1299.3291015625
grid_11299,1299.3291015625
grid_11300,1299.3291015625
grid_11301,1148.4598388671875
grid_11302,1148.4598388671875
grid_11303,1103.5462646484375
grid_11304,1148.4598388671875
grid_11305,1103.5462646484375
grid_11306,1103.5462646484375
grid_11307,1148.4598388671875
grid_11308,1148.4598388671875
grid_11309,1103.5462646484375
grid_11310,1103.5462646484375
grid_11311,1103.5462646484375
grid_11312,1148.4598388671875
grid_11313,1103.5462646484375
grid_11314,1148.4598388671875
grid_11315,1103.5462646484375
grid_11316,1103.5462646484375
grid_11317,1103.5462646484375
grid_11318,1103.5462646484375
grid_11319,1148.4598388671875
grid_11320,1148.4598388671875
grid_11321,1194.7308349609375
grid_11322,1194.7308349609375
grid_11323,1148.4598388671875
grid_11324,1194.7308349609375
grid_11325,1148.4598388671875
grid_11326,1194.7308349609375
grid_11327,1148.4598388671875
grid_11328,1194.7308349609375
grid_11329,1148.4598388671875
grid_11330,1194.7308349609375
grid_11331,1103.5462646484375
grid_11332,1044.728759765625
grid_11333,1044.728759765625
grid_11334,1103.5462646484375
grid_11335,1044.728759765625
grid_11336,1044.728759765625
grid_11337,1044.728759765625
grid_11338,1103.5462646484375
grid_11339,1044.728759765625
grid_11340,1050.6973876953125
grid_11341,1103.5462646484375
grid_11342,1103.5462646484375
grid_11343,1148.4598388671875
grid_11344,1103.5462646484375
grid_11345,1103.5462646484375
grid_11346,1141.7779541015625
grid_11347,1092.1717529296875
grid_11348,1092.1717529296875
grid_11349,1141.7779541015625
grid_11350,1092.1717529296875
grid_11351,1050.6973876953125
grid_11352,1050.6973876953125
grid_11353,1092.1717529296875
grid_11354,1050.6973876953125
grid_11355,1050.6973876953125
grid_11356,1050.6973876953125
grid_11357,1050.6973876953125
grid_11358,1050.6973876953125
grid_11359,1050.6973876953125
grid_11360,1092.1717529296875
grid_11361,1092.1717529296875
grid_11362,1141.7779541015625
grid_11363,1092.1717529296875
grid_11364,1092.1717529296875
grid_11365,1141.7779541015625
grid_11366,1092.1717529296875
grid_11367,1092.1717529296875
grid_11368,1092.1717529296875
grid_11369,1092.1717529296875
grid_11370,1141.7779541015625
grid_11371,1029.2197265625
grid_11372,1029.2197265625
grid_11373,1029.2197265625
grid_11374,1029.2197265625
grid_11375,1029.2197265625
grid_11376,1029.2197265625
grid_11377,1029.2197265625
grid_11378,1005.90478515625
grid_11379,1029.2197265625
grid_11380,1005.90478515625
grid_11381,1029.2197265625
grid_11382,1029.2197265625
grid_11383,1050.6973876953125
grid_11384,1050.6973876953125
grid_11385,1050.6973876953125
grid_11386,1050.6973876953125
grid_11387,1092.1717529296875
grid_11388,1092.1717529296875
grid_11389,1050.6973876953125
grid_11390,1050.6973876953125
grid_11391,1092.1717529296875
grid_11392,1092.1717529296875
grid_11393,1141.7779541015625
grid_11394,1092.1717529296875
grid_11395,1141.7779541015625
grid_11396,1141.7779541015625
grid_11397,1092.1717529296875
grid_11398,1092.1717529296875
grid_11399,1092.1717529296875
grid_11400,1141.7779541015625
grid_11401,1220.548583984375
grid_11402,1194.7308349609375
grid_11403,1220.548583984375
grid_11404,1220.548583984375
grid_11405,1220.548583984375
grid_11406,1233.1761474609375
grid_11407,1233.1761474609375
grid_11408,1220.548583984375
grid_11409,1233.1761474609375
grid_11410,1194.7308349609375
grid_11411,1225.40185546875
grid_11412,1247.673828125
grid_11413,1247.673828125
grid_11414,1225.40185546875
grid_11415,1247.673828125
grid_11416,1247.673828125
grid_11417,1225.40185546875
grid_11418,1225.40185546875
grid_11419,1225.40185546875
grid_11420,1225.40185546875
grid_11421,1233.1761474609375
grid_11422,1233.1761474609375
grid_11423,1233.1761474609375
grid_11424,1233.1761474609375
grid_11425,1225.40185546875
grid_11426,1233.1761474609375
grid_11427,1233.1761474609375
grid_11428,1233.1761474609375
grid_11429,1233.1761474609375
grid_11430,1233.1761474609375
grid_11431,1148.4598388671875
grid_11432,1148.4598388671875
grid_11433,1194.7308349609375
grid_11434,1194.7308349609375
grid_11435,1194.7308349609375
grid_11436,1170.4493408203125
grid_11437,1141.7779541015625
grid_11438,1170.4493408203125
grid_11439,1170.4493408203125
grid_11440,1141.7779541015625
grid_11441,1220.548583984375
grid_11442,1220.548583984375
grid_11443,1220.548583984375
grid_11444,1233.1761474609375
grid_11445,1233.1761474609375
grid_11446,1220.548583984375
grid_11447,1233.1761474609375
grid_11448,1194.7308349609375
grid_11449,1228.0880126953125
grid_11450,1201.66455078125
grid_11451,1233.1761474609375
grid_11452,1233.1761474609375
grid_11453,1225.40185546875
grid_11454,1233.1761474609375
grid_11455,1233.1761474609375
grid_11456,1233.1761474609375
grid_11457,1233.1761474609375
grid_11458,1235.160400390625
grid_11459,1228.0880126953125
grid_11460,1228.0880126953125
grid_11461,1247.673828125
grid_11462,1225.40185546875
grid_11463,1225.40185546875
grid_11464,1225.40185546875
grid_11465,1225.40185546875
grid_11466,1247.673828125
grid_11467,1235.160400390625
grid_11468,1235.160400390625
grid_11469,1263.34912109375
grid_11470,1235.160400390625
grid_11471,1228.0880126953125
grid_11472,1228.0880126953125
grid_11473,1228.0880126953125
grid_11474,1228.0880126953125
grid_11475,1228.0880126953125
grid_11476,1228.0880126953125
grid_11477,1235.160400390625
grid_11478,1228.0880126953125
grid_11479,1228.0880126953125
grid_11480,1228.0880126953125
grid_11481,1201.66455078125
grid_11482,1228.0880126953125
grid_11483,1201.66455078125
grid_11484,1201.66455078125
grid_11485,1228.0880126953125
grid_11486,1170.4493408203125
grid_11487,1228.0880126953125
grid_11488,1228.0880126953125
grid_11489,1201.66455078125
grid_11490,1201.66455078125
grid_11491,1141.7779541015625
grid_11492,1170.4493408203125
grid_11493,1141.7779541015625
grid_11494,1141.7779541015625
grid_11495,1170.4493408203125
grid_11496,1170.4493408203125
grid_11497,1141.7779541015625
grid_11498,1170.4493408203125
grid_11499,1170.4493408203125
grid_11500,1141.7779541015625
grid_11501,1263.34912109375
grid_11502,1235.160400390625
grid_11503,1235.160400390625
grid_11504,1235.160400390625
grid_11505,1263.34912109375
grid_11506,1235.160400390625
grid_11507,1263.34912109375
grid_11508,1235.160400390625
grid_11509,1263.34912109375
grid_11510,1235.160400390625
grid_11511,1228.0880126953125
grid_11512,1201.66455078125
grid_11513,1201.66455078125
grid_11514,1170.4493408203125
grid_11515,1228.0880126953125
grid_11516,1201.66455078125
grid_11517,1228.0880126953125
grid_11518,1201.66455078125
grid_11519,1201.66455078125
grid_11520,1228.0880126953125
grid_11521,1228.0880126953125
grid_11522,1228.0880126953125
grid_11523,1228.0880126953125
grid_11524,1228.0880126953125
grid_11525,1228.0880126953125
grid_11526,1228.0880126953125
grid_11527,1228.0880126953125
grid_11528,1228.0880126953125
grid_11529,1235.160400390625
grid_11530,1228.0880126953125
grid_11531,1141.7779541015625
grid_11532,1141.7779541015625
grid_11533,1170.4493408203125
grid_11534,1170.4493408203125
grid_11535,1170.4493408203125
grid_11536,1170.4493408203125
grid_11537,1141.7779541015625
grid_11538,1170.4493408203125
grid_11539,1170.4493408203125
grid_11540,1141.7779541015625
grid_11541,1201.66455078125
grid_11542,1170.4493408203125
grid_11543,1228.0880126953125
grid_11544,1228.0880126953125
grid_11545,1201.66455078125
grid_11546,1201.66455078125
grid_11547,1201.66455078125
grid_11548,1201.66455078125
grid_11549,1228.0880126953125
grid_11550,1170.4493408203125
grid_11551,1228.0880126953125
grid_11552,1228.0880126953125
grid_11553,1235.160400390625
grid_11554,1228.0880126953125
grid_11555,1228.0880126953125
grid_11556,1228.0880126953125
grid_11557,1228.0880126953125
grid_11558,1228.0880126953125
grid_11559,1228.0880126953125
grid_11560,1228.0880126953125
grid_11561,1170.4493408203125
grid_11562,1170.4493408203125
grid_11563,1141.7779541015625
grid_11564,1170.4493408203125
grid_11565,1141.7779541015625
grid_11566,1170.4493408203125
grid_11567,1170.4493408203125
grid_11568,1141.7779541015625
grid_11569,1170.4493408203125
grid_11570,1141.7779541015625
grid_11571,1235.160400390625
grid_11572,1228.0880126953125
grid_11573,1228.0880126953125
grid_11574,1228.0880126953125
grid_11575,1228.0880126953125
grid_11576,1228.0880126953125
grid_11577,1228.0880126953125
grid_11578,1215.714111328125
grid_11579,1215.714111328125
grid_11580,1215.714111328125
grid_11581,1228.0880126953125
grid_11582,1201.66455078125
grid_11583,1201.66455078125
grid_11584,1201.66455078125
grid_11585,1228.0880126953125
grid_11586,1201.66455078125
grid_11587,1228.0880126953125
grid_11588,1170.4493408203125
grid_11589,1215.714111328125
grid_11590,1206.9459228515625
grid_11591,1181.47119140625
grid_11592,1139.0738525390625
grid_11593,1139.0738525390625
grid_11594,1181.47119140625
grid_11595,1181.47119140625
grid_11596,1139.0738525390625
grid_11597,1181.47119140625
grid_11598,1181.47119140625
grid_11599,1181.47119140625
grid_11600,1139.0738525390625
grid_11601,1263.34912109375
grid_11602,1235.160400390625
grid_11603,1235.160400390625
grid_11604,1235.160400390625
grid_11605,1263.34912109375
grid_11606,1263.34912109375
grid_11607,1235.160400390625
grid_11608,1235.160400390625
grid_11609,1263.34912109375
grid_11610,1263.34912109375
grid_11611,1256.7164306640625
grid_11612,1256.7164306640625
grid_11613,1256.7164306640625
grid_11614,1263.34912109375
grid_11615,1256.7164306640625
grid_11616,1256.7164306640625
grid_11617,1256.7164306640625
grid_11618,1256.7164306640625
grid_11619,1263.34912109375
grid_11620,1263.34912109375
grid_11621,1299.3291015625
grid_11622,1299.3291015625
grid_11623,1299.3291015625
grid_11624,1256.7164306640625
grid_11625,1341.6798095703125
grid_11626,1341.6798095703125
grid_11627,1299.3291015625
grid_11628,1341.6798095703125
grid_11629,1341.6798095703125
grid_11630,1256.7164306640625
grid_11631,1235.160400390625
grid_11632,1235.160400390625
grid_11633,1263.34912109375
grid_11634,1235.160400390625
grid_11635,1235.160400390625
grid_11636,1263.34912109375
grid_11637,1263.34912109375
grid_11638,1235.160400390625
grid_11639,1235.160400390625
grid_11640,1276.9639892578125
grid_11641,1256.7164306640625
grid_11642,1256.7164306640625
grid_11643,1256.7164306640625
grid_11644,1256.7164306640625
grid_11645,1307.1885986328125
grid_11646,1276.9639892578125
grid_11647,1307.1885986328125
grid_11648,1307.1885986328125
grid_11649,1307.1885986328125
grid_11650,1307.1885986328125
grid_11651,1341.6798095703125
grid_11652,1341.6798095703125
grid_11653,1341.6798095703125
grid_11654,1341.6798095703125
grid_11655,1341.6798095703125
grid_11656,1307.1885986328125
grid_11657,1341.6798095703125
grid_11658,1341.6798095703125
grid_11659,1341.6798095703125
grid_11660,1341.6798095703125
grid_11661,1276.9639892578125
grid_11662,1257.9129638671875
grid_11663,1276.9639892578125
grid_11664,1276.9639892578125
grid_11665,1257.9129638671875
grid_11666,1257.9129638671875
grid_11667,1276.9639892578125
grid_11668,1276.9639892578125
grid_11669,1257.9129638671875
grid_11670,1257.9129638671875
grid_11671,1276.9639892578125
grid_11672,1307.1885986328125
grid_11673,1307.1885986328125
grid_11674,1307.1885986328125
grid_11675,1307.1885986328125
grid_11676,1307.1885986328125
grid_11677,1307.1885986328125
grid_11678,1276.9639892578125
grid_11679,1307.1885986328125
grid_11680,1307.1885986328125
grid_11681,1341.6798095703125
grid_11682,1307.1885986328125
grid_11683,1341.6798095703125
grid_11684,1341.6798095703125
grid_11685,1341.6798095703125
grid_11686,1341.6798095703125
grid_11687,1341.6798095703125
grid_11688,1307.1885986328125
grid_11689,1341.6798095703125
grid_11690,1341.6798095703125
grid_11691,1276.9639892578125
grid_11692,1257.9129638671875
grid_11693,1276.9639892578125
grid_11694,1257.9129638671875
grid_11695,1257.9129638671875
grid_11696,1257.9129638671875
grid_11697,1276.9639892578125
grid_11698,1276.9639892578125
grid_11699,1257.9129638671875
grid_11700,1276.9639892578125
grid_11701,1029.2197265625
grid_11702,1029.2197265625
grid_11703,1029.2197265625
grid_11704,1005.90478515625
grid_11705,1005.90478515625
grid_11706,1029.2197265625
grid_11707,1029.2197265625
grid_11708,1029.2197265625
grid_11709,1005.90478515625
grid_11710,1029.2197265625
grid_11711,1029.2197265625
grid_11712,1050.6973876953125
grid_11713,1050.6973876953125
grid_11714,1029.2197265625
grid_11715,1050.6973876953125
grid_11716,1050.6973876953125
grid_11717,1050.6973876953125
grid_11718,1092.1717529296875
grid_11719,1050.6973876953125
grid_11720,1049.4404296875
grid_11721,1141.7779541015625
grid_11722,1092.1717529296875
grid_11723,1092.1717529296875
grid_11724,1092.1717529296875
grid_11725,1092.1717529296875
grid_11726,1139.0738525390625
grid_11727,1139.0738525390625
grid_11728,1111.3782958984375
grid_11729,1111.3782958984375
grid_11730,1111.3782958984375
grid_11731,1082.6004638671875
grid_11732,1082.6004638671875
grid_11733,1082.6004638671875
grid_11734,1111.3782958984375
grid_11735,1082.6004638671875
grid_11736,1082.6004638671875
grid_11737,1082.6004638671875
grid_11738,1049.4404296875
grid_11739,1111.3782958984375
grid_11740,1082.6004638671875
grid_11741,1019.2801513671875
grid_11742,1049.4404296875
grid_11743,1049.4404296875
grid_11744,1019.2801513671875
grid_11745,1049.4404296875
grid_11746,1049.4404296875
grid_11747,1019.2801513671875
grid_11748,1019.2801513671875
grid_11749,1049.4404296875
grid_11750,1019.2801513671875
grid_11751,1111.3782958984375
grid_11752,1111.3782958984375
grid_11753,1139.0738525390625
grid_11754,1139.0738525390625
grid_11755,1111.3782958984375
grid_11756,1111.3782958984375
grid_11757,1111.3782958984375
grid_11758,1139.0738525390625
grid_11759,1111.3782958984375
grid_11760,1139.0738525390625
grid_11761,1082.6004638671875
grid_11762,1049.4404296875
grid_11763,1082.6004638671875
grid_11764,1082.6004638671875
grid_11765,1082.6004638671875
grid_11766,1111.3782958984375
grid_11767,1082.6004638671875
grid_11768,1082.6004638671875
grid_11769,1082.6004638671875
grid_11770,1111.3782958984375
grid_11771,1111.3782958984375
grid_11772,1111.3782958984375
grid_11773,1111.3782958984375
grid_11774,1111.3782958984375
grid_11775,1139.0738525390625
grid_11776,1139.0738525390625
grid_11777,1111.3782958984375
grid_11778,1111.3782958984375
grid_11779,1111.3782958984375
grid_11780,1111.3782958984375
grid_11781,1082.6004638671875
grid_11782,1049.4404296875
grid_11783,1082.6004638671875
grid_11784,1082.6004638671875
grid_11785,1049.4404296875
grid_11786,1082.6004638671875
grid_11787,1111.3782958984375
grid_11788,1082.6004638671875
grid_11789,1082.6004638671875
grid_11790,1082.6004638671875
grid_11791,1139.0738525390625
grid_11792,1181.47119140625
grid_11793,1139.0738525390625
grid_11794,1181.47119140625
grid_11795,1139.0738525390625
grid_11796,1181.47119140625
grid_11797,1139.0738525390625
grid_11798,1139.0738525390625
grid_11799,1139.0738525390625
grid_11800,1181.47119140625
grid_11801,1410.931396484375
grid_11802,1410.931396484375
grid_11803,1410.931396484375
grid_11804,1410.931396484375
grid_11805,1410.931396484375
grid_11806,1410.931396484375
grid_11807,1410.931396484375
grid_11808,1410.931396484375
grid_11809,1410.931396484375
grid_11810,1410.931396484375
grid_11811,1370.9971923828125
grid_11812,1370.9971923828125
grid_11813,1370.9971923828125
grid_11814,1370.9971923828125
grid_11815,1370.9971923828125
grid_11816,1370.9971923828125
grid_11817,1370.9971923828125
grid_11818,1370.9971923828125
grid_11819,1370.9971923828125
grid_11820,1370.9971923828125
grid_11821,1311.311767578125
grid_11822,1311.311767578125
grid_11823,1370.9971923828125
grid_11824,1311.311767578125
grid_11825,1311.311767578125
grid_11826,1311.311767578125
grid_11827,1311.311767578125
grid_11828,1370.9971923828125
grid_11829,1311.311767578125
grid_11830,1311.311767578125
grid_11831,1290.7333984375
grid_11832,1290.7333984375
grid_11833,1290.7333984375
grid_11834,1290.7333984375
grid_11835,1290.7333984375
grid_11836,1290.7333984375
grid_11837,1290.7333984375
grid_11838,1290.7333984375
grid_11839,1290.7333984375
grid_11840,1290.7333984375
grid_11841,1410.931396484375
grid_11842,1410.931396484375
grid_11843,1410.931396484375
grid_11844,1410.931396484375
grid_11845,1410.931396484375
grid_11846,1410.931396484375
grid_11847,1410.931396484375
grid_11848,1410.931396484375
grid_11849,1410.931396484375
grid_11850,1410.931396484375
grid_11851,1311.311767578125
grid_11852,1311.311767578125
grid_11853,1370.9971923828125
grid_11854,1311.311767578125
grid_11855,1311.311767578125
grid_11856,1311.311767578125
grid_11857,1370.9971923828125
grid_11858,1311.311767578125
grid_11859,1311.311767578125
grid_11860,1311.311767578125
grid_11861,1370.9971923828125
grid_11862,1370.9971923828125
grid_11863,1370.9971923828125
grid_11864,1370.9971923828125
grid_11865,1370.9971923828125
grid_11866,1370.9971923828125
grid_11867,1370.9971923828125
grid_11868,1370.9971923828125
grid_11869,1370.9971923828125
grid_11870,1370.9971923828125
grid_11871,1290.7333984375
grid_11872,1290.7333984375
grid_11873,1290.7333984375
grid_11874,1290.7333984375
grid_11875,1290.7333984375
grid_11876,1290.7333984375
grid_11877,1290.7333984375
grid_11878,1290.7333984375
grid_11879,1290.7333984375
grid_11880,1290.7333984375
grid_11881,1410.931396484375
grid_11882,1410.931396484375
grid_11883,1410.931396484375
grid_11884,1410.931396484375
grid_11885,1410.931396484375
grid_11886,1410.931396484375
grid_11887,1410.931396484375
grid_11888,1410.931396484375
grid_11889,1410.931396484375
grid_11890,1410.931396484375
grid_11891,1311.311767578125
grid_11892,1370.9971923828125
grid_11893,1311.311767578125
grid_11894,1311.311767578125
grid_11895,1311.311767578125
grid_11896,1311.311767578125
grid_11897,1311.311767578125
grid_11898,1311.311767578125
grid_11899,1311.311767578125
grid_11900,1311.311767578125
grid_11901,1215.714111328125
grid_11902,1215.714111328125
grid_11903,1257.9129638671875
grid_11904,1215.714111328125
grid_11905,1215.714111328125
grid_11906,1215.714111328125
grid_11907,1215.714111328125
grid_11908,1215.714111328125
grid_11909,1215.714111328125
grid_11910,1215.714111328125
grid_11911,1215.714111328125
grid_11912,1206.9459228515625
grid_11913,1206.9459228515625
grid_11914,1206.9459228515625
grid_11915,1215.714111328125
grid_11916,1181.47119140625
grid_11917,1206.9459228515625
grid_11918,1206.9459228515625
grid_11919,1215.714111328125
grid_11920,1206.9459228515625
grid_11921,1257.9129638671875
grid_11922,1257.9129638671875
grid_11923,1276.9639892578125
grid_11924,1257.9129638671875
grid_11925,1257.9129638671875
grid_11926,1276.9639892578125
grid_11927,1276.9639892578125
grid_11928,1257.9129638671875
grid_11929,1257.9129638671875
grid_11930,1257.9129638671875
grid_11931,1215.714111328125
grid_11932,1257.9129638671875
grid_11933,1215.714111328125
grid_11934,1215.714111328125
grid_11935,1257.9129638671875
grid_11936,1215.714111328125
grid_11937,1215.714111328125
grid_11938,1215.714111328125
grid_11939,1215.714111328125
grid_11940,1215.714111328125
grid_11941,1181.47119140625
grid_11942,1139.0738525390625
grid_11943,1181.47119140625
grid_11944,1139.0738525390625
grid_11945,1181.47119140625
grid_11946,1181.47119140625
grid_11947,1139.0738525390625
grid_11948,1181.47119140625
grid_11949,1181.47119140625
grid_11950,1139.0738525390625
grid_11951,1206.9459228515625
grid_11952,1215.714111328125
grid_11953,1215.714111328125
grid_11954,1181.47119140625
grid_11955,1215.714111328125
grid_11956,1206.9459228515625
grid_11957,1206.9459228515625
grid_11958,1215.714111328125
grid_11959,1215.714111328125
grid_11960,1206.9459228515625
grid_11961,1206.9459228515625
grid_11962,1181.47119140625
grid_11963,1206.9459228515625
grid_11964,1206.9459228515625
grid_11965,1215.714111328125
grid_11966,1206.9459228515625
grid_11967,1206.9459228515625
grid_11968,1215.714111328125
grid_11969,1215.714111328125
grid_11970,1181.47119140625
grid_11971,1139.0738525390625
grid_11972,1181.47119140625
grid_11973,1181.47119140625
grid_11974,1181.47119140625
grid_11975,1139.0738525390625
grid_11976,1139.0738525390625
grid_11977,1181.47119140625
grid_11978,1139.0738525390625
grid_11979,1181.47119140625
grid_11980,1181.47119140625
grid_11981,1215.714111328125
grid_11982,1215.714111328125
grid_11983,1215.714111328125
grid_11984,1215.714111328125
grid_11985,1257.9129638671875
grid_11986,1215.714111328125
grid_11987,1215.714111328125
grid_11988,1215.714111328125
grid_11989,1215.714111328125
grid_11990,1257.9129638671875
grid_11991,1206.9459228515625
grid_11992,1215.714111328125
grid_11993,1206.9459228515625
grid_11994,1206.9459228515625
grid_11995,1215.714111328125
grid_11996,1206.9459228515625
grid_11997,1215.714111328125
grid_11998,1181.47119140625
grid_11999,1206.9459228515625
grid_12000,1215.714111328125
grid_12001,1341.6798095703125
grid_12002,1341.6798095703125
grid_12003,1341.6798095703125
grid_12004,1307.1885986328125
grid_12005,1341.6798095703125
grid_12006,1341.6798095703125
grid_12007,1341.6798095703125
grid_12008,1341.6798095703125
grid_12009,1341.6798095703125
grid_12010,1307.1885986328125
grid_12011,1307.1885986328125
grid_12012,1276.9639892578125
grid_12013,1307.1885986328125
grid_12014,1307.1885986328125
grid_12015,1307.1885986328125
grid_12016,1276.9639892578125
grid_12017,1307.1885986328125
grid_12018,1307.1885986328125
grid_12019,1307.1885986328125
grid_12020,1307.1885986328125
grid_12021,1257.9129638671875
grid_12022,1257.9129638671875
grid_12023,1257.9129638671875
grid_12024,1276.9639892578125
grid_12025,1276.9639892578125
grid_12026,1257.9129638671875
grid_12027,1257.9129638671875
grid_12028,1276.9639892578125
grid_12029,1257.9129638671875
grid_12030,1257.9129638671875
grid_12031,1341.6798095703125
grid_12032,1341.6798095703125
grid_12033,1341.6798095703125
grid_12034,1307.1885986328125
grid_12035,1341.6798095703125
grid_12036,1341.6798095703125
grid_12037,1341.6798095703125
grid_12038,1307.1885986328125
grid_12039,1341.6798095703125
grid_12040,1341.6798095703125
grid_12041,1276.9639892578125
grid_12042,1276.9639892578125
grid_12043,1257.9129638671875
grid_12044,1257.9129638671875
grid_12045,1276.9639892578125
grid_12046,1257.9129638671875
grid_12047,1257.9129638671875
grid_12048,1276.9639892578125
grid_12049,1276.9639892578125
grid_12050,1257.9129638671875
grid_12051,1276.9639892578125
grid_12052,1307.1885986328125
grid_12053,1307.1885986328125
grid_12054,1307.1885986328125
grid_12055,1307.1885986328125
grid_12056,1276.9639892578125
grid_12057,1276.9639892578125
grid_12058,1307.1885986328125
grid_12059,1307.1885986328125
grid_12060,1307.1885986328125
grid_12061,1341.6798095703125
grid_12062,1341.6798095703125
grid_12063,1307.1885986328125
grid_12064,1341.6798095703125
grid_12065,1341.6798095703125
grid_12066,1341.6798095703125
grid_12067,1341.6798095703125
grid_12068,1341.6798095703125
grid_12069,1341.6798095703125
grid_12070,1341.6798095703125
grid_12071,1257.9129638671875
grid_12072,1276.9639892578125
grid_12073,1257.9129638671875
grid_12074,1276.9639892578125
grid_12075,1257.9129638671875
grid_12076,1276.9639892578125
grid_12077,1257.9129638671875
grid_12078,1257.9129638671875
grid_12079,1276.9639892578125
grid_12080,1276.9639892578125
grid_12081,1276.9639892578125
grid_12082,1276.9639892578125
grid_12083,1307.1885986328125
grid_12084,1307.1885986328125
grid_12085,1276.9639892578125
grid_12086,1307.1885986328125
grid_12087,1307.1885986328125
grid_12088,1276.9639892578125
grid_12089,1307.1885986328125
grid_12090,1276.9639892578125
grid_12091,1341.6798095703125
grid_12092,1341.6798095703125
grid_12093,1341.6798095703125
grid_12094,1307.1885986328125
grid_12095,1391.76611328125
grid_12096,1344.52490234375
grid_12097,1391.76611328125
grid_12098,1391.76611328125
grid_12099,1391.76611328125
grid_12100,1391.76611328125
grid_12101,1215.714111328125
grid_12102,1215.714111328125
grid_12103,1215.714111328125
grid_12104,1215.714111328125
grid_12105,1215.714111328125
grid_12106,1215.714111328125
grid_12107,1215.714111328125
grid_12108,1215.714111328125
grid_12109,1215.714111328125
grid_12110,1215.714111328125
grid_12111,1257.9129638671875
grid_12112,1215.714111328125
grid_12113,1215.714111328125
grid_12114,1215.714111328125
grid_12115,1215.714111328125
grid_12116,1215.714111328125
grid_12117,1215.714111328125
grid_12118,1215.714111328125
grid_12119,1215.714111328125
grid_12120,1257.9129638671875
grid_12121,1206.9459228515625
grid_12122,1215.714111328125
grid_12123,1206.9459228515625
grid_12124,1206.9459228515625
grid_12125,1215.714111328125
grid_12126,1181.47119140625
grid_12127,1181.47119140625
grid_12128,1215.714111328125
grid_12129,1206.9459228515625
grid_12130,1215.714111328125
grid_12131,1181.47119140625
grid_12132,1181.47119140625
grid_12133,1181.47119140625
grid_12134,1139.0738525390625
grid_12135,1181.47119140625
grid_12136,1181.47119140625
grid_12137,1181.47119140625
grid_12138,1139.0738525390625
grid_12139,1139.0738525390625
grid_12140,1181.47119140625
grid_12141,1215.714111328125
grid_12142,1215.714111328125
grid_12143,1215.714111328125
grid_12144,1215.714111328125
grid_12145,1257.9129638671875
grid_12146,1215.714111328125
grid_12147,1215.714111328125
grid_12148,1215.714111328125
grid_12149,1215.714111328125
grid_12150,1215.714111328125
grid_12151,1215.714111328125
grid_12152,1206.9459228515625
grid_12153,1206.9459228515625
grid_12154,1206.9459228515625
grid_12155,1206.9459228515625
grid_12156,1206.9459228515625
grid_12157,1206.9459228515625
grid_12158,1215.714111328125
grid_12159,1181.47119140625
grid_12160,1206.9459228515625
grid_12161,1206.9459228515625
grid_12162,1215.714111328125
grid_12163,1206.9459228515625
grid_12164,1215.714111328125
grid_12165,1206.9459228515625
grid_12166,1206.9459228515625
grid_12167,1181.47119140625
grid_12168,1215.714111328125
grid_12169,1206.9459228515625
grid_12170,1206.9459228515625
grid_12171,1215.714111328125
grid_12172,1215.714111328125
grid_12173,1215.714111328125
grid_12174,1215.714111328125
grid_12175,1215.714111328125
grid_12176,1215.714111328125
grid_12177,1257.9129638671875
grid_12178,1215.714111328125
grid_12179,1215.714111328125
grid_12180,1257.9129638671875
grid_12181,1181.47119140625
grid_12182,1181.47119140625
grid_12183,1181.47119140625
grid_12184,1181.47119140625
grid_12185,1139.0738525390625
grid_12186,1181.47119140625
grid_12187,1181.47119140625
grid_12188,1181.47119140625
grid_12189,1139.0738525390625
grid_12190,1139.0738525390625
grid_12191,1215.714111328125
grid_12192,1215.714111328125
grid_12193,1206.9459228515625
grid_12194,1206.9459228515625
grid_12195,1206.9459228515625
grid_12196,1206.9459228515625
grid_12197,1206.9459228515625
grid_12198,1270.8726806640625
grid_12199,1259.517822265625
grid_12200,1270.8726806640625
grid_12201,1005.90478515625
grid_12202,1019.2801513671875
grid_12203,1019.2801513671875
grid_12204,1019.2801513671875
grid_12205,976.794189453125
grid_12206,976.794189453125
grid_12207,1019.2801513671875
grid_12208,976.794189453125
grid_12209,976.794189453125
grid_12210,976.794189453125
grid_12211,1049.4404296875
grid_12212,1049.4404296875
grid_12213,1019.2801513671875
grid_12214,1049.4404296875
grid_12215,1019.2801513671875
grid_12216,1019.2801513671875
grid_12217,1049.4404296875
grid_12218,1049.4404296875
grid_12219,1049.4404296875
grid_12220,1019.2801513671875
grid_12221,976.794189453125
grid_12222,1019.2801513671875
grid_12223,1019.2801513671875
grid_12224,976.794189453125
grid_12225,976.794189453125
grid_12226,976.794189453125
grid_12227,1019.2801513671875
grid_12228,976.794189453125
grid_12229,976.794189453125
grid_12230,1019.2801513671875
grid_12231,1049.4404296875
grid_12232,1019.2801513671875
grid_12233,1049.4404296875
grid_12234,1019.2801513671875
grid_12235,1049.4404296875
grid_12236,1049.4404296875
grid_12237,1019.2801513671875
grid_12238,1049.4404296875
grid_12239,1049.4404296875
grid_12240,1049.4404296875
grid_12241,1019.2801513671875
grid_12242,1049.4404296875
grid_12243,1019.2801513671875
grid_12244,1019.2801513671875
grid_12245,1049.4404296875
grid_12246,1049.4404296875
grid_12247,1019.2801513671875
grid_12248,1049.4404296875
grid_12249,1049.4404296875
grid_12250,1019.2801513671875
grid_12251,976.794189453125
grid_12252,976.794189453125
grid_12253,1019.2801513671875
grid_12254,976.794189453125
grid_12255,976.794189453125
grid_12256,976.794189453125
grid_12257,1019.2801513671875
grid_12258,976.794189453125
grid_12259,1019.2801513671875
grid_12260,976.794189453125
grid_12261,976.794189453125
grid_12262,976.794189453125
grid_12263,976.794189453125
grid_12264,1019.2801513671875
grid_12265,976.794189453125
grid_12266,976.794189453125
grid_12267,1019.2801513671875
grid_12268,976.794189453125
grid_12269,976.794189453125
grid_12270,976.794189453125
grid_12271,1049.4404296875
grid_12272,1019.2801513671875
grid_12273,1049.4404296875
grid_12274,1049.4404296875
grid_12275,1049.4404296875
grid_12276,1019.2801513671875
grid_12277,1019.2801513671875
grid_12278,1049.4404296875
grid_12279,1019.2801513671875
grid_12280,1049.4404296875
grid_12281,1019.2801513671875
grid_12282,976.794189453125
grid_12283,1019.2801513671875
grid_12284,976.794189453125
grid_12285,1019.2801513671875
grid_12286,976.794189453125
grid_12287,976.794189453125
grid_12288,976.794189453125
grid_12289,1019.2801513671875
grid_12290,976.794189453125
grid_12291,1019.2801513671875
grid_12292,1049.4404296875
grid_12293,1019.2801513671875
grid_12294,1019.2801513671875
grid_12295,1049.4404296875
grid_12296,1049.4404296875
grid_12297,1049.4404296875
grid_12298,1019.2801513671875
grid_12299,1049.4404296875
grid_12300,1019.2801513671875
grid_12301,1111.3782958984375
grid_12302,1139.0738525390625
grid_12303,1139.0738525390625
grid_12304,1111.3782958984375
grid_12305,1111.3782958984375
grid_12306,1111.3782958984375
grid_12307,1139.0738525390625
grid_12308,1111.3782958984375
grid_12309,1111.3782958984375
grid_12310,1111.3782958984375
grid_12311,1049.4404296875
grid_12312,1082.6004638671875
grid_12313,1082.6004638671875
grid_12314,1111.3782958984375
grid_12315,1082.6004638671875
grid_12316,1082.6004638671875
grid_12317,1111.3782958984375
grid_12318,1082.6004638671875
grid_12319,1049.4404296875
grid_12320,1082.6004638671875
grid_12321,1139.0738525390625
grid_12322,1139.0738525390625
grid_12323,1111.3782958984375
grid_12324,1111.3782958984375
grid_12325,1111.3782958984375
grid_12326,1111.3782958984375
grid_12327,1139.0738525390625
grid_12328,1111.3782958984375
grid_12329,1111.3782958984375
grid_12330,1111.3782958984375
grid_12331,1082.6004638671875
grid_12332,1082.6004638671875
grid_12333,1049.4404296875
grid_12334,1082.6004638671875
grid_12335,1082.6004638671875
grid_12336,1082.6004638671875
grid_12337,1082.6004638671875
grid_12338,1082.6004638671875
grid_12339,1082.6004638671875
grid_12340,1082.6004638671875
grid_12341,1181.47119140625
grid_12342,1139.0738525390625
grid_12343,1181.47119140625
grid_12344,1181.47119140625
grid_12345,1139.0738525390625
grid_12346,1139.0738525390625
grid_12347,1139.0738525390625
grid_12348,1139.0738525390625
grid_12349,1181.47119140625
grid_12350,1139.0738525390625
grid_12351,1111.3782958984375
grid_12352,1139.0738525390625
grid_12353,1139.0738525390625
grid_12354,1111.3782958984375
grid_12355,1111.3782958984375
grid_12356,1139.0738525390625
grid_12357,1111.3782958984375
grid_12358,1139.0738525390625
grid_12359,1111.3782958984375
grid_12360,1111.3782958984375
grid_12361,1019.2801513671875
grid_12362,1049.4404296875
grid_12363,1049.4404296875
grid_12364,1049.4404296875
grid_12365,1019.2801513671875
grid_12366,1019.2801513671875
grid_12367,1049.4404296875
grid_12368,1049.4404296875
grid_12369,1019.2801513671875
grid_12370,1049.4404296875
grid_12371,1049.4404296875
grid_12372,1082.6004638671875
grid_12373,1082.6004638671875
grid_12374,1082.6004638671875
grid_12375,1049.4404296875
grid_12376,1082.6004638671875
grid_12377,1082.6004638671875
grid_12378,1082.6004638671875
grid_12379,1082.6004638671875
grid_12380,1132.16845703125
grid_12381,1139.0738525390625
grid_12382,1139.0738525390625
grid_12383,1111.3782958984375
grid_12384,1111.3782958984375
grid_12385,1111.3782958984375
grid_12386,1184.5252685546875
grid_12387,1184.116943359375
grid_12388,1184.116943359375
grid_12389,1184.5252685546875
grid_12390,1184.116943359375
grid_12391,1079.0914306640625
grid_12392,1116.1143798828125
grid_12393,1079.0914306640625
grid_12394,1116.1143798828125
grid_12395,1116.1143798828125
grid_12396,1116.1143798828125
grid_12397,1079.0914306640625
grid_12398,1079.0914306640625
grid_12399,1079.0914306640625
grid_12400,1116.1143798828125
grid_12401,976.794189453125
grid_12402,976.794189453125
grid_12403,1019.2801513671875
grid_12404,976.794189453125
grid_12405,976.794189453125
grid_12406,976.794189453125
grid_12407,976.794189453125
grid_12408,976.794189453125
grid_12409,1019.2801513671875
grid_12410,976.794189453125
grid_12411,976.794189453125
grid_12412,976.794189453125
grid_12413,976.794189453125
grid_12414,1019.2801513671875
grid_12415,1052.6845703125
grid_12416,1079.0914306640625
grid_12417,1052.6845703125
grid_12418,1052.6845703125
grid_12419,1079.0914306640625
grid_12420,1052.6845703125
grid_12421,1052.6845703125
grid_12422,1052.6845703125
grid_12423,1052.6845703125
grid_12424,1052.6845703125
grid_12425,1052.6845703125
grid_12426,1052.6845703125
grid_12427,1079.0914306640625
grid_12428,1079.0914306640625
grid_12429,1052.6845703125
grid_12430,1052.6845703125
grid_12431,976.794189453125
grid_12432,1052.6845703125
grid_12433,1052.6845703125
grid_12434,1052.6845703125
grid_12435,1052.6845703125
grid_12436,1052.6845703125
grid_12437,1052.6845703125
grid_12438,1052.6845703125
grid_12439,1052.6845703125
grid_12440,1015.8078002929688
grid_12441,1052.6845703125
grid_12442,1052.6845703125
grid_12443,1052.6845703125
grid_12444,1052.6845703125
grid_12445,1052.6845703125
grid_12446,1079.0914306640625
grid_12447,1052.6845703125
grid_12448,1079.0914306640625
grid_12449,1052.6845703125
grid_12450,1052.6845703125
grid_12451,1052.6845703125
grid_12452,1079.0914306640625
grid_12453,1052.6845703125
grid_12454,1052.6845703125
grid_12455,1079.0914306640625
grid_12456,1052.6845703125
grid_12457,1052.6845703125
grid_12458,1052.6845703125
grid_12459,1052.6845703125
grid_12460,1079.0914306640625
grid_12461,1052.6845703125
grid_12462,1052.6845703125
grid_12463,1052.6845703125
grid_12464,1015.8078002929688
grid_12465,1015.8078002929688
grid_12466,1052.6845703125
grid_12467,1077.3585205078125
grid_12468,1077.3585205078125
grid_12469,1043.9686279296875
grid_12470,1043.9686279296875
grid_12471,1052.6845703125
grid_12472,1052.6845703125
grid_12473,1079.0914306640625
grid_12474,1052.6845703125
grid_12475,1127.7779541015625
grid_12476,1077.3585205078125
grid_12477,1077.3585205078125
grid_12478,1127.7779541015625
grid_12479,1077.3585205078125
grid_12480,1077.3585205078125
grid_12481,1077.3585205078125
grid_12482,1043.9686279296875
grid_12483,1043.9686279296875
grid_12484,1077.3585205078125
grid_12485,1077.3585205078125
grid_12486,1043.9686279296875
grid_12487,1043.9686279296875
grid_12488,1077.3585205078125
grid_12489,1077.3585205078125
grid_12490,1043.9686279296875
grid_12491,1077.3585205078125
grid_12492,1077.3585205078125
grid_12493,1077.3585205078125
grid_12494,1077.3585205078125
grid_12495,1127.7779541015625
grid_12496,1077.3585205078125
grid_12497,1077.3585205078125
grid_12498,1127.7779541015625
grid_12499,1077.3585205078125
grid_12500,1077.3585205078125
grid_12501,1132.16845703125
grid_12502,1132.16845703125
grid_12503,1132.16845703125
grid_12504,1132.16845703125
grid_12505,1116.1143798828125
grid_12506,1132.16845703125
grid_12507,1116.1143798828125
grid_12508,1132.16845703125
grid_12509,1132.16845703125
grid_12510,1132.16845703125
grid_12511,1184.116943359375
grid_12512,1184.5252685546875
grid_12513,1184.116943359375
grid_12514,1184.5252685546875
grid_12515,1184.116943359375
grid_12516,1184.116943359375
grid_12517,1184.116943359375
grid_12518,1184.116943359375
grid_12519,1184.5252685546875
grid_12520,1184.5252685546875
grid_12521,1116.1143798828125
grid_12522,1116.1143798828125
grid_12523,1079.0914306640625
grid_12524,1116.1143798828125
grid_12525,1079.0914306640625
grid_12526,1116.1143798828125
grid_12527,1116.1143798828125
grid_12528,1079.0914306640625
grid_12529,1116.1143798828125
grid_12530,1116.1143798828125
grid_12531,1132.16845703125
grid_12532,1132.16845703125
grid_12533,1116.1143798828125
grid_12534,1132.16845703125
grid_12535,1132.16845703125
grid_12536,1132.16845703125
grid_12537,1132.16845703125
grid_12538,1132.16845703125
grid_12539,1116.1143798828125
grid_12540,1132.16845703125
grid_12541,1079.0914306640625
grid_12542,1116.1143798828125
grid_12543,1116.1143798828125
grid_12544,1116.1143798828125
grid_12545,1116.1143798828125
grid_12546,1079.0914306640625
grid_12547,1079.0914306640625
grid_12548,1079.0914306640625
grid_12549,1116.1143798828125
grid_12550,1116.1143798828125
grid_12551,1184.116943359375
grid_12552,1184.116943359375
grid_12553,1184.116943359375
grid_12554,1184.116943359375
grid_12555,1184.5252685546875
grid_12556,1184.116943359375
grid_12557,1184.116943359375
grid_12558,1184.116943359375
grid_12559,1184.5252685546875
grid_12560,1184.5252685546875
grid_12561,1132.16845703125
grid_12562,1132.16845703125
grid_12563,1132.16845703125
grid_12564,1132.16845703125
grid_12565,1116.1143798828125
grid_12566,1132.16845703125
grid_12567,1132.16845703125
grid_12568,1132.16845703125
grid_12569,1132.16845703125
grid_12570,1160.6453857421875
grid_12571,1079.0914306640625
grid_12572,1116.1143798828125
grid_12573,1116.1143798828125
grid_12574,1079.0914306640625
grid_12575,1079.0914306640625
grid_12576,1158.6024169921875
grid_12577,1127.7779541015625
grid_12578,1158.6024169921875
grid_12579,1127.7779541015625
grid_12580,1158.6024169921875
grid_12581,1184.116943359375
grid_12582,1184.116943359375
grid_12583,1184.116943359375
grid_12584,1184.5252685546875
grid_12585,1184.116943359375
grid_12586,1205.4493408203125
grid_12587,1205.4493408203125
grid_12588,1236.5166015625
grid_12589,1205.4493408203125
grid_12590,1236.5166015625
grid_12591,1160.6453857421875
grid_12592,1158.6024169921875
grid_12593,1160.6453857421875
grid_12594,1160.6453857421875
grid_12595,1160.6453857421875
grid_12596,1160.6453857421875
grid_12597,1160.6453857421875
grid_12598,1158.6024169921875
grid_12599,1160.6453857421875
grid_12600,1160.6453857421875
grid_12601,1205.4493408203125
grid_12602,1236.5166015625
grid_12603,1205.4493408203125
grid_12604,1205.4493408203125
grid_12605,1236.5166015625
grid_12606,1205.4493408203125
grid_12607,1205.4493408203125
grid_12608,1236.5166015625
grid_12609,1205.4493408203125
grid_12610,1236.5166015625
grid_12611,1158.6024169921875
grid_12612,1127.7779541015625
grid_12613,1127.7779541015625
grid_12614,1158.6024169921875
grid_12615,1158.6024169921875
grid_12616,1127.7779541015625
grid_12617,1158.6024169921875
grid_12618,1127.7779541015625
grid_12619,1158.6024169921875
grid_12620,1127.7779541015625
grid_12621,1160.6453857421875
grid_12622,1160.6453857421875
grid_12623,1160.6453857421875
grid_12624,1158.6024169921875
grid_12625,1160.6453857421875
grid_12626,1160.6453857421875
grid_12627,1160.6453857421875
grid_12628,1160.6453857421875
grid_12629,1158.6024169921875
grid_12630,1160.6453857421875
grid_12631,1158.6024169921875
grid_12632,1127.7779541015625
grid_12633,1158.6024169921875
grid_12634,1158.6024169921875
grid_12635,1127.7779541015625
grid_12636,1158.6024169921875
grid_12637,1158.6024169921875
grid_12638,1127.7779541015625
grid_12639,1127.7779541015625
grid_12640,1158.6024169921875
grid_12641,1205.4493408203125
grid_12642,1205.4493408203125
grid_12643,1205.4493408203125
grid_12644,1236.5166015625
grid_12645,1205.4493408203125
grid_12646,1205.4493408203125
grid_12647,1205.4493408203125
grid_12648,1236.5166015625
grid_12649,1205.4493408203125
grid_12650,1236.5166015625
grid_12651,1158.6024169921875
grid_12652,1158.6024169921875
grid_12653,1127.7779541015625
grid_12654,1127.7779541015625
grid_12655,1158.6024169921875
grid_12656,1127.7779541015625
grid_12657,1158.6024169921875
grid_12658,1127.7779541015625
grid_12659,1158.6024169921875
grid_12660,1158.6024169921875
grid_12661,1160.6453857421875
grid_12662,1160.6453857421875
grid_12663,1160.6453857421875
grid_12664,1160.6453857421875
grid_12665,1160.6453857421875
grid_12666,1158.6024169921875
grid_12667,1160.6453857421875
grid_12668,1160.6453857421875
grid_12669,1160.6453857421875
grid_12670,1173.1544189453125
grid_12671,1205.4493408203125
grid_12672,1205.4493408203125
grid_12673,1205.4493408203125
grid_12674,1236.5166015625
grid_12675,1205.4493408203125
grid_12676,1272.8175048828125
grid_12677,1223.6160888671875
grid_12678,1223.6160888671875
grid_12679,1223.6160888671875
grid_12680,1272.8175048828125
grid_12681,1173.1544189453125
grid_12682,1173.1544189453125
grid_12683,1173.1544189453125
grid_12684,1185.605712890625
grid_12685,1173.1544189453125
grid_12686,1173.1544189453125
grid_12687,1173.1544189453125
grid_12688,1173.1544189453125
grid_12689,1173.1544189453125
grid_12690,1185.605712890625
grid_12691,1185.605712890625
grid_12692,1185.605712890625
grid_12693,1185.605712890625
grid_12694,1156.3956298828125
grid_12695,1156.3956298828125
grid_12696,1185.605712890625
grid_12697,1156.3956298828125
grid_12698,1185.605712890625
grid_12699,1185.605712890625
grid_12700,1156.3956298828125
grid_12701,1077.3585205078125
grid_12702,1043.9686279296875
grid_12703,1043.9686279296875
grid_12704,1043.9686279296875
grid_12705,1077.3585205078125
grid_12706,1077.3585205078125
grid_12707,1043.9686279296875
grid_12708,1043.9686279296875
grid_12709,1077.3585205078125
grid_12710,1077.3585205078125
grid_12711,1077.3585205078125
grid_12712,1077.3585205078125
grid_12713,1127.7779541015625
grid_12714,1077.3585205078125
grid_12715,1127.7779541015625
grid_12716,1077.3585205078125
grid_12717,1077.3585205078125
grid_12718,1077.3585205078125
grid_12719,1127.7779541015625
grid_12720,1127.7779541015625
grid_12721,1043.9686279296875
grid_12722,1077.3585205078125
grid_12723,1043.9686279296875
grid_12724,1077.3585205078125
grid_12725,1077.3585205078125
grid_12726,1040.8099365234375
grid_12727,1043.9686279296875
grid_12728,1043.9686279296875
grid_12729,1043.9686279296875
grid_12730,1077.3585205078125
grid_12731,1077.3585205078125
grid_12732,1077.3585205078125
grid_12733,1077.3585205078125
grid_12734,1127.7779541015625
grid_12735,1127.7779541015625
grid_12736,1077.3585205078125
grid_12737,1077.3585205078125
grid_12738,1077.3585205078125
grid_12739,1077.3585205078125
grid_12740,1077.3585205078125
grid_12741,1043.9686279296875
grid_12742,1043.9686279296875
grid_12743,1077.3585205078125
grid_12744,1043.9686279296875
grid_12745,1077.3585205078125
grid_12746,1043.9686279296875
grid_12747,1040.8099365234375
grid_12748,1043.9686279296875
grid_12749,1077.3585205078125
grid_12750,1104.403076171875
grid_12751,1040.8099365234375
grid_12752,1069.4244384765625
grid_12753,1069.4244384765625
grid_12754,1069.4244384765625
grid_12755,1069.4244384765625
grid_12756,1069.4244384765625
grid_12757,1069.4244384765625
grid_12758,1069.4244384765625
grid_12759,1069.4244384765625
grid_12760,1069.4244384765625
grid_12761,1156.3956298828125
grid_12762,1104.403076171875
grid_12763,1104.403076171875
grid_12764,1104.403076171875
grid_12765,1104.403076171875
grid_12766,1156.3956298828125
grid_12767,1104.403076171875
grid_12768,1156.3956298828125
grid_12769,1104.403076171875
grid_12770,1104.403076171875
grid_12771,1040.8099365234375
grid_12772,1088.1312255859375
grid_12773,1104.403076171875
grid_12774,1104.403076171875
grid_12775,1043.9686279296875
grid_12776,1043.9686279296875
grid_12777,1043.9686279296875
grid_12778,1088.1312255859375
grid_12779,1104.403076171875
grid_12780,1104.403076171875
grid_12781,1088.1312255859375
grid_12782,1104.403076171875
grid_12783,1104.403076171875
grid_12784,1069.4244384765625
grid_12785,1088.1312255859375
grid_12786,1104.403076171875
grid_12787,1088.1312255859375
grid_12788,1088.1312255859375
grid_12789,1088.1312255859375
grid_12790,1104.403076171875
grid_12791,1156.3956298828125
grid_12792,1104.403076171875
grid_12793,1104.403076171875
grid_12794,1104.403076171875
grid_12795,1104.403076171875
grid_12796,1156.3956298828125
grid_12797,1104.403076171875
grid_12798,1104.403076171875
grid_12799,1104.403076171875
grid_12800,1104.403076171875
grid_12801,1223.6160888671875
grid_12802,1272.8175048828125
grid_12803,1223.6160888671875
grid_12804,1223.6160888671875
grid_12805,1223.6160888671875
grid_12806,1272.8175048828125
grid_12807,1223.6160888671875
grid_12808,1223.6160888671875
grid_12809,1272.8175048828125
grid_12810,1223.6160888671875
grid_12811,1156.3956298828125
grid_12812,1185.605712890625
grid_12813,1185.605712890625
grid_12814,1156.3956298828125
grid_12815,1156.3956298828125
grid_12816,1185.605712890625
grid_12817,1156.3956298828125
grid_12818,1185.605712890625
grid_12819,1185.605712890625
grid_12820,1185.605712890625
grid_12821,1173.1544189453125
grid_12822,1173.1544189453125
grid_12823,1173.1544189453125
grid_12824,1185.605712890625
grid_12825,1173.1544189453125
grid_12826,1173.1544189453125
grid_12827,1173.1544189453125
grid_12828,1173.1544189453125
grid_12829,1173.1544189453125
grid_12830,1173.1544189453125
grid_12831,1223.6160888671875
grid_12832,1223.6160888671875
grid_12833,1223.6160888671875
grid_12834,1223.6160888671875
grid_12835,1223.6160888671875
grid_12836,1223.6160888671875
grid_12837,1272.8175048828125
grid_12838,1223.6160888671875
grid_12839,1223.6160888671875
grid_12840,1223.6160888671875
grid_12841,1156.3956298828125
grid_12842,1185.605712890625
grid_12843,1185.605712890625
grid_12844,1185.605712890625
grid_12845,1156.3956298828125
grid_12846,1185.605712890625
grid_12847,1156.3956298828125
grid_12848,1156.3956298828125
grid_12849,1156.3956298828125
grid_12850,1185.605712890625
grid_12851,1185.605712890625
grid_12852,1173.1544189453125
grid_12853,1173.1544189453125
grid_12854,1173.1544189453125
grid_12855,1185.605712890625
grid_12856,1173.1544189453125
grid_12857,1173.1544189453125
grid_12858,1173.1544189453125
grid_12859,1173.1544189453125
grid_12860,1145.4998779296875
grid_12861,1272.8175048828125
grid_12862,1223.6160888671875
grid_12863,1223.6160888671875
grid_12864,1223.6160888671875
grid_12865,1223.6160888671875
grid_12866,1160.1539306640625
grid_12867,1160.1539306640625
grid_12868,1160.1539306640625
grid_12869,1178.373779296875
grid_12870,1160.1539306640625
grid_12871,1185.605712890625
grid_12872,1185.605712890625
grid_12873,1185.605712890625
grid_12874,1156.3956298828125
grid_12875,1156.3956298828125
grid_12876,1101.5419921875
grid_12877,1101.5419921875
grid_12878,1148.447509765625
grid_12879,1148.447509765625
grid_12880,1148.447509765625
grid_12881,1148.447509765625
grid_12882,1145.4998779296875
grid_12883,1145.4998779296875
grid_12884,1145.4998779296875
grid_12885,1145.4998779296875
grid_12886,1145.4998779296875
grid_12887,1148.447509765625
grid_12888,1145.4998779296875
grid_12889,1145.4998779296875
grid_12890,1145.4998779296875
grid_12891,1148.447509765625
grid_12892,1101.5419921875
grid_12893,1148.447509765625
grid_12894,1148.447509765625
grid_12895,1101.5419921875
grid_12896,1101.5419921875
grid_12897,1148.447509765625
grid_12898,1148.447509765625
grid_12899,1101.5419921875
grid_12900,1148.447509765625
grid_12901,1088.1312255859375
grid_12902,1088.1312255859375
grid_12903,1104.403076171875
grid_12904,1104.403076171875
grid_12905,1069.4244384765625
grid_12906,1088.1312255859375
grid_12907,1104.403076171875
grid_12908,1088.1312255859375
grid_12909,1088.1312255859375
grid_12910,1088.1312255859375
grid_12911,1104.403076171875
grid_12912,1104.403076171875
grid_12913,1104.403076171875
grid_12914,1104.403076171875
grid_12915,1104.403076171875
grid_12916,1156.3956298828125
grid_12917,1104.403076171875
grid_12918,1104.403076171875
grid_12919,1104.403076171875
grid_12920,1104.403076171875
grid_12921,1069.4244384765625
grid_12922,976.1522827148438
grid_12923,1069.4244384765625
grid_12924,1069.4244384765625
grid_12925,1069.4244384765625
grid_12926,976.1522827148438
grid_12927,1069.4244384765625
grid_12928,976.1522827148438
grid_12929,976.1522827148438
grid_12930,1069.4244384765625
grid_12931,1104.403076171875
grid_12932,1088.1312255859375
grid_12933,1104.403076171875
grid_12934,1104.403076171875
grid_12935,1088.1312255859375
grid_12936,1069.4244384765625
grid_12937,1088.1312255859375
grid_12938,1104.403076171875
grid_12939,1088.1312255859375
grid_12940,1104.403076171875
grid_12941,1104.403076171875
grid_12942,1104.403076171875
grid_12943,1156.3956298828125
grid_12944,1104.403076171875
grid_12945,1104.403076171875
grid_12946,1061.9700927734375
grid_12947,1061.9700927734375
grid_12948,1061.9700927734375
grid_12949,1061.9700927734375
grid_12950,1061.9700927734375
grid_12951,1104.403076171875
grid_12952,1088.1312255859375
grid_12953,1088.1312255859375
grid_12954,1104.403076171875
grid_12955,1088.1312255859375
grid_12956,1088.1312255859375
grid_12957,1104.403076171875
grid_12958,1069.4244384765625
grid_12959,1088.1312255859375
grid_12960,1069.4244384765625
grid_12961,1069.4244384765625
grid_12962,1069.4244384765625
grid_12963,976.1522827148438
grid_12964,1055.53759765625
grid_12965,1069.4244384765625
grid_12966,976.1522827148438
grid_12967,976.1522827148438
grid_12968,1069.4244384765625
grid_12969,1054.256591796875
grid_12970,1055.53759765625
grid_12971,1088.1312255859375
grid_12972,1061.9700927734375
grid_12973,1061.9700927734375
grid_12974,1061.9700927734375
grid_12975,1067.5291748046875
grid_12976,1061.9700927734375
grid_12977,1067.5291748046875
grid_12978,1067.5291748046875
grid_12979,1067.5291748046875
grid_12980,1061.9700927734375
grid_12981,1101.5419921875
grid_12982,1061.9700927734375
grid_12983,1061.9700927734375
grid_12984,1061.9700927734375
grid_12985,1061.9700927734375
grid_12986,1061.9700927734375
grid_12987,1061.9700927734375
grid_12988,1101.5419921875
grid_12989,1061.9700927734375
grid_12990,1061.9700927734375
grid_12991,1055.53759765625
grid_12992,1055.53759765625
grid_12993,1054.256591796875
grid_12994,1055.53759765625
grid_12995,1055.53759765625
grid_12996,1055.53759765625
grid_12997,1054.256591796875
grid_12998,1055.53759765625
grid_12999,1039.0289306640625
grid_13000,1055.53759765625
grid_13001,1061.9700927734375
grid_13002,1067.5291748046875
grid_13003,1061.9700927734375
grid_13004,1054.256591796875
grid_13005,1061.9700927734375
grid_13006,1067.5291748046875
grid_13007,1067.5291748046875
grid_13008,1067.5291748046875
grid_13009,1067.5291748046875
grid_13010,1061.9700927734375
grid_13011,1054.256591796875
grid_13012,1055.53759765625
grid_13013,1055.53759765625
grid_13014,1054.256591796875
grid_13015,1039.0289306640625
grid_13016,1055.53759765625
grid_13017,1054.256591796875
grid_13018,1055.53759765625
grid_13019,1039.0289306640625
grid_13020,1039.0289306640625
grid_13021,1061.9700927734375
grid_13022,1101.5419921875
grid_13023,1061.9700927734375
grid_13024,1061.9700927734375
grid_13025,1061.9700927734375
grid_13026,1061.9700927734375
grid_13027,1061.9700927734375
grid_13028,1061.9700927734375
grid_13029,1061.9700927734375
grid_13030,1061.9700927734375
grid_13031,1101.5419921875
grid_13032,1148.447509765625
grid_13033,1148.447509765625
grid_13034,1101.5419921875
grid_13035,1101.5419921875
grid_13036,1148.447509765625
grid_13037,1148.447509765625
grid_13038,1101.5419921875
grid_13039,1148.447509765625
grid_13040,1148.447509765625
grid_13041,1067.5291748046875
grid_13042,1061.9700927734375
grid_13043,1067.5291748046875
grid_13044,1067.5291748046875
grid_13045,1067.5291748046875
grid_13046,1061.9700927734375
grid_13047,1067.5291748046875
grid_13048,1054.256591796875
grid_13049,1061.9700927734375
grid_13050,1061.9700927734375
grid_13051,1061.9700927734375
grid_13052,1101.5419921875
grid_13053,1061.9700927734375
grid_13054,1061.9700927734375
grid_13055,1061.9700927734375
grid_13056,1061.9700927734375
grid_13057,1101.5419921875
grid_13058,1061.9700927734375
grid_13059,1101.5419921875
grid_13060,1061.9700927734375
grid_13061,1039.0289306640625
grid_13062,1054.256591796875
grid_13063,1055.53759765625
grid_13064,1054.256591796875
grid_13065,1055.53759765625
grid_13066,1055.53759765625
grid_13067,1055.53759765625
grid_13068,1054.256591796875
grid_13069,1055.53759765625
grid_13070,1039.0289306640625
grid_13071,1067.5291748046875
grid_13072,1067.5291748046875
grid_13073,1067.5291748046875
grid_13074,1061.9700927734375
grid_13075,1067.5291748046875
grid_13076,1061.9700927734375
grid_13077,1067.5291748046875
grid_13078,1054.256591796875
grid_13079,1061.9700927734375
grid_13080,1061.9700927734375
grid_13081,1039.0289306640625
grid_13082,1054.256591796875
grid_13083,1039.0289306640625
grid_13084,1054.256591796875
grid_13085,1039.0289306640625
grid_13086,1055.53759765625
grid_13087,1054.256591796875
grid_13088,1055.53759765625
grid_13089,1055.53759765625
grid_13090,1055.53759765625
grid_13091,1067.5291748046875
grid_13092,1061.9700927734375
grid_13093,1061.9700927734375
grid_13094,1067.5291748046875
grid_13095,1061.9700927734375
grid_13096,1067.5291748046875
grid_13097,1054.256591796875
grid_13098,1067.5291748046875
grid_13099,1067.5291748046875
grid_13100,1106.84716796875
grid_13101,1160.1539306640625
grid_13102,1160.1539306640625
grid_13103,1160.1539306640625
grid_13104,1160.1539306640625
grid_13105,1178.373779296875
grid_13106,1160.1539306640625
grid_13107,1160.1539306640625
grid_13108,1160.1539306640625
grid_13109,1160.1539306640625
grid_13110,1160.1539306640625
grid_13111,1145.4998779296875
grid_13112,1148.447509765625
grid_13113,1145.4998779296875
grid_13114,1145.4998779296875
grid_13115,1145.4998779296875
grid_13116,1145.4998779296875
grid_13117,1145.4998779296875
grid_13118,1145.4998779296875
grid_13119,1145.4998779296875
grid_13120,1145.4998779296875
grid_13121,1160.1539306640625
grid_13122,1178.373779296875
grid_13123,1160.1539306640625
grid_13124,1160.1539306640625
grid_13125,1160.1539306640625
grid_13126,1178.373779296875
grid_13127,1160.1539306640625
grid_13128,1160.1539306640625
grid_13129,1160.1539306640625
grid_13130,1160.1539306640625
grid_13131,1148.447509765625
grid_13132,1145.4998779296875
grid_13133,1145.4998779296875
grid_13134,1145.4998779296875
grid_13135,1145.4998779296875
grid_13136,1148.447509765625
grid_13137,1145.4998779296875
grid_13138,1145.4998779296875
grid_13139,1145.4998779296875
grid_13140,1143.5399169921875
grid_13141,1101.5419921875
grid_13142,1101.5419921875
grid_13143,1148.447509765625
grid_13144,1148.447509765625
grid_13145,1148.447509765625
grid_13146,1101.5419921875
grid_13147,1148.447509765625
grid_13148,1101.5419921875
grid_13149,1148.447509765625
grid_13150,1167.8919677734375
grid_13151,1160.1539306640625
grid_13152,1160.1539306640625
grid_13153,1160.1539306640625
grid_13154,1166.26904296875
grid_13155,1166.26904296875
grid_13156,1166.26904296875
grid_13157,1166.26904296875
grid_13158,1166.26904296875
grid_13159,1166.26904296875
grid_13160,1166.26904296875
grid_13161,1167.8919677734375
grid_13162,1167.8919677734375
grid_13163,1167.8919677734375
grid_13164,1143.5677490234375
grid_13165,1143.5677490234375
grid_13166,1167.8919677734375
grid_13167,1167.8919677734375
grid_13168,1143.5677490234375
grid_13169,1167.8919677734375
grid_13170,1143.5677490234375
grid_13171,1167.8919677734375
grid_13172,1143.5399169921875
grid_13173,1143.5399169921875
grid_13174,1143.5399169921875
grid_13175,1143.5399169921875
grid_13176,1143.5399169921875
grid_13177,1143.5399169921875
grid_13178,1143.5399169921875
grid_13179,1167.8919677734375
grid_13180,1143.5399169921875
grid_13181,1143.5399169921875
grid_13182,1143.5399169921875
grid_13183,1143.5399169921875
grid_13184,1167.8919677734375
grid_13185,1143.5399169921875
grid_13186,1143.5399169921875
grid_13187,1143.5399169921875
grid_13188,1167.8919677734375
grid_13189,1143.5399169921875
grid_13190,1143.5399169921875
grid_13191,1166.26904296875
grid_13192,1166.26904296875
grid_13193,1166.26904296875
grid_13194,1166.26904296875
grid_13195,1166.26904296875
grid_13196,1166.26904296875
grid_13197,1166.26904296875
grid_13198,1166.26904296875
grid_13199,1166.26904296875
grid_13200,1166.26904296875
grid_13201,1290.7333984375
grid_13202,1290.7333984375
grid_13203,1290.7333984375
grid_13204,1290.7333984375
grid_13205,1290.7333984375
grid_13206,1290.7333984375
grid_13207,1290.7333984375
grid_13208,1290.7333984375
grid_13209,1290.7333984375
grid_13210,1290.7333984375
grid_13211,1370.9971923828125
grid_13212,1370.9971923828125
grid_13213,1370.9971923828125
grid_13214,1370.9971923828125
grid_13215,1370.9971923828125
grid_13216,1370.9971923828125
grid_13217,1370.9971923828125
grid_13218,1370.9971923828125
grid_13219,1370.9971923828125
grid_13220,1370.9971923828125
grid_13221,1290.7333984375
grid_13222,1290.7333984375
grid_13223,1290.7333984375
grid_13224,1290.7333984375
grid_13225,1290.7333984375
grid_13226,1290.7333984375
grid_13227,1290.7333984375
grid_13228,1290.7333984375
grid_13229,1290.7333984375
grid_13230,1290.7333984375
grid_13231,1311.311767578125
grid_13232,1311.311767578125
grid_13233,1311.311767578125
grid_13234,1311.311767578125
grid_13235,1311.311767578125
grid_13236,1311.311767578125
grid_13237,1311.311767578125
grid_13238,1311.311767578125
grid_13239,1311.311767578125
grid_13240,1311.311767578125
grid_13241,1410.931396484375
grid_13242,1410.931396484375
grid_13243,1410.931396484375
grid_13244,1410.931396484375
grid_13245,1410.931396484375
grid_13246,1410.931396484375
grid_13247,1410.931396484375
grid_13248,1410.931396484375
grid_13249,1425.3250732421875
grid_13250,1425.3250732421875
grid_13251,1370.9971923828125
grid_13252,1370.9971923828125
grid_13253,1370.9971923828125
grid_13254,1370.9971923828125
grid_13255,1370.9971923828125
grid_13256,1370.9971923828125
grid_13257,1370.9971923828125
grid_13258,1412.954833984375
grid_13259,1412.954833984375
grid_13260,1412.954833984375
grid_13261,1290.7333984375
grid_13262,1290.7333984375
grid_13263,1290.7333984375
grid_13264,1290.7333984375
grid_13265,1290.6898193359375
grid_13266,1290.6898193359375
grid_13267,1290.6898193359375
grid_13268,1290.6898193359375
grid_13269,1290.6898193359375
grid_13270,1290.6898193359375
grid_13271,1311.311767578125
grid_13272,1363.0244140625
grid_13273,1363.0244140625
grid_13274,1363.0244140625
grid_13275,1363.0244140625
grid_13276,1363.0244140625
grid_13277,1363.0244140625
grid_13278,1363.0244140625
grid_13279,1363.0244140625
grid_13280,1363.0244140625
grid_13281,1425.3250732421875
grid_13282,1425.3250732421875
grid_13283,1425.3250732421875
grid_13284,1425.3250732421875
grid_13285,1425.3250732421875
grid_13286,1425.3250732421875
grid_13287,1425.3250732421875
grid_13288,1425.3250732421875
grid_13289,1425.3250732421875
grid_13290,1425.3250732421875
grid_13291,1412.954833984375
grid_13292,1412.954833984375
grid_13293,1412.954833984375
grid_13294,1412.954833984375
grid_13295,1412.954833984375
grid_13296,1412.954833984375
grid_13297,1412.954833984375
grid_13298,1412.954833984375
grid_13299,1412.954833984375
grid_13300,1412.954833984375
grid_13301,1257.9129638671875
grid_13302,1257.9129638671875
grid_13303,1276.9639892578125
grid_13304,1257.9129638671875
grid_13305,1257.9129638671875
grid_13306,1257.9129638671875
grid_13307,1276.9639892578125
grid_13308,1276.9639892578125
grid_13309,1257.9129638671875
grid_13310,1306.666748046875
grid_13311,1307.1885986328125
grid_13312,1307.1885986328125
grid_13313,1276.9639892578125
grid_13314,1344.52490234375
grid_13315,1344.52490234375
grid_13316,1325.4241943359375
grid_13317,1344.52490234375
grid_13318,1325.4241943359375
grid_13319,1344.52490234375
grid_13320,1325.4241943359375
grid_13321,1391.76611328125
grid_13322,1391.76611328125
grid_13323,1391.76611328125
grid_13324,1391.76611328125
grid_13325,1391.76611328125
grid_13326,1344.52490234375
grid_13327,1391.76611328125
grid_13328,1391.76611328125
grid_13329,1391.76611328125
grid_13330,1391.76611328125
grid_13331,1306.666748046875
grid_13332,1306.666748046875
grid_13333,1325.4241943359375
grid_13334,1325.4241943359375
grid_13335,1325.4241943359375
grid_13336,1306.666748046875
grid_13337,1306.666748046875
grid_13338,1325.4241943359375
grid_13339,1306.666748046875
grid_13340,1306.666748046875
grid_13341,1325.4241943359375
grid_13342,1325.4241943359375
grid_13343,1306.666748046875
grid_13344,1325.4241943359375
grid_13345,1306.666748046875
grid_13346,1306.666748046875
grid_13347,1306.666748046875
grid_13348,1325.4241943359375
grid_13349,1325.4241943359375
grid_13350,1306.666748046875
grid_13351,1391.76611328125
grid_13352,1344.52490234375
grid_13353,1391.76611328125
grid_13354,1391.76611328125
grid_13355,1391.76611328125
grid_13356,1391.76611328125
grid_13357,1391.76611328125
grid_13358,1344.52490234375
grid_13359,1391.76611328125
grid_13360,1391.76611328125
grid_13361,1344.52490234375
grid_13362,1325.4241943359375
grid_13363,1344.52490234375
grid_13364,1344.52490234375
grid_13365,1325.4241943359375
grid_13366,1344.52490234375
grid_13367,1344.52490234375
grid_13368,1325.4241943359375
grid_13369,1344.52490234375
grid_13370,1325.4241943359375
grid_13371,1306.666748046875
grid_13372,1325.4241943359375
grid_13373,1306.666748046875
grid_13374,1306.666748046875
grid_13375,1325.4241943359375
grid_13376,1325.4241943359375
grid_13377,1306.666748046875
grid_13378,1306.666748046875
grid_13379,1306.666748046875
grid_13380,1325.4241943359375
grid_13381,1391.76611328125
grid_13382,1391.76611328125
grid_13383,1391.76611328125
grid_13384,1344.52490234375
grid_13385,1415.0950927734375
grid_13386,1415.0950927734375
grid_13387,1415.0950927734375
grid_13388,1415.0950927734375
grid_13389,1415.0950927734375
grid_13390,1382.2393798828125
grid_13391,1325.4241943359375
grid_13392,1344.52490234375
grid_13393,1344.52490234375
grid_13394,1344.52490234375
grid_13395,1382.2393798828125
grid_13396,1325.4241943359375
grid_13397,1325.4241943359375
grid_13398,1382.2393798828125
grid_13399,1382.2393798828125
grid_13400,1382.2393798828125
grid_13401,1215.714111328125
grid_13402,1215.714111328125
grid_13403,1215.714111328125
grid_13404,1215.714111328125
grid_13405,1215.714111328125
grid_13406,1215.714111328125
grid_13407,1215.714111328125
grid_13408,1259.517822265625
grid_13409,1259.517822265625
grid_13410,1306.666748046875
grid_13411,1181.47119140625
grid_13412,1233.1556396484375
grid_13413,1233.1556396484375
grid_13414,1233.1556396484375
grid_13415,1184.5252685546875
grid_13416,1184.5252685546875
grid_13417,1233.1556396484375
grid_13418,1184.5252685546875
grid_13419,1233.1556396484375
grid_13420,1233.1556396484375
grid_13421,1259.517822265625
grid_13422,1270.8726806640625
grid_13423,1270.8726806640625
grid_13424,1270.8726806640625
grid_13425,1270.8726806640625
grid_13426,1259.517822265625
grid_13427,1270.8726806640625
grid_13428,1270.8726806640625
grid_13429,1270.8726806640625
grid_13430,1259.517822265625
grid_13431,1259.517822265625
grid_13432,1259.517822265625
grid_13433,1259.517822265625
grid_13434,1259.517822265625
grid_13435,1259.517822265625
grid_13436,1306.666748046875
grid_13437,1259.517822265625
grid_13438,1259.517822265625
grid_13439,1259.517822265625
grid_13440,1259.517822265625
grid_13441,1259.517822265625
grid_13442,1259.517822265625
grid_13443,1259.517822265625
grid_13444,1259.517822265625
grid_13445,1306.666748046875
grid_13446,1259.517822265625
grid_13447,1259.517822265625
grid_13448,1259.517822265625
grid_13449,1259.517822265625
grid_13450,1259.517822265625
grid_13451,1233.1556396484375
grid_13452,1184.5252685546875
grid_13453,1233.1556396484375
grid_13454,1184.5252685546875
grid_13455,1233.1556396484375
grid_13456,1184.5252685546875
grid_13457,1233.1556396484375
grid_13458,1233.1556396484375
grid_13459,1184.5252685546875
grid_13460,1233.1556396484375
grid_13461,1270.8726806640625
grid_13462,1270.8726806640625
grid_13463,1259.517822265625
grid_13464,1270.8726806640625
grid_13465,1259.517822265625
grid_13466,1270.8726806640625
grid_13467,1270.8726806640625
grid_13468,1270.8726806640625
grid_13469,1270.8726806640625
grid_13470,1259.517822265625
grid_13471,1233.1556396484375
grid_13472,1184.5252685546875
grid_13473,1233.1556396484375
grid_13474,1184.5252685546875
grid_13475,1233.1556396484375
grid_13476,1233.1556396484375
grid_13477,1184.5252685546875
grid_13478,1233.1556396484375
grid_13479,1184.5252685546875
grid_13480,1184.5252685546875
grid_13481,1259.517822265625
grid_13482,1259.517822265625
grid_13483,1259.517822265625
grid_13484,1259.517822265625
grid_13485,1259.517822265625
grid_13486,1306.666748046875
grid_13487,1259.517822265625
grid_13488,1259.517822265625
grid_13489,1259.517822265625
grid_13490,1259.517822265625
grid_13491,1270.8726806640625
grid_13492,1270.8726806640625
grid_13493,1259.517822265625
grid_13494,1270.8726806640625
grid_13495,1270.8726806640625
grid_13496,1270.8726806640625
grid_13497,1270.8726806640625
grid_13498,1259.517822265625
grid_13499,1270.8726806640625
grid_13500,1270.8726806640625
grid_13501,1363.0244140625
grid_13502,1363.0244140625
grid_13503,1363.0244140625
grid_13504,1363.0244140625
grid_13505,1363.0244140625
grid_13506,1363.0244140625
grid_13507,1363.0244140625
grid_13508,1363.0244140625
grid_13509,1363.0244140625
grid_13510,1363.0244140625
grid_13511,1290.6898193359375
grid_13512,1290.6898193359375
grid_13513,1290.6898193359375
grid_13514,1290.6898193359375
grid_13515,1290.6898193359375
grid_13516,1290.6898193359375
grid_13517,1290.6898193359375
grid_13518,1290.6898193359375
grid_13519,1290.6898193359375
grid_13520,1290.6898193359375
grid_13521,1412.954833984375
grid_13522,1412.954833984375
grid_13523,1412.954833984375
grid_13524,1412.954833984375
grid_13525,1412.954833984375
grid_13526,1412.954833984375
grid_13527,1412.954833984375
grid_13528,1421.3729248046875
grid_13529,1421.3729248046875
grid_13530,1421.3729248046875
grid_13531,1363.0244140625
grid_13532,1363.0244140625
grid_13533,1363.0244140625
grid_13534,1363.0244140625
grid_13535,1363.0244140625
grid_13536,1363.0244140625
grid_13537,1401.818359375
grid_13538,1401.818359375
grid_13539,1401.818359375
grid_13540,1401.818359375
grid_13541,1290.6898193359375
grid_13542,1290.6898193359375
grid_13543,1290.6898193359375
grid_13544,1290.6898193359375
grid_13545,1290.6898193359375
grid_13546,1290.6898193359375
grid_13547,1290.6898193359375
grid_13548,1290.6898193359375
grid_13549,1290.6898193359375
grid_13550,1319.746826171875
grid_13551,1425.3250732421875
grid_13552,1425.3250732421875
grid_13553,1425.3250732421875
grid_13554,1425.3250732421875
grid_13555,1425.3250732421875
grid_13556,1425.3250732421875
grid_13557,1425.3250732421875
grid_13558,1425.3250732421875
grid_13559,1463.2884521484375
grid_13560,1463.2884521484375
grid_13561,1401.818359375
grid_13562,1401.818359375
grid_13563,1401.818359375
grid_13564,1401.818359375
grid_13565,1401.818359375
grid_13566,1401.818359375
grid_13567,1401.818359375
grid_13568,1401.818359375
grid_13569,1401.818359375
grid_13570,1401.818359375
grid_13571,1463.2884521484375
grid_13572,1463.2884521484375
grid_13573,1463.2884521484375
grid_13574,1463.2884521484375
grid_13575,1463.2884521484375
grid_13576,1463.2884521484375
grid_13577,1463.2884521484375
grid_13578,1463.2884521484375
grid_13579,1463.2884521484375
grid_13580,1463.2884521484375
grid_13581,1319.746826171875
grid_13582,1319.746826171875
grid_13583,1319.746826171875
grid_13584,1319.746826171875
grid_13585,1319.746826171875
grid_13586,1319.746826171875
grid_13587,1319.746826171875
grid_13588,1319.746826171875
grid_13589,1319.746826171875
grid_13590,1319.746826171875
grid_13591,1421.3729248046875
grid_13592,1421.3729248046875
grid_13593,1421.3729248046875
grid_13594,1421.3729248046875
grid_13595,1421.3729248046875
grid_13596,1421.3729248046875
grid_13597,1421.3729248046875
grid_13598,1421.3729248046875
grid_13599,1421.3729248046875
grid_13600,1421.3729248046875
grid_13601,1233.1556396484375
grid_13602,1233.1556396484375
grid_13603,1233.1556396484375
grid_13604,1233.1556396484375
grid_13605,1233.1556396484375
grid_13606,1184.5252685546875
grid_13607,1233.1556396484375
grid_13608,1233.1556396484375
grid_13609,1184.5252685546875
grid_13610,1233.1556396484375
grid_13611,1259.517822265625
grid_13612,1259.517822265625
grid_13613,1259.517822265625
grid_13614,1306.666748046875
grid_13615,1259.517822265625
grid_13616,1259.517822265625
grid_13617,1259.517822265625
grid_13618,1286.71630859375
grid_13619,1286.71630859375
grid_13620,1286.71630859375
grid_13621,1259.517822265625
grid_13622,1270.8726806640625
grid_13623,1286.71630859375
grid_13624,1282.83056640625
grid_13625,1282.83056640625
grid_13626,1282.83056640625
grid_13627,1282.83056640625
grid_13628,1286.71630859375
grid_13629,1282.83056640625
grid_13630,1286.71630859375
grid_13631,1184.5252685546875
grid_13632,1236.5166015625
grid_13633,1271.71875
grid_13634,1236.5166015625
grid_13635,1271.71875
grid_13636,1271.71875
grid_13637,1271.71875
grid_13638,1271.71875
grid_13639,1236.5166015625
grid_13640,1236.5166015625
grid_13641,1286.71630859375
grid_13642,1286.71630859375
grid_13643,1329.016357421875
grid_13644,1286.71630859375
grid_13645,1286.71630859375
grid_13646,1286.71630859375
grid_13647,1286.71630859375
grid_13648,1286.71630859375
grid_13649,1286.71630859375
grid_13650,1286.71630859375
grid_13651,1271.71875
grid_13652,1271.71875
grid_13653,1271.71875
grid_13654,1236.5166015625
grid_13655,1271.71875
grid_13656,1271.71875
grid_13657,1236.5166015625
grid_13658,1271.71875
grid_13659,1236.5166015625
grid_13660,1271.71875
grid_13661,1286.71630859375
grid_13662,1282.83056640625
grid_13663,1282.83056640625
grid_13664,1282.83056640625
grid_13665,1282.83056640625
grid_13666,1286.71630859375
grid_13667,1286.71630859375
grid_13668,1282.83056640625
grid_13669,1282.83056640625
grid_13670,1286.71630859375
grid_13671,1329.016357421875
grid_13672,1286.71630859375
grid_13673,1286.71630859375
grid_13674,1286.71630859375
grid_13675,1286.71630859375
grid_13676,1329.016357421875
grid_13677,1286.71630859375
grid_13678,1286.71630859375
grid_13679,1286.71630859375
grid_13680,1286.71630859375
grid_13681,1271.71875
grid_13682,1271.71875
grid_13683,1271.71875
grid_13684,1236.5166015625
grid_13685,1236.5166015625
grid_13686,1271.71875
grid_13687,1236.5166015625
grid_13688,1271.71875
grid_13689,1271.71875
grid_13690,1271.71875
grid_13691,1282.83056640625
grid_13692,1286.71630859375
grid_13693,1282.83056640625
grid_13694,1282.83056640625
grid_13695,1282.83056640625
grid_13696,1286.71630859375
grid_13697,1282.83056640625
grid_13698,1286.71630859375
grid_13699,1282.83056640625
grid_13700,1282.83056640625
grid_13701,1306.666748046875
grid_13702,1306.666748046875
grid_13703,1325.4241943359375
grid_13704,1325.4241943359375
grid_13705,1329.016357421875
grid_13706,1329.016357421875
grid_13707,1347.7857666015625
grid_13708,1347.7857666015625
grid_13709,1347.7857666015625
grid_13710,1329.016357421875
grid_13711,1415.0950927734375
grid_13712,1415.0950927734375
grid_13713,1415.0950927734375
grid_13714,1415.0950927734375
grid_13715,1415.0950927734375
grid_13716,1382.2393798828125
grid_13717,1415.0950927734375
grid_13718,1415.0950927734375
grid_13719,1415.0950927734375
grid_13720,1415.0950927734375
grid_13721,1347.7857666015625
grid_13722,1382.2393798828125
grid_13723,1382.2393798828125
grid_13724,1347.7857666015625
grid_13725,1382.2393798828125
grid_13726,1382.2393798828125
grid_13727,1347.7857666015625
grid_13728,1347.7857666015625
grid_13729,1382.2393798828125
grid_13730,1382.2393798828125
grid_13731,1329.016357421875
grid_13732,1347.7857666015625
grid_13733,1329.016357421875
grid_13734,1329.016357421875
grid_13735,1347.7857666015625
grid_13736,1329.016357421875
grid_13737,1347.7857666015625
grid_13738,1329.016357421875
grid_13739,1329.016357421875
grid_13740,1329.016357421875
grid_13741,1415.0950927734375
grid_13742,1382.2393798828125
grid_13743,1415.0950927734375
grid_13744,1415.0950927734375
grid_13745,1415.0950927734375
grid_13746,1415.0950927734375
grid_13747,1415.0950927734375
grid_13748,1382.2393798828125
grid_13749,1415.0950927734375
grid_13750,1415.0950927734375
grid_13751,1347.7857666015625
grid_13752,1329.016357421875
grid_13753,1347.7857666015625
grid_13754,1347.7857666015625
grid_13755,1329.016357421875
grid_13756,1329.016357421875
grid_13757,1329.016357421875
grid_13758,1347.7857666015625
grid_13759,1329.016357421875
grid_13760,1329.016357421875
grid_13761,1347.7857666015625
grid_13762,1382.2393798828125
grid_13763,1347.7857666015625
grid_13764,1382.2393798828125
grid_13765,1347.7857666015625
grid_13766,1382.2393798828125
grid_13767,1382.2393798828125
grid_13768,1382.2393798828125
grid_13769,1347.7857666015625
grid_13770,1387.5531005859375
grid_13771,1415.0950927734375
grid_13772,1415.0950927734375
grid_13773,1415.0950927734375
grid_13774,1382.2393798828125
grid_13775,1422.3077392578125
grid_13776,1422.3077392578125
grid_13777,1422.3077392578125
grid_13778,1422.3077392578125
grid_13779,1422.3077392578125
grid_13780,1406.15625
grid_13781,1347.7857666015625
grid_13782,1347.7857666015625
grid_13783,1347.7857666015625
grid_13784,1329.016357421875
grid_13785,1329.016357421875
grid_13786,1329.016357421875
grid_13787,1347.7857666015625
grid_13788,1329.016357421875
grid_13789,1347.7857666015625
grid_13790,1358.684326171875
grid_13791,1406.15625
grid_13792,1387.5531005859375
grid_13793,1406.15625
grid_13794,1406.15625
grid_13795,1406.15625
grid_13796,1406.15625
grid_13797,1387.5531005859375
grid_13798,1406.15625
grid_13799,1387.5531005859375
grid_13800,1406.15625
grid_13801,1286.71630859375
grid_13802,1286.71630859375
grid_13803,1286.71630859375
grid_13804,1329.016357421875
grid_13805,1286.71630859375
grid_13806,1286.71630859375
grid_13807,1286.71630859375
grid_13808,1286.71630859375
grid_13809,1286.71630859375
grid_13810,1329.016357421875
grid_13811,1282.83056640625
grid_13812,1282.83056640625
grid_13813,1286.71630859375
grid_13814,1286.71630859375
grid_13815,1282.83056640625
grid_13816,1282.83056640625
grid_13817,1282.83056640625
grid_13818,1286.71630859375
grid_13819,1282.83056640625
grid_13820,1282.83056640625
grid_13821,1236.5166015625
grid_13822,1271.71875
grid_13823,1236.5166015625
grid_13824,1271.71875
grid_13825,1271.71875
grid_13826,1271.71875
grid_13827,1236.5166015625
grid_13828,1236.5166015625
grid_13829,1271.71875
grid_13830,1271.71875
grid_13831,1286.71630859375
grid_13832,1286.71630859375
grid_13833,1334.1807861328125
grid_13834,1334.1807861328125
grid_13835,1338.41796875
grid_13836,1334.1807861328125
grid_13837,1334.1807861328125
grid_13838,1338.41796875
grid_13839,1334.1807861328125
grid_13840,1338.41796875
grid_13841,1236.5166015625
grid_13842,1299.410888671875
grid_13843,1299.410888671875
grid_13844,1299.410888671875
grid_13845,1299.410888671875
grid_13846,1272.8175048828125
grid_13847,1272.8175048828125
grid_13848,1299.410888671875
grid_13849,1272.8175048828125
grid_13850,1299.410888671875
grid_13851,1286.71630859375
grid_13852,1286.71630859375
grid_13853,1338.41796875
grid_13854,1338.41796875
grid_13855,1338.41796875
grid_13856,1358.684326171875
grid_13857,1338.41796875
grid_13858,1338.41796875
grid_13859,1338.41796875
grid_13860,1338.41796875
grid_13861,1299.410888671875
grid_13862,1299.410888671875
grid_13863,1272.8175048828125
grid_13864,1299.410888671875
grid_13865,1299.410888671875
grid_13866,1272.8175048828125
grid_13867,1272.8175048828125
grid_13868,1299.410888671875
grid_13869,1299.410888671875
grid_13870,1299.410888671875
grid_13871,1338.41796875
grid_13872,1358.684326171875
grid_13873,1338.41796875
grid_13874,1338.41796875
grid_13875,1338.41796875
grid_13876,1338.41796875
grid_13877,1338.41796875
grid_13878,1338.41796875
grid_13879,1358.684326171875
grid_13880,1338.41796875
grid_13881,1334.1807861328125
grid_13882,1334.1807861328125
grid_13883,1334.1807861328125
grid_13884,1334.1807861328125
grid_13885,1338.41796875
grid_13886,1338.41796875
grid_13887,1334.1807861328125
grid_13888,1338.41796875
grid_13889,1334.1807861328125
grid_13890,1338.41796875
grid_13891,1338.41796875
grid_13892,1334.1807861328125
grid_13893,1334.1807861328125
grid_13894,1334.1807861328125
grid_13895,1338.41796875
grid_13896,1334.1807861328125
grid_13897,1334.1807861328125
grid_13898,1334.1807861328125
grid_13899,1338.41796875
grid_13900,1338.41796875
grid_13901,1422.3077392578125
grid_13902,1422.3077392578125
grid_13903,1422.3077392578125
grid_13904,1422.3077392578125
grid_13905,1422.3077392578125
grid_13906,1406.15625
grid_13907,1422.3077392578125
grid_13908,1422.3077392578125
grid_13909,1422.3077392578125
grid_13910,1422.3077392578125
grid_13911,1387.5531005859375
grid_13912,1358.684326171875
grid_13913,1358.684326171875
grid_13914,1387.5531005859375
grid_13915,1358.684326171875
grid_13916,1387.5531005859375
grid_13917,1358.684326171875
grid_13918,1387.5531005859375
grid_13919,1358.684326171875
grid_13920,1358.684326171875
grid_13921,1387.5531005859375
grid_13922,1387.5531005859375
grid_13923,1358.684326171875
grid_13924,1387.5531005859375
grid_13925,1358.684326171875
grid_13926,1387.5531005859375
grid_13927,1358.684326171875
grid_13928,1387.5531005859375
grid_13929,1358.684326171875
grid_13930,1358.684326171875
grid_13931,1422.3077392578125
grid_13932,1406.15625
grid_13933,1422.3077392578125
grid_13934,1422.3077392578125
grid_13935,1422.3077392578125
grid_13936,1406.15625
grid_13937,1422.3077392578125
grid_13938,1422.3077392578125
grid_13939,1422.3077392578125
grid_13940,1422.3077392578125
grid_13941,1387.5531005859375
grid_13942,1406.15625
grid_13943,1387.5531005859375
grid_13944,1406.15625
grid_13945,1406.15625
grid_13946,1387.5531005859375
grid_13947,1387.5531005859375
grid_13948,1406.15625
grid_13949,1406.15625
grid_13950,1406.15625
grid_13951,1387.5531005859375
grid_13952,1358.684326171875
grid_13953,1358.684326171875
grid_13954,1387.5531005859375
grid_13955,1358.684326171875
grid_13956,1387.5531005859375
grid_13957,1358.684326171875
grid_13958,1358.684326171875
grid_13959,1317.6951904296875
grid_13960,1358.684326171875
grid_13961,1422.3077392578125
grid_13962,1422.3077392578125
grid_13963,1422.3077392578125
grid_13964,1406.15625
grid_13965,1340.68896484375
grid_13966,1338.6842041015625
grid_13967,1338.6842041015625
grid_13968,1338.6842041015625
grid_13969,1338.6842041015625
grid_13970,1340.68896484375
grid_13971,1406.15625
grid_13972,1406.15625
grid_13973,1387.5531005859375
grid_13974,1387.5531005859375
grid_13975,1317.6951904296875
grid_13976,1340.68896484375
grid_13977,1317.6951904296875
grid_13978,1340.68896484375
grid_13979,1340.68896484375
grid_13980,1340.68896484375
grid_13981,1387.5531005859375
grid_13982,1358.684326171875
grid_13983,1317.6951904296875
grid_13984,1358.684326171875
grid_13985,1317.6951904296875
grid_13986,1317.6951904296875
grid_13987,1265.2449951171875
grid_13988,1265.2449951171875
grid_13989,1317.6951904296875
grid_13990,1265.2449951171875
grid_13991,1313.63232421875
grid_13992,1313.63232421875
grid_13993,1313.63232421875
grid_13994,1313.63232421875
grid_13995,1313.63232421875
grid_13996,1313.63232421875
grid_13997,1313.63232421875
grid_13998,1313.63232421875
grid_13999,1313.63232421875
grid_14000,1313.63232421875
grid_14001,1338.41796875
grid_14002,1338.41796875
grid_14003,1338.41796875
grid_14004,1338.41796875
grid_14005,1338.41796875
grid_14006,1338.41796875
grid_14007,1358.684326171875
grid_14008,1338.41796875
grid_14009,1338.41796875
grid_14010,1338.41796875
grid_14011,1299.410888671875
grid_14012,1299.410888671875
grid_14013,1272.8175048828125
grid_14014,1272.8175048828125
grid_14015,1272.8175048828125
grid_14016,1299.410888671875
grid_14017,1299.410888671875
grid_14018,1299.410888671875
grid_14019,1272.8175048828125
grid_14020,1299.410888671875
grid_14021,1272.8175048828125
grid_14022,1299.410888671875
grid_14023,1272.8175048828125
grid_14024,1299.410888671875
grid_14025,1299.410888671875
grid_14026,1299.410888671875
grid_14027,1299.410888671875
grid_14028,1272.8175048828125
grid_14029,1272.8175048828125
grid_14030,1299.410888671875
grid_14031,1334.1807861328125
grid_14032,1334.1807861328125
grid_14033,1338.41796875
grid_14034,1334.1807861328125
grid_14035,1338.41796875
grid_14036,1338.41796875
grid_14037,1338.41796875
grid_14038,1334.1807861328125
grid_14039,1334.1807861328125
grid_14040,1334.1807861328125
grid_14041,1334.1807861328125
grid_14042,1334.1807861328125
grid_14043,1246.4459228515625
grid_14044,1249.1834716796875
grid_14045,1249.1834716796875
grid_14046,1249.1834716796875
grid_14047,1246.4459228515625
grid_14048,1246.4459228515625
grid_14049,1246.4459228515625
grid_14050,1246.4459228515625
grid_14051,1338.41796875
grid_14052,1338.41796875
grid_14053,1338.41796875
grid_14054,1338.41796875
grid_14055,1338.41796875
grid_14056,1358.684326171875
grid_14057,1338.41796875
grid_14058,1249.1834716796875
grid_14059,1249.1834716796875
grid_14060,1249.1834716796875
grid_14061,1272.8175048828125
grid_14062,1178.373779296875
grid_14063,1205.4866943359375
grid_14064,1205.4866943359375
grid_14065,1205.4866943359375
grid_14066,1205.4866943359375
grid_14067,1178.373779296875
grid_14068,1205.4866943359375
grid_14069,1178.373779296875
grid_14070,1205.4866943359375
grid_14071,1249.1834716796875
grid_14072,1249.1834716796875
grid_14073,1265.2449951171875
grid_14074,1249.1834716796875
grid_14075,1249.1834716796875
grid_14076,1249.1834716796875
grid_14077,1249.1834716796875
grid_14078,1249.1834716796875
grid_14079,1249.1834716796875
grid_14080,1265.2449951171875
grid_14081,1249.1834716796875
grid_14082,1246.4459228515625
grid_14083,1246.4459228515625
grid_14084,1246.4459228515625
grid_14085,1246.4459228515625
grid_14086,1249.1834716796875
grid_14087,1249.1834716796875
grid_14088,1246.4459228515625
grid_14089,1249.1834716796875
grid_14090,1246.4459228515625
grid_14091,1205.4866943359375
grid_14092,1205.4866943359375
grid_14093,1178.373779296875
grid_14094,1178.373779296875
grid_14095,1205.4866943359375
grid_14096,1205.4866943359375
grid_14097,1178.373779296875
grid_14098,1205.4866943359375
grid_14099,1178.373779296875
grid_14100,1205.4866943359375
grid_14101,1338.6842041015625
grid_14102,1338.6842041015625
grid_14103,1338.6842041015625
grid_14104,1338.6842041015625
grid_14105,1340.68896484375
grid_14106,1340.68896484375
grid_14107,1338.6842041015625
grid_14108,1340.68896484375
grid_14109,1338.6842041015625
grid_14110,1338.6842041015625
grid_14111,1340.68896484375
grid_14112,1317.6951904296875
grid_14113,1317.6951904296875
grid_14114,1340.68896484375
grid_14115,1340.68896484375
grid_14116,1317.6951904296875
grid_14117,1340.68896484375
grid_14118,1317.6951904296875
grid_14119,1340.68896484375
grid_14120,1317.6951904296875
grid_14121,1265.2449951171875
grid_14122,1317.6951904296875
grid_14123,1265.2449951171875
grid_14124,1265.2449951171875
grid_14125,1317.6951904296875
grid_14126,1317.6951904296875
grid_14127,1265.2449951171875
grid_14128,1265.2449951171875
grid_14129,1265.2449951171875
grid_14130,1265.2449951171875
grid_14131,1313.63232421875
grid_14132,1313.63232421875
grid_14133,1313.63232421875
grid_14134,1313.63232421875
grid_14135,1313.63232421875
grid_14136,1313.63232421875
grid_14137,1313.63232421875
grid_14138,1313.63232421875
grid_14139,1313.63232421875
grid_14140,1313.63232421875
grid_14141,1338.6842041015625
grid_14142,1340.68896484375
grid_14143,1338.6842041015625
grid_14144,1340.68896484375
grid_14145,1338.6842041015625
grid_14146,1338.6842041015625
grid_14147,1340.68896484375
grid_14148,1340.68896484375
grid_14149,1338.6842041015625
grid_14150,1338.6842041015625
grid_14151,1317.6951904296875
grid_14152,1317.6951904296875
grid_14153,1265.2449951171875
grid_14154,1317.6951904296875
grid_14155,1265.2449951171875
grid_14156,1265.2449951171875
grid_14157,1265.2449951171875
grid_14158,1317.6951904296875
grid_14159,1265.2449951171875
grid_14160,1265.2449951171875
grid_14161,1340.68896484375
grid_14162,1317.6951904296875
grid_14163,1340.68896484375
grid_14164,1340.68896484375
grid_14165,1340.68896484375
grid_14166,1357.826171875
grid_14167,1337.8011474609375
grid_14168,1357.826171875
grid_14169,1337.8011474609375
grid_14170,1357.826171875
grid_14171,1313.63232421875
grid_14172,1313.63232421875
grid_14173,1313.63232421875
grid_14174,1313.63232421875
grid_14175,1355.47705078125
grid_14176,1355.47705078125
grid_14177,1355.47705078125
grid_14178,1355.47705078125
grid_14179,1355.47705078125
grid_14180,1355.47705078125
grid_14181,1265.2449951171875
grid_14182,1265.2449951171875
grid_14183,1293.9932861328125
grid_14184,1293.9932861328125
grid_14185,1265.2449951171875
grid_14186,1293.9932861328125
grid_14187,1293.9932861328125
grid_14188,1337.8011474609375
grid_14189,1293.9932861328125
grid_14190,1337.8011474609375
grid_14191,1338.6842041015625
grid_14192,1340.68896484375
grid_14193,1372.1630859375
grid_14194,1372.1630859375
grid_14195,1357.826171875
grid_14196,1357.826171875
grid_14197,1372.1630859375
grid_14198,1357.826171875
grid_14199,1372.1630859375
grid_14200,1372.1630859375
grid_14201,1385.2537841796875
grid_14202,1385.2537841796875
grid_14203,1486.8056640625
grid_14204,1385.2537841796875
grid_14205,1385.2537841796875
grid_14206,1486.8056640625
grid_14207,1486.8056640625
grid_14208,1385.2537841796875
grid_14209,
grid_14210,1453.9525146484375
grid_14211,1415.2294921875
grid_14212,1415.2294921875
grid_14213,1453.9525146484375
grid_14214,1461.2490234375
grid_14215,1461.2490234375
grid_14216,1461.2490234375
grid_14217,1453.9525146484375
grid_14218,1461.2490234375
grid_14219,1461.2490234375
grid_14220,1461.2490234375
grid_14221,1453.9525146484375
grid_14222,1453.9525146484375
grid_14223,1453.9525146484375
grid_14224,1453.9525146484375
grid_14225,1453.9525146484375
grid_14226,1453.9525146484375
grid_14227,1453.9525146484375
grid_14228,1453.9525146484375
grid_14229,1453.9525146484375
grid_14230,1563.935302734375
grid_14231,1453.9525146484375
grid_14232,1461.2490234375
grid_14233,1461.2490234375
grid_14234,1461.2490234375
grid_14235,1461.2490234375
grid_14236,1461.2490234375
grid_14237,1461.2490234375
grid_14238,1453.9525146484375
grid_14239,1453.9525146484375
grid_14240,1461.2490234375
grid_14241,1453.9525146484375
grid_14242,1461.2490234375
grid_14243,1461.2490234375
grid_14244,1548.134521484375
grid_14245,1563.935302734375
grid_14246,1548.134521484375
grid_14247,1548.134521484375
grid_14248,1563.935302734375
grid_14249,1548.134521484375
grid_14250,1563.935302734375
grid_14251,1563.935302734375
grid_14252,1563.935302734375
grid_14253,1563.935302734375
grid_14254,1548.134521484375
grid_14255,1548.134521484375
grid_14256,1563.935302734375
grid_14257,1548.134521484375
grid_14258,1548.134521484375
grid_14259,1563.935302734375
grid_14260,1548.134521484375
grid_14261,1563.935302734375
grid_14262,1548.134521484375
grid_14263,1548.134521484375
grid_14264,1563.935302734375
grid_14265,1548.134521484375
grid_14266,1548.134521484375
grid_14267,1548.134521484375
grid_14268,1544.3109130859375
grid_14269,1544.3109130859375
grid_14270,1544.3109130859375
grid_14271,1544.3109130859375
grid_14272,1544.3109130859375
grid_14273,1544.3109130859375
grid_14274,1544.3109130859375
grid_14275,1537.22265625
grid_14276,1544.3109130859375
grid_14277,1537.22265625
grid_14278,1544.3109130859375
grid_14279,1544.3109130859375
grid_14280,1544.3109130859375
grid_14281,1537.22265625
grid_14282,1544.3109130859375
grid_14283,1544.3109130859375
grid_14284,1461.2490234375
grid_14285,1461.2490234375
grid_14286,1461.2490234375
grid_14287,1461.2490234375
grid_14288,1461.2490234375
grid_14289,1461.2490234375
grid_14290,1461.2490234375
grid_14291,1461.2490234375
grid_14292,1461.2490234375
grid_14293,1461.2490234375
grid_14294,1425.3250732421875
grid_14295,1461.2490234375
grid_14296,1461.2490234375
grid_14297,1548.134521484375
grid_14298,1548.134521484375
grid_14299,1463.2884521484375
grid_14300,1548.134521484375
grid_14301,1548.134521484375
grid_14302,1463.2884521484375
grid_14303,1548.134521484375
grid_14304,1461.2490234375
grid_14305,1548.134521484375
grid_14306,1548.134521484375
grid_14307,1548.134521484375
grid_14308,1548.134521484375
grid_14309,1548.134521484375
grid_14310,1548.134521484375
grid_14311,1548.134521484375
grid_14312,1548.134521484375
grid_14313,1548.134521484375
grid_14314,1548.134521484375
grid_14315,1548.134521484375
grid_14316,1463.2884521484375
grid_14317,1548.134521484375
grid_14318,1548.134521484375
grid_14319,1548.134521484375
grid_14320,1463.2884521484375
grid_14321,1548.134521484375
grid_14322,1548.134521484375
grid_14323,1548.134521484375
grid_14324,1548.134521484375
grid_14325,1548.134521484375
grid_14326,1548.134521484375
grid_14327,1548.134521484375
grid_14328,1548.134521484375
grid_14329,1548.134521484375
grid_14330,1548.134521484375
grid_14331,1548.134521484375
grid_14332,1548.134521484375
grid_14333,1548.134521484375
grid_14334,1548.134521484375
grid_14335,1548.134521484375
grid_14336,1463.2884521484375
grid_14337,1544.3109130859375
grid_14338,1544.3109130859375
grid_14339,1544.3109130859375
grid_14340,1485.5594482421875
grid_14341,1485.5594482421875
grid_14342,1544.3109130859375
grid_14343,1544.3109130859375
grid_14344,1548.134521484375
grid_14345,1544.3109130859375
grid_14346,1544.3109130859375
grid_14347,1544.3109130859375
grid_14348,1544.3109130859375
grid_14349,1544.3109130859375
grid_14350,1544.3109130859375
grid_14351,1544.3109130859375
grid_14352,1544.3109130859375
grid_14353,1544.3109130859375
grid_14354,1544.3109130859375
grid_14355,1485.5594482421875
grid_14356,1544.3109130859375
grid_14357,1544.3109130859375
grid_14358,1544.3109130859375
grid_14359,1485.5594482421875
grid_14360,1544.3109130859375
grid_14361,1544.3109130859375
grid_14362,1544.3109130859375
grid_14363,1544.3109130859375
grid_14364,1544.3109130859375
grid_14365,1544.3109130859375
grid_14366,1544.3109130859375
grid_14367,1544.3109130859375
grid_14368,1544.3109130859375
grid_14369,1544.3109130859375
grid_14370,1544.3109130859375
grid_14371,1544.3109130859375
grid_14372,1544.3109130859375
grid_14373,1544.3109130859375
grid_14374,1544.3109130859375
grid_14375,1544.3109130859375
grid_14376,1485.5594482421875
grid_14377,1468.8890380859375
grid_14378,1468.8890380859375
grid_14379,1468.8890380859375
grid_14380,1410.261474609375
grid_14381,1468.8890380859375
grid_14382,1468.8890380859375
grid_14383,1468.8890380859375
grid_14384,1401.818359375
grid_14385,1401.818359375
grid_14386,1401.818359375
grid_14387,1401.818359375
grid_14388,1401.818359375
grid_14389,1401.818359375
grid_14390,1401.818359375
grid_14391,1401.818359375
grid_14392,1401.818359375
grid_14393,1401.818359375
grid_14394,1319.746826171875
grid_14395,1319.746826171875
grid_14396,1319.746826171875
grid_14397,1319.746826171875
grid_14398,1319.746826171875
grid_14399,1319.746826171875
grid_14400,1319.746826171875
grid_14401,1319.746826171875
grid_14402,1319.746826171875
grid_14403,1319.746826171875
grid_14404,1421.3729248046875
grid_14405,1421.3729248046875
grid_14406,1421.3729248046875
grid_14407,1421.3729248046875
grid_14408,1421.3729248046875
grid_14409,1421.3729248046875
grid_14410,1421.3729248046875
grid_14411,1454.3428955078125
grid_14412,1454.3428955078125
grid_14413,1454.3428955078125
grid_14414,1463.2884521484375
grid_14415,1463.2884521484375
grid_14416,1463.2884521484375
grid_14417,1463.2884521484375
grid_14418,1463.2884521484375
grid_14419,1463.2884521484375
grid_14420,1463.2884521484375
grid_14421,1463.2884521484375
grid_14422,1485.5594482421875
grid_14423,1485.5594482421875
grid_14424,1401.818359375
grid_14425,1422.234375
grid_14426,1422.234375
grid_14427,1422.234375
grid_14428,1422.234375
grid_14429,1422.234375
grid_14430,1422.234375
grid_14431,1422.234375
grid_14432,1422.234375
grid_14433,1422.234375
grid_14434,1319.746826171875
grid_14435,1319.746826171875
grid_14436,1319.746826171875
grid_14437,1319.746826171875
grid_14438,1362.8497314453125
grid_14439,1362.8497314453125
grid_14440,1362.8497314453125
grid_14441,1362.8497314453125
grid_14442,1362.8497314453125
grid_14443,1362.8497314453125
grid_14444,1485.5594482421875
grid_14445,1485.5594482421875
grid_14446,1485.5594482421875
grid_14447,1485.5594482421875
grid_14448,1485.5594482421875
grid_14449,1485.5594482421875
grid_14450,1485.5594482421875
grid_14451,1485.5594482421875
grid_14452,1485.5594482421875
grid_14453,1485.5594482421875
grid_14454,1454.3428955078125
grid_14455,1454.3428955078125
grid_14456,1454.3428955078125
grid_14457,1454.3428955078125
grid_14458,1454.3428955078125
grid_14459,1454.3428955078125
grid_14460,1454.3428955078125
grid_14461,1454.3428955078125
grid_14462,1454.3428955078125
grid_14463,1454.3428955078125
grid_14464,1422.234375
grid_14465,1422.234375
grid_14466,1422.234375
grid_14467,1422.234375
grid_14468,1422.234375
grid_14469,1422.234375
grid_14470,1422.234375
grid_14471,1422.234375
grid_14472,1422.234375
grid_14473,1422.234375
grid_14474,1362.8497314453125
grid_14475,1362.8497314453125
grid_14476,1362.8497314453125
grid_14477,1362.8497314453125
grid_14478,1362.8497314453125
grid_14479,1362.8497314453125
grid_14480,1362.8497314453125
grid_14481,1362.8497314453125
grid_14482,1362.8497314453125
grid_14483,1362.8497314453125
grid_14484,1422.234375
grid_14485,1422.234375
grid_14486,1422.234375
grid_14487,1422.234375
grid_14488,1422.234375
grid_14489,1422.234375
grid_14490,1340.5357666015625
grid_14491,1340.5357666015625
grid_14492,1340.5357666015625
grid_14493,1340.5357666015625
grid_14494,1454.3428955078125
grid_14495,1454.3428955078125
grid_14496,1454.3428955078125
grid_14497,1454.3428955078125
grid_14498,1454.3428955078125
grid_14499,1454.3428955078125
grid_14500,1454.3428955078125
grid_14501,1384.463623046875
grid_14502,1384.463623046875
grid_14503,1384.463623046875
grid_14504,1485.5594482421875
grid_14505,1485.5594482421875
grid_14506,1485.5594482421875
grid_14507,1485.5594482421875
grid_14508,1485.5594482421875
grid_14509,1485.5594482421875
grid_14510,1485.5594482421875
grid_14511,1485.5594482421875
grid_14512,1410.261474609375
grid_14513,1410.261474609375
grid_14514,1362.8497314453125
grid_14515,1362.8497314453125
grid_14516,1362.8497314453125
grid_14517,1362.8497314453125
grid_14518,1362.8497314453125
grid_14519,1362.8497314453125
grid_14520,1362.8497314453125
grid_14521,1362.8497314453125
grid_14522,1362.8497314453125
grid_14523,1313.63232421875
grid_14524,1410.261474609375
grid_14525,1410.261474609375
grid_14526,1410.261474609375
grid_14527,1410.261474609375
grid_14528,1410.261474609375
grid_14529,1384.463623046875
grid_14530,1384.463623046875
grid_14531,1410.261474609375
grid_14532,1410.261474609375
grid_14533,1410.261474609375
grid_14534,1340.5357666015625
grid_14535,1340.5357666015625
grid_14536,1340.5357666015625
grid_14537,1340.5357666015625
grid_14538,1340.5357666015625
grid_14539,1340.5357666015625
grid_14540,1340.5357666015625
grid_14541,1340.5357666015625
grid_14542,1340.5357666015625
grid_14543,1340.5357666015625
grid_14544,1384.463623046875
grid_14545,1384.463623046875
grid_14546,1384.463623046875
grid_14547,1384.463623046875
grid_14548,1384.463623046875
grid_14549,1384.463623046875
grid_14550,1384.463623046875
grid_14551,1384.463623046875
grid_14552,1384.463623046875
grid_14553,1384.463623046875
grid_14554,1340.5357666015625
grid_14555,1340.5357666015625
grid_14556,1340.5357666015625
grid_14557,1340.5357666015625
grid_14558,1340.5357666015625
grid_14559,1340.5357666015625
grid_14560,1340.5357666015625
grid_14561,1340.5357666015625
grid_14562,1340.5357666015625
grid_14563,1340.5357666015625
grid_14564,1384.463623046875
grid_14565,1384.463623046875
grid_14566,1384.463623046875
grid_14567,1384.463623046875
grid_14568,1384.463623046875
grid_14569,1384.463623046875
grid_14570,1384.463623046875
grid_14571,1384.463623046875
grid_14572,1396.8680419921875
grid_14573,1396.8680419921875
grid_14574,1340.5357666015625
grid_14575,1380.315185546875
grid_14576,1380.315185546875
grid_14577,1380.315185546875
grid_14578,1380.315185546875
grid_14579,1380.315185546875
grid_14580,1380.315185546875
grid_14581,1380.315185546875
grid_14582,1380.315185546875
grid_14583,1380.315185546875
grid_14584,1544.3109130859375
grid_14585,1468.8890380859375
grid_14586,1468.8890380859375
grid_14587,1468.8890380859375
grid_14588,1468.8890380859375
grid_14589,1468.8890380859375
grid_14590,1468.8890380859375
grid_14591,1468.8890380859375
grid_14592,1468.8890380859375
grid_14593,1468.8890380859375
grid_14594,1410.261474609375
grid_14595,1410.261474609375
grid_14596,1468.8890380859375
grid_14597,1468.8890380859375
grid_14598,1468.8890380859375
grid_14599,1468.8890380859375
grid_14600,1468.8890380859375
grid_14601,1468.8890380859375
grid_14602,1468.8890380859375
grid_14603,1468.8890380859375
grid_14604,1468.8890380859375
grid_14605,1468.8890380859375
grid_14606,1468.8890380859375
grid_14607,1468.8890380859375
grid_14608,1468.8890380859375
grid_14609,1468.8890380859375
grid_14610,1468.8890380859375
grid_14611,1468.8890380859375
grid_14612,1468.8890380859375
grid_14613,1577.7457275390625
grid_14614,1468.8890380859375
grid_14615,1468.8890380859375
grid_14616,1468.8890380859375
grid_14617,1468.8890380859375
grid_14618,1468.8890380859375
grid_14619,1468.8890380859375
grid_14620,1468.8890380859375
grid_14621,1468.8890380859375
grid_14622,1468.8890380859375
grid_14623,1468.8890380859375
grid_14624,1384.463623046875
grid_14625,1410.261474609375
grid_14626,1410.261474609375
grid_14627,1410.261474609375
grid_14628,1410.261474609375
grid_14629,1410.261474609375
grid_14630,1410.261474609375
grid_14631,1410.261474609375
grid_14632,1410.261474609375
grid_14633,1457.6046142578125
grid_14634,1468.8890380859375
grid_14635,1577.7457275390625
grid_14636,1577.7457275390625
grid_14637,1577.7457275390625
grid_14638,1577.7457275390625
grid_14639,1577.7457275390625
grid_14640,1577.7457275390625
grid_14641,1577.7457275390625
grid_14642,1577.7457275390625
grid_14643,1577.7457275390625
grid_14644,1457.6046142578125
grid_14645,1457.6046142578125
grid_14646,1457.6046142578125
grid_14647,1457.6046142578125
grid_14648,1457.6046142578125
grid_14649,1457.6046142578125
grid_14650,1457.6046142578125
grid_14651,1457.6046142578125
grid_14652,1457.6046142578125
grid_14653,1457.6046142578125
grid_14654,1577.7457275390625
grid_14655,1577.7457275390625
grid_14656,1577.7457275390625
grid_14657,1577.7457275390625
grid_14658,1577.7457275390625
grid_14659,1577.7457275390625
grid_14660,1577.7457275390625
grid_14661,1577.7457275390625
grid_14662,1577.7457275390625
grid_14663,1577.7457275390625
grid_14664,1577.7457275390625
grid_14665,1577.7457275390625
grid_14666,1577.7457275390625
grid_14667,1577.7457275390625
grid_14668,1577.7457275390625
grid_14669,1577.7457275390625
grid_14670,1577.7457275390625
grid_14671,1577.7457275390625
grid_14672,1577.7457275390625
grid_14673,1577.7457275390625
grid_14674,1577.7457275390625
grid_14675,1577.7457275390625
grid_14676,1577.7457275390625
grid_14677,1396.8680419921875
grid_14678,1396.8680419921875
grid_14679,1396.8680419921875
grid_14680,1396.8680419921875
grid_14681,1396.8680419921875
grid_14682,1396.8680419921875
grid_14683,1396.8680419921875
grid_14684,1396.8680419921875
grid_14685,1396.8680419921875
grid_14686,1396.8680419921875
grid_14687,1380.315185546875
grid_14688,1380.315185546875
grid_14689,1380.315185546875
grid_14690,1380.315185546875
grid_14691,1380.315185546875
grid_14692,1380.315185546875
grid_14693,1380.315185546875
grid_14694,1380.315185546875
grid_14695,1380.315185546875
grid_14696,1380.315185546875
grid_14697,1396.8680419921875
grid_14698,1396.8680419921875
grid_14699,1396.8680419921875
grid_14700,1396.8680419921875
grid_14701,1396.8680419921875
grid_14702,1396.8680419921875
grid_14703,1396.8680419921875
grid_14704,1396.8680419921875
grid_14705,1396.8680419921875
grid_14706,1396.8680419921875
grid_14707,1380.315185546875
grid_14708,1380.315185546875
grid_14709,1380.315185546875
grid_14710,1380.315185546875
grid_14711,1380.315185546875
grid_14712,1380.315185546875
grid_14713,1415.101318359375
grid_14714,1415.101318359375
grid_14715,1415.101318359375
grid_14716,1415.101318359375
grid_14717,1396.8680419921875
grid_14718,1396.8680419921875
grid_14719,1396.8680419921875
grid_14720,1423.2552490234375
grid_14721,1423.2552490234375
grid_14722,1423.2552490234375
grid_14723,1423.2552490234375
grid_14724,1423.2552490234375
grid_14725,1423.2552490234375
grid_14726,1423.2552490234375
grid_14727,1415.101318359375
grid_14728,1415.101318359375
grid_14729,1415.101318359375
grid_14730,1415.101318359375
grid_14731,1415.101318359375
grid_14732,1415.101318359375
grid_14733,1415.101318359375
grid_14734,1415.101318359375
grid_14735,1415.101318359375
grid_14736,1415.101318359375
grid_14737,1423.2552490234375
grid_14738,1423.2552490234375
grid_14739,1423.2552490234375
grid_14740,1415.101318359375
grid_14741,1415.101318359375
grid_14742,1415.101318359375
grid_14743,1399.0684814453125
grid_14744,1415.101318359375
grid_14745,1399.0684814453125
grid_14746,1457.6046142578125
grid_14747,1457.6046142578125
grid_14748,1457.6046142578125
grid_14749,1457.6046142578125
grid_14750,1457.6046142578125
grid_14751,1457.6046142578125
grid_14752,1457.6046142578125
grid_14753,1457.6046142578125
grid_14754,1457.6046142578125
grid_14755,1477.856201171875
grid_14756,1577.7457275390625
grid_14757,1577.7457275390625
grid_14758,1577.7457275390625
grid_14759,1577.7457275390625
grid_14760,1577.7457275390625
grid_14761,1577.7457275390625
grid_14762,1555.2615966796875
grid_14763,1555.2615966796875
grid_14764,1555.2615966796875
grid_14765,1555.2615966796875
grid_14766,1477.856201171875
grid_14767,1477.856201171875
grid_14768,1477.856201171875
grid_14769,1477.856201171875
grid_14770,1477.856201171875
grid_14771,1477.856201171875
grid_14772,1477.856201171875
grid_14773,1477.856201171875
grid_14774,1477.856201171875
grid_14775,1477.856201171875
grid_14776,1555.2615966796875
grid_14777,1555.2615966796875
grid_14778,1555.2615966796875
grid_14779,1555.2615966796875
grid_14780,1555.2615966796875
grid_14781,1555.2615966796875
grid_14782,1555.2615966796875
grid_14783,1555.2615966796875
grid_14784,1555.2615966796875
grid_14785,1555.2615966796875
grid_14786,1555.2615966796875
grid_14787,1555.2615966796875
grid_14788,1555.2615966796875
grid_14789,1555.2615966796875
grid_14790,1555.2615966796875
grid_14791,1555.2615966796875
grid_14792,1555.2615966796875
grid_14793,1555.2615966796875
grid_14794,1555.2615966796875
grid_14795,1555.2615966796875
grid_14796,1555.2615966796875
grid_14797,1555.2615966796875
grid_14798,1555.2615966796875
grid_14799,1477.856201171875
grid_14800,1477.856201171875
grid_14801,1477.856201171875
grid_14802,1477.856201171875
grid_14803,1477.856201171875
grid_14804,1477.856201171875
grid_14805,1516.2332763671875
grid_14806,1516.2332763671875
grid_14807,1516.2332763671875
grid_14808,1516.2332763671875
grid_14809,1516.2332763671875
grid_14810,1516.2332763671875
grid_14811,1516.2332763671875
grid_14812,1516.2332763671875
grid_14813,1516.2332763671875
grid_14814,1516.2332763671875
grid_14815,1061.9700927734375
grid_14816,1095.328857421875
grid_14817,1095.328857421875
grid_14818,1095.328857421875
grid_14819,1095.328857421875
grid_14820,1143.5677490234375
grid_14821,1143.5677490234375
grid_14822,1095.328857421875
grid_14823,1095.328857421875
grid_14824,1143.5677490234375
grid_14825,1039.0289306640625
grid_14826,1039.0289306640625
grid_14827,1054.256591796875
grid_14828,1039.0289306640625
grid_14829,1039.0289306640625
grid_14830,1055.53759765625
grid_14831,1055.53759765625
grid_14832,1055.53759765625
grid_14833,1054.256591796875
grid_14834,1055.53759765625
grid_14835,1095.328857421875
grid_14836,1106.84716796875
grid_14837,1095.328857421875
grid_14838,1106.84716796875
grid_14839,1054.256591796875
grid_14840,1106.84716796875
grid_14841,1095.328857421875
grid_14842,1095.328857421875
grid_14843,1106.84716796875
grid_14844,1095.328857421875
grid_14845,1082.7005615234375
grid_14846,1089.2799072265625
grid_14847,1082.7005615234375
grid_14848,1089.00927734375
grid_14849,1089.2799072265625
grid_14850,1089.00927734375
grid_14851,1089.00927734375
grid_14852,1089.2799072265625
grid_14853,1089.2799072265625
grid_14854,1082.7005615234375
grid_14855,1095.328857421875
grid_14856,1095.328857421875
grid_14857,1095.328857421875
grid_14858,1095.328857421875
grid_14859,1143.5677490234375
grid_14860,1095.328857421875
grid_14861,1095.328857421875
grid_14862,1143.5677490234375
grid_14863,1095.328857421875
grid_14864,1095.328857421875
grid_14865,1095.328857421875
grid_14866,1106.84716796875
grid_14867,1082.7005615234375
grid_14868,1095.328857421875
grid_14869,1106.84716796875
grid_14870,1095.328857421875
grid_14871,1106.84716796875
grid_14872,1106.84716796875
grid_14873,1106.84716796875
grid_14874,1095.328857421875
grid_14875,1089.00927734375
grid_14876,1082.7005615234375
grid_14877,1082.7005615234375
grid_14878,1089.2799072265625
grid_14879,1089.00927734375
grid_14880,1089.00927734375
grid_14881,1089.00927734375
grid_14882,1082.7005615234375
grid_14883,1089.00927734375
grid_14884,1089.2799072265625
grid_14885,1143.5677490234375
grid_14886,1095.328857421875
grid_14887,1095.328857421875
grid_14888,1095.328857421875
grid_14889,1095.328857421875
grid_14890,1143.5677490234375
grid_14891,1095.328857421875
grid_14892,1095.328857421875
grid_14893,1095.328857421875
grid_14894,1095.328857421875
grid_14895,1106.84716796875
grid_14896,1095.328857421875
grid_14897,1082.7005615234375
grid_14898,1095.328857421875
grid_14899,1095.328857421875
grid_14900,1106.84716796875
grid_14901,1106.84716796875
grid_14902,1106.84716796875
grid_14903,1106.84716796875
grid_14904,1095.328857421875
grid_14905,1095.328857421875
grid_14906,1095.328857421875
grid_14907,1143.5677490234375
grid_14908,1143.5677490234375
grid_14909,1143.5677490234375
grid_14910,1095.328857421875
grid_14911,1095.328857421875
grid_14912,1095.328857421875
grid_14913,1095.328857421875
grid_14914,1095.328857421875
grid_14915,1167.8919677734375
grid_14916,1167.8919677734375
grid_14917,1143.5677490234375
grid_14918,1167.8919677734375
grid_14919,1143.5677490234375
grid_14920,1167.8919677734375
grid_14921,1167.8919677734375
grid_14922,1167.8919677734375
grid_14923,1167.8919677734375
grid_14924,1143.5677490234375
grid_14925,1143.5399169921875
grid_14926,1143.5399169921875
grid_14927,1143.5399169921875
grid_14928,1167.8919677734375
grid_14929,1143.5399169921875
grid_14930,1143.5399169921875
grid_14931,1143.5399169921875
grid_14932,1143.5399169921875
grid_14933,1143.5399169921875
grid_14934,1184.363037109375
grid_14935,1167.8919677734375
grid_14936,1143.5677490234375
grid_14937,1167.8919677734375
grid_14938,1167.8919677734375
grid_14939,1143.5677490234375
grid_14940,1167.8919677734375
grid_14941,1167.8919677734375
grid_14942,1167.8919677734375
grid_14943,1143.5677490234375
grid_14944,1184.3802490234375
grid_14945,1166.26904296875
grid_14946,1166.26904296875
grid_14947,1166.26904296875
grid_14948,1166.26904296875
grid_14949,1254.3443603515625
grid_14950,1166.26904296875
grid_14951,1166.26904296875
grid_14952,1166.26904296875
grid_14953,1221.2568359375
grid_14954,1221.2568359375
grid_14955,1184.363037109375
grid_14956,1184.363037109375
grid_14957,1184.363037109375
grid_14958,1184.363037109375
grid_14959,1184.3802490234375
grid_14960,1184.363037109375
grid_14961,1184.363037109375
grid_14962,1184.363037109375
grid_14963,1184.363037109375
grid_14964,1184.363037109375
grid_14965,1221.2568359375
grid_14966,1240.0423583984375
grid_14967,1221.2568359375
grid_14968,1221.2568359375
grid_14969,1221.2568359375
grid_14970,1221.2568359375
grid_14971,1240.0423583984375
grid_14972,1221.2568359375
grid_14973,1221.2568359375
grid_14974,1221.2568359375
grid_14975,1147.3319091796875
grid_14976,1184.3802490234375
grid_14977,1147.3319091796875
grid_14978,1184.3802490234375
grid_14979,1184.3802490234375
grid_14980,1184.3802490234375
grid_14981,1147.3319091796875
grid_14982,1184.3802490234375
grid_14983,1147.3319091796875
grid_14984,1184.3802490234375
grid_14985,1184.3802490234375
grid_14986,1184.363037109375
grid_14987,1184.363037109375
grid_14988,1184.3802490234375
grid_14989,1184.363037109375
grid_14990,1184.363037109375
grid_14991,1184.363037109375
grid_14992,1184.3802490234375
grid_14993,1184.363037109375
grid_14994,1184.363037109375
grid_14995,1184.3802490234375
grid_14996,1184.3802490234375
grid_14997,1184.3802490234375
grid_14998,1147.3319091796875
grid_14999,1147.3319091796875
grid_15000,1184.3802490234375
grid_15001,1147.3319091796875
grid_15002,1184.3802490234375
grid_15003,1184.3802490234375
grid_15004,1147.3319091796875
grid_15005,1221.2568359375
grid_15006,1221.2568359375
grid_15007,1240.0423583984375
grid_15008,1221.2568359375
grid_15009,1221.2568359375
grid_15010,1221.2568359375
grid_15011,1221.2568359375
grid_15012,1221.2568359375
grid_15013,1221.2568359375
grid_15014,1221.2568359375
grid_15015,1095.328857421875
grid_15016,1106.84716796875
grid_15017,1106.84716796875
grid_15018,1095.328857421875
grid_15019,1106.84716796875
grid_15020,1106.84716796875
grid_15021,1082.7005615234375
grid_15022,1095.328857421875
grid_15023,1106.84716796875
grid_15024,1095.328857421875
grid_15025,1089.2799072265625
grid_15026,1082.7005615234375
grid_15027,1089.00927734375
grid_15028,1089.00927734375
grid_15029,1089.00927734375
grid_15030,1082.7005615234375
grid_15031,1089.2799072265625
grid_15032,1089.2799072265625
grid_15033,1082.7005615234375
grid_15034,1082.7005615234375
grid_15035,1089.2799072265625
grid_15036,1089.00927734375
grid_15037,1089.2799072265625
grid_15038,1089.2799072265625
grid_15039,1089.2799072265625
grid_15040,1089.00927734375
grid_15041,1089.00927734375
grid_15042,1082.7005615234375
grid_15043,1089.00927734375
grid_15044,1089.00927734375
grid_15045,1106.84716796875
grid_15046,1095.328857421875
grid_15047,1082.7005615234375
grid_15048,1106.84716796875
grid_15049,1106.84716796875
grid_15050,1106.84716796875
grid_15051,1106.84716796875
grid_15052,1095.328857421875
grid_15053,1095.328857421875
grid_15054,1102.8623046875
grid_15055,1095.328857421875
grid_15056,1147.3319091796875
grid_15057,1147.3319091796875
grid_15058,1102.8623046875
grid_15059,1102.8623046875
grid_15060,1102.8623046875
grid_15061,1102.8623046875
grid_15062,1102.8623046875
grid_15063,1102.8623046875
grid_15064,1147.3319091796875
grid_15065,1082.7005615234375
grid_15066,1089.00927734375
grid_15067,1082.7005615234375
grid_15068,1089.00927734375
grid_15069,1089.00927734375
grid_15070,1089.2799072265625
grid_15071,1089.2799072265625
grid_15072,1089.2799072265625
grid_15073,1082.7005615234375
grid_15074,1089.00927734375
grid_15075,1095.0269775390625
grid_15076,1102.8623046875
grid_15077,1102.8623046875
grid_15078,1089.422119140625
grid_15079,1095.0269775390625
grid_15080,1095.0269775390625
grid_15081,1095.0269775390625
grid_15082,1102.8623046875
grid_15083,1095.0269775390625
grid_15084,1102.8623046875
grid_15085,1089.00927734375
grid_15086,1089.2799072265625
grid_15087,1111.6810302734375
grid_15088,1119.1888427734375
grid_15089,1111.6810302734375
grid_15090,1111.6810302734375
grid_15091,1111.6810302734375
grid_15092,1089.422119140625
grid_15093,1111.6810302734375
grid_15094,1089.422119140625
grid_15095,1102.8623046875
grid_15096,1102.8623046875
grid_15097,1102.8623046875
grid_15098,1102.8623046875
grid_15099,1147.3319091796875
grid_15100,1102.8623046875
grid_15101,1102.8623046875
grid_15102,1147.3319091796875
grid_15103,1102.8623046875
grid_15104,1147.3319091796875
grid_15105,1089.422119140625
grid_15106,1095.0269775390625
grid_15107,1089.422119140625
grid_15108,1102.8623046875
grid_15109,1095.0269775390625
grid_15110,1095.0269775390625
grid_15111,1095.0269775390625
grid_15112,1102.8623046875
grid_15113,1102.8623046875
grid_15114,1102.8623046875
grid_15115,1055.53759765625
grid_15116,1054.256591796875
grid_15117,1089.00927734375
grid_15118,1089.00927734375
grid_15119,1089.2799072265625
grid_15120,1089.00927734375
grid_15121,1089.2799072265625
grid_15122,1089.2799072265625
grid_15123,1082.7005615234375
grid_15124,1089.00927734375
grid_15125,1089.2799072265625
grid_15126,1054.9129638671875
grid_15127,1089.2799072265625
grid_15128,1054.9129638671875
grid_15129,1089.2799072265625
grid_15130,1054.9129638671875
grid_15131,1089.2799072265625
grid_15132,1054.9129638671875
grid_15133,1054.9129638671875
grid_15134,1089.2799072265625
grid_15135,1054.9129638671875
grid_15136,1054.9129638671875
grid_15137,1089.2799072265625
grid_15138,1119.1888427734375
grid_15139,1086.7003173828125
grid_15140,1086.7003173828125
grid_15141,1086.7003173828125
grid_15142,1119.1888427734375
grid_15143,1119.1888427734375
grid_15144,1086.7003173828125
grid_15145,1089.422119140625
grid_15146,1119.1888427734375
grid_15147,1119.1888427734375
grid_15148,1089.422119140625
grid_15149,1119.1888427734375
grid_15150,1119.1888427734375
grid_15151,1111.6810302734375
grid_15152,1111.6810302734375
grid_15153,1111.6810302734375
grid_15154,1111.6810302734375
grid_15155,1086.7003173828125
grid_15156,1086.7003173828125
grid_15157,1086.7003173828125
grid_15158,1119.1888427734375
grid_15159,1086.7003173828125
grid_15160,1086.7003173828125
grid_15161,1119.1888427734375
grid_15162,1086.7003173828125
grid_15163,1086.7003173828125
grid_15164,1119.1888427734375
grid_15165,1086.7003173828125
grid_15166,1086.7003173828125
grid_15167,1086.7003173828125
grid_15168,1061.51416015625
grid_15169,1119.1888427734375
grid_15170,1119.1888427734375
grid_15171,1086.7003173828125
grid_15172,1086.7003173828125
grid_15173,1061.51416015625
grid_15174,1119.1888427734375
grid_15175,1061.51416015625
grid_15176,1086.7003173828125
grid_15177,1086.7003173828125
grid_15178,1061.51416015625
grid_15179,1061.51416015625
grid_15180,1119.1888427734375
grid_15181,1086.7003173828125
grid_15182,1086.7003173828125
grid_15183,1138.9532470703125
grid_15184,1138.9532470703125
grid_15185,1125.4979248046875
grid_15186,1075.5576171875
grid_15187,1075.5576171875
grid_15188,1075.5576171875
grid_15189,1125.4979248046875
grid_15190,1125.4979248046875
grid_15191,1075.5576171875
grid_15192,1125.4979248046875
grid_15193,1138.9532470703125
grid_15194,1125.4979248046875
grid_15195,1075.5576171875
grid_15196,1125.4979248046875
grid_15197,1075.5576171875
grid_15198,1075.5576171875
grid_15199,1138.9532470703125
grid_15200,1075.5576171875
grid_15201,1125.4979248046875
grid_15202,1075.5576171875
grid_15203,1125.4979248046875
grid_15204,1138.9532470703125
grid_15205,1138.9532470703125
grid_15206,1075.5576171875
grid_15207,1075.5576171875
grid_15208,1075.5576171875
grid_15209,1125.4979248046875
grid_15210,1125.4979248046875
grid_15211,1075.5576171875
grid_15212,1075.5576171875
grid_15213,1125.4979248046875
grid_15214,1075.5576171875
grid_15215,1102.8623046875
grid_15216,1102.8623046875
grid_15217,1102.8623046875
grid_15218,1102.8623046875
grid_15219,1102.8623046875
grid_15220,1147.3319091796875
grid_15221,1102.8623046875
grid_15222,1102.8623046875
grid_15223,1102.8623046875
grid_15224,1147.3319091796875
grid_15225,1111.6810302734375
grid_15226,1089.422119140625
grid_15227,1089.422119140625
grid_15228,1119.1888427734375
grid_15229,1119.1888427734375
grid_15230,1119.1888427734375
grid_15231,1119.1888427734375
grid_15232,1089.422119140625
grid_15233,1089.422119140625
grid_15234,1111.6810302734375
grid_15235,1095.0269775390625
grid_15236,1095.0269775390625
grid_15237,1089.422119140625
grid_15238,1102.8623046875
grid_15239,1095.0269775390625
grid_15240,1095.0269775390625
grid_15241,1089.422119140625
grid_15242,1102.8623046875
grid_15243,1102.8623046875
grid_15244,1095.0269775390625
grid_15245,1102.8623046875
grid_15246,1102.8623046875
grid_15247,1102.8623046875
grid_15248,1147.3319091796875
grid_15249,1102.8623046875
grid_15250,1102.8623046875
grid_15251,1102.8623046875
grid_15252,1102.8623046875
grid_15253,1102.8623046875
grid_15254,1102.8623046875
grid_15255,1102.8623046875
grid_15256,1095.0269775390625
grid_15257,1102.8623046875
grid_15258,1095.0269775390625
grid_15259,1095.0269775390625
grid_15260,1102.8623046875
grid_15261,1089.422119140625
grid_15262,1102.8623046875
grid_15263,1095.0269775390625
grid_15264,1102.8623046875
grid_15265,1111.6810302734375
grid_15266,1089.422119140625
grid_15267,1089.422119140625
grid_15268,1111.6810302734375
grid_15269,1111.6810302734375
grid_15270,1111.6810302734375
grid_15271,1089.422119140625
grid_15272,1111.6810302734375
grid_15273,1111.6810302734375
grid_15274,1111.6810302734375
grid_15275,1111.6810302734375
grid_15276,1089.422119140625
grid_15277,1119.1888427734375
grid_15278,1119.1888427734375
grid_15279,1111.6810302734375
grid_15280,1089.422119140625
grid_15281,1119.1888427734375
grid_15282,1089.422119140625
grid_15283,1112.4041748046875
grid_15284,1111.6810302734375
grid_15285,1102.8623046875
grid_15286,1095.0269775390625
grid_15287,1102.8623046875
grid_15288,1102.8623046875
grid_15289,1095.0269775390625
grid_15290,1095.0269775390625
grid_15291,1089.422119140625
grid_15292,1121.9886474609375
grid_15293,1148.4171142578125
grid_15294,1121.9886474609375
grid_15295,1111.6810302734375
grid_15296,1111.6810302734375
grid_15297,1119.1888427734375
grid_15298,1111.6810302734375
grid_15299,1119.1888427734375
grid_15300,1112.4041748046875
grid_15301,1111.6810302734375
grid_15302,1089.422119140625
grid_15303,1119.1888427734375
grid_15304,1089.422119140625
grid_15305,1147.3319091796875
grid_15306,1192.7567138671875
grid_15307,1148.4171142578125
grid_15308,1148.4171142578125
grid_15309,1148.4171142578125
grid_15310,1192.7567138671875
grid_15311,1148.4171142578125
grid_15312,1148.4171142578125
grid_15313,1148.4171142578125
grid_15314,1192.7567138671875
grid_15315,1184.363037109375
grid_15316,1184.363037109375
grid_15317,1184.363037109375
grid_15318,1221.2568359375
grid_15319,1184.363037109375
grid_15320,1184.3802490234375
grid_15321,1184.363037109375
grid_15322,1184.363037109375
grid_15323,1184.363037109375
grid_15324,1184.363037109375
grid_15325,1221.2568359375
grid_15326,1240.0423583984375
grid_15327,1240.0423583984375
grid_15328,1240.0423583984375
grid_15329,1221.2568359375
grid_15330,1221.2568359375
grid_15331,1221.2568359375
grid_15332,1240.0423583984375
grid_15333,1221.2568359375
grid_15334,1269.7503662109375
grid_15335,1184.3802490234375
grid_15336,1147.3319091796875
grid_15337,1147.3319091796875
grid_15338,1184.3802490234375
grid_15339,1184.3802490234375
grid_15340,1147.3319091796875
grid_15341,1184.3802490234375
grid_15342,1147.3319091796875
grid_15343,1147.3319091796875
grid_15344,1205.878173828125
grid_15345,1192.7567138671875
grid_15346,1205.878173828125
grid_15347,1192.7567138671875
grid_15348,1205.878173828125
grid_15349,1192.7567138671875
grid_15350,1192.7567138671875
grid_15351,1205.878173828125
grid_15352,1205.878173828125
grid_15353,1205.878173828125
grid_15354,1192.7567138671875
grid_15355,1325.7373046875
grid_15356,1269.7503662109375
grid_15357,1269.7503662109375
grid_15358,1325.7373046875
grid_15359,1269.7503662109375
grid_15360,1325.7373046875
grid_15361,1269.7503662109375
grid_15362,1269.7503662109375
grid_15363,1269.7503662109375
grid_15364,1269.7503662109375
grid_15365,1199.6505126953125
grid_15366,1205.878173828125
grid_15367,1199.6505126953125
grid_15368,1269.7503662109375
grid_15369,1199.6505126953125
grid_15370,1199.6505126953125
grid_15371,1199.6505126953125
grid_15372,1269.7503662109375
grid_15373,1199.6505126953125
grid_15374,1199.6505126953125
grid_15375,1325.7373046875
grid_15376,1325.7373046875
grid_15377,1325.7373046875
grid_15378,1325.7373046875
grid_15379,1325.7373046875
grid_15380,1325.7373046875
grid_15381,1325.7373046875
grid_15382,1325.7373046875
grid_15383,1325.7373046875
grid_15384,1325.7373046875
grid_15385,1199.6505126953125
grid_15386,1199.6505126953125
grid_15387,1199.6505126953125
grid_15388,1205.878173828125
grid_15389,1199.6505126953125
grid_15390,1199.6505126953125
grid_15391,1269.7503662109375
grid_15392,1199.6505126953125
grid_15393,1199.6505126953125
grid_15394,1199.6505126953125
grid_15395,1192.7567138671875
grid_15396,1192.7567138671875
grid_15397,1205.878173828125
grid_15398,1205.878173828125
grid_15399,1192.7567138671875
grid_15400,1205.878173828125
grid_15401,1192.7567138671875
grid_15402,1205.878173828125
grid_15403,1192.7567138671875
grid_15404,1192.7567138671875
grid_15405,1325.7373046875
grid_15406,1269.7503662109375
grid_15407,1325.7373046875
grid_15408,1325.7373046875
grid_15409,1269.7503662109375
grid_15410,1269.7503662109375
grid_15411,1269.7503662109375
grid_15412,1269.7503662109375
grid_15413,1325.7373046875
grid_15414,1325.7373046875
grid_15415,1148.4171142578125
grid_15416,1148.4171142578125
grid_15417,1121.9886474609375
grid_15418,1148.4171142578125
grid_15419,1112.4041748046875
grid_15420,1121.9886474609375
grid_15421,1121.9886474609375
grid_15422,1121.9886474609375
grid_15423,1121.9886474609375
grid_15424,1148.4171142578125
grid_15425,1138.9532470703125
grid_15426,1116.3126220703125
grid_15427,1116.3126220703125
grid_15428,1116.3126220703125
grid_15429,1112.4041748046875
grid_15430,1116.3126220703125
grid_15431,1112.4041748046875
grid_15432,1138.9532470703125
grid_15433,1138.9532470703125
grid_15434,1116.3126220703125
grid_15435,1148.4171142578125
grid_15436,1112.4041748046875
grid_15437,1148.4171142578125
grid_15438,1148.4171142578125
grid_15439,1121.9886474609375
grid_15440,1121.9886474609375
grid_15441,1148.4171142578125
grid_15442,1148.4171142578125
grid_15443,1148.4171142578125
grid_15444,1121.9886474609375
grid_15445,1148.4171142578125
grid_15446,1148.4171142578125
grid_15447,1148.4171142578125
grid_15448,1148.4171142578125
grid_15449,1192.7567138671875
grid_15450,1148.4171142578125
grid_15451,1148.4171142578125
grid_15452,1192.7567138671875
grid_15453,1148.4171142578125
grid_15454,1148.4171142578125
grid_15455,1112.4041748046875
grid_15456,1112.4041748046875
grid_15457,1116.3126220703125
grid_15458,1116.3126220703125
grid_15459,1112.4041748046875
grid_15460,1138.9532470703125
grid_15461,1112.4041748046875
grid_15462,1116.3126220703125
grid_15463,1138.9532470703125
grid_15464,1116.3126220703125
grid_15465,1148.4171142578125
grid_15466,1148.4171142578125
grid_15467,1148.4171142578125
grid_15468,1192.7567138671875
grid_15469,1148.4171142578125
grid_15470,1192.7567138671875
grid_15471,1148.4171142578125
grid_15472,1148.4171142578125
grid_15473,1148.4171142578125
grid_15474,1148.4171142578125
grid_15475,1112.4041748046875
grid_15476,1121.9886474609375
grid_15477,1121.9886474609375
grid_15478,1148.4171142578125
grid_15479,1121.9886474609375
grid_15480,1148.4171142578125
grid_15481,1148.4171142578125
grid_15482,1121.9886474609375
grid_15483,1148.4171142578125
grid_15484,1121.9886474609375
grid_15485,1112.4041748046875
grid_15486,1116.3126220703125
grid_15487,1138.9532470703125
grid_15488,1112.4041748046875
grid_15489,1116.3126220703125
grid_15490,1138.9532470703125
grid_15491,1112.4041748046875
grid_15492,1116.3126220703125
grid_15493,1112.4041748046875
grid_15494,1116.3126220703125
grid_15495,1121.9886474609375
grid_15496,1112.4041748046875
grid_15497,1148.4171142578125
grid_15498,1121.9886474609375
grid_15499,1121.9886474609375
grid_15500,1148.4171142578125
grid_15501,1148.4171142578125
grid_15502,1121.9886474609375
grid_15503,1148.4171142578125
grid_15504,1148.4171142578125
grid_15505,1192.7567138671875
grid_15506,1148.4171142578125
grid_15507,1148.4171142578125
grid_15508,1192.7567138671875
grid_15509,1148.4171142578125
grid_15510,1148.4171142578125
grid_15511,1148.4171142578125
grid_15512,1148.4171142578125
grid_15513,1192.7567138671875
grid_15514,1148.4171142578125
grid_15515,1112.4041748046875
grid_15516,1138.9532470703125
grid_15517,1116.3126220703125
grid_15518,1138.9532470703125
grid_15519,1116.3126220703125
grid_15520,1112.4041748046875
grid_15521,1116.3126220703125
grid_15522,1138.9532470703125
grid_15523,1116.3126220703125
grid_15524,1112.4041748046875
grid_15525,1112.4041748046875
grid_15526,1116.3126220703125
grid_15527,1116.3126220703125
grid_15528,1112.4041748046875
grid_15529,1138.9532470703125
grid_15530,1116.3126220703125
grid_15531,1112.4041748046875
grid_15532,1138.9532470703125
grid_15533,1116.3126220703125
grid_15534,1138.9532470703125
grid_15535,1121.9886474609375
grid_15536,1112.4041748046875
grid_15537,1195.7230224609375
grid_15538,1204.8939208984375
grid_15539,1195.7230224609375
grid_15540,1204.8939208984375
grid_15541,1195.7230224609375
grid_15542,1204.8939208984375
grid_15543,1195.7230224609375
grid_15544,1204.8939208984375
grid_15545,1116.3126220703125
grid_15546,1158.63427734375
grid_15547,1158.63427734375
grid_15548,1116.3126220703125
grid_15549,1158.63427734375
grid_15550,1116.3126220703125
grid_15551,1116.3126220703125
grid_15552,1138.9532470703125
grid_15553,1158.63427734375
grid_15554,1138.9532470703125
grid_15555,1148.4171142578125
grid_15556,1273.615966796875
grid_15557,1204.8939208984375
grid_15558,1273.615966796875
grid_15559,1204.8939208984375
grid_15560,1204.8939208984375
grid_15561,1204.8939208984375
grid_15562,1204.8939208984375
grid_15563,1204.8939208984375
grid_15564,1273.615966796875
grid_15565,1158.63427734375
grid_15566,1204.8939208984375
grid_15567,1195.7230224609375
grid_15568,1195.7230224609375
grid_15569,1195.7230224609375
grid_15570,1158.63427734375
grid_15571,1204.8939208984375
grid_15572,1204.8939208984375
grid_15573,1195.7230224609375
grid_15574,1204.8939208984375
grid_15575,1155.7777099609375
grid_15576,1158.63427734375
grid_15577,1160.136474609375
grid_15578,1155.7777099609375
grid_15579,1160.136474609375
grid_15580,1158.63427734375
grid_15581,1160.136474609375
grid_15582,1158.63427734375
grid_15583,1160.136474609375
grid_15584,1155.7777099609375
grid_15585,1273.615966796875
grid_15586,1204.8939208984375
grid_15587,1204.8939208984375
grid_15588,1204.8939208984375
grid_15589,1204.8939208984375
grid_15590,1204.8939208984375
grid_15591,1204.8939208984375
grid_15592,1204.8939208984375
grid_15593,1204.8939208984375
grid_15594,1204.8939208984375
grid_15595,1158.63427734375
grid_15596,1160.136474609375
grid_15597,1158.63427734375
grid_15598,1158.63427734375
grid_15599,1158.63427734375
grid_15600,1155.7777099609375
grid_15601,1155.7777099609375
grid_15602,1158.63427734375
grid_15603,1155.7777099609375
grid_15604,1160.136474609375
grid_15605,1204.8939208984375
grid_15606,1204.8939208984375
grid_15607,1158.63427734375
grid_15608,1204.8939208984375
grid_15609,1195.7230224609375
grid_15610,1195.7230224609375
grid_15611,1204.8939208984375
grid_15612,1195.7230224609375
grid_15613,1195.7230224609375
grid_15614,1195.7230224609375
grid_15615,1125.4979248046875
grid_15616,1138.9532470703125
grid_15617,1125.4979248046875
grid_15618,1075.5576171875
grid_15619,1075.5576171875
grid_15620,1125.4979248046875
grid_15621,1075.5576171875
grid_15622,1075.5576171875
grid_15623,1125.4979248046875
grid_15624,1075.5576171875
grid_15625,1063.3853759765625
grid_15626,1125.4979248046875
grid_15627,1138.9532470703125
grid_15628,1125.4979248046875
grid_15629,1075.5576171875
grid_15630,1125.4979248046875
grid_15631,1075.5576171875
grid_15632,1075.5576171875
grid_15633,1125.4979248046875
grid_15634,1075.5576171875
grid_15635,1138.9532470703125
grid_15636,1075.5576171875
grid_15637,1138.9532470703125
grid_15638,1125.4979248046875
grid_15639,1063.3853759765625
grid_15640,1180.0634765625
grid_15641,1180.0634765625
grid_15642,1155.7777099609375
grid_15643,1180.0634765625
grid_15644,1180.0634765625
grid_15645,1143.9803466796875
grid_15646,1143.9803466796875
grid_15647,1143.9803466796875
grid_15648,1102.7325439453125
grid_15649,1143.9803466796875
grid_15650,1155.7777099609375
grid_15651,1143.9803466796875
grid_15652,1180.0634765625
grid_15653,1180.0634765625
grid_15654,1180.0634765625
grid_15655,1155.7777099609375
grid_15656,1143.9803466796875
grid_15657,1180.0634765625
grid_15658,1143.9803466796875
grid_15659,1155.7777099609375
grid_15660,1143.9803466796875
grid_15661,1143.9803466796875
grid_15662,1102.7325439453125
grid_15663,1143.9803466796875
grid_15664,1102.7325439453125
grid_15665,1102.7325439453125
grid_15666,1102.7325439453125
grid_15667,1102.7325439453125
grid_15668,1102.7325439453125
grid_15669,1102.7325439453125
grid_15670,1102.7325439453125
grid_15671,1102.7325439453125
grid_15672,1102.7325439453125
grid_15673,1102.7325439453125
grid_15674,1102.7325439453125
grid_15675,1143.9803466796875
grid_15676,1180.0634765625
grid_15677,1180.0634765625
grid_15678,1143.9803466796875
grid_15679,1143.9803466796875
grid_15680,1180.0634765625
grid_15681,1155.7777099609375
grid_15682,1143.9803466796875
grid_15683,1180.0634765625
grid_15684,1143.9803466796875
grid_15685,1155.7777099609375
grid_15686,1180.0634765625
grid_15687,1155.7777099609375
grid_15688,1143.9803466796875
grid_15689,1180.0634765625
grid_15690,1180.0634765625
grid_15691,1102.7325439453125
grid_15692,1143.9803466796875
grid_15693,1143.9803466796875
grid_15694,1143.9803466796875
grid_15695,1180.0634765625
grid_15696,1143.9803466796875
grid_15697,1180.0634765625
grid_15698,1180.0634765625
grid_15699,1180.0634765625
grid_15700,1180.0634765625
grid_15701,1143.9803466796875
grid_15702,1143.9803466796875
grid_15703,1102.7325439453125
grid_15704,1180.0634765625
grid_15705,1143.9803466796875
grid_15706,1143.9803466796875
grid_15707,1155.7777099609375
grid_15708,1180.0634765625
grid_15709,1143.9803466796875
grid_15710,1137.3082275390625
grid_15711,1077.6343994140625
grid_15712,1116.865234375
grid_15713,1099.2879638671875
grid_15714,1137.3082275390625
grid_15715,1160.136474609375
grid_15716,1160.136474609375
grid_15717,1160.136474609375
grid_15718,1160.136474609375
grid_15719,1158.63427734375
grid_15720,1155.7777099609375
grid_15721,1160.136474609375
grid_15722,1160.136474609375
grid_15723,1160.136474609375
grid_15724,1155.7777099609375
grid_15725,1204.8939208984375
grid_15726,1273.615966796875
grid_15727,1204.8939208984375
grid_15728,1273.615966796875
grid_15729,1204.8939208984375
grid_15730,1204.8939208984375
grid_15731,1204.8939208984375
grid_15732,1273.615966796875
grid_15733,1204.8939208984375
grid_15734,1204.8939208984375
grid_15735,1204.8939208984375
grid_15736,1195.7230224609375
grid_15737,1204.8939208984375
grid_15738,1204.8939208984375
grid_15739,1204.8939208984375
grid_15740,1195.7230224609375
grid_15741,1158.63427734375
grid_15742,1195.7230224609375
grid_15743,1158.63427734375
grid_15744,1195.7230224609375
grid_15745,1273.615966796875
grid_15746,1204.8939208984375
grid_15747,1204.8939208984375
grid_15748,1273.615966796875
grid_15749,1204.8939208984375
grid_15750,1204.8939208984375
grid_15751,1204.8939208984375
grid_15752,1204.8939208984375
grid_15753,1204.8939208984375
grid_15754,1204.8939208984375
grid_15755,1155.7777099609375
grid_15756,1158.63427734375
grid_15757,1160.136474609375
grid_15758,1160.136474609375
grid_15759,1158.63427734375
grid_15760,1158.63427734375
grid_15761,1158.63427734375
grid_15762,1160.136474609375
grid_15763,1160.136474609375
grid_15764,1158.63427734375
grid_15765,1155.7777099609375
grid_15766,1155.7777099609375
grid_15767,1158.63427734375
grid_15768,1155.7777099609375
grid_15769,1160.136474609375
grid_15770,1158.63427734375
grid_15771,1160.136474609375
grid_15772,1160.136474609375
grid_15773,1125.08837890625
grid_15774,1160.136474609375
grid_15775,1204.8939208984375
grid_15776,1195.7230224609375
grid_15777,1195.7230224609375
grid_15778,1204.8939208984375
grid_15779,1204.8939208984375
grid_15780,1195.7230224609375
grid_15781,1204.8939208984375
grid_15782,1182.1304931640625
grid_15783,1176.719482421875
grid_15784,1182.1304931640625
grid_15785,1273.615966796875
grid_15786,1182.1304931640625
grid_15787,1240.365478515625
grid_15788,1182.1304931640625
grid_15789,1182.1304931640625
grid_15790,1240.365478515625
grid_15791,1182.1304931640625
grid_15792,1182.1304931640625
grid_15793,1182.1304931640625
grid_15794,1240.365478515625
grid_15795,1160.136474609375
grid_15796,1155.7777099609375
grid_15797,1125.08837890625
grid_15798,1125.08837890625
grid_15799,1160.136474609375
grid_15800,1155.7777099609375
grid_15801,1130.320556640625
grid_15802,1125.08837890625
grid_15803,1155.7777099609375
grid_15804,1160.136474609375
grid_15805,1176.719482421875
grid_15806,1176.719482421875
grid_15807,1182.1304931640625
grid_15808,1125.08837890625
grid_15809,1176.719482421875
grid_15810,1176.719482421875
grid_15811,1176.719482421875
grid_15812,1182.1304931640625
grid_15813,1176.719482421875
grid_15814,1176.719482421875
grid_15815,1249.1834716796875
grid_15816,1249.1834716796875
grid_15817,1249.1834716796875
grid_15818,1249.1834716796875
grid_15819,1249.1834716796875
grid_15820,1249.1834716796875
grid_15821,1265.2449951171875
grid_15822,1249.1834716796875
grid_15823,1249.1834716796875
grid_15824,1249.1834716796875
grid_15825,1205.4866943359375
grid_15826,1178.373779296875
grid_15827,1205.4866943359375
grid_15828,1205.4866943359375
grid_15829,1178.373779296875
grid_15830,1178.373779296875
grid_15831,1205.4866943359375
grid_15832,1178.373779296875
grid_15833,1178.373779296875
grid_15834,1205.4866943359375
grid_15835,1246.4459228515625
grid_15836,1246.4459228515625
grid_15837,1249.1834716796875
grid_15838,1249.1834716796875
grid_15839,1246.4459228515625
grid_15840,1246.4459228515625
grid_15841,1249.1834716796875
grid_15842,1246.4459228515625
grid_15843,1246.4459228515625
grid_15844,1249.1834716796875
grid_15845,1249.1834716796875
grid_15846,1265.2449951171875
grid_15847,1249.1834716796875
grid_15848,1249.1834716796875
grid_15849,1249.1834716796875
grid_15850,1249.1834716796875
grid_15851,1249.1834716796875
grid_15852,1249.1834716796875
grid_15853,1249.1834716796875
grid_15854,1249.1834716796875
grid_15855,1246.4459228515625
grid_15856,1246.4459228515625
grid_15857,1249.1834716796875
grid_15858,1246.4459228515625
grid_15859,1246.4459228515625
grid_15860,1249.1834716796875
grid_15861,1246.4459228515625
grid_15862,1249.1834716796875
grid_15863,1246.4459228515625
grid_15864,1246.4459228515625
grid_15865,1205.4866943359375
grid_15866,1205.4866943359375
grid_15867,1178.373779296875
grid_15868,1178.373779296875
grid_15869,1205.4866943359375
grid_15870,1205.4866943359375
grid_15871,1205.4866943359375
grid_15872,1178.373779296875
grid_15873,1205.4866943359375
grid_15874,1178.373779296875
grid_15875,1249.1834716796875
grid_15876,1246.4459228515625
grid_15877,1289.3868408203125
grid_15878,1272.7281494140625
grid_15879,1272.7281494140625
grid_15880,1289.3868408203125
grid_15881,1272.7281494140625
grid_15882,1289.3868408203125
grid_15883,1289.3868408203125
grid_15884,1289.3868408203125
grid_15885,1265.2449951171875
grid_15886,1249.1834716796875
grid_15887,1272.7281494140625
grid_15888,1272.7281494140625
grid_15889,1293.9932861328125
grid_15890,1272.7281494140625
grid_15891,1272.7281494140625
grid_15892,1272.7281494140625
grid_15893,1272.7281494140625
grid_15894,1272.7281494140625
grid_15895,1272.7281494140625
grid_15896,1293.9932861328125
grid_15897,1272.7281494140625
grid_15898,1272.7281494140625
grid_15899,1272.7281494140625
grid_15900,1272.7281494140625
grid_15901,1272.7281494140625
grid_15902,1272.7281494140625
grid_15903,1272.7281494140625
grid_15904,1293.9932861328125
grid_15905,1272.7281494140625
grid_15906,1289.3868408203125
grid_15907,1272.7281494140625
grid_15908,1289.3868408203125
grid_15909,1289.3868408203125
grid_15910,1272.7281494140625
grid_15911,1289.3868408203125
grid_15912,1289.3868408203125
grid_15913,1289.3868408203125
grid_15914,1289.3868408203125
grid_15915,1337.8011474609375
grid_15916,1293.9932861328125
grid_15917,1337.8011474609375
grid_15918,1293.9932861328125
grid_15919,1293.9932861328125
grid_15920,1293.9932861328125
grid_15921,1337.8011474609375
grid_15922,1337.8011474609375
grid_15923,1293.9932861328125
grid_15924,1337.8011474609375
grid_15925,1355.47705078125
grid_15926,1355.47705078125
grid_15927,1355.47705078125
grid_15928,1355.47705078125
grid_15929,1355.47705078125
grid_15930,1355.47705078125
grid_15931,1355.47705078125
grid_15932,1355.47705078125
grid_15933,1355.47705078125
grid_15934,1355.47705078125
grid_15935,1357.826171875
grid_15936,1357.826171875
grid_15937,1357.826171875
grid_15938,1337.8011474609375
grid_15939,1357.826171875
grid_15940,1337.8011474609375
grid_15941,1357.826171875
grid_15942,1357.826171875
grid_15943,1357.826171875
grid_15944,1357.826171875
grid_15945,1337.8011474609375
grid_15946,1357.826171875
grid_15947,1337.8011474609375
grid_15948,1357.826171875
grid_15949,1357.826171875
grid_15950,1337.8011474609375
grid_15951,1357.826171875
grid_15952,1357.826171875
grid_15953,1357.826171875
grid_15954,1337.8011474609375
grid_15955,1293.9932861328125
grid_15956,1337.8011474609375
grid_15957,1337.8011474609375
grid_15958,1293.9932861328125
grid_15959,1293.9932861328125
grid_15960,1293.9932861328125
grid_15961,1293.9932861328125
grid_15962,1337.8011474609375
grid_15963,1337.8011474609375
grid_15964,1293.9932861328125
grid_15965,1355.47705078125
grid_15966,1355.47705078125
grid_15967,1355.47705078125
grid_15968,1355.47705078125
grid_15969,1355.47705078125
grid_15970,1355.47705078125
grid_15971,1355.47705078125
grid_15972,1355.47705078125
grid_15973,1399.0684814453125
grid_15974,1399.0684814453125
grid_15975,1293.9932861328125
grid_15976,1337.8011474609375
grid_15977,1329.4117431640625
grid_15978,1348.182373046875
grid_15979,1293.9932861328125
grid_15980,1348.182373046875
grid_15981,1348.182373046875
grid_15982,1329.4117431640625
grid_15983,1348.182373046875
grid_15984,1348.182373046875
grid_15985,1371.832763671875
grid_15986,1348.182373046875
grid_15987,1371.832763671875
grid_15988,1371.832763671875
grid_15989,1371.832763671875
grid_15990,1348.182373046875
grid_15991,1371.832763671875
grid_15992,1348.182373046875
grid_15993,1371.832763671875
grid_15994,1371.832763671875
grid_15995,1399.0684814453125
grid_15996,1399.0684814453125
grid_15997,1399.0684814453125
grid_15998,1399.0684814453125
grid_15999,1399.0684814453125
grid_16000,1399.0684814453125
grid_16001,1399.0684814453125
grid_16002,1399.0684814453125
grid_16003,1399.0684814453125
grid_16004,1399.0684814453125
grid_16005,1348.182373046875
grid_16006,1371.832763671875
grid_16007,1371.832763671875
grid_16008,1348.182373046875
grid_16009,1371.832763671875
grid_16010,1371.832763671875
grid_16011,1348.182373046875
grid_16012,1371.832763671875
grid_16013,1371.832763671875
grid_16014,1348.182373046875
grid_16015,1348.182373046875
grid_16016,1348.182373046875
grid_16017,1348.182373046875
grid_16018,1329.4117431640625
grid_16019,1348.182373046875
grid_16020,1348.182373046875
grid_16021,1348.182373046875
grid_16022,1348.182373046875
grid_16023,1348.182373046875
grid_16024,1348.182373046875
grid_16025,1348.182373046875
grid_16026,1371.832763671875
grid_16027,1371.832763671875
grid_16028,1371.832763671875
grid_16029,1371.832763671875
grid_16030,1348.182373046875
grid_16031,1348.182373046875
grid_16032,1371.832763671875
grid_16033,1371.832763671875
grid_16034,1371.832763671875
grid_16035,1357.826171875
grid_16036,1357.826171875
grid_16037,1371.832763671875
grid_16038,1440.701904296875
grid_16039,1440.701904296875
grid_16040,1516.4599609375
grid_16041,1470.560791015625
grid_16042,1470.560791015625
grid_16043,1516.4599609375
grid_16044,1470.560791015625
grid_16045,1440.701904296875
grid_16046,1395.6551513671875
grid_16047,1395.6551513671875
grid_16048,1440.701904296875
grid_16049,1440.701904296875
grid_16050,1440.701904296875
grid_16051,1440.701904296875
grid_16052,1395.6551513671875
grid_16053,1395.6551513671875
grid_16054,1440.701904296875
grid_16055,1348.182373046875
grid_16056,1395.6551513671875
grid_16057,1395.6551513671875
grid_16058,1440.701904296875
grid_16059,1440.701904296875
grid_16060,1440.701904296875
grid_16061,1395.6551513671875
grid_16062,1395.6551513671875
grid_16063,1440.701904296875
grid_16064,1440.701904296875
grid_16065,1440.701904296875
grid_16066,1440.701904296875
grid_16067,1440.701904296875
grid_16068,1440.701904296875
grid_16069,1440.701904296875
grid_16070,1440.701904296875
grid_16071,1440.701904296875
grid_16072,1440.701904296875
grid_16073,1470.560791015625
grid_16074,1470.560791015625
grid_16075,1470.560791015625
grid_16076,1470.560791015625
grid_16077,1470.560791015625
grid_16078,1470.560791015625
grid_16079,1470.560791015625
grid_16080,1470.560791015625
grid_16081,1516.4599609375
grid_16082,1516.4599609375
grid_16083,1470.560791015625
grid_16084,1286.133544921875
grid_16085,1254.3443603515625
grid_16086,1286.133544921875
grid_16087,1254.3443603515625
grid_16088,1286.133544921875
grid_16089,1286.133544921875
grid_16090,1286.133544921875
grid_16091,1286.133544921875
grid_16092,1286.133544921875
grid_16093,1286.133544921875
grid_16094,1272.7281494140625
grid_16095,1289.3868408203125
grid_16096,1289.3868408203125
grid_16097,1289.3868408203125
grid_16098,1272.7281494140625
grid_16099,1289.3868408203125
grid_16100,1289.3868408203125
grid_16101,1272.7281494140625
grid_16102,1289.3868408203125
grid_16103,1289.3868408203125
grid_16104,1272.7281494140625
grid_16105,1272.7281494140625
grid_16106,1293.9932861328125
grid_16107,1289.3868408203125
grid_16108,1272.7281494140625
grid_16109,1289.3868408203125
grid_16110,1289.3868408203125
grid_16111,1289.3868408203125
grid_16112,1289.3868408203125
grid_16113,1289.3868408203125
grid_16114,1340.30908203125
grid_16115,1340.30908203125
grid_16116,1340.30908203125
grid_16117,1340.30908203125
grid_16118,1340.30908203125
grid_16119,1340.30908203125
grid_16120,1340.30908203125
grid_16121,1340.30908203125
grid_16122,1340.30908203125
grid_16123,1340.30908203125
grid_16124,1340.30908203125
grid_16125,1340.30908203125
grid_16126,1340.30908203125
grid_16127,1286.133544921875
grid_16128,1286.133544921875
grid_16129,1318.5855712890625
grid_16130,1318.5855712890625
grid_16131,1318.5855712890625
grid_16132,1318.5855712890625
grid_16133,1240.0423583984375
grid_16134,1318.5855712890625
grid_16135,1240.0423583984375
grid_16136,1240.0423583984375
grid_16137,1340.30908203125
grid_16138,1340.30908203125
grid_16139,1340.30908203125
grid_16140,1325.7373046875
grid_16141,1360.58837890625
grid_16142,1325.7373046875
grid_16143,1325.7373046875
grid_16144,1325.7373046875
grid_16145,1360.58837890625
grid_16146,1396.2928466796875
grid_16147,1396.2928466796875
grid_16148,1396.2928466796875
grid_16149,1427.143798828125
grid_16150,1427.143798828125
grid_16151,1396.2928466796875
grid_16152,1396.2928466796875
grid_16153,1427.143798828125
grid_16154,1396.2928466796875
grid_16155,1427.143798828125
grid_16156,1396.2928466796875
grid_16157,1396.2928466796875
grid_16158,1427.143798828125
grid_16159,1427.143798828125
grid_16160,1205.878173828125
grid_16161,1199.6505126953125
grid_16162,1269.7503662109375
grid_16163,1199.6505126953125
grid_16164,1199.6505126953125
grid_16165,1199.6505126953125
grid_16166,1205.878173828125
grid_16167,1199.6505126953125
grid_16168,1269.7503662109375
grid_16169,1199.6505126953125
grid_16170,1192.7567138671875
grid_16171,1205.878173828125
grid_16172,1205.878173828125
grid_16173,1192.7567138671875
grid_16174,1192.7567138671875
grid_16175,1205.878173828125
grid_16176,1205.878173828125
grid_16177,1192.7567138671875
grid_16178,1205.878173828125
grid_16179,1273.615966796875
grid_16180,1269.7503662109375
grid_16181,1269.7503662109375
grid_16182,1269.7503662109375
grid_16183,1269.7503662109375
grid_16184,1325.7373046875
grid_16185,1325.7373046875
grid_16186,1269.7503662109375
grid_16187,1269.7503662109375
grid_16188,1269.7503662109375
grid_16189,1396.2928466796875
grid_16190,1199.6505126953125
grid_16191,1199.6505126953125
grid_16192,1199.6505126953125
grid_16193,1205.878173828125
grid_16194,1199.6505126953125
grid_16195,1343.3299560546875
grid_16196,1283.9678955078125
grid_16197,1311.9093017578125
grid_16198,1283.9678955078125
grid_16199,1283.9678955078125
grid_16200,1273.615966796875
grid_16201,1311.9093017578125
grid_16202,1311.9093017578125
grid_16203,1311.9093017578125
grid_16204,1273.615966796875
grid_16205,1273.615966796875
grid_16206,1273.615966796875
grid_16207,1311.9093017578125
grid_16208,1311.9093017578125
grid_16209,1311.9093017578125
grid_16210,1396.2928466796875
grid_16211,1343.3299560546875
grid_16212,1343.3299560546875
grid_16213,1343.3299560546875
grid_16214,1343.3299560546875
grid_16215,1396.2928466796875
grid_16216,1343.3299560546875
grid_16217,1343.3299560546875
grid_16218,1396.2928466796875
grid_16219,1343.3299560546875
grid_16220,1427.143798828125
grid_16221,1396.2928466796875
grid_16222,1427.143798828125
grid_16223,1427.143798828125
grid_16224,1396.2928466796875
grid_16225,1396.2928466796875
grid_16226,1396.2928466796875
grid_16227,1396.2928466796875
grid_16228,1427.143798828125
grid_16229,1396.2928466796875
grid_16230,1283.9678955078125
grid_16231,1283.9678955078125
grid_16232,1343.3299560546875
grid_16233,1283.9678955078125
grid_16234,1283.9678955078125
grid_16235,1311.9093017578125
grid_16236,1283.9678955078125
grid_16237,1283.9678955078125
grid_16238,1283.9678955078125
grid_16239,1343.3299560546875
grid_16240,1343.3299560546875
grid_16241,1396.2928466796875
grid_16242,1343.3299560546875
grid_16243,1343.3299560546875
grid_16244,1396.2928466796875
grid_16245,1343.3299560546875
grid_16246,1343.3299560546875
grid_16247,1396.2928466796875
grid_16248,1343.3299560546875
grid_16249,1343.3299560546875
grid_16250,1273.615966796875
grid_16251,1311.9093017578125
grid_16252,1311.9093017578125
grid_16253,1311.9093017578125
grid_16254,1273.615966796875
grid_16255,1273.615966796875
grid_16256,1273.615966796875
grid_16257,1273.615966796875
grid_16258,1311.9093017578125
grid_16259,1273.615966796875
grid_16260,1283.9678955078125
grid_16261,1311.9093017578125
grid_16262,1283.9678955078125
grid_16263,1283.9678955078125
grid_16264,1283.9678955078125
grid_16265,1283.9678955078125
grid_16266,1343.3299560546875
grid_16267,1311.9093017578125
grid_16268,1283.9678955078125
grid_16269,1283.9678955078125
grid_16270,1283.9678955078125
grid_16271,1283.9678955078125
grid_16272,1283.9678955078125
grid_16273,1343.3299560546875
grid_16274,1283.9678955078125
grid_16275,1311.9093017578125
grid_16276,1283.9678955078125
grid_16277,1283.9678955078125
grid_16278,1283.9678955078125
grid_16279,1283.9678955078125
grid_16280,1273.615966796875
grid_16281,1311.9093017578125
grid_16282,1311.9093017578125
grid_16283,1273.615966796875
grid_16284,1311.9093017578125
grid_16285,1273.615966796875
grid_16286,1311.9093017578125
grid_16287,1273.615966796875
grid_16288,1311.9093017578125
grid_16289,1240.365478515625
grid_16290,1343.3299560546875
grid_16291,1396.2928466796875
grid_16292,1343.3299560546875
grid_16293,1343.3299560546875
grid_16294,1343.3299560546875
grid_16295,1343.3299560546875
grid_16296,1396.2928466796875
grid_16297,1396.2928466796875
grid_16298,1343.3299560546875
grid_16299,1336.8031005859375
grid_16300,1263.2398681640625
grid_16301,1240.365478515625
grid_16302,1240.365478515625
grid_16303,1263.2398681640625
grid_16304,1263.2398681640625
grid_16305,1240.365478515625
grid_16306,1240.365478515625
grid_16307,1263.2398681640625
grid_16308,1263.2398681640625
grid_16309,1240.365478515625
grid_16310,1336.8031005859375
grid_16311,1336.8031005859375
grid_16312,1336.8031005859375
grid_16313,1336.096923828125
grid_16314,1336.096923828125
grid_16315,1336.8031005859375
grid_16316,1336.096923828125
grid_16317,1336.096923828125
grid_16318,1336.8031005859375
grid_16319,1336.8031005859375
grid_16320,1396.2928466796875
grid_16321,1427.143798828125
grid_16322,1336.096923828125
grid_16323,1336.096923828125
grid_16324,1344.5574951171875
grid_16325,1336.096923828125
grid_16326,1344.5574951171875
grid_16327,1336.096923828125
grid_16328,1336.096923828125
grid_16329,1336.096923828125
grid_16330,1336.8031005859375
grid_16331,1276.9150390625
grid_16332,1276.9150390625
grid_16333,1276.9150390625
grid_16334,1263.2398681640625
grid_16335,1276.9150390625
grid_16336,1276.9150390625
grid_16337,1336.8031005859375
grid_16338,1276.9150390625
grid_16339,1276.9150390625
grid_16340,1276.9150390625
grid_16341,1276.9150390625
grid_16342,1276.9150390625
grid_16343,1263.2398681640625
grid_16344,1263.2398681640625
grid_16345,1276.9150390625
grid_16346,1263.2398681640625
grid_16347,1276.9150390625
grid_16348,1276.9150390625
grid_16349,1276.9150390625
grid_16350,1263.2398681640625
grid_16351,1240.365478515625
grid_16352,1263.2398681640625
grid_16353,1240.365478515625
grid_16354,1240.365478515625
grid_16355,1263.2398681640625
grid_16356,1263.2398681640625
grid_16357,1240.365478515625
grid_16358,1263.2398681640625
grid_16359,1263.2398681640625
grid_16360,1336.8031005859375
grid_16361,1336.8031005859375
grid_16362,1336.096923828125
grid_16363,1336.8031005859375
grid_16364,1336.096923828125
grid_16365,1336.8031005859375
grid_16366,1336.8031005859375
grid_16367,1336.096923828125
grid_16368,1336.8031005859375
grid_16369,1336.8031005859375
grid_16370,1336.8031005859375
grid_16371,1276.9150390625
grid_16372,1276.9150390625
grid_16373,1336.8031005859375
grid_16374,1276.9150390625
grid_16375,1263.2398681640625
grid_16376,1276.9150390625
grid_16377,1276.9150390625
grid_16378,1263.2398681640625
grid_16379,1276.9150390625
grid_16380,1336.096923828125
grid_16381,1336.096923828125
grid_16382,1344.5574951171875
grid_16383,1344.5574951171875
grid_16384,1336.096923828125
grid_16385,1336.096923828125
grid_16386,1336.096923828125
grid_16387,1336.096923828125
grid_16388,1344.5574951171875
grid_16389,1336.096923828125
grid_16390,1240.365478515625
grid_16391,1240.365478515625
grid_16392,1263.2398681640625
grid_16393,1263.2398681640625
grid_16394,1240.365478515625
grid_16395,1263.2398681640625
grid_16396,1240.365478515625
grid_16397,1240.365478515625
grid_16398,1263.2398681640625
grid_16399,1263.2398681640625
grid_16400,1336.8031005859375
grid_16401,1336.096923828125
grid_16402,1336.8031005859375
grid_16403,1336.096923828125
grid_16404,1336.096923828125
grid_16405,1336.8031005859375
grid_16406,1336.8031005859375
grid_16407,1336.8031005859375
grid_16408,1336.8031005859375
grid_16409,1336.096923828125
grid_16410,1344.5574951171875
grid_16411,1344.5574951171875
grid_16412,1336.096923828125
grid_16413,1336.096923828125
grid_16414,1336.096923828125
grid_16415,1344.5574951171875
grid_16416,1344.5574951171875
grid_16417,1336.096923828125
grid_16418,1336.096923828125
grid_16419,1336.096923828125
grid_16420,1276.9150390625
grid_16421,1336.8031005859375
grid_16422,1276.9150390625
grid_16423,1276.9150390625
grid_16424,1263.2398681640625
grid_16425,1276.9150390625
grid_16426,1276.9150390625
grid_16427,1276.9150390625
grid_16428,1336.8031005859375
grid_16429,1276.9150390625
grid_16430,1263.2398681640625
grid_16431,1263.2398681640625
grid_16432,1240.365478515625
grid_16433,1263.2398681640625
grid_16434,1263.2398681640625
grid_16435,1240.365478515625
grid_16436,1240.365478515625
grid_16437,1263.2398681640625
grid_16438,1240.365478515625
grid_16439,1240.365478515625
grid_16440,1336.8031005859375
grid_16441,1336.8031005859375
grid_16442,1336.8031005859375
grid_16443,1336.8031005859375
grid_16444,1336.096923828125
grid_16445,1336.8031005859375
grid_16446,1336.8031005859375
grid_16447,1336.8031005859375
grid_16448,1336.8031005859375
grid_16449,1336.096923828125
grid_16450,1276.9150390625
grid_16451,1276.9150390625
grid_16452,1336.8031005859375
grid_16453,1276.9150390625
grid_16454,1263.2398681640625
grid_16455,1276.9150390625
grid_16456,1276.9150390625
grid_16457,1263.2398681640625
grid_16458,1276.9150390625
grid_16459,1336.8031005859375
grid_16460,1125.08837890625
grid_16461,1130.320556640625
grid_16462,1130.320556640625
grid_16463,1130.320556640625
grid_16464,1125.08837890625
grid_16465,1116.865234375
grid_16466,1130.320556640625
grid_16467,1125.08837890625
grid_16468,1130.320556640625
grid_16469,1116.865234375
grid_16470,1116.865234375
grid_16471,1125.08837890625
grid_16472,1130.320556640625
grid_16473,1130.320556640625
grid_16474,1125.08837890625
grid_16475,1116.865234375
grid_16476,1125.08837890625
grid_16477,1130.320556640625
grid_16478,1116.865234375
grid_16479,1125.08837890625
grid_16480,1182.1304931640625
grid_16481,1182.1304931640625
grid_16482,1182.1304931640625
grid_16483,1240.365478515625
grid_16484,1182.1304931640625
grid_16485,1182.1304931640625
grid_16486,1182.1304931640625
grid_16487,1240.365478515625
grid_16488,1182.1304931640625
grid_16489,1182.1304931640625
grid_16490,1176.719482421875
grid_16491,1176.719482421875
grid_16492,1182.1304931640625
grid_16493,1182.1304931640625
grid_16494,1125.08837890625
grid_16495,1176.719482421875
grid_16496,1176.719482421875
grid_16497,1182.1304931640625
grid_16498,1176.719482421875
grid_16499,1176.719482421875
grid_16500,1130.320556640625
grid_16501,1130.320556640625
grid_16502,1125.08837890625
grid_16503,1116.865234375
grid_16504,1125.08837890625
grid_16505,1125.08837890625
grid_16506,1116.865234375
grid_16507,1130.320556640625
grid_16508,1130.320556640625
grid_16509,1130.320556640625
grid_16510,1182.1304931640625
grid_16511,1182.1304931640625
grid_16512,1125.08837890625
grid_16513,1176.719482421875
grid_16514,1182.1304931640625
grid_16515,1182.1304931640625
grid_16516,1176.719482421875
grid_16517,1176.719482421875
grid_16518,1125.08837890625
grid_16519,1176.719482421875
grid_16520,1182.1304931640625
grid_16521,1240.365478515625
grid_16522,1182.1304931640625
grid_16523,1182.1304931640625
grid_16524,1182.1304931640625
grid_16525,1240.365478515625
grid_16526,1182.1304931640625
grid_16527,1240.365478515625
grid_16528,1182.1304931640625
grid_16529,1182.1304931640625
grid_16530,1182.1304931640625
grid_16531,1182.1304931640625
grid_16532,1182.1304931640625
grid_16533,1182.1304931640625
grid_16534,1182.1304931640625
grid_16535,1182.1304931640625
grid_16536,1182.1304931640625
grid_16537,1240.365478515625
grid_16538,1182.1304931640625
grid_16539,1240.365478515625
grid_16540,1130.320556640625
grid_16541,1116.865234375
grid_16542,1130.320556640625
grid_16543,1116.865234375
grid_16544,1125.08837890625
grid_16545,1125.08837890625
grid_16546,1130.320556640625
grid_16547,1130.320556640625
grid_16548,1130.320556640625
grid_16549,1125.08837890625
grid_16550,1182.1304931640625
grid_16551,1176.719482421875
grid_16552,1176.719482421875
grid_16553,1176.719482421875
grid_16554,1182.1304931640625
grid_16555,1182.1304931640625
grid_16556,1125.08837890625
grid_16557,1176.719482421875
grid_16558,1182.1304931640625
grid_16559,1176.719482421875
grid_16560,1102.7325439453125
grid_16561,1102.7325439453125
grid_16562,1053.3638916015625
grid_16563,1077.6343994140625
grid_16564,1077.6343994140625
grid_16565,1077.6343994140625
grid_16566,1077.6343994140625
grid_16567,1077.6343994140625
grid_16568,1053.3638916015625
grid_16569,1077.6343994140625
grid_16570,1099.2879638671875
grid_16571,1099.2879638671875
grid_16572,1137.3082275390625
grid_16573,1137.3082275390625
grid_16574,1137.3082275390625
grid_16575,1099.2879638671875
grid_16576,1099.2879638671875
grid_16577,1099.2879638671875
grid_16578,1099.2879638671875
grid_16579,1116.865234375
grid_16580,1077.6343994140625
grid_16581,1099.2879638671875
grid_16582,1137.3082275390625
grid_16583,1099.2879638671875
grid_16584,1099.2879638671875
grid_16585,1137.3082275390625
grid_16586,1137.3082275390625
grid_16587,1137.3082275390625
grid_16588,1137.3082275390625
grid_16589,1116.865234375
grid_16590,1053.3638916015625
grid_16591,1077.6343994140625
grid_16592,1077.6343994140625
grid_16593,1077.6343994140625
grid_16594,1077.6343994140625
grid_16595,1077.6343994140625
grid_16596,1053.3638916015625
grid_16597,1077.6343994140625
grid_16598,1053.3638916015625
grid_16599,1053.3638916015625
grid_16600,1077.6343994140625
grid_16601,1137.3082275390625
grid_16602,1137.3082275390625
grid_16603,1137.3082275390625
grid_16604,1137.3082275390625
grid_16605,1137.3082275390625
grid_16606,1099.2879638671875
grid_16607,1099.2879638671875
grid_16608,1099.2879638671875
grid_16609,1099.2879638671875
grid_16610,1099.2879638671875
grid_16611,1116.865234375
grid_16612,1099.2879638671875
grid_16613,1137.3082275390625
grid_16614,1137.3082275390625
grid_16615,1099.2879638671875
grid_16616,1099.2879638671875
grid_16617,1077.6343994140625
grid_16618,1137.3082275390625
grid_16619,1099.2879638671875
grid_16620,1137.3082275390625
grid_16621,1099.2879638671875
grid_16622,1137.3082275390625
grid_16623,1116.865234375
grid_16624,1137.3082275390625
grid_16625,1137.3082275390625
grid_16626,1137.3082275390625
grid_16627,1099.2879638671875
grid_16628,1137.3082275390625
grid_16629,1099.2879638671875
grid_16630,1053.3638916015625
grid_16631,1077.6343994140625
grid_16632,1077.6343994140625
grid_16633,1077.6343994140625
grid_16634,1053.3638916015625
grid_16635,1053.3638916015625
grid_16636,1077.6343994140625
grid_16637,1053.3638916015625
grid_16638,1077.6343994140625
grid_16639,1053.3638916015625
grid_16640,1077.6343994140625
grid_16641,1053.3638916015625
grid_16642,1053.3638916015625
grid_16643,1053.3638916015625
grid_16644,1077.6343994140625
grid_16645,1053.3638916015625
grid_16646,1077.6343994140625
grid_16647,1077.507080078125
grid_16648,1077.6343994140625
grid_16649,1077.6343994140625
grid_16650,1137.3082275390625
grid_16651,1099.2879638671875
grid_16652,1099.2879638671875
grid_16653,1077.6343994140625
grid_16654,1099.2879638671875
grid_16655,1116.865234375
grid_16656,1099.2879638671875
grid_16657,1137.3082275390625
grid_16658,1099.2879638671875
grid_16659,1137.3082275390625
grid_16660,1116.865234375
grid_16661,1130.320556640625
grid_16662,1125.08837890625
grid_16663,1116.865234375
grid_16664,1125.08837890625
grid_16665,1130.320556640625
grid_16666,1116.865234375
grid_16667,1125.08837890625
grid_16668,1116.865234375
grid_16669,1116.865234375
grid_16670,1176.719482421875
grid_16671,1176.719482421875
grid_16672,1182.1304931640625
grid_16673,1125.08837890625
grid_16674,1182.1304931640625
grid_16675,1182.1304931640625
grid_16676,1176.719482421875
grid_16677,1176.719482421875
grid_16678,1176.719482421875
grid_16679,1176.719482421875
grid_16680,1182.1304931640625
grid_16681,1240.365478515625
grid_16682,1240.365478515625
grid_16683,1125.08837890625
grid_16684,1125.08837890625
grid_16685,1130.320556640625
grid_16686,1116.865234375
grid_16687,1130.320556640625
grid_16688,1125.08837890625
grid_16689,1130.320556640625
grid_16690,1130.320556640625
grid_16691,1130.320556640625
grid_16692,1125.08837890625
grid_16693,1116.865234375
grid_16694,1130.320556640625
grid_16695,1130.320556640625
grid_16696,1125.08837890625
grid_16697,1116.865234375
grid_16698,1130.320556640625
grid_16699,1125.08837890625
grid_16700,1125.08837890625
grid_16701,1130.320556640625
grid_16702,1130.320556640625
grid_16703,1176.719482421875
grid_16704,1125.08837890625
grid_16705,1176.719482421875
grid_16706,1176.719482421875
grid_16707,1182.1304931640625
grid_16708,1176.719482421875
grid_16709,1182.1304931640625
grid_16710,1176.719482421875
grid_16711,1182.1304931640625
grid_16712,1176.719482421875
grid_16713,1125.08837890625
grid_16714,1116.865234375
grid_16715,1125.08837890625
grid_16716,1130.320556640625
grid_16717,1116.865234375
grid_16718,1116.865234375
grid_16719,1130.320556640625
grid_16720,1130.320556640625
grid_16721,1116.865234375
grid_16722,1130.320556640625
grid_16723,1176.719482421875
grid_16724,1125.08837890625
grid_16725,1176.719482421875
grid_16726,1125.08837890625
grid_16727,1116.865234375
grid_16728,1116.865234375
grid_16729,1130.320556640625
grid_16730,1130.320556640625
grid_16731,1130.320556640625
grid_16732,1125.08837890625
grid_16733,1125.08837890625
grid_16734,1116.865234375
grid_16735,1116.865234375
grid_16736,1240.365478515625
grid_16737,1263.2398681640625
grid_16738,1263.2398681640625
grid_16739,1263.2398681640625
grid_16740,1263.2398681640625
grid_16741,1263.2398681640625
grid_16742,1263.2398681640625
grid_16743,1240.365478515625
grid_16744,1240.365478515625
grid_16745,1263.2398681640625
grid_16746,1336.096923828125
grid_16747,1336.8031005859375
grid_16748,1336.8031005859375
grid_16749,1336.8031005859375
grid_16750,1336.8031005859375
grid_16751,1336.096923828125
grid_16752,1336.096923828125
grid_16753,1336.8031005859375
grid_16754,1336.8031005859375
grid_16755,1336.8031005859375
grid_16756,1336.096923828125
grid_16757,1336.096923828125
grid_16758,1336.096923828125
grid_16759,1276.9150390625
grid_16760,1276.9150390625
grid_16761,1276.9150390625
grid_16762,1336.8031005859375
grid_16763,1276.9150390625
grid_16764,1263.2398681640625
grid_16765,1276.9150390625
grid_16766,1276.9150390625
grid_16767,1276.9150390625
grid_16768,1276.9150390625
grid_16769,1240.365478515625
grid_16770,1263.2398681640625
grid_16771,1263.2398681640625
grid_16772,1263.2398681640625
grid_16773,1240.365478515625
grid_16774,1263.2398681640625
grid_16775,1240.365478515625
grid_16776,1263.2398681640625
grid_16777,1240.365478515625
grid_16778,1263.2398681640625
grid_16779,1336.096923828125
grid_16780,1336.8031005859375
grid_16781,1336.096923828125
grid_16782,1336.8031005859375
grid_16783,1336.8031005859375
grid_16784,1336.8031005859375
grid_16785,1336.096923828125
grid_16786,1336.096923828125
grid_16787,1336.8031005859375
grid_16788,1386.79833984375
grid_16789,1336.8031005859375
grid_16790,1276.9150390625
grid_16791,1263.2398681640625
grid_16792,1263.2398681640625
grid_16793,1263.2398681640625
grid_16794,1263.2398681640625
grid_16795,1386.79833984375
grid_16796,1398.2408447265625
grid_16797,1386.79833984375
grid_16798,1077.6343994140625
grid_16799,1053.3638916015625
grid_16800,1077.507080078125
grid_16801,1053.3638916015625
grid_16802,1077.6343994140625
grid_16803,1053.3638916015625
grid_16804,1053.3638916015625
grid_16805,1077.6343994140625
grid_16806,1053.3638916015625
grid_16807,1053.3638916015625
grid_16808,1099.2879638671875
grid_16809,1099.2879638671875
grid_16810,1137.3082275390625
grid_16811,1137.3082275390625
grid_16812,1077.6343994140625
grid_16813,1099.2879638671875
grid_16814,1137.3082275390625
grid_16815,1116.865234375
grid_16816,1137.3082275390625
grid_16817,1099.2879638671875
grid_16818,1077.6343994140625
grid_16819,1053.3638916015625
grid_16820,1077.6343994140625
grid_16821,1053.3638916015625
grid_16822,1077.507080078125
grid_16823,1077.507080078125
grid_16824,1077.6343994140625
grid_16825,1077.507080078125
grid_16826,1077.507080078125
grid_16827,1077.6343994140625
grid_16828,1099.2879638671875
grid_16829,1099.2879638671875
grid_16830,1137.3082275390625
grid_16831,1099.2879638671875
grid_16832,1077.6343994140625
grid_16833,1137.3082275390625
grid_16834,1099.2879638671875
grid_16835,1137.3082275390625
grid_16836,1137.3082275390625
grid_16837,1116.865234375
grid_16838,1077.6343994140625
grid_16839,1099.2879638671875
grid_16840,1137.3082275390625
grid_16841,1137.3082275390625
grid_16842,1099.2879638671875
grid_16843,1137.3082275390625
grid_16844,1099.2879638671875
grid_16845,1137.3082275390625
grid_16846,1099.2879638671875
grid_16847,1137.3082275390625
grid_16848,1099.2879638671875
grid_16849,1137.3082275390625
grid_16850,1099.2879638671875
grid_16851,1099.2879638671875
grid_16852,1137.3082275390625
grid_16853,1099.2879638671875
grid_16854,1099.2879638671875
grid_16855,1099.2879638671875
grid_16856,1077.6343994140625
grid_16857,1137.3082275390625
grid_16858,1053.3638916015625
grid_16859,1053.3638916015625
grid_16860,1077.6343994140625
grid_16861,1077.507080078125
grid_16862,1077.507080078125
grid_16863,1053.3638916015625
grid_16864,1077.6343994140625
grid_16865,1077.6343994140625
grid_16866,1053.3638916015625
grid_16867,1053.3638916015625
grid_16868,1077.6343994140625
grid_16869,1077.6343994140625
grid_16870,1077.6343994140625
grid_16871,1077.507080078125
grid_16872,1077.6343994140625
grid_16873,1077.507080078125
grid_16874,1053.3638916015625
grid_16875,1053.3638916015625
grid_16876,1077.507080078125
grid_16877,1053.3638916015625
grid_16878,1137.3082275390625
grid_16879,1137.3082275390625
grid_16880,1116.865234375
grid_16881,1099.2879638671875
grid_16882,1099.2879638671875
grid_16883,1099.2879638671875
grid_16884,1137.3082275390625
grid_16885,1137.3082275390625
grid_16886,1099.2879638671875
grid_16887,1099.2879638671875
grid_16888,1077.507080078125
grid_16889,1053.3638916015625
grid_16890,1077.507080078125
grid_16891,1077.6343994140625
grid_16892,1077.507080078125
grid_16893,1053.3638916015625
grid_16894,1053.3638916015625
grid_16895,1077.6343994140625
grid_16896,1053.3638916015625
grid_16897,1077.6343994140625
grid_16898,1116.865234375
grid_16899,1077.6343994140625
grid_16900,1137.3082275390625
grid_16901,1137.3082275390625
grid_16902,1137.3082275390625
grid_16903,1082.3253173828125
grid_16904,1082.3253173828125
grid_16905,1139.3125
grid_16906,1082.3253173828125
grid_16907,1139.3125
grid_16908,1077.507080078125
grid_16909,1053.3638916015625
grid_16910,1074.73193359375
grid_16911,1105.3712158203125
grid_16912,1050.178955078125
grid_16913,1074.73193359375
grid_16914,1050.178955078125
grid_16915,1105.3712158203125
grid_16916,1074.73193359375
grid_16917,1074.73193359375
grid_16918,1082.3253173828125
grid_16919,1139.3125
grid_16920,1105.3712158203125
grid_16921,1139.3125
grid_16922,1139.3125
grid_16923,1082.3253173828125
grid_16924,1139.3125
grid_16925,1139.3125
grid_16926,1139.3125
grid_16927,1105.3712158203125
grid_16928,1050.178955078125
grid_16929,1050.178955078125
grid_16930,1105.3712158203125
grid_16931,1074.73193359375
grid_16932,1050.178955078125
grid_16933,1050.178955078125
grid_16934,1074.73193359375
grid_16935,1074.73193359375
grid_16936,1074.73193359375
grid_16937,1074.73193359375
grid_16938,1082.3253173828125
grid_16939,1082.3253173828125
grid_16940,1082.3253173828125
grid_16941,1139.3125
grid_16942,1082.3253173828125
grid_16943,1082.3253173828125
grid_16944,1082.3253173828125
grid_16945,1139.3125
grid_16946,1082.3253173828125
grid_16947,1139.3125
grid_16948,1050.178955078125
grid_16949,1105.3712158203125
grid_16950,1050.178955078125
grid_16951,1105.3712158203125
grid_16952,1050.178955078125
grid_16953,1105.3712158203125
grid_16954,1074.73193359375
grid_16955,1074.73193359375
grid_16956,1074.73193359375
grid_16957,1074.73193359375
grid_16958,1105.3712158203125
grid_16959,1050.178955078125
grid_16960,1105.3712158203125
grid_16961,1050.178955078125
grid_16962,1050.178955078125
grid_16963,1050.178955078125
grid_16964,1050.178955078125
grid_16965,1105.3712158203125
grid_16966,1074.73193359375
grid_16967,1074.73193359375
grid_16968,1105.3712158203125
grid_16969,1082.3253173828125
grid_16970,1139.3125
grid_16971,1175.3936767578125
grid_16972,1139.3125
grid_16973,1139.3125
grid_16974,1082.3253173828125
grid_16975,1082.3253173828125
grid_16976,1175.3936767578125
grid_16977,1139.3125
grid_16978,1082.3253173828125
grid_16979,1082.3253173828125
grid_16980,1082.3253173828125
grid_16981,1139.3125
grid_16982,1139.3125
grid_16983,1082.3253173828125
grid_16984,1105.3712158203125
grid_16985,1139.3125
grid_16986,1082.3253173828125
grid_16987,1139.3125
grid_16988,1074.73193359375
grid_16989,1050.178955078125
grid_16990,1050.178955078125
grid_16991,1074.73193359375
grid_16992,1074.73193359375
grid_16993,1050.178955078125
grid_16994,1074.73193359375
grid_16995,1105.3712158203125
grid_16996,1105.3712158203125
grid_16997,1050.178955078125
grid_16998,1105.3712158203125
grid_16999,1074.73193359375
grid_17000,1050.178955078125
grid_17001,1074.73193359375
grid_17002,1050.178955078125
grid_17003,1105.3712158203125
grid_17004,1050.178955078125
grid_17005,1105.3712158203125
grid_17006,1105.3712158203125
grid_17007,1050.178955078125
grid_17008,1175.3936767578125
grid_17009,1082.3253173828125
grid_17010,1139.3125
grid_17011,1105.3712158203125
grid_17012,1082.3253173828125
grid_17013,1139.3125
grid_17014,1082.3253173828125
grid_17015,1139.3125
grid_17016,1139.3125
grid_17017,1082.3253173828125
grid_17018,1139.3125
grid_17019,1082.3253173828125
grid_17020,1142.2510986328125
grid_17021,1120.7919921875
grid_17022,1119.58349609375
grid_17023,1120.7919921875
grid_17024,1119.58349609375
grid_17025,1119.58349609375
grid_17026,1119.58349609375
grid_17027,1120.7919921875
grid_17028,1074.73193359375
grid_17029,1074.73193359375
grid_17030,1074.73193359375
grid_17031,1074.73193359375
grid_17032,1107.9111328125
grid_17033,1119.605224609375
grid_17034,1080.76611328125
grid_17035,1080.76611328125
grid_17036,1080.76611328125
grid_17037,1119.605224609375
grid_17038,1050.178955078125
grid_17039,1050.178955078125
grid_17040,1050.178955078125
grid_17041,1050.178955078125
grid_17042,1080.76611328125
grid_17043,1080.76611328125
grid_17044,1080.76611328125
grid_17045,1080.76611328125
grid_17046,1080.76611328125
grid_17047,1080.76611328125
grid_17048,1120.7919921875
grid_17049,1119.58349609375
grid_17050,1107.9111328125
grid_17051,1142.2510986328125
grid_17052,1119.58349609375
grid_17053,1120.7919921875
grid_17054,1120.7919921875
grid_17055,1119.58349609375
grid_17056,1119.58349609375
grid_17057,1120.7919921875
grid_17058,1107.9111328125
grid_17059,1107.9111328125
grid_17060,1080.76611328125
grid_17061,1119.605224609375
grid_17062,1119.605224609375
grid_17063,1119.605224609375
grid_17064,1080.76611328125
grid_17065,1119.605224609375
grid_17066,1080.76611328125
grid_17067,1080.76611328125
grid_17068,1142.2510986328125
grid_17069,1142.2510986328125
grid_17070,1142.2510986328125
grid_17071,1119.58349609375
grid_17072,1119.58349609375
grid_17073,1120.7919921875
grid_17074,1107.9111328125
grid_17075,1120.7919921875
grid_17076,1120.7919921875
grid_17077,1119.58349609375
grid_17078,1119.58349609375
grid_17079,1120.7919921875
grid_17080,1119.58349609375
grid_17081,1119.605224609375
grid_17082,1107.9111328125
grid_17083,1080.76611328125
grid_17084,1107.9111328125
grid_17085,1107.9111328125
grid_17086,1119.605224609375
grid_17087,1119.605224609375
grid_17088,1119.605224609375
grid_17089,1119.605224609375
grid_17090,1107.9111328125
grid_17091,1080.76611328125
grid_17092,1119.605224609375
grid_17093,1119.605224609375
grid_17094,1080.76611328125
grid_17095,1080.76611328125
grid_17096,1107.9111328125
grid_17097,1080.76611328125
grid_17098,1119.605224609375
grid_17099,1107.9111328125
grid_17100,1119.605224609375
grid_17101,1080.76611328125
grid_17102,1080.76611328125
grid_17103,1080.76611328125
grid_17104,1080.76611328125
grid_17105,1080.76611328125
grid_17106,1080.76611328125
grid_17107,1080.76611328125
grid_17108,1080.76611328125
grid_17109,1080.76611328125
grid_17110,1080.76611328125
grid_17111,1119.58349609375
grid_17112,1119.58349609375
grid_17113,1107.9111328125
grid_17114,1119.58349609375
grid_17115,1120.7919921875
grid_17116,1120.7919921875
grid_17117,1119.58349609375
grid_17118,1119.58349609375
grid_17119,1119.58349609375
grid_17120,1119.58349609375
grid_17121,1107.9111328125
grid_17122,1107.9111328125
grid_17123,1107.9111328125
grid_17124,1119.605224609375
grid_17125,1119.605224609375
grid_17126,1119.605224609375
grid_17127,1080.76611328125
grid_17128,1119.605224609375
grid_17129,1119.605224609375
grid_17130,1080.76611328125
grid_17131,1080.76611328125
grid_17132,1080.76611328125
grid_17133,1080.76611328125
grid_17134,1080.76611328125
grid_17135,1119.605224609375
grid_17136,1119.605224609375
grid_17137,1080.76611328125
grid_17138,1119.605224609375
grid_17139,1080.76611328125
grid_17140,1107.9111328125
grid_17141,1107.9111328125
grid_17142,1119.58349609375
grid_17143,1120.7919921875
grid_17144,1119.58349609375
grid_17145,1119.58349609375
grid_17146,1107.9111328125
grid_17147,1097.95361328125
grid_17148,1131.806396484375
grid_17149,1097.95361328125
grid_17150,1097.95361328125
grid_17151,1119.605224609375
grid_17152,1107.9111328125
grid_17153,1119.605224609375
grid_17154,1107.9111328125
grid_17155,1116.7410888671875
grid_17156,1116.7410888671875
grid_17157,1131.806396484375
grid_17158,1128.8101806640625
grid_17159,1131.806396484375
grid_17160,1128.8101806640625
grid_17161,1080.76611328125
grid_17162,1080.76611328125
grid_17163,1080.76611328125
grid_17164,1080.76611328125
grid_17165,1080.76611328125
grid_17166,1080.76611328125
grid_17167,1128.8101806640625
grid_17168,1110.7620849609375
grid_17169,1128.8101806640625
grid_17170,1128.8101806640625
grid_17171,1116.7410888671875
grid_17172,1128.8101806640625
grid_17173,1116.7410888671875
grid_17174,1116.7410888671875
grid_17175,1128.8101806640625
grid_17176,1131.806396484375
grid_17177,1131.806396484375
grid_17178,1128.8101806640625
grid_17179,1131.806396484375
grid_17180,1116.7410888671875
grid_17181,1128.8101806640625
grid_17182,1128.8101806640625
grid_17183,1128.8101806640625
grid_17184,1110.7620849609375
grid_17185,1128.8101806640625
grid_17186,1110.7620849609375
grid_17187,1128.8101806640625
grid_17188,1128.8101806640625
grid_17189,1110.7620849609375
grid_17190,1128.8101806640625
grid_17191,1131.806396484375
grid_17192,1116.7410888671875
grid_17193,1128.8101806640625
grid_17194,1116.7410888671875
grid_17195,1116.7410888671875
grid_17196,1128.8101806640625
grid_17197,1128.8101806640625
grid_17198,1131.806396484375
grid_17199,1116.7410888671875
grid_17200,1128.8101806640625
grid_17201,1128.8101806640625
grid_17202,1110.7620849609375
grid_17203,1110.7620849609375
grid_17204,1128.8101806640625
grid_17205,1128.8101806640625
grid_17206,1128.8101806640625
grid_17207,1110.7620849609375
grid_17208,1128.8101806640625
grid_17209,1128.8101806640625
grid_17210,1110.7620849609375
grid_17211,1097.95361328125
grid_17212,1131.806396484375
grid_17213,1131.806396484375
grid_17214,1097.95361328125
grid_17215,1097.95361328125
grid_17216,1097.95361328125
grid_17217,1131.806396484375
grid_17218,1097.95361328125
grid_17219,1097.95361328125
grid_17220,1131.806396484375
grid_17221,1116.7410888671875
grid_17222,1128.8101806640625
grid_17223,1131.806396484375
grid_17224,1128.8101806640625
grid_17225,1116.7410888671875
grid_17226,1116.7410888671875
grid_17227,1128.8101806640625
grid_17228,1116.7410888671875
grid_17229,1131.806396484375
grid_17230,1131.806396484375
grid_17231,1131.806396484375
grid_17232,1116.7410888671875
grid_17233,1116.7410888671875
grid_17234,1128.8101806640625
grid_17235,1116.7410888671875
grid_17236,1116.7410888671875
grid_17237,1131.806396484375
grid_17238,1131.806396484375
grid_17239,1116.7410888671875
grid_17240,1128.8101806640625
grid_17241,1128.8101806640625
grid_17242,1110.7620849609375
grid_17243,1110.7620849609375
grid_17244,1110.7620849609375
grid_17245,1128.8101806640625
grid_17246,1128.8101806640625
grid_17247,1110.7620849609375
grid_17248,1128.8101806640625
grid_17249,1128.8101806640625
grid_17250,1110.7620849609375
grid_17251,1131.806396484375
grid_17252,1128.8101806640625
grid_17253,1116.7410888671875
grid_17254,1128.8101806640625
grid_17255,1131.806396484375
grid_17256,1131.806396484375
grid_17257,1128.8101806640625
grid_17258,1128.8101806640625
grid_17259,1131.806396484375
grid_17260,1131.806396484375
grid_17261,1128.8101806640625
grid_17262,1110.7620849609375
grid_17263,1110.7620849609375
grid_17264,1110.7620849609375
grid_17265,1128.8101806640625
grid_17266,1128.8101806640625
grid_17267,1128.8101806640625
grid_17268,1128.8101806640625
grid_17269,1110.7620849609375
grid_17270,1110.7620849609375
grid_17271,1083.675048828125
grid_17272,1133.6412353515625
grid_17273,1078.1082763671875
grid_17274,1078.1082763671875
grid_17275,1133.6412353515625
grid_17276,1101.4154052734375
grid_17277,1133.6412353515625
grid_17278,1133.6412353515625
grid_17279,1133.6412353515625
grid_17280,1101.4154052734375
grid_17281,1116.7410888671875
grid_17282,1116.7410888671875
grid_17283,1128.8101806640625
grid_17284,1128.8101806640625
grid_17285,1116.7410888671875
grid_17286,1116.7410888671875
grid_17287,1131.806396484375
grid_17288,1116.7410888671875
grid_17289,1123.8917236328125
grid_17290,1133.6412353515625
grid_17291,1087.63232421875
grid_17292,1123.8917236328125
grid_17293,1133.6412353515625
grid_17294,1133.6412353515625
grid_17295,1087.63232421875
grid_17296,1087.63232421875
grid_17297,1087.63232421875
grid_17298,1123.8917236328125
grid_17299,1133.6412353515625
grid_17300,1123.8917236328125
grid_17301,1101.4154052734375
grid_17302,1101.4154052734375
grid_17303,1101.4154052734375
grid_17304,1133.6412353515625
grid_17305,1078.1082763671875
grid_17306,1101.4154052734375
grid_17307,1101.4154052734375
grid_17308,1078.1082763671875
grid_17309,1101.4154052734375
grid_17310,1101.4154052734375
grid_17311,1087.63232421875
grid_17312,1087.63232421875
grid_17313,1123.8917236328125
grid_17314,1123.8917236328125
grid_17315,1133.6412353515625
grid_17316,1133.6412353515625
grid_17317,1087.63232421875
grid_17318,1087.63232421875
grid_17319,1087.63232421875
grid_17320,1087.63232421875
grid_17321,1133.6412353515625
grid_17322,1123.8917236328125
grid_17323,1123.8917236328125
grid_17324,1133.6412353515625
grid_17325,1087.63232421875
grid_17326,1123.8917236328125
grid_17327,1133.6412353515625
grid_17328,1087.63232421875
grid_17329,1087.63232421875
grid_17330,1123.8917236328125
grid_17331,1133.6412353515625
grid_17332,1078.1082763671875
grid_17333,1133.6412353515625
grid_17334,1133.6412353515625
grid_17335,1133.6412353515625
grid_17336,1101.4154052734375
grid_17337,1133.6412353515625
grid_17338,1133.6412353515625
grid_17339,1101.4154052734375
grid_17340,1101.4154052734375
grid_17341,1101.4154052734375
grid_17342,1078.1082763671875
grid_17343,1078.1082763671875
grid_17344,1101.4154052734375
grid_17345,1133.6412353515625
grid_17346,1133.6412353515625
grid_17347,1133.6412353515625
grid_17348,1101.4154052734375
grid_17349,1078.1082763671875
grid_17350,1133.6412353515625
grid_17351,1103.37548828125
grid_17352,1123.8917236328125
grid_17353,1103.37548828125
grid_17354,1123.8917236328125
grid_17355,1123.8917236328125
grid_17356,1123.8917236328125
grid_17357,1123.8917236328125
grid_17358,1103.37548828125
grid_17359,1124.4420166015625
grid_17360,1124.4420166015625
grid_17361,1087.63232421875
grid_17362,1087.63232421875
grid_17363,1133.6412353515625
grid_17364,1133.6412353515625
grid_17365,1123.8917236328125
grid_17366,1123.8917236328125
grid_17367,1133.6412353515625
grid_17368,1123.8917236328125
grid_17369,1123.8917236328125
grid_17370,1087.63232421875
grid_17371,1087.63232421875
grid_17372,1087.63232421875
grid_17373,1133.6412353515625
grid_17374,1123.8917236328125
grid_17375,1133.6412353515625
grid_17376,1087.63232421875
grid_17377,1087.63232421875
grid_17378,1133.6412353515625
grid_17379,1123.8917236328125
grid_17380,1133.6412353515625
grid_17381,1078.1082763671875
grid_17382,1133.6412353515625
grid_17383,1101.4154052734375
grid_17384,1133.6412353515625
grid_17385,1101.4154052734375
grid_17386,1133.6412353515625
grid_17387,1101.4154052734375
grid_17388,1101.4154052734375
grid_17389,1078.1082763671875
grid_17390,1133.6412353515625
grid_17391,1101.4154052734375
grid_17392,1078.1082763671875
grid_17393,1078.1082763671875
grid_17394,1133.6412353515625
grid_17395,1078.1082763671875
grid_17396,1133.6412353515625
grid_17397,1101.4154052734375
grid_17398,1133.6412353515625
grid_17399,1101.4154052734375
grid_17400,1078.1082763671875
grid_17401,1133.6412353515625
grid_17402,1123.8917236328125
grid_17403,1087.63232421875
grid_17404,1087.63232421875
grid_17405,1123.8917236328125
grid_17406,1133.6412353515625
grid_17407,1123.8917236328125
grid_17408,1087.63232421875
grid_17409,1123.8917236328125
grid_17410,1087.63232421875
grid_17411,1078.1082763671875
grid_17412,1133.6412353515625
grid_17413,1101.4154052734375
grid_17414,1078.1082763671875
grid_17415,1133.6412353515625
grid_17416,1078.1082763671875
grid_17417,1101.4154052734375
grid_17418,1101.4154052734375
grid_17419,1050.6846923828125
grid_17420,1101.005859375
grid_17421,1133.6412353515625
grid_17422,1133.6412353515625
grid_17423,1087.63232421875
grid_17424,1101.005859375
grid_17425,1074.45556640625
grid_17426,1101.005859375
grid_17427,1096.043701171875
grid_17428,1074.45556640625
grid_17429,1074.45556640625
grid_17430,1096.043701171875
grid_17431,1050.6846923828125
grid_17432,1101.005859375
grid_17433,1050.6846923828125
grid_17434,1104.96533203125
grid_17435,1101.005859375
grid_17436,1104.96533203125
grid_17437,1104.96533203125
grid_17438,1050.6846923828125
grid_17439,1101.005859375
grid_17440,1101.005859375
grid_17441,1124.4420166015625
grid_17442,1124.4420166015625
grid_17443,1124.4420166015625
grid_17444,1074.45556640625
grid_17445,1074.45556640625
grid_17446,1101.005859375
grid_17447,1101.005859375
grid_17448,1101.005859375
grid_17449,1101.005859375
grid_17450,1074.45556640625
grid_17451,1101.005859375
grid_17452,1074.45556640625
grid_17453,1101.005859375
grid_17454,1050.6846923828125
grid_17455,1104.96533203125
grid_17456,1104.96533203125
grid_17457,1101.005859375
grid_17458,1104.96533203125
grid_17459,1050.6846923828125
grid_17460,1104.96533203125
grid_17461,1104.96533203125
grid_17462,1050.6846923828125
grid_17463,1062.8262939453125
grid_17464,1074.45556640625
grid_17465,1096.043701171875
grid_17466,1074.45556640625
grid_17467,1074.45556640625
grid_17468,1074.45556640625
grid_17469,1074.45556640625
grid_17470,1074.45556640625
grid_17471,1074.45556640625
grid_17472,1101.005859375
grid_17473,1101.005859375
grid_17474,1101.005859375
grid_17475,1104.96533203125
grid_17476,1101.005859375
grid_17477,1101.005859375
grid_17478,1104.96533203125
grid_17479,1050.6846923828125
grid_17480,1050.6846923828125
grid_17481,1101.005859375
grid_17482,1050.6846923828125
grid_17483,1101.005859375
grid_17484,1101.005859375
grid_17485,1050.6846923828125
grid_17486,1104.96533203125
grid_17487,1050.6846923828125
grid_17488,1104.96533203125
grid_17489,1050.6846923828125
grid_17490,1050.6846923828125
grid_17491,1101.005859375
grid_17492,1104.96533203125
grid_17493,1104.96533203125
grid_17494,1101.005859375
grid_17495,1101.005859375
grid_17496,1074.45556640625
grid_17497,1074.45556640625
grid_17498,1101.005859375
grid_17499,1074.45556640625
grid_17500,1074.45556640625
grid_17501,1101.005859375
grid_17502,1074.45556640625
grid_17503,1101.005859375
grid_17504,1104.96533203125
grid_17505,1062.8262939453125
grid_17506,1062.8262939453125
grid_17507,1050.6846923828125
grid_17508,1101.005859375
grid_17509,1101.005859375
grid_17510,1104.96533203125
grid_17511,1050.6846923828125
grid_17512,1101.005859375
grid_17513,1062.8262939453125
grid_17514,1050.6846923828125
grid_17515,1104.96533203125
grid_17516,1104.96533203125
grid_17517,1062.8262939453125
grid_17518,1050.6846923828125
grid_17519,1050.6846923828125
grid_17520,1104.96533203125
grid_17521,1050.6846923828125
grid_17522,1101.005859375
grid_17523,1101.005859375
grid_17524,1101.005859375
grid_17525,1104.96533203125
grid_17526,1101.005859375
grid_17527,1104.96533203125
grid_17528,1101.005859375
grid_17529,1104.96533203125
grid_17530,1104.96533203125
grid_17531,1101.005859375
grid_17532,1104.96533203125
grid_17533,1062.8262939453125
grid_17534,1101.005859375
grid_17535,1074.45556640625
grid_17536,1074.45556640625
grid_17537,1074.45556640625
grid_17538,1101.005859375
grid_17539,1101.005859375
grid_17540,1101.005859375
grid_17541,1074.45556640625
grid_17542,1101.005859375
grid_17543,1146.986572265625
grid_17544,1050.6846923828125
grid_17545,1050.6846923828125
grid_17546,1050.6846923828125
grid_17547,1101.005859375
grid_17548,1104.96533203125
grid_17549,1050.6846923828125
grid_17550,1050.6846923828125
grid_17551,1062.8262939453125
grid_17552,1062.8262939453125
grid_17553,1146.986572265625
grid_17554,1151.1748046875
grid_17555,1118.0511474609375
grid_17556,1151.1748046875
grid_17557,1087.6890869140625
grid_17558,1151.1748046875
grid_17559,1118.0511474609375
grid_17560,1118.0511474609375
grid_17561,1151.1748046875
grid_17562,1146.986572265625
grid_17563,1118.0511474609375
grid_17564,1146.986572265625
grid_17565,1134.384765625
grid_17566,1146.986572265625
grid_17567,1146.986572265625
grid_17568,1134.384765625
grid_17569,1134.384765625
grid_17570,1146.986572265625
grid_17571,1146.986572265625
grid_17572,1146.986572265625
grid_17573,1146.986572265625
grid_17574,1118.0511474609375
grid_17575,1151.1748046875
grid_17576,1087.6890869140625
grid_17577,1146.986572265625
grid_17578,1146.986572265625
grid_17579,1087.6890869140625
grid_17580,1087.6890869140625
grid_17581,1146.986572265625
grid_17582,1146.986572265625
grid_17583,1118.0511474609375
grid_17584,1151.1748046875
grid_17585,1087.6890869140625
grid_17586,1151.1748046875
grid_17587,1151.1748046875
grid_17588,1146.986572265625
grid_17589,1087.6890869140625
grid_17590,1087.6890869140625
grid_17591,1118.0511474609375
grid_17592,1118.0511474609375
grid_17593,1151.1748046875
grid_17594,1118.0511474609375
grid_17595,1087.6890869140625
grid_17596,1151.1748046875
grid_17597,1087.6890869140625
grid_17598,1118.0511474609375
grid_17599,1146.986572265625
grid_17600,1146.986572265625
grid_17601,1146.986572265625
grid_17602,1151.1748046875
grid_17603,1118.0511474609375
grid_17604,1118.0511474609375
grid_17605,1151.1748046875
grid_17606,1151.1748046875
grid_17607,1118.0511474609375
grid_17608,1118.0511474609375
grid_17609,1087.6890869140625
grid_17610,1087.6890869140625
grid_17611,1087.6890869140625
grid_17612,1087.6890869140625
grid_17613,1151.1748046875
grid_17614,1146.986572265625
grid_17615,1146.986572265625
grid_17616,1146.986572265625
grid_17617,1087.6890869140625
grid_17618,1118.0511474609375
grid_17619,1151.1748046875
grid_17620,1146.986572265625
grid_17621,1146.986572265625
grid_17622,1087.6890869140625
grid_17623,1118.0511474609375
grid_17624,1022.2557983398438
grid_17625,1087.6890869140625
grid_17626,1087.6890869140625
grid_17627,1151.1748046875
grid_17628,1118.0511474609375
grid_17629,1118.0511474609375
grid_17630,1118.0511474609375
grid_17631,1022.2557983398438
grid_17632,1118.0511474609375
grid_17633,1087.6890869140625
grid_17634,1022.2557983398438
grid_17635,1151.1748046875
grid_17636,1087.6890869140625
grid_17637,1087.6890869140625
grid_17638,1151.1748046875
grid_17639,1118.0511474609375
grid_17640,1151.1748046875
grid_17641,1118.0511474609375
grid_17642,1022.2557983398438
grid_17643,1118.0511474609375
grid_17644,1118.0511474609375
grid_17645,1118.0511474609375
grid_17646,1087.6890869140625
grid_17647,1087.6890869140625
grid_17648,1102.16943359375
grid_17649,1153.88427734375
grid_17650,1102.16943359375
grid_17651,1153.88427734375
grid_17652,1153.88427734375
grid_17653,1102.16943359375
grid_17654,1134.7802734375
grid_17655,1153.88427734375
grid_17656,1087.6890869140625
grid_17657,1134.7802734375
grid_17658,1134.7802734375
grid_17659,1153.88427734375
grid_17660,1134.7802734375
grid_17661,1134.7802734375
grid_17662,1134.7802734375
grid_17663,1154.66748046875
grid_17664,1153.88427734375
grid_17665,1134.7802734375
grid_17666,1154.66748046875
grid_17667,1102.16943359375
grid_17668,1102.16943359375
grid_17669,1134.7802734375
grid_17670,1134.7802734375
grid_17671,1153.88427734375
grid_17672,1153.88427734375
grid_17673,1102.16943359375
grid_17674,1153.88427734375
grid_17675,1153.88427734375
grid_17676,1134.7802734375
grid_17677,1154.66748046875
grid_17678,1134.7802734375
grid_17679,1102.16943359375
grid_17680,1153.88427734375
grid_17681,1153.88427734375
grid_17682,1134.7802734375
grid_17683,1153.88427734375
grid_17684,1153.88427734375
grid_17685,1153.88427734375
grid_17686,1134.7802734375
grid_17687,1134.7802734375
grid_17688,1134.7802734375
grid_17689,1154.66748046875
grid_17690,1153.88427734375
grid_17691,1154.66748046875
grid_17692,1153.88427734375
grid_17693,1153.88427734375
grid_17694,1153.88427734375
grid_17695,1153.88427734375
grid_17696,1154.66748046875
grid_17697,1134.7802734375
grid_17698,1134.7802734375
grid_17699,1134.7802734375
grid_17700,1134.7802734375
grid_17701,1134.7802734375
grid_17702,1154.66748046875
grid_17703,1153.88427734375
grid_17704,1134.7802734375
grid_17705,1134.7802734375
grid_17706,1134.7802734375
grid_17707,1154.66748046875
grid_17708,1153.88427734375
grid_17709,1153.88427734375
grid_17710,1153.88427734375
grid_17711,1154.66748046875
grid_17712,1154.66748046875
grid_17713,1134.7802734375
grid_17714,1153.88427734375
grid_17715,1125.2529296875
grid_17716,1125.2529296875
grid_17717,1125.2529296875
grid_17718,1153.88427734375
grid_17719,1125.2529296875
grid_17720,1125.2529296875
grid_17721,1125.2529296875
grid_17722,1125.2529296875
grid_17723,1125.2529296875
grid_17724,1125.2529296875
grid_17725,1125.2529296875
grid_17726,1125.2529296875
grid_17727,1125.2529296875
grid_17728,1125.2529296875
grid_17729,1125.2529296875
grid_17730,1125.2529296875
grid_17731,1125.2529296875
grid_17732,1125.2529296875
grid_17733,1125.2529296875
grid_17734,1125.2529296875
grid_17735,1125.2529296875
grid_17736,1125.2529296875
grid_17737,1125.2529296875
