grid_id,baseline_cluster
grid_00001,1
grid_00002,1
grid_00003,1
grid_00004,1
grid_00005,1
grid_00006,1
grid_00007,1
grid_00008,1
grid_00009,1
grid_00010,1
grid_00011,1
grid_00012,1
grid_00013,1
grid_00014,1
grid_00015,1
grid_00016,1
grid_00017,1
grid_00018,1
grid_00019,1
grid_00020,1
grid_00021,1
grid_00022,1
grid_00023,1
grid_00024,1
grid_00025,1
grid_00026,1
grid_00027,1
grid_00028,1
grid_00029,1
grid_00030,1
grid_00031,1
grid_00032,1
grid_00033,1
grid_00034,1
grid_00035,1
grid_00036,1
grid_00037,1
grid_00038,1
grid_00039,1
grid_00040,1
grid_00041,1
grid_00042,1
grid_00043,1
grid_00044,1
grid_00045,1
grid_00046,1
grid_00047,1
grid_00048,1
grid_00049,1
grid_00050,1
grid_00051,1
grid_00052,1
grid_00053,1
grid_00054,1
grid_00055,1
grid_00056,1
grid_00057,1
grid_00058,1
grid_00059,1
grid_00060,1
grid_00061,1
grid_00062,1
grid_00063,1
grid_00064,1
grid_00065,1
grid_00066,1
grid_00067,1
grid_00068,1
grid_00069,1
grid_00070,1
grid_00071,1
grid_00072,1
grid_00073,1
grid_00074,1
grid_00075,1
grid_00076,1
grid_00077,1
grid_00078,1
grid_00079,1
grid_00080,1
grid_00081,1
grid_00082,1
grid_00083,1
grid_00084,1
grid_00085,1
grid_00086,1
grid_00087,1
grid_00088,1
grid_00089,1
grid_00090,1
grid_00091,1
grid_00092,1
grid_00093,1
grid_00094,1
grid_00095,1
grid_00096,1
grid_00097,1
grid_00098,1
grid_00099,1
grid_00100,1
grid_00101,1
grid_00102,1
grid_00103,1
grid_00104,1
grid_00105,1
grid_00106,1
grid_00107,1
grid_00108,1
grid_00109,1
grid_00110,1
grid_00111,1
grid_00112,1
grid_00113,1
grid_00114,1
grid_00115,1
grid_00116,1
grid_00117,1
grid_00118,1
grid_00119,1
grid_00120,1
grid_00121,1
grid_00122,1
grid_00123,1
grid_00124,1
grid_00125,1
grid_00126,1
grid_00127,1
grid_00128,1
grid_00129,1
grid_00130,1
grid_00131,1
grid_00132,1
grid_00133,1
grid_00134,1
grid_00135,1
grid_00136,1
grid_00137,1
grid_00138,1
grid_00139,1
grid_00140,1
grid_00141,1
grid_00142,1
grid_00143,1
grid_00144,1
grid_00145,1
grid_00146,1
grid_00147,1
grid_00148,1
grid_00149,1
grid_00150,1
grid_00151,1
grid_00152,1
grid_00153,1
grid_00154,1
grid_00155,1
grid_00156,1
grid_00157,1
grid_00158,1
grid_00159,1
grid_00160,1
grid_00161,1
grid_00162,1
grid_00163,1
grid_00164,1
grid_00165,1
grid_00166,1
grid_00167,1
grid_00168,1
grid_00169,1
grid_00170,1
grid_00171,1
grid_00172,1
grid_00173,1
grid_00174,1
grid_00175,1
grid_00176,1
grid_00177,1
grid_00178,1
grid_00179,1
grid_00180,1
grid_00181,1
grid_00182,1
grid_00183,1
grid_00184,1
grid_00185,1
grid_00186,1
grid_00187,1
grid_00188,1
grid_00189,1
grid_00190,1
grid_00191,1
grid_00192,1
grid_00193,1
grid_00194,1
grid_00195,1
grid_00196,1
grid_00197,1
grid_00198,1
grid_00199,1
grid_00200,1
grid_00201,1
grid_00202,1
grid_00203,1
grid_00204,1
grid_00205,1
grid_00206,1
grid_00207,1
grid_00208,1
grid_00209,1
grid_00210,1
grid_00211,1
grid_00212,1
grid_00213,1
grid_00214,1
grid_00215,1
grid_00216,1
grid_00217,1
grid_00218,1
grid_00219,1
grid_00220,1
grid_00221,1
grid_00222,1
grid_00223,1
grid_00224,1
grid_00225,1
grid_00226,1
grid_00227,1
grid_00228,1
grid_00229,1
grid_00230,1
grid_00231,1
grid_00232,1
grid_00233,1
grid_00234,1
grid_00235,1
grid_00236,1
grid_00237,1
grid_00238,1
grid_00239,1
grid_00240,1
grid_00241,1
grid_00242,1
grid_00243,1
grid_00244,1
grid_00245,1
grid_00246,1
grid_00247,1
grid_00248,1
grid_00249,1
grid_00250,1
grid_00251,1
grid_00252,1
grid_00253,1
grid_00254,1
grid_00255,1
grid_00256,1
grid_00257,1
grid_00258,1
grid_00259,1
grid_00260,1
grid_00261,1
grid_00262,1
grid_00263,1
grid_00264,1
grid_00265,1
grid_00266,1
grid_00267,1
grid_00268,1
grid_00269,1
grid_00270,1
grid_00271,1
grid_00272,1
grid_00273,1
grid_00274,1
grid_00275,1
grid_00276,1
grid_00277,1
grid_00278,1
grid_00279,1
grid_00280,1
grid_00281,1
grid_00282,1
grid_00283,1
grid_00284,1
grid_00285,1
grid_00286,1
grid_00287,1
grid_00288,1
grid_00289,1
grid_00290,1
grid_00291,1
grid_00292,1
grid_00293,1
grid_00294,1
grid_00295,1
grid_00296,1
grid_00297,1
grid_00298,1
grid_00299,1
grid_00300,1
grid_00301,1
grid_00302,1
grid_00303,1
grid_00304,1
grid_00305,1
grid_00306,1
grid_00307,1
grid_00308,1
grid_00309,1
grid_00310,1
grid_00311,1
grid_00312,1
grid_00313,1
grid_00314,1
grid_00315,1
grid_00316,1
grid_00317,1
grid_00318,1
grid_00319,1
grid_00320,1
grid_00321,1
grid_00322,1
grid_00323,1
grid_00324,1
grid_00325,1
grid_00326,1
grid_00327,1
grid_00328,1
grid_00329,1
grid_00330,1
grid_00331,1
grid_00332,1
grid_00333,1
grid_00334,1
grid_00335,1
grid_00336,1
grid_00337,1
grid_00338,1
grid_00339,1
grid_00340,1
grid_00341,1
grid_00342,1
grid_00343,1
grid_00344,1
grid_00345,1
grid_00346,1
grid_00347,1
grid_00348,1
grid_00349,1
grid_00350,1
grid_00351,1
grid_00352,1
grid_00353,1
grid_00354,1
grid_00355,1
grid_00356,1
grid_00357,1
grid_00358,1
grid_00359,1
grid_00360,1
grid_00361,1
grid_00362,1
grid_00363,1
grid_00364,1
grid_00365,1
grid_00366,1
grid_00367,1
grid_00368,1
grid_00369,1
grid_00370,1
grid_00371,1
grid_00372,1
grid_00373,1
grid_00374,1
grid_00375,1
grid_00376,1
grid_00377,1
grid_00378,1
grid_00379,1
grid_00380,1
grid_00381,1
grid_00382,1
grid_00383,1
grid_00384,1
grid_00385,1
grid_00386,1
grid_00387,1
grid_00388,1
grid_00389,1
grid_00390,1
grid_00391,1
grid_00392,1
grid_00393,1
grid_00394,1
grid_00395,1
grid_00396,1
grid_00397,1
grid_00398,0
grid_00399,1
grid_00400,1
grid_00401,1
grid_00402,1
grid_00403,1
grid_00404,1
grid_00405,1
grid_00406,1
grid_00407,1
grid_00408,1
grid_00409,1
grid_00410,1
grid_00411,1
grid_00412,1
grid_00413,1
grid_00414,1
grid_00415,1
grid_00416,1
grid_00417,1
grid_00418,1
grid_00419,1
grid_00420,1
grid_00421,1
grid_00422,1
grid_00423,1
grid_00424,1
grid_00425,1
grid_00426,1
grid_00427,1
grid_00428,1
grid_00429,1
grid_00430,1
grid_00431,1
grid_00432,1
grid_00433,1
grid_00434,1
grid_00435,1
grid_00436,1
grid_00437,1
grid_00438,1
grid_00439,1
grid_00440,1
grid_00441,1
grid_00442,1
grid_00443,1
grid_00444,1
grid_00445,1
grid_00446,1
grid_00447,1
grid_00448,1
grid_00449,1
grid_00450,1
grid_00451,1
grid_00452,1
grid_00453,1
grid_00454,1
grid_00455,1
grid_00456,1
grid_00457,1
grid_00458,1
grid_00459,1
grid_00460,1
grid_00461,1
grid_00462,1
grid_00463,1
grid_00464,1
grid_00465,1
grid_00466,1
grid_00467,1
grid_00468,1
grid_00469,1
grid_00470,1
grid_00471,1
grid_00472,1
grid_00473,1
grid_00474,1
grid_00475,1
grid_00476,1
grid_00477,1
grid_00478,1
grid_00479,1
grid_00480,1
grid_00481,1
grid_00482,1
grid_00483,1
grid_00484,1
grid_00485,1
grid_00486,1
grid_00487,1
grid_00488,1
grid_00489,1
grid_00490,1
grid_00491,1
grid_00492,1
grid_00493,1
grid_00494,1
grid_00495,1
grid_00496,1
grid_00497,1
grid_00498,1
grid_00499,1
grid_00500,1
grid_00501,1
grid_00502,1
grid_00503,1
grid_00504,1
grid_00505,1
grid_00506,1
grid_00507,1
grid_00508,1
grid_00509,1
grid_00510,1
grid_00511,1
grid_00512,1
grid_00513,1
grid_00514,1
grid_00515,1
grid_00516,1
grid_00517,1
grid_00518,1
grid_00519,1
grid_00520,1
grid_00521,1
grid_00522,1
grid_00523,1
grid_00524,1
grid_00525,1
grid_00526,1
grid_00527,1
grid_00528,1
grid_00529,1
grid_00530,1
grid_00531,1
grid_00532,1
grid_00533,1
grid_00534,1
grid_00535,1
grid_00536,1
grid_00537,1
grid_00538,1
grid_00539,1
grid_00540,1
grid_00541,1
grid_00542,1
grid_00543,1
grid_00544,1
grid_00545,1
grid_00546,1
grid_00547,1
grid_00548,1
grid_00549,1
grid_00550,1
grid_00551,1
grid_00552,1
grid_00553,1
grid_00554,1
grid_00555,1
grid_00556,1
grid_00557,1
grid_00558,1
grid_00559,1
grid_00560,1
grid_00561,1
grid_00562,1
grid_00563,1
grid_00564,1
grid_00565,1
grid_00566,1
grid_00567,1
grid_00568,1
grid_00569,1
grid_00570,1
grid_00571,1
grid_00572,1
grid_00573,1
grid_00574,1
grid_00575,1
grid_00576,1
grid_00577,1
grid_00578,1
grid_00579,1
grid_00580,1
grid_00581,1
grid_00582,1
grid_00583,1
grid_00584,1
grid_00585,1
grid_00586,1
grid_00587,1
grid_00588,1
grid_00589,1
grid_00590,1
grid_00591,1
grid_00592,1
grid_00593,1
grid_00594,1
grid_00595,1
grid_00596,1
grid_00597,1
grid_00598,1
grid_00599,1
grid_00600,1
grid_00601,1
grid_00602,1
grid_00603,1
grid_00604,1
grid_00605,1
grid_00606,1
grid_00607,1
grid_00608,1
grid_00609,1
grid_00610,1
grid_00611,1
grid_00612,1
grid_00613,1
grid_00614,1
grid_00615,1
grid_00616,1
grid_00617,1
grid_00618,1
grid_00619,1
grid_00620,1
grid_00621,1
grid_00622,1
grid_00623,1
grid_00624,1
grid_00625,1
grid_00626,1
grid_00627,1
grid_00628,1
grid_00629,1
grid_00630,1
grid_00631,1
grid_00632,1
grid_00633,1
grid_00634,1
grid_00635,1
grid_00636,1
grid_00637,1
grid_00638,1
grid_00639,1
grid_00640,1
grid_00641,1
grid_00642,1
grid_00643,1
grid_00644,1
grid_00645,1
grid_00646,1
grid_00647,1
grid_00648,1
grid_00649,1
grid_00650,1
grid_00651,1
grid_00652,1
grid_00653,1
grid_00654,1
grid_00655,1
grid_00656,1
grid_00657,1
grid_00658,1
grid_00659,1
grid_00660,1
grid_00661,1
grid_00662,1
grid_00663,1
grid_00664,1
grid_00665,1
grid_00666,1
grid_00667,1
grid_00668,1
grid_00669,1
grid_00670,1
grid_00671,1
grid_00672,1
grid_00673,1
grid_00674,1
grid_00675,1
grid_00676,1
grid_00677,1
grid_00678,1
grid_00679,1
grid_00680,1
grid_00681,1
grid_00682,1
grid_00683,1
grid_00684,1
grid_00685,1
grid_00686,1
grid_00687,1
grid_00688,1
grid_00689,1
grid_00690,1
grid_00691,1
grid_00692,1
grid_00693,1
grid_00694,1
grid_00695,1
grid_00696,1
grid_00697,1
grid_00698,1
grid_00699,1
grid_00700,1
grid_00701,1
grid_00702,1
grid_00703,1
grid_00704,1
grid_00705,1
grid_00706,1
grid_00707,1
grid_00708,1
grid_00709,1
grid_00710,1
grid_00711,1
grid_00712,1
grid_00713,1
grid_00714,1
grid_00715,1
grid_00716,1
grid_00717,1
grid_00718,1
grid_00719,1
grid_00720,1
grid_00721,1
grid_00722,1
grid_00723,1
grid_00724,1
grid_00725,1
grid_00726,1
grid_00727,1
grid_00728,1
grid_00729,1
grid_00730,1
grid_00731,1
grid_00732,1
grid_00733,1
grid_00734,1
grid_00735,1
grid_00736,1
grid_00737,1
grid_00738,1
grid_00739,1
grid_00740,1
grid_00741,1
grid_00742,1
grid_00743,1
grid_00744,1
grid_00745,1
grid_00746,1
grid_00747,1
grid_00748,1
grid_00749,1
grid_00750,1
grid_00751,1
grid_00752,1
grid_00753,1
grid_00754,1
grid_00755,1
grid_00756,1
grid_00757,1
grid_00758,1
grid_00759,1
grid_00760,1
grid_00761,1
grid_00762,1
grid_00763,1
grid_00764,1
grid_00765,1
grid_00766,1
grid_00767,1
grid_00768,1
grid_00769,1
grid_00770,1
grid_00771,1
grid_00772,1
grid_00773,1
grid_00774,1
grid_00775,1
grid_00776,1
grid_00777,1
grid_00778,1
grid_00779,1
grid_00780,1
grid_00781,1
grid_00782,1
grid_00783,1
grid_00784,1
grid_00785,1
grid_00786,1
grid_00787,1
grid_00788,1
grid_00789,1
grid_00790,1
grid_00791,1
grid_00792,1
grid_00793,1
grid_00794,1
grid_00795,1
grid_00796,1
grid_00797,1
grid_00798,1
grid_00799,1
grid_00800,1
grid_00801,1
grid_00802,1
grid_00803,1
grid_00804,1
grid_00805,1
grid_00806,1
grid_00807,1
grid_00808,1
grid_00809,1
grid_00810,1
grid_00811,1
grid_00812,1
grid_00813,1
grid_00814,1
grid_00815,1
grid_00816,1
grid_00817,1
grid_00818,1
grid_00819,1
grid_00820,1
grid_00821,1
grid_00822,1
grid_00823,1
grid_00824,1
grid_00825,1
grid_00826,1
grid_00827,0
grid_00828,1
grid_00829,0
grid_00830,1
grid_00831,1
grid_00832,1
grid_00833,1
grid_00834,1
grid_00835,1
grid_00836,1
grid_00837,1
grid_00838,1
grid_00839,1
grid_00840,1
grid_00841,1
grid_00842,1
grid_00843,1
grid_00844,1
grid_00845,1
grid_00846,1
grid_00847,1
grid_00848,1
grid_00849,1
grid_00850,1
grid_00851,0
grid_00852,1
grid_00853,0
grid_00854,0
grid_00855,1
grid_00856,1
grid_00857,0
grid_00858,0
grid_00859,0
grid_00860,1
grid_00861,1
grid_00862,1
grid_00863,1
grid_00864,1
grid_00865,1
grid_00866,1
grid_00867,1
grid_00868,1
grid_00869,1
grid_00870,1
grid_00871,1
grid_00872,1
grid_00873,1
grid_00874,1
grid_00875,1
grid_00876,1
grid_00877,1
grid_00878,1
grid_00879,1
grid_00880,1
grid_00881,1
grid_00882,1
grid_00883,1
grid_00884,1
grid_00885,1
grid_00886,1
grid_00887,1
grid_00888,1
grid_00889,1
grid_00890,1
grid_00891,0
grid_00892,0
grid_00893,1
grid_00894,0
grid_00895,1
grid_00896,0
grid_00897,1
grid_00898,0
grid_00899,0
grid_00900,1
grid_00901,1
grid_00902,1
grid_00903,1
grid_00904,1
grid_00905,1
grid_00906,1
grid_00907,1
grid_00908,1
grid_00909,1
grid_00910,1
grid_00911,1
grid_00912,1
grid_00913,1
grid_00914,1
grid_00915,1
grid_00916,1
grid_00917,1
grid_00918,1
grid_00919,1
grid_00920,1
grid_00921,1
grid_00922,0
grid_00923,0
grid_00924,0
grid_00925,0
grid_00926,1
grid_00927,0
grid_00928,1
grid_00929,0
grid_00930,1
grid_00931,1
grid_00932,1
grid_00933,1
grid_00934,1
grid_00935,1
grid_00936,1
grid_00937,1
grid_00938,1
grid_00939,1
grid_00940,1
grid_00941,1
grid_00942,1
grid_00943,1
grid_00944,1
grid_00945,1
grid_00946,1
grid_00947,1
grid_00948,1
grid_00949,1
grid_00950,1
grid_00951,1
grid_00952,0
grid_00953,0
grid_00954,0
grid_00955,0
grid_00956,0
grid_00957,1
grid_00958,0
grid_00959,1
grid_00960,0
grid_00961,1
grid_00962,1
grid_00963,1
grid_00964,1
grid_00965,1
grid_00966,1
grid_00967,1
grid_00968,1
grid_00969,1
grid_00970,1
grid_00971,1
grid_00972,1
grid_00973,1
grid_00974,1
grid_00975,1
grid_00976,1
grid_00977,1
grid_00978,1
grid_00979,1
grid_00980,1
grid_00981,1
grid_00982,1
grid_00983,1
grid_00984,1
grid_00985,1
grid_00986,1
grid_00987,1
grid_00988,1
grid_00989,1
grid_00990,1
grid_00991,0
grid_00992,1
grid_00993,1
grid_00994,1
grid_00995,1
grid_00996,1
grid_00997,1
grid_00998,1
grid_00999,1
grid_01000,1
grid_01001,1
grid_01002,1
grid_01003,1
grid_01004,1
grid_01005,1
grid_01006,1
grid_01007,1
grid_01008,1
grid_01009,1
grid_01010,1
grid_01011,1
grid_01012,1
grid_01013,1
grid_01014,1
grid_01015,1
grid_01016,1
grid_01017,1
grid_01018,1
grid_01019,1
grid_01020,1
grid_01021,1
grid_01022,1
grid_01023,1
grid_01024,1
grid_01025,1
grid_01026,1
grid_01027,1
grid_01028,1
grid_01029,1
grid_01030,1
grid_01031,1
grid_01032,1
grid_01033,1
grid_01034,1
grid_01035,1
grid_01036,1
grid_01037,1
grid_01038,1
grid_01039,1
grid_01040,1
grid_01041,1
grid_01042,1
grid_01043,1
grid_01044,1
grid_01045,1
grid_01046,1
grid_01047,1
grid_01048,1
grid_01049,1
grid_01050,1
grid_01051,1
grid_01052,1
grid_01053,1
grid_01054,1
grid_01055,1
grid_01056,1
grid_01057,1
grid_01058,1
grid_01059,1
grid_01060,1
grid_01061,1
grid_01062,1
grid_01063,1
grid_01064,1
grid_01065,1
grid_01066,1
grid_01067,1
grid_01068,1
grid_01069,1
grid_01070,1
grid_01071,1
grid_01072,1
grid_01073,1
grid_01074,1
grid_01075,1
grid_01076,1
grid_01077,1
grid_01078,1
grid_01079,1
grid_01080,1
grid_01081,1
grid_01082,1
grid_01083,1
grid_01084,1
grid_01085,1
grid_01086,1
grid_01087,1
grid_01088,1
grid_01089,1
grid_01090,1
grid_01091,1
grid_01092,1
grid_01093,1
grid_01094,1
grid_01095,1
grid_01096,1
grid_01097,1
grid_01098,1
grid_01099,1
grid_01100,1
grid_01101,0
grid_01102,0
grid_01103,1
grid_01104,1
grid_01105,1
grid_01106,0
grid_01107,1
grid_01108,1
grid_01109,1
grid_01110,1
grid_01111,1
grid_01112,0
grid_01113,1
grid_01114,1
grid_01115,1
grid_01116,1
grid_01117,1
grid_01118,1
grid_01119,1
grid_01120,0
grid_01121,1
grid_01122,1
grid_01123,0
grid_01124,1
grid_01125,1
grid_01126,1
grid_01127,1
grid_01128,1
grid_01129,1
grid_01130,0
grid_01131,1
grid_01132,1
grid_01133,1
grid_01134,0
grid_01135,1
grid_01136,1
grid_01137,1
grid_01138,1
grid_01139,1
grid_01140,0
grid_01141,1
grid_01142,1
grid_01143,0
grid_01144,1
grid_01145,1
grid_01146,1
grid_01147,1
grid_01148,0
grid_01149,1
grid_01150,1
grid_01151,1
grid_01152,1
grid_01153,1
grid_01154,1
grid_01155,1
grid_01156,1
grid_01157,1
grid_01158,1
grid_01159,1
grid_01160,1
grid_01161,1
grid_01162,1
grid_01163,1
grid_01164,1
grid_01165,1
grid_01166,1
grid_01167,1
grid_01168,1
grid_01169,1
grid_01170,1
grid_01171,1
grid_01172,1
grid_01173,1
grid_01174,1
grid_01175,1
grid_01176,1
grid_01177,1
grid_01178,1
grid_01179,1
grid_01180,1
grid_01181,1
grid_01182,1
grid_01183,1
grid_01184,1
grid_01185,1
grid_01186,1
grid_01187,1
grid_01188,1
grid_01189,1
grid_01190,1
grid_01191,1
grid_01192,1
grid_01193,1
grid_01194,1
grid_01195,1
grid_01196,1
grid_01197,1
grid_01198,1
grid_01199,1
grid_01200,1
grid_01201,1
grid_01202,1
grid_01203,1
grid_01204,1
grid_01205,1
grid_01206,1
grid_01207,1
grid_01208,1
grid_01209,1
grid_01210,1
grid_01211,1
grid_01212,1
grid_01213,1
grid_01214,1
grid_01215,1
grid_01216,1
grid_01217,1
grid_01218,1
grid_01219,1
grid_01220,1
grid_01221,1
grid_01222,1
grid_01223,1
grid_01224,1
grid_01225,1
grid_01226,1
grid_01227,1
grid_01228,1
grid_01229,1
grid_01230,1
grid_01231,1
grid_01232,1
grid_01233,1
grid_01234,1
grid_01235,1
grid_01236,1
grid_01237,1
grid_01238,1
grid_01239,1
grid_01240,1
grid_01241,1
grid_01242,1
grid_01243,1
grid_01244,1
grid_01245,1
grid_01246,1
grid_01247,1
grid_01248,1
grid_01249,1
grid_01250,1
grid_01251,1
grid_01252,1
grid_01253,1
grid_01254,1
grid_01255,1
grid_01256,1
grid_01257,1
grid_01258,1
grid_01259,1
grid_01260,1
grid_01261,1
grid_01262,1
grid_01263,1
grid_01264,1
grid_01265,1
grid_01266,1
grid_01267,1
grid_01268,1
grid_01269,1
grid_01270,1
grid_01271,1
grid_01272,1
grid_01273,1
grid_01274,1
grid_01275,1
grid_01276,1
grid_01277,1
grid_01278,1
grid_01279,1
grid_01280,1
grid_01281,1
grid_01282,1
grid_01283,1
grid_01284,1
grid_01285,1
grid_01286,1
grid_01287,1
grid_01288,1
grid_01289,1
grid_01290,1
grid_01291,1
grid_01292,1
grid_01293,1
grid_01294,1
grid_01295,1
grid_01296,1
grid_01297,1
grid_01298,1
grid_01299,1
grid_01300,1
grid_01301,1
grid_01302,1
grid_01303,1
grid_01304,1
grid_01305,1
grid_01306,1
grid_01307,1
grid_01308,1
grid_01309,1
grid_01310,1
grid_01311,1
grid_01312,1
grid_01313,1
grid_01314,1
grid_01315,1
grid_01316,1
grid_01317,1
grid_01318,1
grid_01319,1
grid_01320,1
grid_01321,1
grid_01322,1
grid_01323,1
grid_01324,1
grid_01325,1
grid_01326,1
grid_01327,1
grid_01328,1
grid_01329,1
grid_01330,1
grid_01331,1
grid_01332,1
grid_01333,1
grid_01334,1
grid_01335,1
grid_01336,1
grid_01337,1
grid_01338,1
grid_01339,1
grid_01340,1
grid_01341,1
grid_01342,1
grid_01343,1
grid_01344,1
grid_01345,1
grid_01346,1
grid_01347,1
grid_01348,1
grid_01349,1
grid_01350,1
grid_01351,1
grid_01352,1
grid_01353,1
grid_01354,1
grid_01355,1
grid_01356,1
grid_01357,1
grid_01358,1
grid_01359,1
grid_01360,1
grid_01361,1
grid_01362,1
grid_01363,1
grid_01364,1
grid_01365,1
grid_01366,1
grid_01367,1
grid_01368,1
grid_01369,1
grid_01370,1
grid_01371,1
grid_01372,1
grid_01373,1
grid_01374,1
grid_01375,1
grid_01376,1
grid_01377,1
grid_01378,1
grid_01379,1
grid_01380,1
grid_01381,1
grid_01382,1
grid_01383,1
grid_01384,1
grid_01385,1
grid_01386,1
grid_01387,1
grid_01388,1
grid_01389,1
grid_01390,1
grid_01391,1
grid_01392,1
grid_01393,1
grid_01394,1
grid_01395,1
grid_01396,1
grid_01397,1
grid_01398,1
grid_01399,1
grid_01400,1
grid_01401,1
grid_01402,1
grid_01403,1
grid_01404,1
grid_01405,1
grid_01406,1
grid_01407,1
grid_01408,1
grid_01409,1
grid_01410,1
grid_01411,1
grid_01412,1
grid_01413,1
grid_01414,1
grid_01415,1
grid_01416,1
grid_01417,1
grid_01418,1
grid_01419,1
grid_01420,1
grid_01421,1
grid_01422,1
grid_01423,1
grid_01424,1
grid_01425,1
grid_01426,1
grid_01427,1
grid_01428,1
grid_01429,1
grid_01430,1
grid_01431,1
grid_01432,1
grid_01433,1
grid_01434,1
grid_01435,1
grid_01436,1
grid_01437,1
grid_01438,1
grid_01439,1
grid_01440,1
grid_01441,1
grid_01442,1
grid_01443,1
grid_01444,1
grid_01445,1
grid_01446,1
grid_01447,1
grid_01448,1
grid_01449,1
grid_01450,1
grid_01451,1
grid_01452,1
grid_01453,1
grid_01454,1
grid_01455,1
grid_01456,1
grid_01457,1
grid_01458,1
grid_01459,1
grid_01460,1
grid_01461,1
grid_01462,1
grid_01463,1
grid_01464,1
grid_01465,1
grid_01466,1
grid_01467,1
grid_01468,1
grid_01469,1
grid_01470,1
grid_01471,1
grid_01472,1
grid_01473,1
grid_01474,1
grid_01475,1
grid_01476,1
grid_01477,1
grid_01478,1
grid_01479,1
grid_01480,1
grid_01481,1
grid_01482,1
grid_01483,1
grid_01484,1
grid_01485,1
grid_01486,1
grid_01487,1
grid_01488,1
grid_01489,1
grid_01490,1
grid_01491,1
grid_01492,1
grid_01493,1
grid_01494,1
grid_01495,1
grid_01496,1
grid_01497,1
grid_01498,1
grid_01499,1
grid_01500,1
grid_01501,1
grid_01502,1
grid_01503,1
grid_01504,1
grid_01505,1
grid_01506,1
grid_01507,1
grid_01508,1
grid_01509,1
grid_01510,1
grid_01511,1
grid_01512,1
grid_01513,1
grid_01514,1
grid_01515,1
grid_01516,1
grid_01517,1
grid_01518,1
grid_01519,1
grid_01520,1
grid_01521,1
grid_01522,1
grid_01523,1
grid_01524,1
grid_01525,1
grid_01526,1
grid_01527,1
grid_01528,1
grid_01529,1
grid_01530,1
grid_01531,1
grid_01532,1
grid_01533,1
grid_01534,1
grid_01535,1
grid_01536,1
grid_01537,1
grid_01538,1
grid_01539,1
grid_01540,1
grid_01541,1
grid_01542,1
grid_01543,1
grid_01544,1
grid_01545,1
grid_01546,1
grid_01547,1
grid_01548,1
grid_01549,1
grid_01550,1
grid_01551,1
grid_01552,1
grid_01553,1
grid_01554,1
grid_01555,1
grid_01556,1
grid_01557,1
grid_01558,1
grid_01559,1
grid_01560,1
grid_01561,1
grid_01562,1
grid_01563,1
grid_01564,1
grid_01565,1
grid_01566,1
grid_01567,1
grid_01568,1
grid_01569,1
grid_01570,1
grid_01571,1
grid_01572,1
grid_01573,1
grid_01574,1
grid_01575,1
grid_01576,1
grid_01577,1
grid_01578,1
grid_01579,1
grid_01580,1
grid_01581,1
grid_01582,1
grid_01583,1
grid_01584,1
grid_01585,1
grid_01586,1
grid_01587,1
grid_01588,1
grid_01589,1
grid_01590,1
grid_01591,1
grid_01592,1
grid_01593,1
grid_01594,1
grid_01595,1
grid_01596,1
grid_01597,1
grid_01598,1
grid_01599,1
grid_01600,1
grid_01601,1
grid_01602,1
grid_01603,1
grid_01604,1
grid_01605,1
grid_01606,1
grid_01607,1
grid_01608,1
grid_01609,1
grid_01610,1
grid_01611,1
grid_01612,1
grid_01613,1
grid_01614,1
grid_01615,1
grid_01616,1
grid_01617,1
grid_01618,1
grid_01619,1
grid_01620,1
grid_01621,1
grid_01622,1
grid_01623,1
grid_01624,1
grid_01625,1
grid_01626,1
grid_01627,1
grid_01628,1
grid_01629,1
grid_01630,1
grid_01631,1
grid_01632,1
grid_01633,1
grid_01634,1
grid_01635,1
grid_01636,1
grid_01637,1
grid_01638,1
grid_01639,1
grid_01640,1
grid_01641,1
grid_01642,1
grid_01643,1
grid_01644,1
grid_01645,1
grid_01646,1
grid_01647,1
grid_01648,1
grid_01649,1
grid_01650,1
grid_01651,1
grid_01652,1
grid_01653,1
grid_01654,1
grid_01655,1
grid_01656,1
grid_01657,1
grid_01658,1
grid_01659,1
grid_01660,1
grid_01661,1
grid_01662,1
grid_01663,1
grid_01664,1
grid_01665,1
grid_01666,1
grid_01667,1
grid_01668,1
grid_01669,1
grid_01670,1
grid_01671,1
grid_01672,1
grid_01673,1
grid_01674,1
grid_01675,1
grid_01676,1
grid_01677,1
grid_01678,1
grid_01679,1
grid_01680,1
grid_01681,1
grid_01682,1
grid_01683,1
grid_01684,0
grid_01685,1
grid_01686,1
grid_01687,1
grid_01688,1
grid_01689,1
grid_01690,1
grid_01691,1
grid_01692,1
grid_01693,1
grid_01694,0
grid_01695,1
grid_01696,1
grid_01697,1
grid_01698,1
grid_01699,1
grid_01700,1
grid_01701,1
grid_01702,1
grid_01703,1
grid_01704,1
grid_01705,1
grid_01706,1
grid_01707,1
grid_01708,1
grid_01709,1
grid_01710,1
grid_01711,1
grid_01712,1
grid_01713,1
grid_01714,1
grid_01715,1
grid_01716,1
grid_01717,1
grid_01718,1
grid_01719,1
grid_01720,1
grid_01721,1
grid_01722,1
grid_01723,1
grid_01724,1
grid_01725,1
grid_01726,1
grid_01727,1
grid_01728,1
grid_01729,1
grid_01730,1
grid_01731,1
grid_01732,1
grid_01733,1
grid_01734,1
grid_01735,1
grid_01736,1
grid_01737,1
grid_01738,1
grid_01739,1
grid_01740,1
grid_01741,1
grid_01742,1
grid_01743,1
grid_01744,1
grid_01745,1
grid_01746,1
grid_01747,1
grid_01748,1
grid_01749,1
grid_01750,1
grid_01751,1
grid_01752,1
grid_01753,1
grid_01754,1
grid_01755,1
grid_01756,1
grid_01757,1
grid_01758,1
grid_01759,1
grid_01760,1
grid_01761,1
grid_01762,1
grid_01763,1
grid_01764,1
grid_01765,1
grid_01766,1
grid_01767,1
grid_01768,1
grid_01769,1
grid_01770,1
grid_01771,1
grid_01772,1
grid_01773,1
grid_01774,1
grid_01775,1
grid_01776,1
grid_01777,1
grid_01778,1
grid_01779,1
grid_01780,1
grid_01781,1
grid_01782,1
grid_01783,1
grid_01784,1
grid_01785,1
grid_01786,1
grid_01787,1
grid_01788,1
grid_01789,1
grid_01790,1
grid_01791,1
grid_01792,1
grid_01793,1
grid_01794,1
grid_01795,1
grid_01796,1
grid_01797,1
grid_01798,1
grid_01799,1
grid_01800,1
grid_01801,1
grid_01802,1
grid_01803,1
grid_01804,1
grid_01805,1
grid_01806,1
grid_01807,1
grid_01808,1
grid_01809,1
grid_01810,1
grid_01811,1
grid_01812,1
grid_01813,1
grid_01814,1
grid_01815,1
grid_01816,1
grid_01817,1
grid_01818,1
grid_01819,1
grid_01820,1
grid_01821,1
grid_01822,1
grid_01823,1
grid_01824,1
grid_01825,1
grid_01826,1
grid_01827,1
grid_01828,1
grid_01829,1
grid_01830,1
grid_01831,1
grid_01832,1
grid_01833,1
grid_01834,1
grid_01835,1
grid_01836,1
grid_01837,1
grid_01838,1
grid_01839,1
grid_01840,1
grid_01841,1
grid_01842,1
grid_01843,1
grid_01844,1
grid_01845,1
grid_01846,1
grid_01847,1
grid_01848,1
grid_01849,1
grid_01850,1
grid_01851,1
grid_01852,1
grid_01853,1
grid_01854,1
grid_01855,1
grid_01856,1
grid_01857,1
grid_01858,1
grid_01859,1
grid_01860,1
grid_01861,1
grid_01862,1
grid_01863,1
grid_01864,1
grid_01865,1
grid_01866,1
grid_01867,1
grid_01868,1
grid_01869,1
grid_01870,1
grid_01871,1
grid_01872,1
grid_01873,1
grid_01874,1
grid_01875,1
grid_01876,1
grid_01877,1
grid_01878,1
grid_01879,1
grid_01880,1
grid_01881,1
grid_01882,1
grid_01883,1
grid_01884,1
grid_01885,1
grid_01886,1
grid_01887,1
grid_01888,1
grid_01889,1
grid_01890,1
grid_01891,1
grid_01892,1
grid_01893,1
grid_01894,1
grid_01895,1
grid_01896,1
grid_01897,1
grid_01898,1
grid_01899,1
grid_01900,1
grid_01901,1
grid_01902,1
grid_01903,1
grid_01904,1
grid_01905,1
grid_01906,1
grid_01907,1
grid_01908,1
grid_01909,1
grid_01910,1
grid_01911,1
grid_01912,1
grid_01913,1
grid_01914,1
grid_01915,1
grid_01916,1
grid_01917,1
grid_01918,1
grid_01919,1
grid_01920,1
grid_01921,1
grid_01922,1
grid_01923,0
grid_01924,1
grid_01925,1
grid_01926,0
grid_01927,1
grid_01928,1
grid_01929,1
grid_01930,1
grid_01931,1
grid_01932,1
grid_01933,1
grid_01934,1
grid_01935,1
grid_01936,0
grid_01937,1
grid_01938,0
grid_01939,1
grid_01940,0
grid_01941,1
grid_01942,1
grid_01943,1
grid_01944,1
grid_01945,1
grid_01946,1
grid_01947,0
grid_01948,0
grid_01949,1
grid_01950,1
grid_01951,1
grid_01952,1
grid_01953,1
grid_01954,1
grid_01955,1
grid_01956,1
grid_01957,1
grid_01958,1
grid_01959,1
grid_01960,1
grid_01961,1
grid_01962,1
grid_01963,1
grid_01964,1
grid_01965,1
grid_01966,1
grid_01967,1
grid_01968,1
grid_01969,1
grid_01970,1
grid_01971,0
grid_01972,1
grid_01973,1
grid_01974,0
grid_01975,0
grid_01976,0
grid_01977,1
grid_01978,0
grid_01979,1
grid_01980,0
grid_01981,1
grid_01982,0
grid_01983,1
grid_01984,1
grid_01985,1
grid_01986,0
grid_01987,1
grid_01988,0
grid_01989,0
grid_01990,1
grid_01991,1
grid_01992,0
grid_01993,0
grid_01994,0
grid_01995,0
grid_01996,1
grid_01997,1
grid_01998,1
grid_01999,1
grid_02000,1
grid_02001,1
grid_02002,1
grid_02003,1
grid_02004,1
grid_02005,1
grid_02006,1
grid_02007,1
grid_02008,1
grid_02009,1
grid_02010,1
grid_02011,1
grid_02012,1
grid_02013,1
grid_02014,1
grid_02015,1
grid_02016,1
grid_02017,1
grid_02018,1
grid_02019,1
grid_02020,1
grid_02021,1
grid_02022,1
grid_02023,1
grid_02024,1
grid_02025,1
grid_02026,1
grid_02027,1
grid_02028,1
grid_02029,1
grid_02030,1
grid_02031,1
grid_02032,1
grid_02033,1
grid_02034,1
grid_02035,1
grid_02036,1
grid_02037,1
grid_02038,1
grid_02039,1
grid_02040,1
grid_02041,1
grid_02042,1
grid_02043,1
grid_02044,1
grid_02045,1
grid_02046,1
grid_02047,1
grid_02048,1
grid_02049,1
grid_02050,1
grid_02051,1
grid_02052,1
grid_02053,1
grid_02054,1
grid_02055,1
grid_02056,1
grid_02057,1
grid_02058,1
grid_02059,1
grid_02060,1
grid_02061,1
grid_02062,1
grid_02063,1
grid_02064,1
grid_02065,1
grid_02066,1
grid_02067,1
grid_02068,1
grid_02069,1
grid_02070,1
grid_02071,1
grid_02072,1
grid_02073,1
grid_02074,1
grid_02075,1
grid_02076,1
grid_02077,1
grid_02078,1
grid_02079,1
grid_02080,1
grid_02081,1
grid_02082,1
grid_02083,1
grid_02084,1
grid_02085,1
grid_02086,1
grid_02087,1
grid_02088,1
grid_02089,1
grid_02090,1
grid_02091,1
grid_02092,1
grid_02093,1
grid_02094,1
grid_02095,1
grid_02096,1
grid_02097,1
grid_02098,1
grid_02099,1
grid_02100,1
grid_02101,1
grid_02102,1
grid_02103,1
grid_02104,1
grid_02105,1
grid_02106,1
grid_02107,1
grid_02108,1
grid_02109,1
grid_02110,1
grid_02111,1
grid_02112,1
grid_02113,1
grid_02114,1
grid_02115,1
grid_02116,1
grid_02117,1
grid_02118,1
grid_02119,1
grid_02120,1
grid_02121,1
grid_02122,0
grid_02123,0
grid_02124,0
grid_02125,0
grid_02126,0
grid_02127,1
grid_02128,0
grid_02129,1
grid_02130,0
grid_02131,1
grid_02132,1
grid_02133,1
grid_02134,0
grid_02135,0
grid_02136,1
grid_02137,0
grid_02138,0
grid_02139,0
grid_02140,1
grid_02141,1
grid_02142,1
grid_02143,1
grid_02144,0
grid_02145,1
grid_02146,1
grid_02147,1
grid_02148,0
grid_02149,1
grid_02150,1
grid_02151,1
grid_02152,1
grid_02153,1
grid_02154,1
grid_02155,1
grid_02156,1
grid_02157,1
grid_02158,1
grid_02159,1
grid_02160,1
grid_02161,1
grid_02162,1
grid_02163,1
grid_02164,1
grid_02165,1
grid_02166,1
grid_02167,1
grid_02168,1
grid_02169,1
grid_02170,1
grid_02171,0
grid_02172,1
grid_02173,1
grid_02174,1
grid_02175,1
grid_02176,1
grid_02177,1
grid_02178,1
grid_02179,1
grid_02180,1
grid_02181,1
grid_02182,1
grid_02183,1
grid_02184,1
grid_02185,1
grid_02186,1
grid_02187,1
grid_02188,1
grid_02189,1
grid_02190,1
grid_02191,1
grid_02192,1
grid_02193,1
grid_02194,1
grid_02195,1
grid_02196,1
grid_02197,1
grid_02198,1
grid_02199,0
grid_02200,0
grid_02201,1
grid_02202,1
grid_02203,1
grid_02204,1
grid_02205,1
grid_02206,1
grid_02207,1
grid_02208,1
grid_02209,1
grid_02210,1
grid_02211,1
grid_02212,1
grid_02213,1
grid_02214,1
grid_02215,1
grid_02216,1
grid_02217,1
grid_02218,1
grid_02219,1
grid_02220,1
grid_02221,1
grid_02222,1
grid_02223,1
grid_02224,1
grid_02225,1
grid_02226,1
grid_02227,1
grid_02228,1
grid_02229,1
grid_02230,1
grid_02231,1
grid_02232,1
grid_02233,1
grid_02234,1
grid_02235,1
grid_02236,1
grid_02237,1
grid_02238,1
grid_02239,1
grid_02240,1
grid_02241,1
grid_02242,1
grid_02243,1
grid_02244,1
grid_02245,1
grid_02246,1
grid_02247,1
grid_02248,1
grid_02249,1
grid_02250,1
grid_02251,1
grid_02252,1
grid_02253,1
grid_02254,1
grid_02255,1
grid_02256,1
grid_02257,1
grid_02258,1
grid_02259,1
grid_02260,1
grid_02261,1
grid_02262,1
grid_02263,1
grid_02264,1
grid_02265,1
grid_02266,1
grid_02267,1
grid_02268,1
grid_02269,1
grid_02270,1
grid_02271,1
grid_02272,1
grid_02273,1
grid_02274,1
grid_02275,1
grid_02276,1
grid_02277,1
grid_02278,1
grid_02279,1
grid_02280,1
grid_02281,1
grid_02282,1
grid_02283,1
grid_02284,1
grid_02285,1
grid_02286,1
grid_02287,1
grid_02288,1
grid_02289,1
grid_02290,1
grid_02291,1
grid_02292,1
grid_02293,1
grid_02294,1
grid_02295,1
grid_02296,1
grid_02297,1
grid_02298,1
grid_02299,1
grid_02300,1
grid_02301,1
grid_02302,1
grid_02303,1
grid_02304,1
grid_02305,1
grid_02306,1
grid_02307,1
grid_02308,1
grid_02309,1
grid_02310,1
grid_02311,1
grid_02312,0
grid_02313,1
grid_02314,1
grid_02315,1
grid_02316,1
grid_02317,1
grid_02318,0
grid_02319,0
grid_02320,0
grid_02321,1
grid_02322,1
grid_02323,1
grid_02324,1
grid_02325,1
grid_02326,1
grid_02327,1
grid_02328,1
grid_02329,1
grid_02330,1
grid_02331,0
grid_02332,0
grid_02333,1
grid_02334,0
grid_02335,1
grid_02336,0
grid_02337,0
grid_02338,0
grid_02339,0
grid_02340,1
grid_02341,0
grid_02342,0
grid_02343,0
grid_02344,0
grid_02345,1
grid_02346,0
grid_02347,0
grid_02348,1
grid_02349,0
grid_02350,0
grid_02351,1
grid_02352,1
grid_02353,1
grid_02354,1
grid_02355,1
grid_02356,1
grid_02357,1
grid_02358,1
grid_02359,1
grid_02360,1
grid_02361,0
grid_02362,0
grid_02363,0
grid_02364,0
grid_02365,0
grid_02366,1
grid_02367,0
grid_02368,0
grid_02369,0
grid_02370,0
grid_02371,1
grid_02372,1
grid_02373,1
grid_02374,1
grid_02375,1
grid_02376,1
grid_02377,1
grid_02378,1
grid_02379,1
grid_02380,1
grid_02381,1
grid_02382,1
grid_02383,1
grid_02384,1
grid_02385,1
grid_02386,1
grid_02387,1
grid_02388,1
grid_02389,1
grid_02390,1
grid_02391,1
grid_02392,1
grid_02393,1
grid_02394,1
grid_02395,1
grid_02396,1
grid_02397,0
grid_02398,1
grid_02399,1
grid_02400,1
grid_02401,1
grid_02402,1
grid_02403,1
grid_02404,1
grid_02405,1
grid_02406,1
grid_02407,1
grid_02408,1
grid_02409,1
grid_02410,1
grid_02411,1
grid_02412,1
grid_02413,1
grid_02414,1
grid_02415,1
grid_02416,1
grid_02417,0
grid_02418,1
grid_02419,0
grid_02420,0
grid_02421,1
grid_02422,1
grid_02423,1
grid_02424,1
grid_02425,1
grid_02426,1
grid_02427,1
grid_02428,1
grid_02429,1
grid_02430,1
grid_02431,1
grid_02432,1
grid_02433,1
grid_02434,1
grid_02435,1
grid_02436,1
grid_02437,1
grid_02438,1
grid_02439,1
grid_02440,1
grid_02441,0
grid_02442,0
grid_02443,1
grid_02444,0
grid_02445,0
grid_02446,0
grid_02447,1
grid_02448,0
grid_02449,0
grid_02450,1
grid_02451,1
grid_02452,1
grid_02453,1
grid_02454,1
grid_02455,1
grid_02456,1
grid_02457,1
grid_02458,1
grid_02459,1
grid_02460,1
grid_02461,1
grid_02462,1
grid_02463,1
grid_02464,1
grid_02465,1
grid_02466,1
grid_02467,0
grid_02468,0
grid_02469,0
grid_02470,1
grid_02471,1
grid_02472,0
grid_02473,0
grid_02474,0
grid_02475,1
grid_02476,0
grid_02477,0
grid_02478,1
grid_02479,0
grid_02480,1
grid_02481,0
grid_02482,0
grid_02483,1
grid_02484,0
grid_02485,1
grid_02486,1
grid_02487,0
grid_02488,0
grid_02489,1
grid_02490,1
grid_02491,1
grid_02492,1
grid_02493,0
grid_02494,1
grid_02495,1
grid_02496,1
grid_02497,1
grid_02498,1
grid_02499,1
grid_02500,1
grid_02501,1
grid_02502,1
grid_02503,1
grid_02504,1
grid_02505,1
grid_02506,1
grid_02507,1
grid_02508,1
grid_02509,1
grid_02510,1
grid_02511,1
grid_02512,1
grid_02513,1
grid_02514,1
grid_02515,1
grid_02516,1
grid_02517,1
grid_02518,1
grid_02519,1
grid_02520,1
grid_02521,1
grid_02522,1
grid_02523,1
grid_02524,1
grid_02525,1
grid_02526,1
grid_02527,1
grid_02528,1
grid_02529,1
grid_02530,1
grid_02531,1
grid_02532,1
grid_02533,1
grid_02534,1
grid_02535,0
grid_02536,0
grid_02537,1
grid_02538,1
grid_02539,0
grid_02540,0
grid_02541,1
grid_02542,1
grid_02543,1
grid_02544,1
grid_02545,1
grid_02546,1
grid_02547,1
grid_02548,1
grid_02549,1
grid_02550,1
grid_02551,1
grid_02552,1
grid_02553,1
grid_02554,1
grid_02555,1
grid_02556,0
grid_02557,1
grid_02558,1
grid_02559,1
grid_02560,1
grid_02561,1
grid_02562,1
grid_02563,1
grid_02564,1
grid_02565,1
grid_02566,1
grid_02567,1
grid_02568,1
grid_02569,1
grid_02570,1
grid_02571,1
grid_02572,1
grid_02573,1
grid_02574,1
grid_02575,1
grid_02576,1
grid_02577,1
grid_02578,1
grid_02579,1
grid_02580,1
grid_02581,1
grid_02582,1
grid_02583,1
grid_02584,1
grid_02585,1
grid_02586,1
grid_02587,0
grid_02588,1
grid_02589,1
grid_02590,1
grid_02591,1
grid_02592,1
grid_02593,1
grid_02594,1
grid_02595,1
grid_02596,1
grid_02597,1
grid_02598,1
grid_02599,1
grid_02600,1
grid_02601,0
grid_02602,1
grid_02603,0
grid_02604,0
grid_02605,0
grid_02606,0
grid_02607,0
grid_02608,0
grid_02609,0
grid_02610,0
grid_02611,1
grid_02612,1
grid_02613,1
grid_02614,1
grid_02615,1
grid_02616,1
grid_02617,0
grid_02618,1
grid_02619,1
grid_02620,1
grid_02621,1
grid_02622,1
grid_02623,1
grid_02624,0
grid_02625,0
grid_02626,0
grid_02627,0
grid_02628,0
grid_02629,0
grid_02630,0
grid_02631,0
grid_02632,1
grid_02633,1
grid_02634,1
grid_02635,1
grid_02636,1
grid_02637,1
grid_02638,1
grid_02639,1
grid_02640,1
grid_02641,1
grid_02642,0
grid_02643,1
grid_02644,0
grid_02645,0
grid_02646,0
grid_02647,1
grid_02648,0
grid_02649,0
grid_02650,0
grid_02651,0
grid_02652,0
grid_02653,1
grid_02654,1
grid_02655,1
grid_02656,1
grid_02657,1
grid_02658,1
grid_02659,1
grid_02660,1
grid_02661,0
grid_02662,0
grid_02663,1
grid_02664,0
grid_02665,1
grid_02666,0
grid_02667,0
grid_02668,0
grid_02669,0
grid_02670,0
grid_02671,0
grid_02672,0
grid_02673,0
grid_02674,0
grid_02675,1
grid_02676,0
grid_02677,0
grid_02678,0
grid_02679,0
grid_02680,0
grid_02681,1
grid_02682,1
grid_02683,1
grid_02684,1
grid_02685,1
grid_02686,1
grid_02687,0
grid_02688,0
grid_02689,1
grid_02690,0
grid_02691,0
grid_02692,1
grid_02693,1
grid_02694,1
grid_02695,1
grid_02696,1
grid_02697,1
grid_02698,1
grid_02699,1
grid_02700,1
grid_02701,1
grid_02702,1
grid_02703,1
grid_02704,0
grid_02705,1
grid_02706,1
grid_02707,1
grid_02708,1
grid_02709,1
grid_02710,1
grid_02711,0
grid_02712,0
grid_02713,1
grid_02714,1
grid_02715,1
grid_02716,1
grid_02717,1
grid_02718,1
grid_02719,0
grid_02720,1
grid_02721,1
grid_02722,1
grid_02723,1
grid_02724,1
grid_02725,1
grid_02726,0
grid_02727,0
grid_02728,0
grid_02729,0
grid_02730,0
grid_02731,1
grid_02732,1
grid_02733,1
grid_02734,1
grid_02735,1
grid_02736,1
grid_02737,1
grid_02738,0
grid_02739,1
grid_02740,1
grid_02741,0
grid_02742,1
grid_02743,1
grid_02744,1
grid_02745,1
grid_02746,0
grid_02747,0
grid_02748,1
grid_02749,0
grid_02750,1
grid_02751,0
grid_02752,0
grid_02753,0
grid_02754,0
grid_02755,0
grid_02756,0
grid_02757,0
grid_02758,0
grid_02759,0
grid_02760,0
grid_02761,1
grid_02762,1
grid_02763,0
grid_02764,1
grid_02765,1
grid_02766,1
grid_02767,1
grid_02768,0
grid_02769,1
grid_02770,0
grid_02771,1
grid_02772,0
grid_02773,0
grid_02774,1
grid_02775,1
grid_02776,1
grid_02777,0
grid_02778,1
grid_02779,1
grid_02780,0
grid_02781,0
grid_02782,0
grid_02783,0
grid_02784,0
grid_02785,0
grid_02786,0
grid_02787,0
grid_02788,0
grid_02789,0
grid_02790,0
grid_02791,0
grid_02792,0
grid_02793,0
grid_02794,0
grid_02795,0
grid_02796,0
grid_02797,0
grid_02798,0
grid_02799,0
grid_02800,0
grid_02801,1
grid_02802,1
grid_02803,1
grid_02804,1
grid_02805,1
grid_02806,1
grid_02807,1
grid_02808,1
grid_02809,1
grid_02810,0
grid_02811,1
grid_02812,1
grid_02813,1
grid_02814,1
grid_02815,1
grid_02816,0
grid_02817,1
grid_02818,1
grid_02819,1
grid_02820,0
grid_02821,0
grid_02822,0
grid_02823,0
grid_02824,0
grid_02825,0
grid_02826,1
grid_02827,1
grid_02828,1
grid_02829,0
grid_02830,0
grid_02831,1
grid_02832,1
grid_02833,1
grid_02834,1
grid_02835,1
grid_02836,1
grid_02837,1
grid_02838,0
grid_02839,1
grid_02840,1
grid_02841,1
grid_02842,1
grid_02843,1
grid_02844,1
grid_02845,1
grid_02846,1
grid_02847,0
grid_02848,1
grid_02849,1
grid_02850,1
grid_02851,1
grid_02852,1
grid_02853,1
grid_02854,0
grid_02855,0
grid_02856,0
grid_02857,0
grid_02858,0
grid_02859,0
grid_02860,0
grid_02861,0
grid_02862,0
grid_02863,1
grid_02864,1
grid_02865,1
grid_02866,0
grid_02867,1
grid_02868,0
grid_02869,1
grid_02870,1
grid_02871,1
grid_02872,0
grid_02873,0
grid_02874,1
grid_02875,0
grid_02876,1
grid_02877,1
grid_02878,1
grid_02879,1
grid_02880,1
grid_02881,0
grid_02882,0
grid_02883,0
grid_02884,0
grid_02885,0
grid_02886,0
grid_02887,0
grid_02888,0
grid_02889,0
grid_02890,0
grid_02891,0
grid_02892,0
grid_02893,0
grid_02894,0
grid_02895,1
grid_02896,0
grid_02897,1
grid_02898,0
grid_02899,0
grid_02900,1
grid_02901,0
grid_02902,0
grid_02903,0
grid_02904,0
grid_02905,0
grid_02906,0
grid_02907,0
grid_02908,0
grid_02909,0
grid_02910,0
grid_02911,0
grid_02912,0
grid_02913,0
grid_02914,0
grid_02915,0
grid_02916,0
grid_02917,0
grid_02918,0
grid_02919,0
grid_02920,0
grid_02921,1
grid_02922,0
grid_02923,0
grid_02924,1
grid_02925,1
grid_02926,1
grid_02927,0
grid_02928,0
grid_02929,1
grid_02930,0
grid_02931,1
grid_02932,0
grid_02933,0
grid_02934,1
grid_02935,1
grid_02936,0
grid_02937,0
grid_02938,0
grid_02939,0
grid_02940,0
grid_02941,0
grid_02942,0
grid_02943,0
grid_02944,0
grid_02945,0
grid_02946,0
grid_02947,0
grid_02948,0
grid_02949,0
grid_02950,0
grid_02951,0
grid_02952,0
grid_02953,0
grid_02954,0
grid_02955,0
grid_02956,0
grid_02957,0
grid_02958,0
grid_02959,0
grid_02960,0
grid_02961,0
grid_02962,0
grid_02963,0
grid_02964,0
grid_02965,0
grid_02966,0
grid_02967,0
grid_02968,0
grid_02969,0
grid_02970,1
grid_02971,1
grid_02972,1
grid_02973,1
grid_02974,1
grid_02975,1
grid_02976,1
grid_02977,1
grid_02978,1
grid_02979,1
grid_02980,1
grid_02981,1
grid_02982,1
grid_02983,1
grid_02984,1
grid_02985,1
grid_02986,1
grid_02987,1
grid_02988,1
grid_02989,1
grid_02990,1
grid_02991,1
grid_02992,1
grid_02993,1
grid_02994,1
grid_02995,1
grid_02996,1
grid_02997,1
grid_02998,1
grid_02999,1
grid_03000,1
grid_03001,1
grid_03002,1
grid_03003,1
grid_03004,1
grid_03005,1
grid_03006,1
grid_03007,1
grid_03008,1
grid_03009,1
grid_03010,1
grid_03011,1
grid_03012,1
grid_03013,1
grid_03014,1
grid_03015,1
grid_03016,1
grid_03017,1
grid_03018,1
grid_03019,1
grid_03020,1
grid_03021,1
grid_03022,1
grid_03023,1
grid_03024,1
grid_03025,1
grid_03026,1
grid_03027,1
grid_03028,1
grid_03029,1
grid_03030,1
grid_03031,1
grid_03032,1
grid_03033,1
grid_03034,1
grid_03035,1
grid_03036,1
grid_03037,1
grid_03038,1
grid_03039,1
grid_03040,1
grid_03041,1
grid_03042,1
grid_03043,1
grid_03044,1
grid_03045,1
grid_03046,1
grid_03047,1
grid_03048,1
grid_03049,0
grid_03050,1
grid_03051,1
grid_03052,1
grid_03053,1
grid_03054,1
grid_03055,1
grid_03056,1
grid_03057,1
grid_03058,1
grid_03059,1
grid_03060,1
grid_03061,1
grid_03062,1
grid_03063,1
grid_03064,1
grid_03065,1
grid_03066,1
grid_03067,1
grid_03068,1
grid_03069,1
grid_03070,1
grid_03071,1
grid_03072,1
grid_03073,1
grid_03074,1
grid_03075,1
grid_03076,1
grid_03077,1
grid_03078,1
grid_03079,1
grid_03080,1
grid_03081,1
grid_03082,1
grid_03083,1
grid_03084,1
grid_03085,1
grid_03086,1
grid_03087,1
grid_03088,1
grid_03089,1
grid_03090,1
grid_03091,1
grid_03092,1
grid_03093,1
grid_03094,1
grid_03095,1
grid_03096,1
grid_03097,1
grid_03098,1
grid_03099,1
grid_03100,1
grid_03101,1
grid_03102,1
grid_03103,1
grid_03104,1
grid_03105,1
grid_03106,1
grid_03107,1
grid_03108,1
grid_03109,1
grid_03110,1
grid_03111,1
grid_03112,1
grid_03113,1
grid_03114,1
grid_03115,1
grid_03116,1
grid_03117,1
grid_03118,1
grid_03119,1
grid_03120,1
grid_03121,1
grid_03122,1
grid_03123,1
grid_03124,1
grid_03125,1
grid_03126,1
grid_03127,1
grid_03128,0
grid_03129,1
grid_03130,0
grid_03131,1
grid_03132,1
grid_03133,0
grid_03134,1
grid_03135,1
grid_03136,1
grid_03137,1
grid_03138,1
grid_03139,1
grid_03140,1
grid_03141,1
grid_03142,1
grid_03143,1
grid_03144,0
grid_03145,1
grid_03146,1
grid_03147,0
grid_03148,1
grid_03149,1
grid_03150,1
grid_03151,1
grid_03152,1
grid_03153,1
grid_03154,1
grid_03155,1
grid_03156,0
grid_03157,1
grid_03158,1
grid_03159,1
grid_03160,1
grid_03161,1
grid_03162,1
grid_03163,1
grid_03164,1
grid_03165,1
grid_03166,1
grid_03167,1
grid_03168,0
grid_03169,1
grid_03170,1
grid_03171,0
grid_03172,1
grid_03173,0
grid_03174,1
grid_03175,1
grid_03176,0
grid_03177,0
grid_03178,1
grid_03179,1
grid_03180,0
grid_03181,1
grid_03182,1
grid_03183,1
grid_03184,1
grid_03185,1
grid_03186,1
grid_03187,1
grid_03188,1
grid_03189,1
grid_03190,1
grid_03191,1
grid_03192,1
grid_03193,1
grid_03194,1
grid_03195,1
grid_03196,0
grid_03197,1
grid_03198,0
grid_03199,1
grid_03200,1
grid_03201,1
grid_03202,1
grid_03203,1
grid_03204,1
grid_03205,1
grid_03206,1
grid_03207,1
grid_03208,1
grid_03209,0
grid_03210,1
grid_03211,0
grid_03212,0
grid_03213,0
grid_03214,0
grid_03215,1
grid_03216,1
grid_03217,0
grid_03218,0
grid_03219,0
grid_03220,1
grid_03221,1
grid_03222,1
grid_03223,1
grid_03224,1
grid_03225,1
grid_03226,1
grid_03227,0
grid_03228,0
grid_03229,1
grid_03230,1
grid_03231,1
grid_03232,1
grid_03233,1
grid_03234,1
grid_03235,1
grid_03236,1
grid_03237,1
grid_03238,1
grid_03239,1
grid_03240,1
grid_03241,0
grid_03242,1
grid_03243,1
grid_03244,0
grid_03245,1
grid_03246,1
grid_03247,1
grid_03248,0
grid_03249,1
grid_03250,1
grid_03251,1
grid_03252,1
grid_03253,1
grid_03254,1
grid_03255,1
grid_03256,1
grid_03257,1
grid_03258,1
grid_03259,1
grid_03260,0
grid_03261,0
grid_03262,0
grid_03263,0
grid_03264,1
grid_03265,0
grid_03266,0
grid_03267,1
grid_03268,0
grid_03269,0
grid_03270,1
grid_03271,1
grid_03272,1
grid_03273,1
grid_03274,1
grid_03275,1
grid_03276,1
grid_03277,1
grid_03278,1
grid_03279,1
grid_03280,1
grid_03281,1
grid_03282,1
grid_03283,1
grid_03284,1
grid_03285,1
grid_03286,1
grid_03287,1
grid_03288,1
grid_03289,1
grid_03290,1
grid_03291,1
grid_03292,1
grid_03293,1
grid_03294,1
grid_03295,1
grid_03296,1
grid_03297,1
grid_03298,1
grid_03299,1
grid_03300,1
grid_03301,1
grid_03302,1
grid_03303,1
grid_03304,1
grid_03305,1
grid_03306,1
grid_03307,1
grid_03308,1
grid_03309,1
grid_03310,1
grid_03311,1
grid_03312,1
grid_03313,1
grid_03314,1
grid_03315,1
grid_03316,1
grid_03317,1
grid_03318,1
grid_03319,1
grid_03320,1
grid_03321,1
grid_03322,1
grid_03323,1
grid_03324,1
grid_03325,1
grid_03326,1
grid_03327,1
grid_03328,1
grid_03329,1
grid_03330,1
grid_03331,1
grid_03332,1
grid_03333,1
grid_03334,1
grid_03335,1
grid_03336,1
grid_03337,1
grid_03338,1
grid_03339,1
grid_03340,1
grid_03341,1
grid_03342,1
grid_03343,1
grid_03344,1
grid_03345,1
grid_03346,1
grid_03347,1
grid_03348,1
grid_03349,1
grid_03350,1
grid_03351,1
grid_03352,1
grid_03353,1
grid_03354,1
grid_03355,1
grid_03356,1
grid_03357,1
grid_03358,1
grid_03359,1
grid_03360,1
grid_03361,1
grid_03362,1
grid_03363,1
grid_03364,1
grid_03365,1
grid_03366,1
grid_03367,1
grid_03368,1
grid_03369,1
grid_03370,0
grid_03371,0
grid_03372,1
grid_03373,0
grid_03374,1
grid_03375,0
grid_03376,1
grid_03377,1
grid_03378,0
grid_03379,0
grid_03380,1
grid_03381,1
grid_03382,1
grid_03383,1
grid_03384,1
grid_03385,1
grid_03386,1
grid_03387,1
grid_03388,1
grid_03389,1
grid_03390,1
grid_03391,0
grid_03392,1
grid_03393,0
grid_03394,1
grid_03395,1
grid_03396,0
grid_03397,1
grid_03398,1
grid_03399,1
grid_03400,0
grid_03401,0
grid_03402,1
grid_03403,1
grid_03404,0
grid_03405,1
grid_03406,0
grid_03407,0
grid_03408,0
grid_03409,1
grid_03410,1
grid_03411,1
grid_03412,1
grid_03413,1
grid_03414,1
grid_03415,1
grid_03416,1
grid_03417,0
grid_03418,1
grid_03419,1
grid_03420,1
grid_03421,1
grid_03422,1
grid_03423,1
grid_03424,1
grid_03425,1
grid_03426,1
grid_03427,1
grid_03428,0
grid_03429,1
grid_03430,0
grid_03431,0
grid_03432,0
grid_03433,0
grid_03434,1
grid_03435,0
grid_03436,0
grid_03437,0
grid_03438,1
grid_03439,1
grid_03440,0
grid_03441,0
grid_03442,1
grid_03443,0
grid_03444,0
grid_03445,1
grid_03446,0
grid_03447,0
grid_03448,0
grid_03449,0
grid_03450,1
grid_03451,1
grid_03452,1
grid_03453,1
grid_03454,0
grid_03455,1
grid_03456,1
grid_03457,1
grid_03458,1
grid_03459,1
grid_03460,0
grid_03461,0
grid_03462,1
grid_03463,0
grid_03464,1
grid_03465,1
grid_03466,1
grid_03467,1
grid_03468,0
grid_03469,1
grid_03470,1
grid_03471,1
grid_03472,1
grid_03473,1
grid_03474,1
grid_03475,1
grid_03476,1
grid_03477,1
grid_03478,1
grid_03479,1
grid_03480,1
grid_03481,1
grid_03482,1
grid_03483,1
grid_03484,1
grid_03485,1
grid_03486,1
grid_03487,1
grid_03488,1
grid_03489,1
grid_03490,1
grid_03491,1
grid_03492,1
grid_03493,1
grid_03494,1
grid_03495,1
grid_03496,1
grid_03497,1
grid_03498,1
grid_03499,1
grid_03500,1
grid_03501,1
grid_03502,1
grid_03503,1
grid_03504,1
grid_03505,1
grid_03506,1
grid_03507,1
grid_03508,1
grid_03509,1
grid_03510,1
grid_03511,1
grid_03512,1
grid_03513,1
grid_03514,1
grid_03515,1
grid_03516,1
grid_03517,1
grid_03518,1
grid_03519,1
grid_03520,1
grid_03521,1
grid_03522,1
grid_03523,1
grid_03524,1
grid_03525,1
grid_03526,1
grid_03527,1
grid_03528,1
grid_03529,1
grid_03530,0
grid_03531,1
grid_03532,1
grid_03533,1
grid_03534,1
grid_03535,1
grid_03536,0
grid_03537,0
grid_03538,1
grid_03539,1
grid_03540,1
grid_03541,1
grid_03542,1
grid_03543,1
grid_03544,1
grid_03545,1
grid_03546,1
grid_03547,1
grid_03548,1
grid_03549,1
grid_03550,1
grid_03551,1
grid_03552,1
grid_03553,1
grid_03554,1
grid_03555,1
grid_03556,1
grid_03557,1
grid_03558,1
grid_03559,1
grid_03560,1
grid_03561,1
grid_03562,1
grid_03563,1
grid_03564,0
grid_03565,0
grid_03566,1
grid_03567,1
grid_03568,1
grid_03569,1
grid_03570,0
grid_03571,0
grid_03572,0
grid_03573,1
grid_03574,0
grid_03575,1
grid_03576,1
grid_03577,1
grid_03578,0
grid_03579,1
grid_03580,1
grid_03581,0
grid_03582,0
grid_03583,1
grid_03584,0
grid_03585,1
grid_03586,0
grid_03587,0
grid_03588,0
grid_03589,0
grid_03590,0
grid_03591,0
grid_03592,0
grid_03593,0
grid_03594,1
grid_03595,1
grid_03596,0
grid_03597,0
grid_03598,0
grid_03599,0
grid_03600,0
grid_03601,0
grid_03602,0
grid_03603,0
grid_03604,0
grid_03605,0
grid_03606,0
grid_03607,0
grid_03608,0
grid_03609,0
grid_03610,0
grid_03611,1
grid_03612,1
grid_03613,1
grid_03614,1
grid_03615,1
grid_03616,1
grid_03617,0
grid_03618,1
grid_03619,1
grid_03620,0
grid_03621,0
grid_03622,0
grid_03623,0
grid_03624,0
grid_03625,0
grid_03626,0
grid_03627,0
grid_03628,0
grid_03629,0
grid_03630,0
grid_03631,0
grid_03632,1
grid_03633,1
grid_03634,1
grid_03635,0
grid_03636,0
grid_03637,1
grid_03638,1
grid_03639,1
grid_03640,1
grid_03641,1
grid_03642,1
grid_03643,1
grid_03644,1
grid_03645,1
grid_03646,1
grid_03647,1
grid_03648,1
grid_03649,1
grid_03650,0
grid_03651,0
grid_03652,0
grid_03653,0
grid_03654,0
grid_03655,0
grid_03656,0
grid_03657,0
grid_03658,0
grid_03659,0
grid_03660,1
grid_03661,1
grid_03662,1
grid_03663,1
grid_03664,1
grid_03665,0
grid_03666,1
grid_03667,1
grid_03668,0
grid_03669,1
grid_03670,1
grid_03671,1
grid_03672,1
grid_03673,1
grid_03674,1
grid_03675,1
grid_03676,1
grid_03677,1
grid_03678,1
grid_03679,1
grid_03680,1
grid_03681,1
grid_03682,1
grid_03683,1
grid_03684,1
grid_03685,1
grid_03686,1
grid_03687,1
grid_03688,1
grid_03689,1
grid_03690,1
grid_03691,1
grid_03692,1
grid_03693,1
grid_03694,1
grid_03695,1
grid_03696,1
grid_03697,1
grid_03698,1
grid_03699,1
grid_03700,1
grid_03701,1
grid_03702,1
grid_03703,1
grid_03704,1
grid_03705,1
grid_03706,1
grid_03707,1
grid_03708,1
grid_03709,1
grid_03710,1
grid_03711,1
grid_03712,1
grid_03713,1
grid_03714,1
grid_03715,1
grid_03716,1
grid_03717,1
grid_03718,1
grid_03719,1
grid_03720,1
grid_03721,1
grid_03722,1
grid_03723,1
grid_03724,0
grid_03725,1
grid_03726,1
grid_03727,1
grid_03728,1
grid_03729,1
grid_03730,1
grid_03731,1
grid_03732,1
grid_03733,1
grid_03734,1
grid_03735,1
grid_03736,1
grid_03737,1
grid_03738,1
grid_03739,1
grid_03740,1
grid_03741,1
grid_03742,1
grid_03743,1
grid_03744,1
grid_03745,1
grid_03746,1
grid_03747,1
grid_03748,1
grid_03749,1
grid_03750,1
grid_03751,1
grid_03752,1
grid_03753,1
grid_03754,1
grid_03755,1
grid_03756,1
grid_03757,1
grid_03758,1
grid_03759,1
grid_03760,1
grid_03761,1
grid_03762,1
grid_03763,1
grid_03764,1
grid_03765,1
grid_03766,1
grid_03767,1
grid_03768,1
grid_03769,1
grid_03770,1
grid_03771,1
grid_03772,1
grid_03773,1
grid_03774,1
grid_03775,1
grid_03776,1
grid_03777,1
grid_03778,1
grid_03779,1
grid_03780,1
grid_03781,1
grid_03782,1
grid_03783,1
grid_03784,1
grid_03785,1
grid_03786,1
grid_03787,1
grid_03788,1
grid_03789,1
grid_03790,1
grid_03791,0
grid_03792,1
grid_03793,0
grid_03794,1
grid_03795,1
grid_03796,1
grid_03797,0
grid_03798,0
grid_03799,1
grid_03800,1
grid_03801,1
grid_03802,1
grid_03803,1
grid_03804,1
grid_03805,1
grid_03806,1
grid_03807,1
grid_03808,1
grid_03809,1
grid_03810,1
grid_03811,1
grid_03812,1
grid_03813,1
grid_03814,1
grid_03815,1
grid_03816,1
grid_03817,1
grid_03818,1
grid_03819,1
grid_03820,1
grid_03821,0
grid_03822,1
grid_03823,0
grid_03824,0
grid_03825,0
grid_03826,0
grid_03827,1
grid_03828,0
grid_03829,0
grid_03830,1
grid_03831,1
grid_03832,1
grid_03833,1
grid_03834,1
grid_03835,0
grid_03836,1
grid_03837,1
grid_03838,1
grid_03839,1
grid_03840,1
grid_03841,1
grid_03842,1
grid_03843,1
grid_03844,1
grid_03845,1
grid_03846,1
grid_03847,1
grid_03848,1
grid_03849,1
grid_03850,0
grid_03851,1
grid_03852,1
grid_03853,0
grid_03854,0
grid_03855,0
grid_03856,0
grid_03857,0
grid_03858,0
grid_03859,0
grid_03860,1
grid_03861,0
grid_03862,1
grid_03863,1
grid_03864,1
grid_03865,1
grid_03866,1
grid_03867,1
grid_03868,0
grid_03869,1
grid_03870,1
grid_03871,1
grid_03872,1
grid_03873,1
grid_03874,1
grid_03875,1
grid_03876,1
grid_03877,1
grid_03878,1
grid_03879,1
grid_03880,0
grid_03881,0
grid_03882,0
grid_03883,0
grid_03884,0
grid_03885,0
grid_03886,0
grid_03887,0
grid_03888,0
grid_03889,1
grid_03890,1
grid_03891,0
grid_03892,1
grid_03893,0
grid_03894,1
grid_03895,0
grid_03896,0
grid_03897,1
grid_03898,0
grid_03899,1
grid_03900,0
grid_03901,0
grid_03902,0
grid_03903,0
grid_03904,0
grid_03905,0
grid_03906,0
grid_03907,0
grid_03908,1
grid_03909,0
grid_03910,1
grid_03911,1
grid_03912,1
grid_03913,1
grid_03914,1
grid_03915,1
grid_03916,1
grid_03917,1
grid_03918,0
grid_03919,1
grid_03920,1
grid_03921,1
grid_03922,1
grid_03923,1
grid_03924,1
grid_03925,0
grid_03926,1
grid_03927,1
grid_03928,1
grid_03929,1
grid_03930,1
grid_03931,1
grid_03932,0
grid_03933,1
grid_03934,1
grid_03935,0
grid_03936,0
grid_03937,1
grid_03938,0
grid_03939,0
grid_03940,0
grid_03941,0
grid_03942,0
grid_03943,0
grid_03944,0
grid_03945,0
grid_03946,0
grid_03947,0
grid_03948,0
grid_03949,0
grid_03950,0
grid_03951,1
grid_03952,0
grid_03953,0
grid_03954,1
grid_03955,1
grid_03956,0
grid_03957,0
grid_03958,0
grid_03959,0
grid_03960,1
grid_03961,1
grid_03962,1
grid_03963,1
grid_03964,1
grid_03965,0
grid_03966,1
grid_03967,1
grid_03968,1
grid_03969,1
grid_03970,1
grid_03971,0
grid_03972,0
grid_03973,0
grid_03974,1
grid_03975,0
grid_03976,0
grid_03977,0
grid_03978,0
grid_03979,1
grid_03980,0
grid_03981,0
grid_03982,0
grid_03983,0
grid_03984,0
grid_03985,0
grid_03986,0
grid_03987,0
grid_03988,0
grid_03989,0
grid_03990,0
grid_03991,0
grid_03992,0
grid_03993,0
grid_03994,0
grid_03995,0
grid_03996,0
grid_03997,0
grid_03998,0
grid_03999,0
grid_04000,0
grid_04001,0
grid_04002,0
grid_04003,0
grid_04004,0
grid_04005,0
grid_04006,0
grid_04007,0
grid_04008,0
grid_04009,0
grid_04010,0
grid_04011,0
grid_04012,0
grid_04013,0
grid_04014,1
grid_04015,0
grid_04016,0
grid_04017,0
grid_04018,0
grid_04019,0
grid_04020,0
grid_04021,0
grid_04022,0
grid_04023,0
grid_04024,0
grid_04025,0
grid_04026,0
grid_04027,0
grid_04028,0
grid_04029,0
grid_04030,0
grid_04031,0
grid_04032,0
grid_04033,0
grid_04034,0
grid_04035,0
grid_04036,0
grid_04037,0
grid_04038,0
grid_04039,0
grid_04040,0
grid_04041,0
grid_04042,0
grid_04043,0
grid_04044,0
grid_04045,0
grid_04046,0
grid_04047,0
grid_04048,0
grid_04049,0
grid_04050,0
grid_04051,0
grid_04052,0
grid_04053,0
grid_04054,0
grid_04055,0
grid_04056,0
grid_04057,0
grid_04058,0
grid_04059,0
grid_04060,0
grid_04061,0
grid_04062,0
grid_04063,0
grid_04064,0
grid_04065,0
grid_04066,0
grid_04067,0
grid_04068,0
grid_04069,0
grid_04070,0
grid_04071,0
grid_04072,1
grid_04073,1
grid_04074,1
grid_04075,1
grid_04076,1
grid_04077,1
grid_04078,1
grid_04079,1
grid_04080,0
grid_04081,0
grid_04082,0
grid_04083,0
grid_04084,0
grid_04085,0
grid_04086,0
grid_04087,1
grid_04088,0
grid_04089,0
grid_04090,1
grid_04091,1
grid_04092,1
grid_04093,1
grid_04094,0
grid_04095,1
grid_04096,1
grid_04097,1
grid_04098,1
grid_04099,1
grid_04100,0
grid_04101,1
grid_04102,1
grid_04103,1
grid_04104,0
grid_04105,0
grid_04106,1
grid_04107,1
grid_04108,1
grid_04109,0
grid_04110,0
grid_04111,0
grid_04112,0
grid_04113,0
grid_04114,0
grid_04115,0
grid_04116,0
grid_04117,0
grid_04118,0
grid_04119,1
grid_04120,1
grid_04121,1
grid_04122,1
grid_04123,1
grid_04124,1
grid_04125,1
grid_04126,1
grid_04127,0
grid_04128,1
grid_04129,0
grid_04130,0
grid_04131,0
grid_04132,0
grid_04133,0
grid_04134,0
grid_04135,0
grid_04136,0
grid_04137,0
grid_04138,0
grid_04139,0
grid_04140,0
grid_04141,0
grid_04142,0
grid_04143,0
grid_04144,1
grid_04145,0
grid_04146,0
grid_04147,0
grid_04148,0
grid_04149,0
grid_04150,1
grid_04151,1
grid_04152,0
grid_04153,1
grid_04154,1
grid_04155,1
grid_04156,0
grid_04157,0
grid_04158,0
grid_04159,1
grid_04160,0
grid_04161,0
grid_04162,0
grid_04163,1
grid_04164,0
grid_04165,0
grid_04166,0
grid_04167,0
grid_04168,0
grid_04169,0
grid_04170,0
grid_04171,0
grid_04172,0
grid_04173,0
grid_04174,0
grid_04175,0
grid_04176,0
grid_04177,1
grid_04178,0
grid_04179,0
grid_04180,0
grid_04181,0
grid_04182,0
grid_04183,0
grid_04184,0
grid_04185,0
grid_04186,0
grid_04187,0
grid_04188,0
grid_04189,0
grid_04190,0
grid_04191,1
grid_04192,0
grid_04193,1
grid_04194,0
grid_04195,1
grid_04196,1
grid_04197,0
grid_04198,0
grid_04199,0
grid_04200,0
grid_04201,0
grid_04202,0
grid_04203,0
grid_04204,0
grid_04205,0
grid_04206,0
grid_04207,0
grid_04208,0
grid_04209,0
grid_04210,1
grid_04211,0
grid_04212,1
grid_04213,0
grid_04214,0
grid_04215,0
grid_04216,1
grid_04217,0
grid_04218,0
grid_04219,1
grid_04220,0
grid_04221,0
grid_04222,0
grid_04223,0
grid_04224,0
grid_04225,0
grid_04226,0
grid_04227,0
grid_04228,0
grid_04229,0
grid_04230,0
grid_04231,1
grid_04232,0
grid_04233,0
grid_04234,1
grid_04235,0
grid_04236,0
grid_04237,1
grid_04238,0
grid_04239,0
grid_04240,0
grid_04241,0
grid_04242,0
grid_04243,0
grid_04244,1
grid_04245,0
grid_04246,1
grid_04247,0
grid_04248,1
grid_04249,0
grid_04250,0
grid_04251,0
grid_04252,0
grid_04253,0
grid_04254,0
grid_04255,0
grid_04256,0
grid_04257,0
grid_04258,0
grid_04259,0
grid_04260,0
grid_04261,0
grid_04262,0
grid_04263,1
grid_04264,0
grid_04265,1
grid_04266,0
grid_04267,0
grid_04268,0
grid_04269,1
grid_04270,0
grid_04271,0
grid_04272,0
grid_04273,0
grid_04274,0
grid_04275,0
grid_04276,0
grid_04277,0
grid_04278,0
grid_04279,0
grid_04280,0
grid_04281,0
grid_04282,0
grid_04283,0
grid_04284,0
grid_04285,0
grid_04286,0
grid_04287,0
grid_04288,0
grid_04289,0
grid_04290,0
grid_04291,0
grid_04292,0
grid_04293,0
grid_04294,0
grid_04295,0
grid_04296,0
grid_04297,0
grid_04298,0
grid_04299,0
grid_04300,0
grid_04301,0
grid_04302,0
grid_04303,0
grid_04304,0
grid_04305,0
grid_04306,0
grid_04307,0
grid_04308,0
grid_04309,0
grid_04310,0
grid_04311,0
grid_04312,0
grid_04313,0
grid_04314,0
grid_04315,0
grid_04316,0
grid_04317,0
grid_04318,0
grid_04319,0
grid_04320,0
grid_04321,0
grid_04322,0
grid_04323,0
grid_04324,0
grid_04325,0
grid_04326,0
grid_04327,0
grid_04328,0
grid_04329,0
grid_04330,0
grid_04331,0
grid_04332,0
grid_04333,0
grid_04334,0
grid_04335,0
grid_04336,0
grid_04337,0
grid_04338,0
grid_04339,0
grid_04340,0
grid_04341,0
grid_04342,1
grid_04343,0
grid_04344,0
grid_04345,1
grid_04346,0
grid_04347,0
grid_04348,1
grid_04349,1
grid_04350,0
grid_04351,1
grid_04352,1
grid_04353,1
grid_04354,1
grid_04355,1
grid_04356,0
grid_04357,1
grid_04358,1
grid_04359,0
grid_04360,0
grid_04361,0
grid_04362,0
grid_04363,0
grid_04364,0
grid_04365,0
grid_04366,0
grid_04367,0
grid_04368,0
grid_04369,1
grid_04370,1
grid_04371,0
grid_04372,1
grid_04373,0
grid_04374,0
grid_04375,0
grid_04376,1
grid_04377,0
grid_04378,1
grid_04379,1
grid_04380,1
grid_04381,1
grid_04382,1
grid_04383,1
grid_04384,1
grid_04385,1
grid_04386,1
grid_04387,1
grid_04388,1
grid_04389,0
grid_04390,1
grid_04391,0
grid_04392,0
grid_04393,0
grid_04394,1
grid_04395,0
grid_04396,0
grid_04397,0
grid_04398,0
grid_04399,1
grid_04400,1
grid_04401,1
grid_04402,1
grid_04403,1
grid_04404,1
grid_04405,1
grid_04406,1
grid_04407,1
grid_04408,1
grid_04409,0
grid_04410,0
grid_04411,0
grid_04412,0
grid_04413,0
grid_04414,0
grid_04415,0
grid_04416,0
grid_04417,0
grid_04418,0
grid_04419,0
grid_04420,0
grid_04421,0
grid_04422,0
grid_04423,0
grid_04424,0
grid_04425,0
grid_04426,0
grid_04427,0
grid_04428,0
grid_04429,1
grid_04430,1
grid_04431,1
grid_04432,1
grid_04433,1
grid_04434,1
grid_04435,1
grid_04436,1
grid_04437,1
grid_04438,1
grid_04439,0
grid_04440,0
grid_04441,0
grid_04442,0
grid_04443,0
grid_04444,0
grid_04445,0
grid_04446,0
grid_04447,0
grid_04448,0
grid_04449,1
grid_04450,1
grid_04451,1
grid_04452,1
grid_04453,1
grid_04454,1
grid_04455,1
grid_04456,1
grid_04457,1
grid_04458,1
grid_04459,0
grid_04460,0
grid_04461,0
grid_04462,0
grid_04463,0
grid_04464,0
grid_04465,0
grid_04466,0
grid_04467,0
grid_04468,0
grid_04469,0
grid_04470,0
grid_04471,0
grid_04472,0
grid_04473,0
grid_04474,0
grid_04475,0
grid_04476,0
grid_04477,0
grid_04478,0
grid_04479,1
grid_04480,1
grid_04481,0
grid_04482,1
grid_04483,1
grid_04484,1
grid_04485,1
grid_04486,1
grid_04487,1
grid_04488,1
grid_04489,0
grid_04490,0
grid_04491,0
grid_04492,0
grid_04493,0
grid_04494,0
grid_04495,0
grid_04496,0
grid_04497,0
grid_04498,0
grid_04499,1
grid_04500,0
grid_04501,0
grid_04502,0
grid_04503,1
grid_04504,1
grid_04505,1
grid_04506,0
grid_04507,1
grid_04508,0
grid_04509,0
grid_04510,0
grid_04511,0
grid_04512,0
grid_04513,0
grid_04514,0
grid_04515,0
grid_04516,0
grid_04517,0
grid_04518,0
grid_04519,0
grid_04520,0
grid_04521,0
grid_04522,0
grid_04523,0
grid_04524,0
grid_04525,0
grid_04526,0
grid_04527,0
grid_04528,0
grid_04529,0
grid_04530,0
grid_04531,1
grid_04532,1
grid_04533,0
grid_04534,0
grid_04535,0
grid_04536,1
grid_04537,0
grid_04538,0
grid_04539,0
grid_04540,0
grid_04541,0
grid_04542,0
grid_04543,0
grid_04544,0
grid_04545,1
grid_04546,0
grid_04547,0
grid_04548,1
grid_04549,0
grid_04550,0
grid_04551,0
grid_04552,0
grid_04553,0
grid_04554,0
grid_04555,0
grid_04556,0
grid_04557,0
grid_04558,0
grid_04559,0
grid_04560,0
grid_04561,0
grid_04562,0
grid_04563,0
grid_04564,0
grid_04565,0
grid_04566,1
grid_04567,0
grid_04568,0
grid_04569,0
grid_04570,0
grid_04571,0
grid_04572,0
grid_04573,0
grid_04574,0
grid_04575,0
grid_04576,0
grid_04577,0
grid_04578,0
grid_04579,0
grid_04580,0
grid_04581,0
grid_04582,0
grid_04583,0
grid_04584,0
grid_04585,0
grid_04586,0
grid_04587,0
grid_04588,0
grid_04589,0
grid_04590,0
grid_04591,0
grid_04592,0
grid_04593,0
grid_04594,0
grid_04595,0
grid_04596,0
grid_04597,0
grid_04598,0
grid_04599,0
grid_04600,0
grid_04601,0
grid_04602,0
grid_04603,0
grid_04604,0
grid_04605,0
grid_04606,0
grid_04607,0
grid_04608,1
grid_04609,1
grid_04610,0
grid_04611,1
grid_04612,1
grid_04613,1
grid_04614,1
grid_04615,0
grid_04616,0
grid_04617,1
grid_04618,1
grid_04619,0
grid_04620,0
grid_04621,1
grid_04622,0
grid_04623,0
grid_04624,0
grid_04625,0
grid_04626,0
grid_04627,0
grid_04628,0
grid_04629,0
grid_04630,0
grid_04631,0
grid_04632,0
grid_04633,1
grid_04634,0
grid_04635,0
grid_04636,0
grid_04637,0
grid_04638,1
grid_04639,1
grid_04640,1
grid_04641,1
grid_04642,0
grid_04643,1
grid_04644,1
grid_04645,1
grid_04646,1
grid_04647,1
grid_04648,0
grid_04649,1
grid_04650,0
grid_04651,0
grid_04652,0
grid_04653,1
grid_04654,0
grid_04655,0
grid_04656,0
grid_04657,0
grid_04658,1
grid_04659,1
grid_04660,1
grid_04661,0
grid_04662,1
grid_04663,1
grid_04664,1
grid_04665,1
grid_04666,0
grid_04667,1
grid_04668,0
grid_04669,0
grid_04670,0
grid_04671,0
grid_04672,0
grid_04673,0
grid_04674,0
grid_04675,0
grid_04676,0
grid_04677,0
grid_04678,0
grid_04679,0
grid_04680,0
grid_04681,0
grid_04682,0
grid_04683,0
grid_04684,0
grid_04685,1
grid_04686,0
grid_04687,1
grid_04688,1
grid_04689,1
grid_04690,1
grid_04691,1
grid_04692,1
grid_04693,1
grid_04694,0
grid_04695,0
grid_04696,1
grid_04697,1
grid_04698,1
grid_04699,0
grid_04700,0
grid_04701,0
grid_04702,0
grid_04703,1
grid_04704,1
grid_04705,1
grid_04706,0
grid_04707,0
grid_04708,1
grid_04709,1
grid_04710,1
grid_04711,1
grid_04712,0
grid_04713,1
grid_04714,1
grid_04715,1
grid_04716,1
grid_04717,1
grid_04718,0
grid_04719,0
grid_04720,0
grid_04721,0
grid_04722,0
grid_04723,0
grid_04724,0
grid_04725,0
grid_04726,0
grid_04727,0
grid_04728,1
grid_04729,0
grid_04730,0
grid_04731,1
grid_04732,0
grid_04733,1
grid_04734,1
grid_04735,0
grid_04736,0
grid_04737,1
grid_04738,0
grid_04739,0
grid_04740,0
grid_04741,0
grid_04742,0
grid_04743,0
grid_04744,0
grid_04745,0
grid_04746,0
grid_04747,0
grid_04748,0
grid_04749,0
grid_04750,0
grid_04751,0
grid_04752,0
grid_04753,0
grid_04754,1
grid_04755,1
grid_04756,0
grid_04757,1
grid_04758,0
grid_04759,0
grid_04760,0
grid_04761,0
grid_04762,1
grid_04763,0
grid_04764,1
grid_04765,1
grid_04766,1
grid_04767,0
grid_04768,0
grid_04769,0
grid_04770,1
grid_04771,0
grid_04772,0
grid_04773,0
grid_04774,1
grid_04775,0
grid_04776,0
grid_04777,0
grid_04778,0
grid_04779,0
grid_04780,0
grid_04781,0
grid_04782,0
grid_04783,0
grid_04784,0
grid_04785,0
grid_04786,0
grid_04787,0
grid_04788,0
grid_04789,1
grid_04790,0
grid_04791,0
grid_04792,0
grid_04793,1
grid_04794,1
grid_04795,0
grid_04796,1
grid_04797,0
grid_04798,0
grid_04799,0
grid_04800,0
grid_04801,1
grid_04802,0
grid_04803,1
grid_04804,0
grid_04805,0
grid_04806,0
grid_04807,0
grid_04808,0
grid_04809,1
grid_04810,0
grid_04811,0
grid_04812,1
grid_04813,0
grid_04814,0
grid_04815,0
grid_04816,0
grid_04817,1
grid_04818,1
grid_04819,1
grid_04820,1
grid_04821,1
grid_04822,1
grid_04823,0
grid_04824,1
grid_04825,0
grid_04826,1
grid_04827,1
grid_04828,1
grid_04829,1
grid_04830,0
grid_04831,0
grid_04832,0
grid_04833,1
grid_04834,1
grid_04835,0
grid_04836,1
grid_04837,0
grid_04838,1
grid_04839,1
grid_04840,1
grid_04841,0
grid_04842,1
grid_04843,1
grid_04844,1
grid_04845,1
grid_04846,0
grid_04847,0
grid_04848,0
grid_04849,1
grid_04850,0
grid_04851,1
grid_04852,0
grid_04853,1
grid_04854,1
grid_04855,1
grid_04856,1
grid_04857,0
grid_04858,1
grid_04859,1
grid_04860,1
grid_04861,1
grid_04862,1
grid_04863,0
grid_04864,1
grid_04865,1
grid_04866,1
grid_04867,1
grid_04868,0
grid_04869,1
grid_04870,1
grid_04871,1
grid_04872,1
grid_04873,1
grid_04874,1
grid_04875,1
grid_04876,0
grid_04877,1
grid_04878,1
grid_04879,1
grid_04880,0
grid_04881,1
grid_04882,1
grid_04883,0
grid_04884,1
grid_04885,0
grid_04886,0
grid_04887,1
grid_04888,1
grid_04889,1
grid_04890,1
grid_04891,1
grid_04892,1
grid_04893,1
grid_04894,1
grid_04895,1
grid_04896,1
grid_04897,1
grid_04898,0
grid_04899,0
grid_04900,1
grid_04901,1
grid_04902,1
grid_04903,0
grid_04904,1
grid_04905,0
grid_04906,1
grid_04907,1
grid_04908,1
grid_04909,1
grid_04910,1
grid_04911,0
grid_04912,0
grid_04913,1
grid_04914,0
grid_04915,1
grid_04916,1
grid_04917,1
grid_04918,1
grid_04919,1
grid_04920,1
grid_04921,0
grid_04922,1
grid_04923,1
grid_04924,0
grid_04925,1
grid_04926,1
grid_04927,1
grid_04928,1
grid_04929,1
grid_04930,1
grid_04931,1
grid_04932,1
grid_04933,1
grid_04934,1
grid_04935,1
grid_04936,1
grid_04937,1
grid_04938,0
grid_04939,1
grid_04940,1
grid_04941,1
grid_04942,1
grid_04943,1
grid_04944,1
grid_04945,1
grid_04946,1
grid_04947,1
grid_04948,1
grid_04949,1
grid_04950,1
grid_04951,1
grid_04952,1
grid_04953,1
grid_04954,1
grid_04955,1
grid_04956,1
grid_04957,1
grid_04958,1
grid_04959,0
grid_04960,1
grid_04961,1
grid_04962,0
grid_04963,0
grid_04964,1
grid_04965,1
grid_04966,1
grid_04967,1
grid_04968,1
grid_04969,1
grid_04970,1
grid_04971,1
grid_04972,1
grid_04973,1
grid_04974,1
grid_04975,1
grid_04976,1
grid_04977,1
grid_04978,1
grid_04979,1
grid_04980,1
grid_04981,1
grid_04982,1
grid_04983,1
grid_04984,1
grid_04985,1
grid_04986,1
grid_04987,1
grid_04988,0
grid_04989,1
grid_04990,1
grid_04991,1
grid_04992,1
grid_04993,1
grid_04994,1
grid_04995,1
grid_04996,1
grid_04997,1
grid_04998,1
grid_04999,1
grid_05000,1
grid_05001,1
grid_05002,1
grid_05003,1
grid_05004,1
grid_05005,1
grid_05006,1
grid_05007,1
grid_05008,1
grid_05009,1
grid_05010,1
grid_05011,0
grid_05012,1
grid_05013,1
grid_05014,1
grid_05015,1
grid_05016,1
grid_05017,1
grid_05018,0
grid_05019,0
grid_05020,0
grid_05021,0
grid_05022,0
grid_05023,0
grid_05024,0
grid_05025,0
grid_05026,0
grid_05027,0
grid_05028,0
grid_05029,1
grid_05030,1
grid_05031,0
grid_05032,1
grid_05033,1
grid_05034,0
grid_05035,1
grid_05036,1
grid_05037,1
grid_05038,0
grid_05039,0
grid_05040,0
grid_05041,0
grid_05042,0
grid_05043,0
grid_05044,0
grid_05045,0
grid_05046,0
grid_05047,0
grid_05048,1
grid_05049,1
grid_05050,1
grid_05051,0
grid_05052,1
grid_05053,1
grid_05054,1
grid_05055,1
grid_05056,1
grid_05057,0
grid_05058,1
grid_05059,1
grid_05060,1
grid_05061,1
grid_05062,1
grid_05063,1
grid_05064,1
grid_05065,1
grid_05066,1
grid_05067,1
grid_05068,0
grid_05069,0
grid_05070,1
grid_05071,0
grid_05072,0
grid_05073,0
grid_05074,1
grid_05075,0
grid_05076,1
grid_05077,0
grid_05078,0
grid_05079,1
grid_05080,1
grid_05081,1
grid_05082,1
grid_05083,0
grid_05084,0
grid_05085,0
grid_05086,0
grid_05087,1
grid_05088,1
grid_05089,1
grid_05090,1
grid_05091,1
grid_05092,1
grid_05093,1
grid_05094,1
grid_05095,1
grid_05096,1
grid_05097,1
grid_05098,1
grid_05099,0
grid_05100,0
grid_05101,1
grid_05102,1
grid_05103,0
grid_05104,1
grid_05105,0
grid_05106,1
grid_05107,0
grid_05108,1
grid_05109,1
grid_05110,0
grid_05111,0
grid_05112,0
grid_05113,0
grid_05114,1
grid_05115,0
grid_05116,0
grid_05117,0
grid_05118,0
grid_05119,0
grid_05120,0
grid_05121,0
grid_05122,0
grid_05123,0
grid_05124,0
grid_05125,0
grid_05126,0
grid_05127,0
grid_05128,0
grid_05129,0
grid_05130,0
grid_05131,0
grid_05132,0
grid_05133,0
grid_05134,0
grid_05135,0
grid_05136,0
grid_05137,0
grid_05138,1
grid_05139,1
grid_05140,0
grid_05141,0
grid_05142,0
grid_05143,0
grid_05144,0
grid_05145,0
grid_05146,1
grid_05147,0
grid_05148,0
grid_05149,0
grid_05150,0
grid_05151,0
grid_05152,0
grid_05153,0
grid_05154,0
grid_05155,0
grid_05156,0
grid_05157,0
grid_05158,0
grid_05159,0
grid_05160,0
grid_05161,0
grid_05162,0
grid_05163,0
grid_05164,0
grid_05165,0
grid_05166,0
grid_05167,0
grid_05168,0
grid_05169,1
grid_05170,1
grid_05171,1
grid_05172,0
grid_05173,0
grid_05174,0
grid_05175,1
grid_05176,0
grid_05177,1
grid_05178,0
grid_05179,0
grid_05180,0
grid_05181,0
grid_05182,0
grid_05183,0
grid_05184,0
grid_05185,0
grid_05186,0
grid_05187,0
grid_05188,1
grid_05189,1
grid_05190,0
grid_05191,0
grid_05192,0
grid_05193,1
grid_05194,0
grid_05195,0
grid_05196,1
grid_05197,0
grid_05198,0
grid_05199,1
grid_05200,1
grid_05201,0
grid_05202,1
grid_05203,1
grid_05204,0
grid_05205,0
grid_05206,0
grid_05207,0
grid_05208,1
grid_05209,1
grid_05210,1
grid_05211,1
grid_05212,1
grid_05213,1
grid_05214,1
grid_05215,1
grid_05216,1
grid_05217,1
grid_05218,0
grid_05219,1
grid_05220,1
grid_05221,0
grid_05222,0
grid_05223,0
grid_05224,0
grid_05225,0
grid_05226,0
grid_05227,0
grid_05228,1
grid_05229,1
grid_05230,1
grid_05231,1
grid_05232,1
grid_05233,1
grid_05234,1
grid_05235,1
grid_05236,1
grid_05237,1
grid_05238,1
grid_05239,1
grid_05240,1
grid_05241,1
grid_05242,1
grid_05243,1
grid_05244,1
grid_05245,1
grid_05246,1
grid_05247,1
grid_05248,0
grid_05249,1
grid_05250,1
grid_05251,1
grid_05252,1
grid_05253,1
grid_05254,1
grid_05255,0
grid_05256,0
grid_05257,0
grid_05258,0
grid_05259,1
grid_05260,1
grid_05261,0
grid_05262,0
grid_05263,0
grid_05264,0
grid_05265,1
grid_05266,1
grid_05267,1
grid_05268,0
grid_05269,0
grid_05270,0
grid_05271,0
grid_05272,0
grid_05273,0
grid_05274,0
grid_05275,0
grid_05276,0
grid_05277,0
grid_05278,1
grid_05279,1
grid_05280,1
grid_05281,1
grid_05282,0
grid_05283,1
grid_05284,1
grid_05285,1
grid_05286,1
grid_05287,1
grid_05288,1
grid_05289,0
grid_05290,1
grid_05291,1
grid_05292,1
grid_05293,0
grid_05294,0
grid_05295,1
grid_05296,1
grid_05297,0
grid_05298,1
grid_05299,1
grid_05300,1
grid_05301,1
grid_05302,1
grid_05303,1
grid_05304,1
grid_05305,1
grid_05306,1
grid_05307,1
grid_05308,0
grid_05309,0
grid_05310,0
grid_05311,1
grid_05312,0
grid_05313,0
grid_05314,0
grid_05315,0
grid_05316,0
grid_05317,0
grid_05318,1
grid_05319,1
grid_05320,1
grid_05321,1
grid_05322,1
grid_05323,1
grid_05324,1
grid_05325,1
grid_05326,1
grid_05327,1
grid_05328,1
grid_05329,1
grid_05330,0
grid_05331,0
grid_05332,0
grid_05333,0
grid_05334,1
grid_05335,1
grid_05336,0
grid_05337,0
grid_05338,0
grid_05339,0
grid_05340,1
grid_05341,0
grid_05342,0
grid_05343,0
grid_05344,0
grid_05345,0
grid_05346,0
grid_05347,1
grid_05348,1
grid_05349,1
grid_05350,1
grid_05351,1
grid_05352,1
grid_05353,1
grid_05354,1
grid_05355,1
grid_05356,1
grid_05357,1
grid_05358,0
grid_05359,1
grid_05360,1
grid_05361,1
grid_05362,1
grid_05363,1
grid_05364,1
grid_05365,1
grid_05366,1
grid_05367,1
grid_05368,0
grid_05369,1
grid_05370,0
grid_05371,1
grid_05372,1
grid_05373,1
grid_05374,1
grid_05375,1
grid_05376,1
grid_05377,1
grid_05378,0
grid_05379,0
grid_05380,0
grid_05381,1
grid_05382,1
grid_05383,1
grid_05384,1
grid_05385,1
grid_05386,0
grid_05387,0
grid_05388,1
grid_05389,1
grid_05390,1
grid_05391,1
grid_05392,1
grid_05393,0
grid_05394,1
grid_05395,0
grid_05396,0
grid_05397,1
grid_05398,1
grid_05399,1
grid_05400,1
grid_05401,1
grid_05402,1
grid_05403,1
grid_05404,1
grid_05405,1
grid_05406,1
grid_05407,1
grid_05408,1
grid_05409,1
grid_05410,1
grid_05411,1
grid_05412,1
grid_05413,1
grid_05414,1
grid_05415,1
grid_05416,1
grid_05417,1
grid_05418,1
grid_05419,1
grid_05420,1
grid_05421,1
grid_05422,1
grid_05423,1
grid_05424,1
grid_05425,1
grid_05426,1
grid_05427,1
grid_05428,1
grid_05429,1
grid_05430,1
grid_05431,1
grid_05432,1
grid_05433,1
grid_05434,1
grid_05435,1
grid_05436,1
grid_05437,1
grid_05438,1
grid_05439,1
grid_05440,1
grid_05441,1
grid_05442,0
grid_05443,1
grid_05444,1
grid_05445,1
grid_05446,1
grid_05447,1
grid_05448,1
grid_05449,1
grid_05450,1
grid_05451,1
grid_05452,1
grid_05453,1
grid_05454,1
grid_05455,1
grid_05456,1
grid_05457,1
grid_05458,1
grid_05459,1
grid_05460,1
grid_05461,1
grid_05462,1
grid_05463,1
grid_05464,1
grid_05465,1
grid_05466,1
grid_05467,1
grid_05468,1
grid_05469,1
grid_05470,1
grid_05471,0
grid_05472,1
grid_05473,0
grid_05474,1
grid_05475,1
grid_05476,1
grid_05477,1
grid_05478,1
grid_05479,1
grid_05480,1
grid_05481,1
grid_05482,1
grid_05483,1
grid_05484,1
grid_05485,1
grid_05486,1
grid_05487,1
grid_05488,1
grid_05489,1
grid_05490,1
grid_05491,1
grid_05492,1
grid_05493,1
grid_05494,1
grid_05495,1
grid_05496,1
grid_05497,1
grid_05498,1
grid_05499,1
grid_05500,1
grid_05501,1
grid_05502,1
grid_05503,1
grid_05504,1
grid_05505,0
grid_05506,0
grid_05507,0
grid_05508,1
grid_05509,1
grid_05510,1
grid_05511,0
grid_05512,0
grid_05513,1
grid_05514,0
grid_05515,1
grid_05516,1
grid_05517,1
grid_05518,0
grid_05519,0
grid_05520,0
grid_05521,0
grid_05522,0
grid_05523,0
grid_05524,0
grid_05525,0
grid_05526,0
grid_05527,0
grid_05528,1
grid_05529,1
grid_05530,1
grid_05531,1
grid_05532,1
grid_05533,1
grid_05534,1
grid_05535,1
grid_05536,1
grid_05537,1
grid_05538,1
grid_05539,1
grid_05540,1
grid_05541,1
grid_05542,1
grid_05543,1
grid_05544,1
grid_05545,1
grid_05546,1
grid_05547,1
grid_05548,1
grid_05549,1
grid_05550,0
grid_05551,1
grid_05552,1
grid_05553,0
grid_05554,1
grid_05555,0
grid_05556,1
grid_05557,1
grid_05558,1
grid_05559,1
grid_05560,1
grid_05561,1
grid_05562,1
grid_05563,1
grid_05564,1
grid_05565,1
grid_05566,1
grid_05567,1
grid_05568,0
grid_05569,0
grid_05570,0
grid_05571,0
grid_05572,0
grid_05573,0
grid_05574,0
grid_05575,0
grid_05576,0
grid_05577,0
grid_05578,0
grid_05579,0
grid_05580,0
grid_05581,0
grid_05582,0
grid_05583,0
grid_05584,0
grid_05585,0
grid_05586,0
grid_05587,0
grid_05588,1
grid_05589,1
grid_05590,1
grid_05591,1
grid_05592,1
grid_05593,1
grid_05594,1
grid_05595,0
grid_05596,1
grid_05597,1
grid_05598,1
grid_05599,1
grid_05600,1
grid_05601,1
grid_05602,1
grid_05603,1
grid_05604,1
grid_05605,1
grid_05606,1
grid_05607,1
grid_05608,1
grid_05609,1
grid_05610,1
grid_05611,1
grid_05612,1
grid_05613,1
grid_05614,1
grid_05615,1
grid_05616,1
grid_05617,1
grid_05618,1
grid_05619,1
grid_05620,1
grid_05621,1
grid_05622,1
grid_05623,1
grid_05624,1
grid_05625,1
grid_05626,1
grid_05627,1
grid_05628,1
grid_05629,1
grid_05630,1
grid_05631,1
grid_05632,1
grid_05633,1
grid_05634,1
grid_05635,0
grid_05636,1
grid_05637,1
grid_05638,1
grid_05639,1
grid_05640,1
grid_05641,1
grid_05642,1
grid_05643,1
grid_05644,1
grid_05645,1
grid_05646,1
grid_05647,1
grid_05648,1
grid_05649,1
grid_05650,1
grid_05651,1
grid_05652,1
grid_05653,1
grid_05654,1
grid_05655,1
grid_05656,1
grid_05657,1
grid_05658,1
grid_05659,1
grid_05660,1
grid_05661,1
grid_05662,1
grid_05663,1
grid_05664,1
grid_05665,1
grid_05666,0
grid_05667,1
grid_05668,1
grid_05669,1
grid_05670,1
grid_05671,0
grid_05672,0
grid_05673,1
grid_05674,1
grid_05675,1
grid_05676,1
grid_05677,0
grid_05678,1
grid_05679,1
grid_05680,1
grid_05681,1
grid_05682,1
grid_05683,1
grid_05684,1
grid_05685,1
grid_05686,1
grid_05687,1
grid_05688,1
grid_05689,1
grid_05690,1
grid_05691,1
grid_05692,1
grid_05693,1
grid_05694,1
grid_05695,1
grid_05696,1
grid_05697,1
grid_05698,1
grid_05699,1
grid_05700,1
grid_05701,1
grid_05702,1
grid_05703,1
grid_05704,1
grid_05705,1
grid_05706,1
grid_05707,0
grid_05708,1
grid_05709,1
grid_05710,1
grid_05711,1
grid_05712,1
grid_05713,1
grid_05714,1
grid_05715,1
grid_05716,1
grid_05717,1
grid_05718,1
grid_05719,1
grid_05720,1
grid_05721,1
grid_05722,1
grid_05723,1
grid_05724,1
grid_05725,1
grid_05726,1
grid_05727,1
grid_05728,1
grid_05729,1
grid_05730,1
grid_05731,1
grid_05732,1
grid_05733,1
grid_05734,1
grid_05735,1
grid_05736,1
grid_05737,1
grid_05738,1
grid_05739,1
grid_05740,1
grid_05741,1
grid_05742,1
grid_05743,1
grid_05744,1
grid_05745,1
grid_05746,1
grid_05747,1
grid_05748,1
grid_05749,1
grid_05750,1
grid_05751,1
grid_05752,1
grid_05753,1
grid_05754,1
grid_05755,1
grid_05756,1
grid_05757,1
grid_05758,1
grid_05759,1
grid_05760,1
grid_05761,1
grid_05762,1
grid_05763,1
grid_05764,1
grid_05765,1
grid_05766,1
grid_05767,1
grid_05768,1
grid_05769,1
grid_05770,1
grid_05771,1
grid_05772,1
grid_05773,1
grid_05774,1
grid_05775,1
grid_05776,1
grid_05777,1
grid_05778,1
grid_05779,1
grid_05780,1
grid_05781,1
grid_05782,1
grid_05783,1
grid_05784,1
grid_05785,1
grid_05786,1
grid_05787,1
grid_05788,1
grid_05789,1
grid_05790,1
grid_05791,1
grid_05792,1
grid_05793,1
grid_05794,1
grid_05795,1
grid_05796,1
grid_05797,1
grid_05798,1
grid_05799,1
grid_05800,1
grid_05801,1
grid_05802,1
grid_05803,1
grid_05804,1
grid_05805,1
grid_05806,1
grid_05807,1
grid_05808,1
grid_05809,1
grid_05810,1
grid_05811,1
grid_05812,1
grid_05813,1
grid_05814,1
grid_05815,1
grid_05816,1
grid_05817,1
grid_05818,1
grid_05819,1
grid_05820,1
grid_05821,1
grid_05822,1
grid_05823,1
grid_05824,1
grid_05825,1
grid_05826,1
grid_05827,1
grid_05828,1
grid_05829,1
grid_05830,1
grid_05831,1
grid_05832,1
grid_05833,1
grid_05834,1
grid_05835,1
grid_05836,1
grid_05837,1
grid_05838,1
grid_05839,1
grid_05840,1
grid_05841,1
grid_05842,1
grid_05843,1
grid_05844,1
grid_05845,1
grid_05846,1
grid_05847,1
grid_05848,1
grid_05849,1
grid_05850,1
grid_05851,1
grid_05852,1
grid_05853,1
grid_05854,1
grid_05855,1
grid_05856,1
grid_05857,1
grid_05858,1
grid_05859,1
grid_05860,1
grid_05861,1
grid_05862,1
grid_05863,1
grid_05864,1
grid_05865,1
grid_05866,1
grid_05867,1
grid_05868,1
grid_05869,1
grid_05870,1
grid_05871,1
grid_05872,1
grid_05873,1
grid_05874,1
grid_05875,1
grid_05876,1
grid_05877,1
grid_05878,1
grid_05879,1
grid_05880,1
grid_05881,1
grid_05882,1
grid_05883,1
grid_05884,1
grid_05885,1
grid_05886,1
grid_05887,1
grid_05888,1
grid_05889,1
grid_05890,1
grid_05891,1
grid_05892,1
grid_05893,1
grid_05894,1
grid_05895,1
grid_05896,1
grid_05897,1
grid_05898,1
grid_05899,1
grid_05900,1
grid_05901,1
grid_05902,1
grid_05903,1
grid_05904,1
grid_05905,1
grid_05906,1
grid_05907,1
grid_05908,1
grid_05909,1
grid_05910,1
grid_05911,1
grid_05912,1
grid_05913,1
grid_05914,0
grid_05915,1
grid_05916,1
grid_05917,1
grid_05918,1
grid_05919,1
grid_05920,1
grid_05921,1
grid_05922,1
grid_05923,1
grid_05924,1
grid_05925,1
grid_05926,1
grid_05927,1
grid_05928,1
grid_05929,1
grid_05930,1
grid_05931,1
grid_05932,1
grid_05933,1
grid_05934,1
grid_05935,1
grid_05936,1
grid_05937,0
grid_05938,1
grid_05939,1
grid_05940,1
grid_05941,1
grid_05942,1
grid_05943,1
grid_05944,1
grid_05945,1
grid_05946,1
grid_05947,1
grid_05948,1
grid_05949,1
grid_05950,1
grid_05951,1
grid_05952,1
grid_05953,1
grid_05954,1
grid_05955,1
grid_05956,1
grid_05957,1
grid_05958,1
grid_05959,1
grid_05960,1
grid_05961,1
grid_05962,1
grid_05963,1
grid_05964,1
grid_05965,1
grid_05966,1
grid_05967,1
grid_05968,0
grid_05969,1
grid_05970,1
grid_05971,1
grid_05972,1
grid_05973,1
grid_05974,1
grid_05975,1
grid_05976,1
grid_05977,1
grid_05978,1
grid_05979,1
grid_05980,1
grid_05981,1
grid_05982,1
grid_05983,1
grid_05984,1
grid_05985,1
grid_05986,1
grid_05987,1
grid_05988,1
grid_05989,1
grid_05990,1
grid_05991,1
grid_05992,1
grid_05993,1
grid_05994,1
grid_05995,1
grid_05996,1
grid_05997,1
grid_05998,1
grid_05999,1
grid_06000,1
grid_06001,1
grid_06002,1
grid_06003,1
grid_06004,1
grid_06005,1
grid_06006,1
grid_06007,1
grid_06008,1
grid_06009,1
grid_06010,1
grid_06011,1
grid_06012,1
grid_06013,1
grid_06014,1
grid_06015,1
grid_06016,1
grid_06017,1
grid_06018,1
grid_06019,1
grid_06020,1
grid_06021,1
grid_06022,1
grid_06023,1
grid_06024,1
grid_06025,0
grid_06026,1
grid_06027,1
grid_06028,1
grid_06029,1
grid_06030,1
grid_06031,1
grid_06032,1
grid_06033,1
grid_06034,1
grid_06035,1
grid_06036,1
grid_06037,1
grid_06038,0
grid_06039,1
grid_06040,1
grid_06041,1
grid_06042,1
grid_06043,1
grid_06044,0
grid_06045,0
grid_06046,1
grid_06047,1
grid_06048,1
grid_06049,1
grid_06050,1
grid_06051,1
grid_06052,1
grid_06053,1
grid_06054,1
grid_06055,1
grid_06056,1
grid_06057,1
grid_06058,1
grid_06059,1
grid_06060,1
grid_06061,1
grid_06062,1
grid_06063,1
grid_06064,1
grid_06065,1
grid_06066,1
grid_06067,1
grid_06068,1
grid_06069,1
grid_06070,1
grid_06071,1
grid_06072,1
grid_06073,1
grid_06074,1
grid_06075,1
grid_06076,1
grid_06077,1
grid_06078,1
grid_06079,1
grid_06080,1
grid_06081,1
grid_06082,0
grid_06083,1
grid_06084,1
grid_06085,1
grid_06086,1
grid_06087,1
grid_06088,1
grid_06089,1
grid_06090,1
grid_06091,1
grid_06092,1
grid_06093,1
grid_06094,1
grid_06095,1
grid_06096,1
grid_06097,1
grid_06098,1
grid_06099,1
grid_06100,1
grid_06101,1
grid_06102,1
grid_06103,1
grid_06104,1
grid_06105,1
grid_06106,1
grid_06107,1
grid_06108,1
grid_06109,1
grid_06110,1
grid_06111,1
grid_06112,1
grid_06113,0
grid_06114,1
grid_06115,1
grid_06116,1
grid_06117,0
grid_06118,1
grid_06119,1
grid_06120,1
grid_06121,1
grid_06122,1
grid_06123,1
grid_06124,1
grid_06125,1
grid_06126,1
grid_06127,1
grid_06128,1
grid_06129,0
grid_06130,1
grid_06131,1
grid_06132,1
grid_06133,0
grid_06134,1
grid_06135,1
grid_06136,0
grid_06137,1
grid_06138,1
grid_06139,1
grid_06140,1
grid_06141,1
grid_06142,0
grid_06143,1
grid_06144,1
grid_06145,1
grid_06146,1
grid_06147,1
grid_06148,1
grid_06149,1
grid_06150,1
grid_06151,1
grid_06152,1
grid_06153,0
grid_06154,1
grid_06155,1
grid_06156,1
grid_06157,1
grid_06158,0
grid_06159,1
grid_06160,1
grid_06161,1
grid_06162,1
grid_06163,1
grid_06164,1
grid_06165,1
grid_06166,0
grid_06167,1
grid_06168,1
grid_06169,1
grid_06170,1
grid_06171,1
grid_06172,1
grid_06173,1
grid_06174,1
grid_06175,1
grid_06176,1
grid_06177,1
grid_06178,1
grid_06179,1
grid_06180,1
grid_06181,1
grid_06182,1
grid_06183,1
grid_06184,1
grid_06185,1
grid_06186,0
grid_06187,0
grid_06188,1
grid_06189,1
grid_06190,0
grid_06191,1
grid_06192,1
grid_06193,1
grid_06194,1
grid_06195,1
grid_06196,1
grid_06197,1
grid_06198,1
grid_06199,1
grid_06200,1
grid_06201,1
grid_06202,1
grid_06203,1
grid_06204,1
grid_06205,1
grid_06206,1
grid_06207,1
grid_06208,1
grid_06209,1
grid_06210,1
grid_06211,1
grid_06212,1
grid_06213,1
grid_06214,1
grid_06215,1
grid_06216,1
grid_06217,1
grid_06218,1
grid_06219,1
grid_06220,1
grid_06221,1
grid_06222,1
grid_06223,1
grid_06224,1
grid_06225,1
grid_06226,1
grid_06227,1
grid_06228,1
grid_06229,1
grid_06230,1
grid_06231,1
grid_06232,1
grid_06233,1
grid_06234,1
grid_06235,1
grid_06236,1
grid_06237,0
grid_06238,1
grid_06239,1
grid_06240,1
grid_06241,1
grid_06242,1
grid_06243,1
grid_06244,1
grid_06245,0
grid_06246,0
grid_06247,1
grid_06248,1
grid_06249,1
grid_06250,1
grid_06251,1
grid_06252,1
grid_06253,0
grid_06254,0
grid_06255,1
grid_06256,0
grid_06257,1
grid_06258,0
grid_06259,0
grid_06260,1
grid_06261,1
grid_06262,0
grid_06263,1
grid_06264,1
grid_06265,1
grid_06266,1
grid_06267,0
grid_06268,0
grid_06269,1
grid_06270,1
grid_06271,1
grid_06272,1
grid_06273,1
grid_06274,1
grid_06275,1
grid_06276,1
grid_06277,1
grid_06278,0
grid_06279,0
grid_06280,0
grid_06281,0
grid_06282,1
grid_06283,0
grid_06284,1
grid_06285,0
grid_06286,1
grid_06287,0
grid_06288,0
grid_06289,0
grid_06290,0
grid_06291,0
grid_06292,0
grid_06293,0
grid_06294,0
grid_06295,0
grid_06296,0
grid_06297,0
grid_06298,1
grid_06299,1
grid_06300,1
grid_06301,1
grid_06302,1
grid_06303,1
grid_06304,0
grid_06305,1
grid_06306,1
grid_06307,0
grid_06308,1
grid_06309,1
grid_06310,1
grid_06311,1
grid_06312,1
grid_06313,1
grid_06314,1
grid_06315,1
grid_06316,1
grid_06317,1
grid_06318,1
grid_06319,1
grid_06320,1
grid_06321,1
grid_06322,1
grid_06323,1
grid_06324,1
grid_06325,1
grid_06326,1
grid_06327,1
grid_06328,1
grid_06329,1
grid_06330,1
grid_06331,1
grid_06332,1
grid_06333,1
grid_06334,1
grid_06335,1
grid_06336,1
grid_06337,1
grid_06338,1
grid_06339,1
grid_06340,1
grid_06341,1
grid_06342,1
grid_06343,0
grid_06344,0
grid_06345,1
grid_06346,0
grid_06347,0
grid_06348,0
grid_06349,1
grid_06350,1
grid_06351,0
grid_06352,0
grid_06353,1
grid_06354,1
grid_06355,0
grid_06356,0
grid_06357,1
grid_06358,1
grid_06359,1
grid_06360,1
grid_06361,1
grid_06362,1
grid_06363,1
grid_06364,1
grid_06365,1
grid_06366,1
grid_06367,1
grid_06368,1
grid_06369,1
grid_06370,1
grid_06371,1
grid_06372,1
grid_06373,1
grid_06374,1
grid_06375,1
grid_06376,1
grid_06377,1
grid_06378,1
grid_06379,1
grid_06380,1
grid_06381,1
grid_06382,1
grid_06383,1
grid_06384,1
grid_06385,1
grid_06386,1
grid_06387,1
grid_06388,1
grid_06389,1
grid_06390,1
grid_06391,1
grid_06392,1
grid_06393,1
grid_06394,1
grid_06395,1
grid_06396,1
grid_06397,1
grid_06398,1
grid_06399,1
grid_06400,0
grid_06401,1
grid_06402,1
grid_06403,1
grid_06404,1
grid_06405,1
grid_06406,1
grid_06407,1
grid_06408,1
grid_06409,0
grid_06410,0
grid_06411,0
grid_06412,0
grid_06413,1
grid_06414,1
grid_06415,1
grid_06416,1
grid_06417,1
grid_06418,1
grid_06419,1
grid_06420,1
grid_06421,1
grid_06422,1
grid_06423,1
grid_06424,1
grid_06425,1
grid_06426,1
grid_06427,1
grid_06428,1
grid_06429,1
grid_06430,1
grid_06431,1
grid_06432,1
grid_06433,1
grid_06434,1
grid_06435,1
grid_06436,1
grid_06437,1
grid_06438,1
grid_06439,1
grid_06440,1
grid_06441,1
grid_06442,1
grid_06443,1
grid_06444,1
grid_06445,1
grid_06446,1
grid_06447,1
grid_06448,1
grid_06449,1
grid_06450,1
grid_06451,1
grid_06452,1
grid_06453,1
grid_06454,1
grid_06455,1
grid_06456,1
grid_06457,1
grid_06458,1
grid_06459,1
grid_06460,1
grid_06461,1
grid_06462,1
grid_06463,1
grid_06464,1
grid_06465,1
grid_06466,1
grid_06467,1
grid_06468,1
grid_06469,1
grid_06470,1
grid_06471,1
grid_06472,1
grid_06473,1
grid_06474,1
grid_06475,1
grid_06476,1
grid_06477,1
grid_06478,1
grid_06479,1
grid_06480,1
grid_06481,1
grid_06482,1
grid_06483,1
grid_06484,1
grid_06485,1
grid_06486,1
grid_06487,1
grid_06488,1
grid_06489,1
grid_06490,1
grid_06491,1
grid_06492,1
grid_06493,1
grid_06494,1
grid_06495,1
grid_06496,1
grid_06497,1
grid_06498,0
grid_06499,1
grid_06500,0
grid_06501,1
grid_06502,1
grid_06503,0
grid_06504,0
grid_06505,0
grid_06506,0
grid_06507,0
grid_06508,0
grid_06509,0
grid_06510,0
grid_06511,0
grid_06512,0
grid_06513,0
grid_06514,0
grid_06515,0
grid_06516,0
grid_06517,0
grid_06518,1
grid_06519,1
grid_06520,1
grid_06521,0
grid_06522,0
grid_06523,1
grid_06524,1
grid_06525,1
grid_06526,1
grid_06527,1
grid_06528,0
grid_06529,0
grid_06530,0
grid_06531,0
grid_06532,0
grid_06533,0
grid_06534,0
grid_06535,0
grid_06536,0
grid_06537,0
grid_06538,1
grid_06539,1
grid_06540,1
grid_06541,1
grid_06542,1
grid_06543,1
grid_06544,1
grid_06545,1
grid_06546,1
grid_06547,1
grid_06548,1
grid_06549,0
grid_06550,1
grid_06551,1
grid_06552,0
grid_06553,1
grid_06554,0
grid_06555,0
grid_06556,1
grid_06557,1
grid_06558,0
grid_06559,0
grid_06560,0
grid_06561,0
grid_06562,0
grid_06563,0
grid_06564,0
grid_06565,1
grid_06566,0
grid_06567,0
grid_06568,0
grid_06569,1
grid_06570,1
grid_06571,1
grid_06572,1
grid_06573,1
grid_06574,1
grid_06575,1
grid_06576,0
grid_06577,1
grid_06578,0
grid_06579,1
grid_06580,0
grid_06581,0
grid_06582,1
grid_06583,0
grid_06584,1
grid_06585,0
grid_06586,1
grid_06587,1
grid_06588,0
grid_06589,0
grid_06590,0
grid_06591,0
grid_06592,0
grid_06593,0
grid_06594,0
grid_06595,0
grid_06596,1
grid_06597,1
grid_06598,0
grid_06599,0
grid_06600,1
grid_06601,1
grid_06602,1
grid_06603,0
grid_06604,1
grid_06605,1
grid_06606,1
grid_06607,1
grid_06608,1
grid_06609,1
grid_06610,1
grid_06611,1
grid_06612,1
grid_06613,1
grid_06614,1
grid_06615,1
grid_06616,1
grid_06617,1
grid_06618,1
grid_06619,1
grid_06620,1
grid_06621,1
grid_06622,1
grid_06623,1
grid_06624,1
grid_06625,1
grid_06626,1
grid_06627,1
grid_06628,1
grid_06629,1
grid_06630,1
grid_06631,0
grid_06632,1
grid_06633,0
grid_06634,0
grid_06635,0
grid_06636,1
grid_06637,0
grid_06638,1
grid_06639,1
grid_06640,0
grid_06641,1
grid_06642,1
grid_06643,1
grid_06644,0
grid_06645,0
grid_06646,1
grid_06647,0
grid_06648,1
grid_06649,1
grid_06650,1
grid_06651,1
grid_06652,1
grid_06653,1
grid_06654,1
grid_06655,1
grid_06656,1
grid_06657,1
grid_06658,1
grid_06659,1
grid_06660,1
grid_06661,1
grid_06662,1
grid_06663,1
grid_06664,1
grid_06665,1
grid_06666,1
grid_06667,1
grid_06668,1
grid_06669,1
grid_06670,1
grid_06671,1
grid_06672,1
grid_06673,1
grid_06674,1
grid_06675,1
grid_06676,1
grid_06677,1
grid_06678,1
grid_06679,1
grid_06680,1
grid_06681,1
grid_06682,1
grid_06683,1
grid_06684,1
grid_06685,1
grid_06686,1
grid_06687,1
grid_06688,1
grid_06689,0
grid_06690,1
grid_06691,1
grid_06692,1
grid_06693,0
grid_06694,1
grid_06695,1
grid_06696,1
grid_06697,0
grid_06698,1
grid_06699,1
grid_06700,1
grid_06701,1
grid_06702,1
grid_06703,1
grid_06704,1
grid_06705,1
grid_06706,1
grid_06707,1
grid_06708,0
grid_06709,1
grid_06710,0
grid_06711,1
grid_06712,1
grid_06713,0
grid_06714,0
grid_06715,0
grid_06716,0
grid_06717,0
grid_06718,0
grid_06719,1
grid_06720,0
grid_06721,1
grid_06722,0
grid_06723,0
grid_06724,1
grid_06725,0
grid_06726,0
grid_06727,0
grid_06728,1
grid_06729,1
grid_06730,1
grid_06731,1
grid_06732,1
grid_06733,1
grid_06734,1
grid_06735,1
grid_06736,0
grid_06737,0
grid_06738,0
grid_06739,0
grid_06740,0
grid_06741,0
grid_06742,0
grid_06743,0
grid_06744,0
grid_06745,0
grid_06746,0
grid_06747,1
grid_06748,1
grid_06749,0
grid_06750,0
grid_06751,0
grid_06752,0
grid_06753,0
grid_06754,0
grid_06755,0
grid_06756,0
grid_06757,0
grid_06758,0
grid_06759,1
grid_06760,1
grid_06761,1
grid_06762,0
grid_06763,1
grid_06764,0
grid_06765,0
grid_06766,0
grid_06767,1
grid_06768,0
grid_06769,0
grid_06770,0
grid_06771,0
grid_06772,0
grid_06773,0
grid_06774,1
grid_06775,0
grid_06776,0
grid_06777,0
grid_06778,0
grid_06779,0
grid_06780,1
grid_06781,0
grid_06782,0
grid_06783,0
grid_06784,0
grid_06785,0
grid_06786,1
grid_06787,0
grid_06788,1
grid_06789,0
grid_06790,0
grid_06791,1
grid_06792,0
grid_06793,1
grid_06794,1
grid_06795,0
grid_06796,1
grid_06797,0
grid_06798,1
grid_06799,1
grid_06800,0
grid_06801,0
grid_06802,1
grid_06803,1
grid_06804,1
grid_06805,1
grid_06806,1
grid_06807,1
grid_06808,1
grid_06809,1
grid_06810,1
grid_06811,1
grid_06812,1
grid_06813,1
grid_06814,1
grid_06815,1
grid_06816,1
grid_06817,1
grid_06818,1
grid_06819,1
grid_06820,1
grid_06821,0
grid_06822,1
grid_06823,1
grid_06824,1
grid_06825,1
grid_06826,1
grid_06827,1
grid_06828,0
grid_06829,0
grid_06830,0
grid_06831,0
grid_06832,0
grid_06833,0
grid_06834,0
grid_06835,0
grid_06836,0
grid_06837,0
grid_06838,1
grid_06839,1
grid_06840,1
grid_06841,1
grid_06842,1
grid_06843,1
grid_06844,1
grid_06845,1
grid_06846,1
grid_06847,1
grid_06848,1
grid_06849,1
grid_06850,0
grid_06851,1
grid_06852,0
grid_06853,1
grid_06854,1
grid_06855,1
grid_06856,1
grid_06857,1
grid_06858,0
grid_06859,0
grid_06860,0
grid_06861,0
grid_06862,0
grid_06863,0
grid_06864,0
grid_06865,0
grid_06866,0
grid_06867,0
grid_06868,1
grid_06869,1
grid_06870,1
grid_06871,1
grid_06872,1
grid_06873,1
grid_06874,0
grid_06875,0
grid_06876,1
grid_06877,0
grid_06878,1
grid_06879,1
grid_06880,1
grid_06881,1
grid_06882,1
grid_06883,1
grid_06884,0
grid_06885,0
grid_06886,0
grid_06887,0
grid_06888,1
grid_06889,1
grid_06890,1
grid_06891,1
grid_06892,1
grid_06893,1
grid_06894,1
grid_06895,1
grid_06896,1
grid_06897,1
grid_06898,1
grid_06899,0
grid_06900,0
grid_06901,1
grid_06902,0
grid_06903,1
grid_06904,0
grid_06905,0
grid_06906,0
grid_06907,0
grid_06908,1
grid_06909,1
grid_06910,1
grid_06911,1
grid_06912,0
grid_06913,1
grid_06914,0
grid_06915,0
grid_06916,1
grid_06917,1
grid_06918,1
grid_06919,1
grid_06920,1
grid_06921,1
grid_06922,1
grid_06923,1
grid_06924,1
grid_06925,1
grid_06926,1
grid_06927,1
grid_06928,1
grid_06929,1
grid_06930,1
grid_06931,1
grid_06932,1
grid_06933,1
grid_06934,1
grid_06935,0
grid_06936,1
grid_06937,0
grid_06938,1
grid_06939,1
grid_06940,0
grid_06941,1
grid_06942,1
grid_06943,1
grid_06944,1
grid_06945,1
grid_06946,1
grid_06947,1
grid_06948,1
grid_06949,1
grid_06950,1
grid_06951,0
grid_06952,1
grid_06953,0
grid_06954,1
grid_06955,0
grid_06956,1
grid_06957,1
grid_06958,1
grid_06959,1
grid_06960,0
grid_06961,1
grid_06962,1
grid_06963,1
grid_06964,1
grid_06965,1
grid_06966,1
grid_06967,1
grid_06968,1
grid_06969,1
grid_06970,1
grid_06971,1
grid_06972,1
grid_06973,1
grid_06974,1
grid_06975,1
grid_06976,1
grid_06977,1
grid_06978,1
grid_06979,1
grid_06980,1
grid_06981,1
grid_06982,1
grid_06983,1
grid_06984,1
grid_06985,1
grid_06986,1
grid_06987,1
grid_06988,1
grid_06989,1
grid_06990,1
grid_06991,0
grid_06992,1
grid_06993,1
grid_06994,1
grid_06995,1
grid_06996,0
grid_06997,1
grid_06998,1
grid_06999,1
grid_07000,1
grid_07001,1
grid_07002,1
grid_07003,1
grid_07004,1
grid_07005,1
grid_07006,1
grid_07007,1
grid_07008,0
grid_07009,0
grid_07010,0
grid_07011,0
grid_07012,0
grid_07013,0
grid_07014,0
grid_07015,0
grid_07016,0
grid_07017,0
grid_07018,1
grid_07019,1
grid_07020,1
grid_07021,0
grid_07022,0
grid_07023,0
grid_07024,1
grid_07025,1
grid_07026,1
grid_07027,1
grid_07028,1
grid_07029,1
grid_07030,1
grid_07031,1
grid_07032,0
grid_07033,0
grid_07034,1
grid_07035,0
grid_07036,1
grid_07037,1
grid_07038,0
grid_07039,0
grid_07040,0
grid_07041,0
grid_07042,0
grid_07043,0
grid_07044,0
grid_07045,0
grid_07046,0
grid_07047,0
grid_07048,0
grid_07049,0
grid_07050,0
grid_07051,0
grid_07052,0
grid_07053,0
grid_07054,0
grid_07055,0
grid_07056,0
grid_07057,1
grid_07058,0
grid_07059,1
grid_07060,0
grid_07061,1
grid_07062,0
grid_07063,1
grid_07064,1
grid_07065,1
grid_07066,1
grid_07067,1
grid_07068,0
grid_07069,0
grid_07070,0
grid_07071,0
grid_07072,0
grid_07073,1
grid_07074,0
grid_07075,0
grid_07076,0
grid_07077,0
grid_07078,1
grid_07079,1
grid_07080,0
grid_07081,1
grid_07082,0
grid_07083,0
grid_07084,1
grid_07085,1
grid_07086,1
grid_07087,0
grid_07088,1
grid_07089,0
grid_07090,1
grid_07091,1
grid_07092,0
grid_07093,0
grid_07094,1
grid_07095,0
grid_07096,1
grid_07097,0
grid_07098,0
grid_07099,0
grid_07100,0
grid_07101,1
grid_07102,1
grid_07103,1
grid_07104,1
grid_07105,1
grid_07106,1
grid_07107,1
grid_07108,1
grid_07109,1
grid_07110,1
grid_07111,1
grid_07112,1
grid_07113,1
grid_07114,1
grid_07115,1
grid_07116,1
grid_07117,1
grid_07118,1
grid_07119,1
grid_07120,1
grid_07121,1
grid_07122,1
grid_07123,0
grid_07124,1
grid_07125,1
grid_07126,1
grid_07127,1
grid_07128,1
grid_07129,0
grid_07130,1
grid_07131,1
grid_07132,1
grid_07133,1
grid_07134,1
grid_07135,1
grid_07136,0
grid_07137,1
grid_07138,1
grid_07139,1
grid_07140,1
grid_07141,1
grid_07142,1
grid_07143,1
grid_07144,1
grid_07145,1
grid_07146,1
grid_07147,1
grid_07148,1
grid_07149,1
grid_07150,1
grid_07151,1
grid_07152,1
grid_07153,1
grid_07154,1
grid_07155,1
grid_07156,1
grid_07157,1
grid_07158,1
grid_07159,1
grid_07160,1
grid_07161,0
grid_07162,1
grid_07163,1
grid_07164,1
grid_07165,1
grid_07166,0
grid_07167,1
grid_07168,1
grid_07169,1
grid_07170,1
grid_07171,1
grid_07172,1
grid_07173,1
grid_07174,1
grid_07175,1
grid_07176,1
grid_07177,0
grid_07178,1
grid_07179,1
grid_07180,1
grid_07181,1
grid_07182,1
grid_07183,1
grid_07184,1
grid_07185,1
grid_07186,1
grid_07187,1
grid_07188,1
grid_07189,1
grid_07190,1
grid_07191,1
grid_07192,1
grid_07193,1
grid_07194,1
grid_07195,1
grid_07196,1
grid_07197,1
grid_07198,1
grid_07199,1
grid_07200,1
grid_07201,1
grid_07202,0
grid_07203,1
grid_07204,1
grid_07205,1
grid_07206,1
grid_07207,1
grid_07208,1
grid_07209,1
grid_07210,1
grid_07211,1
grid_07212,1
grid_07213,1
grid_07214,0
grid_07215,1
grid_07216,1
grid_07217,0
grid_07218,0
grid_07219,0
grid_07220,0
grid_07221,1
grid_07222,1
grid_07223,1
grid_07224,1
grid_07225,1
grid_07226,1
grid_07227,1
grid_07228,1
grid_07229,1
grid_07230,1
grid_07231,0
grid_07232,0
grid_07233,0
grid_07234,1
grid_07235,0
grid_07236,1
grid_07237,0
grid_07238,1
grid_07239,1
grid_07240,0
grid_07241,0
grid_07242,0
grid_07243,0
grid_07244,0
grid_07245,0
grid_07246,0
grid_07247,0
grid_07248,1
grid_07249,0
grid_07250,0
grid_07251,1
grid_07252,1
grid_07253,1
grid_07254,1
grid_07255,1
grid_07256,1
grid_07257,0
grid_07258,1
grid_07259,1
grid_07260,1
grid_07261,1
grid_07262,0
grid_07263,1
grid_07264,1
grid_07265,0
grid_07266,1
grid_07267,1
grid_07268,1
grid_07269,0
grid_07270,1
grid_07271,0
grid_07272,1
grid_07273,1
grid_07274,0
grid_07275,1
grid_07276,0
grid_07277,1
grid_07278,0
grid_07279,1
grid_07280,1
grid_07281,1
grid_07282,1
grid_07283,1
grid_07284,1
grid_07285,1
grid_07286,1
grid_07287,1
grid_07288,1
grid_07289,1
grid_07290,1
grid_07291,1
grid_07292,1
grid_07293,1
grid_07294,1
grid_07295,1
grid_07296,1
grid_07297,1
grid_07298,1
grid_07299,1
grid_07300,1
grid_07301,1
grid_07302,0
grid_07303,0
grid_07304,0
grid_07305,0
grid_07306,0
grid_07307,0
grid_07308,0
grid_07309,0
grid_07310,0
grid_07311,1
grid_07312,1
grid_07313,1
grid_07314,1
grid_07315,1
grid_07316,1
grid_07317,1
grid_07318,1
grid_07319,1
grid_07320,1
grid_07321,1
grid_07322,0
grid_07323,0
grid_07324,0
grid_07325,1
grid_07326,1
grid_07327,1
grid_07328,1
grid_07329,0
grid_07330,0
grid_07331,0
grid_07332,0
grid_07333,0
grid_07334,0
grid_07335,0
grid_07336,0
grid_07337,0
grid_07338,0
grid_07339,0
grid_07340,0
grid_07341,1
grid_07342,1
grid_07343,1
grid_07344,1
grid_07345,1
grid_07346,1
grid_07347,1
grid_07348,1
grid_07349,1
grid_07350,1
grid_07351,1
grid_07352,1
grid_07353,0
grid_07354,1
grid_07355,0
grid_07356,0
grid_07357,0
grid_07358,0
grid_07359,0
grid_07360,0
grid_07361,0
grid_07362,0
grid_07363,0
grid_07364,0
grid_07365,0
grid_07366,0
grid_07367,0
grid_07368,0
grid_07369,0
grid_07370,0
grid_07371,0
grid_07372,0
grid_07373,0
grid_07374,0
grid_07375,0
grid_07376,0
grid_07377,0
grid_07378,0
grid_07379,0
grid_07380,0
grid_07381,1
grid_07382,1
grid_07383,1
grid_07384,1
grid_07385,1
grid_07386,1
grid_07387,0
grid_07388,0
grid_07389,1
grid_07390,1
grid_07391,0
grid_07392,0
grid_07393,0
grid_07394,0
grid_07395,0
grid_07396,0
grid_07397,0
grid_07398,0
grid_07399,0
grid_07400,0
grid_07401,1
grid_07402,1
grid_07403,1
grid_07404,1
grid_07405,1
grid_07406,1
grid_07407,1
grid_07408,1
grid_07409,1
grid_07410,1
grid_07411,1
grid_07412,1
grid_07413,0
grid_07414,0
grid_07415,1
grid_07416,1
grid_07417,0
grid_07418,1
grid_07419,0
grid_07420,0
grid_07421,1
grid_07422,0
grid_07423,1
grid_07424,1
grid_07425,0
grid_07426,1
grid_07427,1
grid_07428,1
grid_07429,1
grid_07430,0
grid_07431,1
grid_07432,1
grid_07433,1
grid_07434,1
grid_07435,1
grid_07436,1
grid_07437,1
grid_07438,1
grid_07439,1
grid_07440,1
grid_07441,1
grid_07442,1
grid_07443,1
grid_07444,1
grid_07445,1
grid_07446,1
grid_07447,1
grid_07448,0
grid_07449,1
grid_07450,1
grid_07451,1
grid_07452,0
grid_07453,1
grid_07454,1
grid_07455,0
grid_07456,0
grid_07457,0
grid_07458,1
grid_07459,0
grid_07460,0
grid_07461,1
grid_07462,1
grid_07463,1
grid_07464,1
grid_07465,1
grid_07466,1
grid_07467,1
grid_07468,1
grid_07469,1
grid_07470,1
grid_07471,0
grid_07472,1
grid_07473,1
grid_07474,0
grid_07475,0
grid_07476,0
grid_07477,0
grid_07478,1
grid_07479,1
grid_07480,0
grid_07481,1
grid_07482,1
grid_07483,1
grid_07484,0
grid_07485,1
grid_07486,1
grid_07487,1
grid_07488,1
grid_07489,1
grid_07490,1
grid_07491,0
grid_07492,1
grid_07493,1
grid_07494,0
grid_07495,1
grid_07496,0
grid_07497,0
grid_07498,0
grid_07499,1
grid_07500,1
grid_07501,0
grid_07502,1
grid_07503,0
grid_07504,1
grid_07505,1
grid_07506,0
grid_07507,1
grid_07508,1
grid_07509,0
grid_07510,1
grid_07511,1
grid_07512,1
grid_07513,0
grid_07514,0
grid_07515,0
grid_07516,0
grid_07517,0
grid_07518,0
grid_07519,0
grid_07520,0
grid_07521,0
grid_07522,1
grid_07523,1
grid_07524,0
grid_07525,1
grid_07526,1
grid_07527,1
grid_07528,0
grid_07529,0
grid_07530,0
grid_07531,1
grid_07532,1
grid_07533,1
grid_07534,1
grid_07535,1
grid_07536,1
grid_07537,1
grid_07538,1
grid_07539,1
grid_07540,1
grid_07541,0
grid_07542,1
grid_07543,1
grid_07544,1
grid_07545,1
grid_07546,1
grid_07547,0
grid_07548,0
grid_07549,1
grid_07550,1
grid_07551,0
grid_07552,0
grid_07553,0
grid_07554,0
grid_07555,0
grid_07556,0
grid_07557,0
grid_07558,0
grid_07559,0
grid_07560,0
grid_07561,1
grid_07562,1
grid_07563,1
grid_07564,1
grid_07565,1
grid_07566,1
grid_07567,1
grid_07568,1
grid_07569,1
grid_07570,1
grid_07571,1
grid_07572,1
grid_07573,1
grid_07574,1
grid_07575,1
grid_07576,0
grid_07577,1
grid_07578,1
grid_07579,1
grid_07580,1
grid_07581,1
grid_07582,1
grid_07583,1
grid_07584,1
grid_07585,1
grid_07586,1
grid_07587,1
grid_07588,1
grid_07589,1
grid_07590,1
grid_07591,1
grid_07592,0
grid_07593,0
grid_07594,1
grid_07595,1
grid_07596,0
grid_07597,0
grid_07598,0
grid_07599,0
grid_07600,0
grid_07601,0
grid_07602,0
grid_07603,0
grid_07604,0
grid_07605,0
grid_07606,0
grid_07607,0
grid_07608,0
grid_07609,0
grid_07610,0
grid_07611,0
grid_07612,1
grid_07613,1
grid_07614,1
grid_07615,1
grid_07616,0
grid_07617,1
grid_07618,1
grid_07619,0
grid_07620,0
grid_07621,0
grid_07622,0
grid_07623,0
grid_07624,0
grid_07625,0
grid_07626,0
grid_07627,1
grid_07628,0
grid_07629,0
grid_07630,0
grid_07631,0
grid_07632,0
grid_07633,0
grid_07634,0
grid_07635,0
grid_07636,0
grid_07637,0
grid_07638,0
grid_07639,0
grid_07640,1
grid_07641,1
grid_07642,0
grid_07643,1
grid_07644,1
grid_07645,1
grid_07646,1
grid_07647,1
grid_07648,1
grid_07649,1
grid_07650,1
grid_07651,0
grid_07652,0
grid_07653,1
grid_07654,1
grid_07655,0
grid_07656,0
grid_07657,0
grid_07658,1
grid_07659,1
grid_07660,1
grid_07661,1
grid_07662,0
grid_07663,0
grid_07664,0
grid_07665,0
grid_07666,0
grid_07667,0
grid_07668,0
grid_07669,1
grid_07670,0
grid_07671,1
grid_07672,1
grid_07673,1
grid_07674,1
grid_07675,1
grid_07676,1
grid_07677,1
grid_07678,1
grid_07679,1
grid_07680,1
grid_07681,1
grid_07682,1
grid_07683,1
grid_07684,1
grid_07685,1
grid_07686,1
grid_07687,1
grid_07688,1
grid_07689,1
grid_07690,1
grid_07691,1
grid_07692,1
grid_07693,1
grid_07694,1
grid_07695,1
grid_07696,1
grid_07697,1
grid_07698,1
grid_07699,1
grid_07700,1
grid_07701,0
grid_07702,0
grid_07703,0
grid_07704,0
grid_07705,0
grid_07706,0
grid_07707,0
grid_07708,0
grid_07709,0
grid_07710,0
grid_07711,0
grid_07712,0
grid_07713,0
grid_07714,0
grid_07715,0
grid_07716,0
grid_07717,0
grid_07718,0
grid_07719,0
grid_07720,0
grid_07721,0
grid_07722,0
grid_07723,0
grid_07724,0
grid_07725,0
grid_07726,0
grid_07727,0
grid_07728,0
grid_07729,0
grid_07730,0
grid_07731,0
grid_07732,0
grid_07733,0
grid_07734,0
grid_07735,0
grid_07736,0
grid_07737,0
grid_07738,0
grid_07739,0
grid_07740,0
grid_07741,0
grid_07742,0
grid_07743,0
grid_07744,0
grid_07745,0
grid_07746,0
grid_07747,1
grid_07748,0
grid_07749,0
grid_07750,1
grid_07751,1
grid_07752,1
grid_07753,0
grid_07754,0
grid_07755,1
grid_07756,1
grid_07757,1
grid_07758,1
grid_07759,0
grid_07760,1
grid_07761,1
grid_07762,1
grid_07763,1
grid_07764,0
grid_07765,0
grid_07766,0
grid_07767,1
grid_07768,0
grid_07769,0
grid_07770,0
grid_07771,0
grid_07772,0
grid_07773,0
grid_07774,0
grid_07775,0
grid_07776,0
grid_07777,1
grid_07778,1
grid_07779,1
grid_07780,1
grid_07781,1
grid_07782,1
grid_07783,1
grid_07784,1
grid_07785,1
grid_07786,1
grid_07787,1
grid_07788,1
grid_07789,1
grid_07790,1
grid_07791,1
grid_07792,1
grid_07793,1
grid_07794,1
grid_07795,1
grid_07796,1
grid_07797,0
grid_07798,0
grid_07799,1
grid_07800,1
grid_07801,0
grid_07802,0
grid_07803,1
grid_07804,1
grid_07805,0
grid_07806,1
grid_07807,1
grid_07808,1
grid_07809,1
grid_07810,1
grid_07811,1
grid_07812,1
grid_07813,1
grid_07814,1
grid_07815,1
grid_07816,1
grid_07817,1
grid_07818,1
grid_07819,1
grid_07820,1
grid_07821,0
grid_07822,1
grid_07823,1
grid_07824,0
grid_07825,0
grid_07826,1
grid_07827,1
grid_07828,1
grid_07829,1
grid_07830,1
grid_07831,1
grid_07832,1
grid_07833,1
grid_07834,1
grid_07835,1
grid_07836,1
grid_07837,1
grid_07838,1
grid_07839,0
grid_07840,1
grid_07841,1
grid_07842,1
grid_07843,0
grid_07844,1
grid_07845,1
grid_07846,1
grid_07847,1
grid_07848,1
grid_07849,1
grid_07850,1
grid_07851,1
grid_07852,1
grid_07853,1
grid_07854,1
grid_07855,1
grid_07856,1
grid_07857,1
grid_07858,1
grid_07859,1
grid_07860,1
grid_07861,1
grid_07862,1
grid_07863,1
grid_07864,1
grid_07865,1
grid_07866,1
grid_07867,1
grid_07868,1
grid_07869,1
grid_07870,1
grid_07871,1
grid_07872,1
grid_07873,1
grid_07874,1
grid_07875,1
grid_07876,1
grid_07877,1
grid_07878,1
grid_07879,1
grid_07880,1
grid_07881,1
grid_07882,1
grid_07883,1
grid_07884,1
grid_07885,1
grid_07886,1
grid_07887,1
grid_07888,1
grid_07889,1
grid_07890,1
grid_07891,1
grid_07892,1
grid_07893,1
grid_07894,1
grid_07895,1
grid_07896,1
grid_07897,1
grid_07898,1
grid_07899,1
grid_07900,1
grid_07901,1
grid_07902,1
grid_07903,1
grid_07904,1
grid_07905,1
grid_07906,1
grid_07907,1
grid_07908,1
grid_07909,1
grid_07910,1
grid_07911,1
grid_07912,1
grid_07913,1
grid_07914,1
grid_07915,1
grid_07916,1
grid_07917,0
grid_07918,0
grid_07919,1
grid_07920,1
grid_07921,1
grid_07922,1
grid_07923,1
grid_07924,1
grid_07925,1
grid_07926,0
grid_07927,1
grid_07928,1
grid_07929,1
grid_07930,1
grid_07931,1
grid_07932,1
grid_07933,1
grid_07934,1
grid_07935,1
grid_07936,1
grid_07937,1
grid_07938,1
grid_07939,1
grid_07940,1
grid_07941,1
grid_07942,1
grid_07943,1
grid_07944,1
grid_07945,1
grid_07946,1
grid_07947,1
grid_07948,1
grid_07949,1
grid_07950,1
grid_07951,1
grid_07952,1
grid_07953,1
grid_07954,1
grid_07955,1
grid_07956,1
grid_07957,1
grid_07958,1
grid_07959,1
grid_07960,0
grid_07961,1
grid_07962,1
grid_07963,1
grid_07964,1
grid_07965,1
grid_07966,1
grid_07967,1
grid_07968,1
grid_07969,1
grid_07970,1
grid_07971,1
grid_07972,1
grid_07973,1
grid_07974,1
grid_07975,1
grid_07976,1
grid_07977,1
grid_07978,1
grid_07979,1
grid_07980,1
grid_07981,1
grid_07982,1
grid_07983,1
grid_07984,1
grid_07985,1
grid_07986,1
grid_07987,1
grid_07988,1
grid_07989,1
grid_07990,1
grid_07991,1
grid_07992,1
grid_07993,1
grid_07994,1
grid_07995,1
grid_07996,1
grid_07997,1
grid_07998,1
grid_07999,1
grid_08000,1
grid_08001,1
grid_08002,1
grid_08003,1
grid_08004,1
grid_08005,1
grid_08006,1
grid_08007,1
grid_08008,1
grid_08009,1
grid_08010,1
grid_08011,1
grid_08012,1
grid_08013,1
grid_08014,1
grid_08015,1
grid_08016,1
grid_08017,1
grid_08018,1
grid_08019,1
grid_08020,1
grid_08021,1
grid_08022,1
grid_08023,1
grid_08024,1
grid_08025,1
grid_08026,1
grid_08027,1
grid_08028,1
grid_08029,1
grid_08030,1
grid_08031,1
grid_08032,1
grid_08033,1
grid_08034,1
grid_08035,1
grid_08036,1
grid_08037,1
grid_08038,1
grid_08039,1
grid_08040,1
grid_08041,1
grid_08042,1
grid_08043,1
grid_08044,1
grid_08045,1
grid_08046,1
grid_08047,1
grid_08048,1
grid_08049,1
grid_08050,1
grid_08051,1
grid_08052,1
grid_08053,1
grid_08054,1
grid_08055,1
grid_08056,1
grid_08057,1
grid_08058,1
grid_08059,1
grid_08060,0
grid_08061,1
grid_08062,1
grid_08063,1
grid_08064,1
grid_08065,1
grid_08066,1
grid_08067,1
grid_08068,1
grid_08069,1
grid_08070,1
grid_08071,1
grid_08072,1
grid_08073,1
grid_08074,1
grid_08075,1
grid_08076,1
grid_08077,1
grid_08078,1
grid_08079,1
grid_08080,1
grid_08081,1
grid_08082,1
grid_08083,1
grid_08084,1
grid_08085,1
grid_08086,1
grid_08087,1
grid_08088,1
grid_08089,1
grid_08090,1
grid_08091,0
grid_08092,0
grid_08093,0
grid_08094,1
grid_08095,0
grid_08096,0
grid_08097,0
grid_08098,0
grid_08099,0
grid_08100,0
grid_08101,0
grid_08102,0
grid_08103,0
grid_08104,0
grid_08105,0
grid_08106,0
grid_08107,1
grid_08108,1
grid_08109,1
grid_08110,1
grid_08111,1
grid_08112,1
grid_08113,1
grid_08114,1
grid_08115,1
grid_08116,1
grid_08117,0
grid_08118,1
grid_08119,1
grid_08120,0
grid_08121,0
grid_08122,0
grid_08123,0
grid_08124,0
grid_08125,0
grid_08126,0
grid_08127,0
grid_08128,0
grid_08129,0
grid_08130,0
grid_08131,0
grid_08132,0
grid_08133,0
grid_08134,0
grid_08135,0
grid_08136,0
grid_08137,0
grid_08138,0
grid_08139,0
grid_08140,0
grid_08141,0
grid_08142,0
grid_08143,0
grid_08144,0
grid_08145,0
grid_08146,0
grid_08147,1
grid_08148,1
grid_08149,1
grid_08150,1
grid_08151,0
grid_08152,1
grid_08153,1
grid_08154,1
grid_08155,1
grid_08156,0
grid_08157,0
grid_08158,0
grid_08159,0
grid_08160,0
grid_08161,0
grid_08162,0
grid_08163,0
grid_08164,0
grid_08165,0
grid_08166,0
grid_08167,0
grid_08168,0
grid_08169,0
grid_08170,0
grid_08171,0
grid_08172,0
grid_08173,0
grid_08174,1
grid_08175,0
grid_08176,0
grid_08177,0
grid_08178,0
grid_08179,0
grid_08180,0
grid_08181,0
grid_08182,0
grid_08183,0
grid_08184,0
grid_08185,0
grid_08186,0
grid_08187,0
grid_08188,0
grid_08189,0
grid_08190,0
grid_08191,0
grid_08192,0
grid_08193,0
grid_08194,0
grid_08195,0
grid_08196,0
grid_08197,0
grid_08198,0
grid_08199,0
grid_08200,0
grid_08201,0
grid_08202,0
grid_08203,0
grid_08204,0
grid_08205,0
grid_08206,0
grid_08207,0
grid_08208,0
grid_08209,0
grid_08210,0
grid_08211,0
grid_08212,0
grid_08213,0
grid_08214,0
grid_08215,0
grid_08216,0
grid_08217,0
grid_08218,0
grid_08219,0
grid_08220,0
grid_08221,0
grid_08222,0
grid_08223,0
grid_08224,0
grid_08225,0
grid_08226,0
grid_08227,0
grid_08228,0
grid_08229,0
grid_08230,0
grid_08231,0
grid_08232,0
grid_08233,0
grid_08234,0
grid_08235,0
grid_08236,0
grid_08237,0
grid_08238,0
grid_08239,1
grid_08240,1
grid_08241,1
grid_08242,1
grid_08243,1
grid_08244,1
grid_08245,1
grid_08246,1
grid_08247,1
grid_08248,1
grid_08249,0
grid_08250,0
grid_08251,0
grid_08252,0
grid_08253,0
grid_08254,1
grid_08255,0
grid_08256,1
grid_08257,1
grid_08258,1
grid_08259,1
grid_08260,1
grid_08261,1
grid_08262,1
grid_08263,1
grid_08264,0
grid_08265,1
grid_08266,1
grid_08267,1
grid_08268,1
grid_08269,1
grid_08270,1
grid_08271,1
grid_08272,1
grid_08273,1
grid_08274,1
grid_08275,1
grid_08276,1
grid_08277,1
grid_08278,1
grid_08279,0
grid_08280,1
grid_08281,1
grid_08282,1
grid_08283,0
grid_08284,1
grid_08285,0
grid_08286,1
grid_08287,1
grid_08288,1
grid_08289,0
grid_08290,1
grid_08291,1
grid_08292,0
grid_08293,1
grid_08294,0
grid_08295,1
grid_08296,0
grid_08297,1
grid_08298,1
grid_08299,1
grid_08300,1
grid_08301,1
grid_08302,1
grid_08303,1
grid_08304,1
grid_08305,1
grid_08306,1
grid_08307,1
grid_08308,1
grid_08309,1
grid_08310,1
grid_08311,1
grid_08312,0
grid_08313,1
grid_08314,1
grid_08315,0
grid_08316,0
grid_08317,1
grid_08318,0
grid_08319,0
grid_08320,0
grid_08321,1
grid_08322,1
grid_08323,1
grid_08324,1
grid_08325,1
grid_08326,0
grid_08327,1
grid_08328,1
grid_08329,1
grid_08330,1
grid_08331,1
grid_08332,1
grid_08333,1
grid_08334,1
grid_08335,1
grid_08336,1
grid_08337,1
grid_08338,1
grid_08339,1
grid_08340,1
grid_08341,1
grid_08342,1
grid_08343,1
grid_08344,1
grid_08345,0
grid_08346,0
grid_08347,1
grid_08348,0
grid_08349,1
grid_08350,1
grid_08351,1
grid_08352,1
grid_08353,1
grid_08354,1
grid_08355,1
grid_08356,1
grid_08357,1
grid_08358,1
grid_08359,1
grid_08360,1
grid_08361,1
grid_08362,1
grid_08363,1
grid_08364,1
grid_08365,1
grid_08366,1
grid_08367,1
grid_08368,1
grid_08369,1
grid_08370,1
grid_08371,1
grid_08372,1
grid_08373,1
grid_08374,1
grid_08375,1
grid_08376,1
grid_08377,1
grid_08378,1
grid_08379,1
grid_08380,1
grid_08381,1
grid_08382,1
grid_08383,1
grid_08384,1
grid_08385,1
grid_08386,1
grid_08387,1
grid_08388,1
grid_08389,1
grid_08390,1
grid_08391,1
grid_08392,1
grid_08393,1
grid_08394,1
grid_08395,1
grid_08396,1
grid_08397,1
grid_08398,1
grid_08399,1
grid_08400,1
grid_08401,1
grid_08402,1
grid_08403,1
grid_08404,1
grid_08405,1
grid_08406,1
grid_08407,1
grid_08408,1
grid_08409,1
grid_08410,1
grid_08411,1
grid_08412,1
grid_08413,1
grid_08414,1
grid_08415,1
grid_08416,1
grid_08417,1
grid_08418,1
grid_08419,1
grid_08420,1
grid_08421,1
grid_08422,1
grid_08423,1
grid_08424,1
grid_08425,1
grid_08426,1
grid_08427,1
grid_08428,1
grid_08429,1
grid_08430,1
grid_08431,1
grid_08432,1
grid_08433,1
grid_08434,1
grid_08435,1
grid_08436,1
grid_08437,1
grid_08438,1
grid_08439,1
grid_08440,1
grid_08441,1
grid_08442,1
grid_08443,1
grid_08444,1
grid_08445,1
grid_08446,1
grid_08447,1
grid_08448,1
grid_08449,1
grid_08450,1
grid_08451,1
grid_08452,1
grid_08453,1
grid_08454,1
grid_08455,1
grid_08456,1
grid_08457,1
grid_08458,1
grid_08459,1
grid_08460,1
grid_08461,1
grid_08462,1
grid_08463,1
grid_08464,1
grid_08465,1
grid_08466,1
grid_08467,1
grid_08468,1
grid_08469,1
grid_08470,1
grid_08471,1
grid_08472,0
grid_08473,1
grid_08474,1
grid_08475,1
grid_08476,0
grid_08477,1
grid_08478,1
grid_08479,1
grid_08480,1
grid_08481,1
grid_08482,1
grid_08483,1
grid_08484,1
grid_08485,1
grid_08486,1
grid_08487,1
grid_08488,1
grid_08489,0
grid_08490,1
grid_08491,1
grid_08492,1
grid_08493,1
grid_08494,1
grid_08495,1
grid_08496,1
grid_08497,1
grid_08498,1
grid_08499,1
grid_08500,1
grid_08501,0
grid_08502,1
grid_08503,1
grid_08504,1
grid_08505,1
grid_08506,1
grid_08507,1
grid_08508,1
grid_08509,1
grid_08510,1
grid_08511,0
grid_08512,1
grid_08513,0
grid_08514,1
grid_08515,0
grid_08516,0
grid_08517,0
grid_08518,0
grid_08519,1
grid_08520,1
grid_08521,1
grid_08522,1
grid_08523,1
grid_08524,1
grid_08525,1
grid_08526,1
grid_08527,1
grid_08528,1
grid_08529,1
grid_08530,1
grid_08531,1
grid_08532,1
grid_08533,1
grid_08534,1
grid_08535,1
grid_08536,1
grid_08537,1
grid_08538,1
grid_08539,1
grid_08540,0
grid_08541,1
grid_08542,1
grid_08543,1
grid_08544,0
grid_08545,1
grid_08546,1
grid_08547,1
grid_08548,1
grid_08549,1
grid_08550,1
grid_08551,1
grid_08552,1
grid_08553,1
grid_08554,1
grid_08555,1
grid_08556,1
grid_08557,1
grid_08558,1
grid_08559,1
grid_08560,1
grid_08561,1
grid_08562,1
grid_08563,1
grid_08564,1
grid_08565,1
grid_08566,1
grid_08567,1
grid_08568,0
grid_08569,1
grid_08570,0
grid_08571,0
grid_08572,1
grid_08573,1
grid_08574,1
grid_08575,1
grid_08576,0
grid_08577,1
grid_08578,1
grid_08579,1
grid_08580,1
grid_08581,1
grid_08582,1
grid_08583,1
grid_08584,1
grid_08585,1
grid_08586,1
grid_08587,1
grid_08588,1
grid_08589,1
grid_08590,1
grid_08591,0
grid_08592,0
grid_08593,1
grid_08594,1
grid_08595,1
grid_08596,0
grid_08597,1
grid_08598,1
grid_08599,0
grid_08600,0
grid_08601,0
grid_08602,0
grid_08603,0
grid_08604,0
grid_08605,0
grid_08606,0
grid_08607,0
grid_08608,0
grid_08609,1
grid_08610,1
grid_08611,1
grid_08612,1
grid_08613,1
grid_08614,1
grid_08615,1
grid_08616,1
grid_08617,1
grid_08618,1
grid_08619,1
grid_08620,1
grid_08621,0
grid_08622,0
grid_08623,1
grid_08624,1
grid_08625,1
grid_08626,1
grid_08627,1
grid_08628,1
grid_08629,0
grid_08630,1
grid_08631,0
grid_08632,1
grid_08633,0
grid_08634,0
grid_08635,1
grid_08636,1
grid_08637,1
grid_08638,1
grid_08639,1
grid_08640,1
grid_08641,1
grid_08642,1
grid_08643,1
grid_08644,1
grid_08645,1
grid_08646,1
grid_08647,1
grid_08648,1
grid_08649,1
grid_08650,1
grid_08651,1
grid_08652,1
grid_08653,1
grid_08654,1
grid_08655,1
grid_08656,1
grid_08657,0
grid_08658,1
grid_08659,1
grid_08660,1
grid_08661,1
grid_08662,1
grid_08663,1
grid_08664,1
grid_08665,1
grid_08666,1
grid_08667,1
grid_08668,1
grid_08669,1
grid_08670,1
grid_08671,1
grid_08672,1
grid_08673,1
grid_08674,1
grid_08675,1
grid_08676,0
grid_08677,1
grid_08678,1
grid_08679,0
grid_08680,1
grid_08681,0
grid_08682,1
grid_08683,1
grid_08684,0
grid_08685,0
grid_08686,1
grid_08687,0
grid_08688,1
grid_08689,1
grid_08690,1
grid_08691,1
grid_08692,1
grid_08693,1
grid_08694,1
grid_08695,1
grid_08696,1
grid_08697,1
grid_08698,1
grid_08699,1
grid_08700,1
grid_08701,1
grid_08702,1
grid_08703,1
grid_08704,1
grid_08705,1
grid_08706,1
grid_08707,1
grid_08708,1
grid_08709,0
grid_08710,1
grid_08711,1
grid_08712,1
grid_08713,1
grid_08714,1
grid_08715,1
grid_08716,1
grid_08717,1
grid_08718,1
grid_08719,1
grid_08720,1
grid_08721,1
grid_08722,1
grid_08723,1
grid_08724,1
grid_08725,1
grid_08726,1
grid_08727,1
grid_08728,1
grid_08729,1
grid_08730,1
grid_08731,1
grid_08732,1
grid_08733,1
grid_08734,1
grid_08735,1
grid_08736,1
grid_08737,1
grid_08738,1
grid_08739,1
grid_08740,1
grid_08741,1
grid_08742,1
grid_08743,1
grid_08744,1
grid_08745,1
grid_08746,1
grid_08747,1
grid_08748,1
grid_08749,1
grid_08750,0
grid_08751,1
grid_08752,0
grid_08753,0
grid_08754,1
grid_08755,1
grid_08756,1
grid_08757,1
grid_08758,1
grid_08759,0
grid_08760,0
grid_08761,1
grid_08762,1
grid_08763,0
grid_08764,1
grid_08765,1
grid_08766,1
grid_08767,1
grid_08768,1
grid_08769,1
grid_08770,1
grid_08771,1
grid_08772,1
grid_08773,1
grid_08774,1
grid_08775,1
grid_08776,1
grid_08777,1
grid_08778,1
grid_08779,1
grid_08780,1
grid_08781,1
grid_08782,1
grid_08783,1
grid_08784,1
grid_08785,1
grid_08786,1
grid_08787,1
grid_08788,1
grid_08789,1
grid_08790,1
grid_08791,1
grid_08792,1
grid_08793,1
grid_08794,1
grid_08795,1
grid_08796,1
grid_08797,1
grid_08798,1
grid_08799,1
grid_08800,1
grid_08801,0
grid_08802,1
grid_08803,1
grid_08804,1
grid_08805,0
grid_08806,1
grid_08807,1
grid_08808,1
grid_08809,1
grid_08810,1
grid_08811,1
grid_08812,1
grid_08813,1
grid_08814,1
grid_08815,1
grid_08816,1
grid_08817,1
grid_08818,1
grid_08819,1
grid_08820,1
grid_08821,1
grid_08822,1
grid_08823,1
grid_08824,1
grid_08825,1
grid_08826,1
grid_08827,1
grid_08828,0
grid_08829,1
grid_08830,0
grid_08831,1
grid_08832,0
grid_08833,1
grid_08834,1
grid_08835,1
grid_08836,0
grid_08837,1
grid_08838,1
grid_08839,1
grid_08840,1
grid_08841,1
grid_08842,1
grid_08843,1
grid_08844,1
grid_08845,1
grid_08846,1
grid_08847,1
grid_08848,1
grid_08849,1
grid_08850,1
grid_08851,1
grid_08852,1
grid_08853,1
grid_08854,1
grid_08855,1
grid_08856,1
grid_08857,1
grid_08858,1
grid_08859,1
grid_08860,1
grid_08861,1
grid_08862,1
grid_08863,1
grid_08864,1
grid_08865,1
grid_08866,1
grid_08867,1
grid_08868,1
grid_08869,1
grid_08870,1
grid_08871,1
grid_08872,1
grid_08873,1
grid_08874,1
grid_08875,1
grid_08876,1
grid_08877,1
grid_08878,1
grid_08879,1
grid_08880,1
grid_08881,1
grid_08882,1
grid_08883,1
grid_08884,1
grid_08885,1
grid_08886,1
grid_08887,1
grid_08888,1
grid_08889,1
grid_08890,1
grid_08891,1
grid_08892,1
grid_08893,1
grid_08894,1
grid_08895,1
grid_08896,1
grid_08897,1
grid_08898,1
grid_08899,1
grid_08900,1
grid_08901,1
grid_08902,1
grid_08903,1
grid_08904,1
grid_08905,1
grid_08906,1
grid_08907,1
grid_08908,1
grid_08909,1
grid_08910,1
grid_08911,1
grid_08912,1
grid_08913,1
grid_08914,1
grid_08915,1
grid_08916,1
grid_08917,1
grid_08918,1
grid_08919,1
grid_08920,1
grid_08921,1
grid_08922,1
grid_08923,1
grid_08924,1
grid_08925,1
grid_08926,1
grid_08927,1
grid_08928,1
grid_08929,1
grid_08930,1
grid_08931,1
grid_08932,1
grid_08933,1
grid_08934,1
grid_08935,1
grid_08936,1
grid_08937,1
grid_08938,1
grid_08939,1
grid_08940,1
grid_08941,1
grid_08942,1
grid_08943,1
grid_08944,1
grid_08945,1
grid_08946,1
grid_08947,1
grid_08948,1
grid_08949,1
grid_08950,1
grid_08951,1
grid_08952,1
grid_08953,1
grid_08954,1
grid_08955,1
grid_08956,1
grid_08957,1
grid_08958,1
grid_08959,1
grid_08960,1
grid_08961,1
grid_08962,1
grid_08963,1
grid_08964,1
grid_08965,1
grid_08966,1
grid_08967,1
grid_08968,1
grid_08969,1
grid_08970,1
grid_08971,1
grid_08972,1
grid_08973,1
grid_08974,1
grid_08975,1
grid_08976,1
grid_08977,1
grid_08978,1
grid_08979,1
grid_08980,1
grid_08981,1
grid_08982,1
grid_08983,1
grid_08984,1
grid_08985,1
grid_08986,1
grid_08987,1
grid_08988,1
grid_08989,1
grid_08990,1
grid_08991,1
grid_08992,1
grid_08993,1
grid_08994,1
grid_08995,1
grid_08996,1
grid_08997,1
grid_08998,1
grid_08999,1
grid_09000,1
grid_09001,1
grid_09002,1
grid_09003,1
grid_09004,1
grid_09005,1
grid_09006,1
grid_09007,1
grid_09008,1
grid_09009,1
grid_09010,1
grid_09011,1
grid_09012,1
grid_09013,1
grid_09014,1
grid_09015,1
grid_09016,1
grid_09017,1
grid_09018,1
grid_09019,1
grid_09020,1
grid_09021,1
grid_09022,1
grid_09023,1
grid_09024,1
grid_09025,1
grid_09026,1
grid_09027,1
grid_09028,1
grid_09029,1
grid_09030,1
grid_09031,1
grid_09032,1
grid_09033,1
grid_09034,1
grid_09035,1
grid_09036,1
grid_09037,1
grid_09038,1
grid_09039,1
grid_09040,1
grid_09041,1
grid_09042,1
grid_09043,1
grid_09044,1
grid_09045,1
grid_09046,1
grid_09047,1
grid_09048,1
grid_09049,1
grid_09050,1
grid_09051,1
grid_09052,1
grid_09053,1
grid_09054,1
grid_09055,1
grid_09056,1
grid_09057,1
grid_09058,1
grid_09059,1
grid_09060,1
grid_09061,1
grid_09062,1
grid_09063,1
grid_09064,1
grid_09065,1
grid_09066,1
grid_09067,1
grid_09068,1
grid_09069,1
grid_09070,1
grid_09071,1
grid_09072,1
grid_09073,1
grid_09074,1
grid_09075,1
grid_09076,1
grid_09077,1
grid_09078,1
grid_09079,1
grid_09080,1
grid_09081,1
grid_09082,1
grid_09083,1
grid_09084,1
grid_09085,1
grid_09086,1
grid_09087,1
grid_09088,1
grid_09089,1
grid_09090,1
grid_09091,1
grid_09092,1
grid_09093,1
grid_09094,1
grid_09095,1
grid_09096,1
grid_09097,1
grid_09098,1
grid_09099,1
grid_09100,1
grid_09101,1
grid_09102,1
grid_09103,1
grid_09104,1
grid_09105,1
grid_09106,1
grid_09107,1
grid_09108,1
grid_09109,1
grid_09110,1
grid_09111,1
grid_09112,1
grid_09113,1
grid_09114,1
grid_09115,1
grid_09116,1
grid_09117,1
grid_09118,1
grid_09119,1
grid_09120,1
grid_09121,1
grid_09122,1
grid_09123,1
grid_09124,1
grid_09125,1
grid_09126,1
grid_09127,1
grid_09128,1
grid_09129,1
grid_09130,1
grid_09131,1
grid_09132,1
grid_09133,1
grid_09134,1
grid_09135,1
grid_09136,1
grid_09137,1
grid_09138,1
grid_09139,1
grid_09140,1
grid_09141,1
grid_09142,1
grid_09143,1
grid_09144,1
grid_09145,1
grid_09146,1
grid_09147,1
grid_09148,1
grid_09149,1
grid_09150,1
grid_09151,1
grid_09152,1
grid_09153,1
grid_09154,0
grid_09155,0
grid_09156,0
grid_09157,1
grid_09158,0
grid_09159,1
grid_09160,1
grid_09161,1
grid_09162,1
grid_09163,1
grid_09164,1
grid_09165,1
grid_09166,1
grid_09167,1
grid_09168,1
grid_09169,1
grid_09170,0
grid_09171,1
grid_09172,1
grid_09173,1
grid_09174,1
grid_09175,1
grid_09176,1
grid_09177,1
grid_09178,1
grid_09179,0
grid_09180,1
grid_09181,0
grid_09182,0
grid_09183,0
grid_09184,0
grid_09185,1
grid_09186,0
grid_09187,0
grid_09188,0
grid_09189,1
grid_09190,1
grid_09191,0
grid_09192,1
grid_09193,0
grid_09194,1
grid_09195,1
grid_09196,1
grid_09197,0
grid_09198,1
grid_09199,0
grid_09200,0
grid_09201,1
grid_09202,0
grid_09203,0
grid_09204,0
grid_09205,0
grid_09206,0
grid_09207,0
grid_09208,0
grid_09209,1
grid_09210,1
grid_09211,0
grid_09212,0
grid_09213,0
grid_09214,0
grid_09215,0
grid_09216,0
grid_09217,0
grid_09218,0
grid_09219,0
grid_09220,1
grid_09221,0
grid_09222,0
grid_09223,0
grid_09224,0
grid_09225,0
grid_09226,0
grid_09227,0
grid_09228,0
grid_09229,0
grid_09230,0
grid_09231,0
grid_09232,0
grid_09233,0
grid_09234,0
grid_09235,0
grid_09236,0
grid_09237,0
grid_09238,0
grid_09239,1
grid_09240,1
grid_09241,1
grid_09242,1
grid_09243,1
grid_09244,1
grid_09245,1
grid_09246,1
grid_09247,1
grid_09248,1
grid_09249,1
grid_09250,1
grid_09251,1
grid_09252,1
grid_09253,1
grid_09254,1
grid_09255,1
grid_09256,1
grid_09257,1
grid_09258,1
grid_09259,1
grid_09260,1
grid_09261,1
grid_09262,1
grid_09263,1
grid_09264,1
grid_09265,1
grid_09266,1
grid_09267,1
grid_09268,1
grid_09269,1
grid_09270,0
grid_09271,0
grid_09272,1
grid_09273,1
grid_09274,1
grid_09275,1
grid_09276,1
grid_09277,1
grid_09278,1
grid_09279,1
grid_09280,1
grid_09281,1
grid_09282,1
grid_09283,1
grid_09284,1
grid_09285,1
grid_09286,1
grid_09287,1
grid_09288,1
grid_09289,1
grid_09290,1
grid_09291,1
grid_09292,1
grid_09293,1
grid_09294,1
grid_09295,1
grid_09296,1
grid_09297,1
grid_09298,1
grid_09299,1
grid_09300,1
grid_09301,1
grid_09302,1
grid_09303,1
grid_09304,1
grid_09305,1
grid_09306,1
grid_09307,1
grid_09308,1
grid_09309,1
grid_09310,1
grid_09311,1
grid_09312,1
grid_09313,1
grid_09314,1
grid_09315,1
grid_09316,1
grid_09317,1
grid_09318,1
grid_09319,1
grid_09320,1
grid_09321,1
grid_09322,1
grid_09323,1
grid_09324,1
grid_09325,1
grid_09326,1
grid_09327,1
grid_09328,1
grid_09329,1
grid_09330,1
grid_09331,1
grid_09332,1
grid_09333,1
grid_09334,1
grid_09335,1
grid_09336,1
grid_09337,1
grid_09338,1
grid_09339,1
grid_09340,1
grid_09341,1
grid_09342,1
grid_09343,1
grid_09344,1
grid_09345,1
grid_09346,1
grid_09347,1
grid_09348,1
grid_09349,1
grid_09350,1
grid_09351,1
grid_09352,1
grid_09353,1
grid_09354,1
grid_09355,1
grid_09356,1
grid_09357,1
grid_09358,1
grid_09359,1
grid_09360,1
grid_09361,1
grid_09362,1
grid_09363,1
grid_09364,1
grid_09365,1
grid_09366,1
grid_09367,1
grid_09368,1
grid_09369,1
grid_09370,1
grid_09371,1
grid_09372,1
grid_09373,1
grid_09374,1
grid_09375,1
grid_09376,1
grid_09377,1
grid_09378,1
grid_09379,1
grid_09380,1
grid_09381,1
grid_09382,1
grid_09383,1
grid_09384,1
grid_09385,1
grid_09386,1
grid_09387,1
grid_09388,1
grid_09389,1
grid_09390,1
grid_09391,1
grid_09392,1
grid_09393,1
grid_09394,1
grid_09395,1
grid_09396,1
grid_09397,1
grid_09398,1
grid_09399,1
grid_09400,1
grid_09401,1
grid_09402,1
grid_09403,1
grid_09404,1
grid_09405,1
grid_09406,1
grid_09407,1
grid_09408,1
grid_09409,1
grid_09410,1
grid_09411,1
grid_09412,1
grid_09413,1
grid_09414,1
grid_09415,1
grid_09416,1
grid_09417,1
grid_09418,1
grid_09419,1
grid_09420,1
grid_09421,1
grid_09422,1
grid_09423,1
grid_09424,1
grid_09425,1
grid_09426,1
grid_09427,1
grid_09428,1
grid_09429,1
grid_09430,1
grid_09431,1
grid_09432,1
grid_09433,1
grid_09434,1
grid_09435,1
grid_09436,1
grid_09437,1
grid_09438,1
grid_09439,1
grid_09440,1
grid_09441,1
grid_09442,1
grid_09443,1
grid_09444,1
grid_09445,1
grid_09446,1
grid_09447,1
grid_09448,1
grid_09449,1
grid_09450,1
grid_09451,1
grid_09452,1
grid_09453,1
grid_09454,1
grid_09455,1
grid_09456,1
grid_09457,1
grid_09458,1
grid_09459,1
grid_09460,1
grid_09461,1
grid_09462,1
grid_09463,1
grid_09464,1
grid_09465,1
grid_09466,1
grid_09467,1
grid_09468,1
grid_09469,1
grid_09470,1
grid_09471,1
grid_09472,1
grid_09473,1
grid_09474,1
grid_09475,1
grid_09476,1
grid_09477,1
grid_09478,1
grid_09479,1
grid_09480,1
grid_09481,1
grid_09482,1
grid_09483,1
grid_09484,1
grid_09485,1
grid_09486,1
grid_09487,1
grid_09488,1
grid_09489,1
grid_09490,1
grid_09491,1
grid_09492,1
grid_09493,1
grid_09494,1
grid_09495,1
grid_09496,1
grid_09497,1
grid_09498,1
grid_09499,1
grid_09500,1
grid_09501,1
grid_09502,1
grid_09503,1
grid_09504,1
grid_09505,1
grid_09506,1
grid_09507,1
grid_09508,1
grid_09509,1
grid_09510,1
grid_09511,1
grid_09512,1
grid_09513,1
grid_09514,1
grid_09515,1
grid_09516,1
grid_09517,1
grid_09518,1
grid_09519,1
grid_09520,1
grid_09521,1
grid_09522,1
grid_09523,1
grid_09524,1
grid_09525,1
grid_09526,1
grid_09527,1
grid_09528,1
grid_09529,1
grid_09530,1
grid_09531,1
grid_09532,1
grid_09533,1
grid_09534,1
grid_09535,1
grid_09536,1
grid_09537,0
grid_09538,1
grid_09539,1
grid_09540,1
grid_09541,1
grid_09542,1
grid_09543,1
grid_09544,1
grid_09545,1
grid_09546,1
grid_09547,1
grid_09548,1
grid_09549,1
grid_09550,1
grid_09551,1
grid_09552,1
grid_09553,1
grid_09554,1
grid_09555,1
grid_09556,1
grid_09557,1
grid_09558,1
grid_09559,1
grid_09560,1
grid_09561,1
grid_09562,1
grid_09563,1
grid_09564,1
grid_09565,1
grid_09566,1
grid_09567,1
grid_09568,1
grid_09569,1
grid_09570,1
grid_09571,1
grid_09572,1
grid_09573,1
grid_09574,1
grid_09575,1
grid_09576,1
grid_09577,1
grid_09578,1
grid_09579,1
grid_09580,1
grid_09581,1
grid_09582,1
grid_09583,1
grid_09584,1
grid_09585,1
grid_09586,1
grid_09587,1
grid_09588,1
grid_09589,1
grid_09590,1
grid_09591,1
grid_09592,1
grid_09593,1
grid_09594,1
grid_09595,1
grid_09596,1
grid_09597,1
grid_09598,1
grid_09599,1
grid_09600,1
grid_09601,1
grid_09602,1
grid_09603,1
grid_09604,1
grid_09605,1
grid_09606,1
grid_09607,1
grid_09608,1
grid_09609,1
grid_09610,1
grid_09611,1
grid_09612,1
grid_09613,1
grid_09614,1
grid_09615,1
grid_09616,1
grid_09617,1
grid_09618,1
grid_09619,1
grid_09620,1
grid_09621,1
grid_09622,1
grid_09623,1
grid_09624,1
grid_09625,1
grid_09626,1
grid_09627,1
grid_09628,1
grid_09629,1
grid_09630,1
grid_09631,1
grid_09632,1
grid_09633,1
grid_09634,1
grid_09635,1
grid_09636,1
grid_09637,1
grid_09638,1
grid_09639,1
grid_09640,1
grid_09641,1
grid_09642,1
grid_09643,1
grid_09644,1
grid_09645,1
grid_09646,1
grid_09647,1
grid_09648,1
grid_09649,1
grid_09650,1
grid_09651,1
grid_09652,1
grid_09653,1
grid_09654,1
grid_09655,1
grid_09656,1
grid_09657,1
grid_09658,1
grid_09659,1
grid_09660,1
grid_09661,1
grid_09662,1
grid_09663,1
grid_09664,1
grid_09665,1
grid_09666,1
grid_09667,1
grid_09668,1
grid_09669,1
grid_09670,1
grid_09671,1
grid_09672,1
grid_09673,1
grid_09674,1
grid_09675,1
grid_09676,1
grid_09677,1
grid_09678,1
grid_09679,1
grid_09680,1
grid_09681,1
grid_09682,1
grid_09683,1
grid_09684,1
grid_09685,1
grid_09686,1
grid_09687,1
grid_09688,1
grid_09689,1
grid_09690,1
grid_09691,1
grid_09692,1
grid_09693,1
grid_09694,1
grid_09695,1
grid_09696,1
grid_09697,1
grid_09698,1
grid_09699,1
grid_09700,1
grid_09701,1
grid_09702,1
grid_09703,1
grid_09704,1
grid_09705,1
grid_09706,1
grid_09707,1
grid_09708,1
grid_09709,1
grid_09710,1
grid_09711,1
grid_09712,1
grid_09713,1
grid_09714,1
grid_09715,1
grid_09716,1
grid_09717,1
grid_09718,1
grid_09719,1
grid_09720,1
grid_09721,1
grid_09722,1
grid_09723,1
grid_09724,1
grid_09725,1
grid_09726,1
grid_09727,1
grid_09728,1
grid_09729,1
grid_09730,1
grid_09731,1
grid_09732,1
grid_09733,1
grid_09734,1
grid_09735,1
grid_09736,1
grid_09737,1
grid_09738,1
grid_09739,1
grid_09740,1
grid_09741,1
grid_09742,1
grid_09743,1
grid_09744,1
grid_09745,1
grid_09746,1
grid_09747,1
grid_09748,0
grid_09749,1
grid_09750,1
grid_09751,1
grid_09752,1
grid_09753,1
grid_09754,1
grid_09755,1
grid_09756,1
grid_09757,1
grid_09758,1
grid_09759,1
grid_09760,0
grid_09761,1
grid_09762,1
grid_09763,1
grid_09764,1
grid_09765,1
grid_09766,1
grid_09767,1
grid_09768,1
grid_09769,1
grid_09770,1
grid_09771,1
grid_09772,1
grid_09773,0
grid_09774,1
grid_09775,1
grid_09776,1
grid_09777,0
grid_09778,0
grid_09779,0
grid_09780,1
grid_09781,1
grid_09782,1
grid_09783,1
grid_09784,1
grid_09785,1
grid_09786,1
grid_09787,1
grid_09788,1
grid_09789,0
grid_09790,1
grid_09791,1
grid_09792,0
grid_09793,1
grid_09794,1
grid_09795,1
grid_09796,1
grid_09797,1
grid_09798,1
grid_09799,1
grid_09800,1
grid_09801,1
grid_09802,1
grid_09803,1
grid_09804,1
grid_09805,1
grid_09806,1
grid_09807,1
grid_09808,1
grid_09809,1
grid_09810,1
grid_09811,1
grid_09812,1
grid_09813,1
grid_09814,1
grid_09815,1
grid_09816,0
grid_09817,1
grid_09818,0
grid_09819,1
grid_09820,1
grid_09821,0
grid_09822,1
grid_09823,1
grid_09824,1
grid_09825,1
grid_09826,1
grid_09827,1
grid_09828,1
grid_09829,1
grid_09830,1
grid_09831,1
grid_09832,1
grid_09833,1
grid_09834,1
grid_09835,1
grid_09836,1
grid_09837,1
grid_09838,1
grid_09839,1
grid_09840,1
grid_09841,1
grid_09842,1
grid_09843,1
grid_09844,1
grid_09845,1
grid_09846,1
grid_09847,1
grid_09848,0
grid_09849,1
grid_09850,1
grid_09851,1
grid_09852,1
grid_09853,1
grid_09854,1
grid_09855,1
grid_09856,0
grid_09857,1
grid_09858,1
grid_09859,1
grid_09860,1
grid_09861,0
grid_09862,0
grid_09863,1
grid_09864,0
grid_09865,0
grid_09866,1
grid_09867,1
grid_09868,1
grid_09869,1
grid_09870,0
grid_09871,1
grid_09872,1
grid_09873,0
grid_09874,1
grid_09875,1
grid_09876,1
grid_09877,1
grid_09878,0
grid_09879,0
grid_09880,0
grid_09881,1
grid_09882,1
grid_09883,1
grid_09884,0
grid_09885,1
grid_09886,1
grid_09887,1
grid_09888,1
grid_09889,1
grid_09890,1
grid_09891,1
grid_09892,1
grid_09893,1
grid_09894,1
grid_09895,1
grid_09896,0
grid_09897,1
grid_09898,1
grid_09899,1
grid_09900,1
grid_09901,1
grid_09902,1
grid_09903,1
grid_09904,1
grid_09905,1
grid_09906,1
grid_09907,1
grid_09908,1
grid_09909,1
grid_09910,1
grid_09911,1
grid_09912,0
grid_09913,1
grid_09914,0
grid_09915,0
grid_09916,1
grid_09917,1
grid_09918,1
grid_09919,1
grid_09920,1
grid_09921,1
grid_09922,1
grid_09923,1
grid_09924,1
grid_09925,1
grid_09926,1
grid_09927,1
grid_09928,1
grid_09929,1
grid_09930,1
grid_09931,1
grid_09932,0
grid_09933,1
grid_09934,1
grid_09935,1
grid_09936,1
grid_09937,1
grid_09938,1
grid_09939,1
grid_09940,1
grid_09941,1
grid_09942,1
grid_09943,1
grid_09944,1
grid_09945,1
grid_09946,1
grid_09947,1
grid_09948,1
grid_09949,1
grid_09950,1
grid_09951,1
grid_09952,1
grid_09953,1
grid_09954,1
grid_09955,1
grid_09956,1
grid_09957,1
grid_09958,1
grid_09959,1
grid_09960,1
grid_09961,1
grid_09962,1
grid_09963,1
grid_09964,1
grid_09965,1
grid_09966,1
grid_09967,1
grid_09968,1
grid_09969,1
grid_09970,1
grid_09971,1
grid_09972,1
grid_09973,1
grid_09974,1
grid_09975,1
grid_09976,1
grid_09977,1
grid_09978,1
grid_09979,1
grid_09980,1
grid_09981,1
grid_09982,1
grid_09983,1
grid_09984,1
grid_09985,1
grid_09986,1
grid_09987,1
grid_09988,1
grid_09989,1
grid_09990,1
grid_09991,1
grid_09992,1
grid_09993,1
grid_09994,1
grid_09995,1
grid_09996,1
grid_09997,1
grid_09998,1
grid_09999,1
grid_10000,1
grid_10001,1
grid_10002,1
grid_10003,1
grid_10004,1
grid_10005,1
grid_10006,1
grid_10007,1
grid_10008,1
grid_10009,1
grid_10010,1
grid_10011,1
grid_10012,1
grid_10013,1
grid_10014,1
grid_10015,1
grid_10016,1
grid_10017,1
grid_10018,1
grid_10019,1
grid_10020,1
grid_10021,1
grid_10022,1
grid_10023,1
grid_10024,1
grid_10025,1
grid_10026,1
grid_10027,1
grid_10028,1
grid_10029,1
grid_10030,1
grid_10031,1
grid_10032,1
grid_10033,1
grid_10034,1
grid_10035,1
grid_10036,1
grid_10037,1
grid_10038,1
grid_10039,0
grid_10040,1
grid_10041,0
grid_10042,1
grid_10043,0
grid_10044,0
grid_10045,1
grid_10046,1
grid_10047,1
grid_10048,1
grid_10049,1
grid_10050,1
grid_10051,1
grid_10052,1
grid_10053,1
grid_10054,1
grid_10055,0
grid_10056,1
grid_10057,1
grid_10058,0
grid_10059,1
grid_10060,1
grid_10061,1
grid_10062,1
grid_10063,1
grid_10064,1
grid_10065,1
grid_10066,1
grid_10067,0
grid_10068,0
grid_10069,1
grid_10070,1
grid_10071,1
grid_10072,1
grid_10073,1
grid_10074,1
grid_10075,1
grid_10076,1
grid_10077,1
grid_10078,1
grid_10079,0
grid_10080,1
grid_10081,0
grid_10082,0
grid_10083,1
grid_10084,1
grid_10085,1
grid_10086,1
grid_10087,1
grid_10088,1
grid_10089,0
grid_10090,1
grid_10091,1
grid_10092,1
grid_10093,1
grid_10094,1
grid_10095,1
grid_10096,1
grid_10097,1
grid_10098,1
grid_10099,1
grid_10100,1
grid_10101,1
grid_10102,1
grid_10103,1
grid_10104,1
grid_10105,1
grid_10106,1
grid_10107,1
grid_10108,1
grid_10109,1
grid_10110,1
grid_10111,1
grid_10112,1
grid_10113,1
grid_10114,1
grid_10115,1
grid_10116,1
grid_10117,1
grid_10118,1
grid_10119,1
grid_10120,1
grid_10121,1
grid_10122,1
grid_10123,1
grid_10124,1
grid_10125,1
grid_10126,1
grid_10127,1
grid_10128,1
grid_10129,1
grid_10130,1
grid_10131,1
grid_10132,1
grid_10133,0
grid_10134,1
grid_10135,1
grid_10136,1
grid_10137,1
grid_10138,1
grid_10139,1
grid_10140,1
grid_10141,1
grid_10142,1
grid_10143,1
grid_10144,1
grid_10145,1
grid_10146,1
grid_10147,1
grid_10148,1
grid_10149,1
grid_10150,1
grid_10151,1
grid_10152,1
grid_10153,1
grid_10154,1
grid_10155,1
grid_10156,1
grid_10157,1
grid_10158,1
grid_10159,1
grid_10160,1
grid_10161,1
grid_10162,1
grid_10163,1
grid_10164,1
grid_10165,1
grid_10166,1
grid_10167,1
grid_10168,1
grid_10169,1
grid_10170,1
grid_10171,1
grid_10172,1
grid_10173,1
grid_10174,1
grid_10175,1
grid_10176,1
grid_10177,1
grid_10178,1
grid_10179,1
grid_10180,1
grid_10181,1
grid_10182,1
grid_10183,1
grid_10184,1
grid_10185,1
grid_10186,1
grid_10187,1
grid_10188,1
grid_10189,1
grid_10190,1
grid_10191,1
grid_10192,1
grid_10193,1
grid_10194,1
grid_10195,1
grid_10196,1
grid_10197,1
grid_10198,1
grid_10199,1
grid_10200,1
grid_10201,1
grid_10202,1
grid_10203,0
grid_10204,1
grid_10205,1
grid_10206,1
grid_10207,1
grid_10208,1
grid_10209,1
grid_10210,1
grid_10211,1
grid_10212,1
grid_10213,1
grid_10214,1
grid_10215,1
grid_10216,1
grid_10217,1
grid_10218,1
grid_10219,1
grid_10220,1
grid_10221,1
grid_10222,1
grid_10223,1
grid_10224,1
grid_10225,1
grid_10226,1
grid_10227,1
grid_10228,1
grid_10229,1
grid_10230,1
grid_10231,1
grid_10232,1
grid_10233,1
grid_10234,1
grid_10235,1
grid_10236,1
grid_10237,0
grid_10238,1
grid_10239,1
grid_10240,1
grid_10241,1
grid_10242,1
grid_10243,1
grid_10244,1
grid_10245,1
grid_10246,1
grid_10247,1
grid_10248,1
grid_10249,1
grid_10250,1
grid_10251,1
grid_10252,1
grid_10253,1
grid_10254,1
grid_10255,1
grid_10256,1
grid_10257,1
grid_10258,1
grid_10259,1
grid_10260,1
grid_10261,1
grid_10262,1
grid_10263,1
grid_10264,1
grid_10265,1
grid_10266,1
grid_10267,1
grid_10268,1
grid_10269,1
grid_10270,1
grid_10271,1
grid_10272,1
grid_10273,1
grid_10274,1
grid_10275,1
grid_10276,1
grid_10277,1
grid_10278,1
grid_10279,1
grid_10280,1
grid_10281,1
grid_10282,1
grid_10283,1
grid_10284,1
grid_10285,1
grid_10286,1
grid_10287,1
grid_10288,1
grid_10289,1
grid_10290,1
grid_10291,1
grid_10292,1
grid_10293,1
grid_10294,1
grid_10295,1
grid_10296,1
grid_10297,1
grid_10298,1
grid_10299,1
grid_10300,1
grid_10301,1
grid_10302,1
grid_10303,1
grid_10304,1
grid_10305,1
grid_10306,1
grid_10307,1
grid_10308,1
grid_10309,1
grid_10310,1
grid_10311,1
grid_10312,1
grid_10313,1
grid_10314,1
grid_10315,1
grid_10316,1
grid_10317,1
grid_10318,1
grid_10319,1
grid_10320,1
grid_10321,1
grid_10322,1
grid_10323,1
grid_10324,1
grid_10325,1
grid_10326,1
grid_10327,1
grid_10328,1
grid_10329,1
grid_10330,1
grid_10331,1
grid_10332,1
grid_10333,1
grid_10334,1
grid_10335,1
grid_10336,1
grid_10337,1
grid_10338,1
grid_10339,1
grid_10340,1
grid_10341,1
grid_10342,1
grid_10343,1
grid_10344,1
grid_10345,1
grid_10346,1
grid_10347,1
grid_10348,1
grid_10349,1
grid_10350,1
grid_10351,1
grid_10352,1
grid_10353,1
grid_10354,1
grid_10355,1
grid_10356,1
grid_10357,1
grid_10358,1
grid_10359,1
grid_10360,1
grid_10361,1
grid_10362,1
grid_10363,1
grid_10364,1
grid_10365,1
grid_10366,1
grid_10367,1
grid_10368,1
grid_10369,1
grid_10370,0
grid_10371,1
grid_10372,1
grid_10373,1
grid_10374,1
grid_10375,1
grid_10376,1
grid_10377,1
grid_10378,1
grid_10379,1
grid_10380,1
grid_10381,1
grid_10382,1
grid_10383,1
grid_10384,1
grid_10385,1
grid_10386,1
grid_10387,1
grid_10388,1
grid_10389,1
grid_10390,1
grid_10391,1
grid_10392,1
grid_10393,1
grid_10394,1
grid_10395,1
grid_10396,1
grid_10397,1
grid_10398,1
grid_10399,0
grid_10400,1
grid_10401,1
grid_10402,1
grid_10403,1
grid_10404,0
grid_10405,1
grid_10406,1
grid_10407,1
grid_10408,0
grid_10409,1
grid_10410,1
grid_10411,1
grid_10412,1
grid_10413,1
grid_10414,1
grid_10415,1
grid_10416,1
grid_10417,1
grid_10418,1
grid_10419,1
grid_10420,1
grid_10421,1
grid_10422,1
grid_10423,0
grid_10424,1
grid_10425,1
grid_10426,1
grid_10427,1
grid_10428,0
grid_10429,1
grid_10430,1
grid_10431,1
grid_10432,1
grid_10433,1
grid_10434,1
grid_10435,1
grid_10436,1
grid_10437,1
grid_10438,1
grid_10439,0
grid_10440,0
grid_10441,1
grid_10442,0
grid_10443,1
grid_10444,0
grid_10445,0
grid_10446,1
grid_10447,1
grid_10448,0
grid_10449,0
grid_10450,0
grid_10451,0
grid_10452,0
grid_10453,0
grid_10454,0
grid_10455,0
grid_10456,0
grid_10457,0
grid_10458,0
grid_10459,1
grid_10460,0
grid_10461,0
grid_10462,0
grid_10463,0
grid_10464,0
grid_10465,0
grid_10466,0
grid_10467,0
grid_10468,0
grid_10469,0
grid_10470,0
grid_10471,0
grid_10472,0
grid_10473,0
grid_10474,0
grid_10475,0
grid_10476,0
grid_10477,0
grid_10478,0
grid_10479,0
grid_10480,0
grid_10481,0
grid_10482,0
grid_10483,0
grid_10484,0
grid_10485,0
grid_10486,0
grid_10487,0
grid_10488,0
grid_10489,0
grid_10490,0
grid_10491,0
grid_10492,0
grid_10493,0
grid_10494,0
grid_10495,0
grid_10496,0
grid_10497,0
grid_10498,0
grid_10499,0
grid_10500,0
grid_10501,0
grid_10502,0
grid_10503,0
grid_10504,0
grid_10505,0
grid_10506,0
grid_10507,0
grid_10508,0
grid_10509,0
grid_10510,0
grid_10511,0
grid_10512,0
grid_10513,1
grid_10514,0
grid_10515,1
grid_10516,1
grid_10517,1
grid_10518,1
grid_10519,1
grid_10520,1
grid_10521,1
grid_10522,1
grid_10523,1
grid_10524,1
grid_10525,1
grid_10526,1
grid_10527,1
grid_10528,1
grid_10529,1
grid_10530,1
grid_10531,1
grid_10532,1
grid_10533,1
grid_10534,1
grid_10535,1
grid_10536,1
grid_10537,1
grid_10538,1
grid_10539,1
grid_10540,1
grid_10541,1
grid_10542,1
grid_10543,1
grid_10544,1
grid_10545,1
grid_10546,1
grid_10547,1
grid_10548,1
grid_10549,1
grid_10550,1
grid_10551,1
grid_10552,1
grid_10553,1
grid_10554,1
grid_10555,1
grid_10556,1
grid_10557,1
grid_10558,1
grid_10559,1
grid_10560,1
grid_10561,1
grid_10562,1
grid_10563,1
grid_10564,1
grid_10565,1
grid_10566,1
grid_10567,1
grid_10568,1
grid_10569,1
grid_10570,1
grid_10571,1
grid_10572,1
grid_10573,1
grid_10574,1
grid_10575,1
grid_10576,1
grid_10577,1
grid_10578,1
grid_10579,1
grid_10580,1
grid_10581,1
grid_10582,1
grid_10583,1
grid_10584,1
grid_10585,1
grid_10586,1
grid_10587,1
grid_10588,1
grid_10589,1
grid_10590,1
grid_10591,1
grid_10592,1
grid_10593,1
grid_10594,1
grid_10595,1
grid_10596,1
grid_10597,1
grid_10598,1
grid_10599,1
grid_10600,1
grid_10601,1
grid_10602,1
grid_10603,1
grid_10604,1
grid_10605,1
grid_10606,1
grid_10607,1
grid_10608,1
grid_10609,1
grid_10610,1
grid_10611,1
grid_10612,1
grid_10613,1
grid_10614,1
grid_10615,1
grid_10616,1
grid_10617,1
grid_10618,1
grid_10619,1
grid_10620,1
grid_10621,1
grid_10622,1
grid_10623,1
grid_10624,1
grid_10625,1
grid_10626,1
grid_10627,1
grid_10628,1
grid_10629,1
grid_10630,1
grid_10631,1
grid_10632,1
grid_10633,1
grid_10634,1
grid_10635,1
grid_10636,1
grid_10637,1
grid_10638,1
grid_10639,1
grid_10640,1
grid_10641,1
grid_10642,1
grid_10643,1
grid_10644,1
grid_10645,1
grid_10646,0
grid_10647,1
grid_10648,1
grid_10649,1
grid_10650,1
grid_10651,1
grid_10652,1
grid_10653,1
grid_10654,1
grid_10655,1
grid_10656,1
grid_10657,1
grid_10658,1
grid_10659,1
grid_10660,1
grid_10661,0
grid_10662,0
grid_10663,0
grid_10664,0
grid_10665,1
grid_10666,1
grid_10667,1
grid_10668,0
grid_10669,0
grid_10670,0
grid_10671,0
grid_10672,0
grid_10673,0
grid_10674,0
grid_10675,0
grid_10676,0
grid_10677,0
grid_10678,0
grid_10679,1
grid_10680,0
grid_10681,1
grid_10682,1
grid_10683,1
grid_10684,0
grid_10685,0
grid_10686,1
grid_10687,1
grid_10688,1
grid_10689,1
grid_10690,1
grid_10691,1
grid_10692,1
grid_10693,1
grid_10694,1
grid_10695,0
grid_10696,0
grid_10697,0
grid_10698,0
grid_10699,0
grid_10700,0
grid_10701,0
grid_10702,0
grid_10703,0
grid_10704,0
grid_10705,0
grid_10706,0
grid_10707,0
grid_10708,1
grid_10709,1
grid_10710,1
grid_10711,1
grid_10712,1
grid_10713,1
grid_10714,1
grid_10715,1
grid_10716,1
grid_10717,1
grid_10718,1
grid_10719,1
grid_10720,1
grid_10721,1
grid_10722,1
grid_10723,1
grid_10724,1
grid_10725,1
grid_10726,1
grid_10727,1
grid_10728,1
grid_10729,1
grid_10730,1
grid_10731,1
grid_10732,1
grid_10733,1
grid_10734,1
grid_10735,1
grid_10736,1
grid_10737,1
grid_10738,1
grid_10739,1
grid_10740,1
grid_10741,1
grid_10742,1
grid_10743,1
grid_10744,1
grid_10745,1
grid_10746,1
grid_10747,1
grid_10748,1
grid_10749,1
grid_10750,1
grid_10751,1
grid_10752,1
grid_10753,1
grid_10754,1
grid_10755,1
grid_10756,0
grid_10757,1
grid_10758,1
grid_10759,1
grid_10760,1
grid_10761,1
grid_10762,1
grid_10763,1
grid_10764,1
grid_10765,1
grid_10766,1
grid_10767,1
grid_10768,1
grid_10769,1
grid_10770,1
grid_10771,1
grid_10772,1
grid_10773,1
grid_10774,1
grid_10775,1
grid_10776,1
grid_10777,1
grid_10778,1
grid_10779,1
grid_10780,1
grid_10781,1
grid_10782,1
grid_10783,1
grid_10784,1
grid_10785,1
grid_10786,1
grid_10787,1
grid_10788,1
grid_10789,1
grid_10790,0
grid_10791,1
grid_10792,0
grid_10793,1
grid_10794,1
grid_10795,1
grid_10796,1
grid_10797,1
grid_10798,0
grid_10799,1
grid_10800,1
grid_10801,1
grid_10802,1
grid_10803,1
grid_10804,1
grid_10805,1
grid_10806,1
grid_10807,1
grid_10808,0
grid_10809,0
grid_10810,1
grid_10811,1
grid_10812,1
grid_10813,1
grid_10814,1
grid_10815,1
grid_10816,1
grid_10817,1
grid_10818,1
grid_10819,1
grid_10820,1
grid_10821,1
grid_10822,1
grid_10823,1
grid_10824,1
grid_10825,1
grid_10826,1
grid_10827,1
grid_10828,1
grid_10829,1
grid_10830,1
grid_10831,1
grid_10832,1
grid_10833,0
grid_10834,1
grid_10835,1
grid_10836,1
grid_10837,1
grid_10838,1
grid_10839,1
grid_10840,1
grid_10841,1
grid_10842,1
grid_10843,1
grid_10844,1
grid_10845,1
grid_10846,1
grid_10847,1
grid_10848,1
grid_10849,0
grid_10850,1
grid_10851,0
grid_10852,1
grid_10853,1
grid_10854,1
grid_10855,1
grid_10856,1
grid_10857,1
grid_10858,1
grid_10859,1
grid_10860,1
grid_10861,1
grid_10862,1
grid_10863,1
grid_10864,1
grid_10865,1
grid_10866,1
grid_10867,1
grid_10868,1
grid_10869,1
grid_10870,1
grid_10871,1
grid_10872,1
grid_10873,1
grid_10874,1
grid_10875,1
grid_10876,1
grid_10877,1
grid_10878,1
grid_10879,1
grid_10880,1
grid_10881,1
grid_10882,1
grid_10883,1
grid_10884,1
grid_10885,1
grid_10886,1
grid_10887,1
grid_10888,1
grid_10889,1
grid_10890,1
grid_10891,1
grid_10892,1
grid_10893,1
grid_10894,1
grid_10895,1
grid_10896,0
grid_10897,1
grid_10898,1
grid_10899,1
grid_10900,1
grid_10901,1
grid_10902,1
grid_10903,1
grid_10904,1
grid_10905,1
grid_10906,1
grid_10907,1
grid_10908,1
grid_10909,1
grid_10910,1
grid_10911,1
grid_10912,1
grid_10913,1
grid_10914,1
grid_10915,1
grid_10916,1
grid_10917,1
grid_10918,1
grid_10919,1
grid_10920,1
grid_10921,1
grid_10922,1
grid_10923,1
grid_10924,1
grid_10925,1
grid_10926,1
grid_10927,1
grid_10928,1
grid_10929,1
grid_10930,1
grid_10931,1
grid_10932,1
grid_10933,1
grid_10934,1
grid_10935,1
grid_10936,1
grid_10937,1
grid_10938,0
grid_10939,1
grid_10940,1
grid_10941,1
grid_10942,1
grid_10943,1
grid_10944,1
grid_10945,1
grid_10946,1
grid_10947,1
grid_10948,1
grid_10949,1
grid_10950,1
grid_10951,1
grid_10952,1
grid_10953,1
grid_10954,1
grid_10955,1
grid_10956,1
grid_10957,1
grid_10958,1
grid_10959,1
grid_10960,1
grid_10961,1
grid_10962,1
grid_10963,1
grid_10964,1
grid_10965,1
grid_10966,1
grid_10967,1
grid_10968,1
grid_10969,1
grid_10970,1
grid_10971,1
grid_10972,1
grid_10973,1
grid_10974,1
grid_10975,1
grid_10976,1
grid_10977,1
grid_10978,1
grid_10979,1
grid_10980,1
grid_10981,1
grid_10982,1
grid_10983,1
grid_10984,1
grid_10985,1
grid_10986,1
grid_10987,1
grid_10988,1
grid_10989,1
grid_10990,1
grid_10991,1
grid_10992,1
grid_10993,1
grid_10994,1
grid_10995,1
grid_10996,1
grid_10997,1
grid_10998,1
grid_10999,1
grid_11000,1
grid_11001,1
grid_11002,1
grid_11003,1
grid_11004,1
grid_11005,1
grid_11006,1
grid_11007,1
grid_11008,0
grid_11009,0
grid_11010,0
grid_11011,0
grid_11012,1
grid_11013,1
grid_11014,1
grid_11015,1
grid_11016,0
grid_11017,1
grid_11018,1
grid_11019,1
grid_11020,0
grid_11021,0
grid_11022,1
grid_11023,0
grid_11024,0
grid_11025,0
grid_11026,1
grid_11027,0
grid_11028,0
grid_11029,0
grid_11030,0
grid_11031,0
grid_11032,0
grid_11033,0
grid_11034,0
grid_11035,0
grid_11036,1
grid_11037,0
grid_11038,0
grid_11039,0
grid_11040,0
grid_11041,0
grid_11042,0
grid_11043,0
grid_11044,0
grid_11045,0
grid_11046,1
grid_11047,0
grid_11048,0
grid_11049,0
grid_11050,0
grid_11051,0
grid_11052,1
grid_11053,0
grid_11054,1
grid_11055,1
grid_11056,1
grid_11057,1
grid_11058,1
grid_11059,1
grid_11060,1
grid_11061,1
grid_11062,1
grid_11063,1
grid_11064,1
grid_11065,0
grid_11066,1
grid_11067,1
grid_11068,1
grid_11069,0
grid_11070,1
grid_11071,0
grid_11072,0
grid_11073,1
grid_11074,0
grid_11075,1
grid_11076,1
grid_11077,1
grid_11078,1
grid_11079,0
grid_11080,0
grid_11081,1
grid_11082,0
grid_11083,1
grid_11084,0
grid_11085,0
grid_11086,1
grid_11087,0
grid_11088,0
grid_11089,0
grid_11090,0
grid_11091,1
grid_11092,1
grid_11093,1
grid_11094,1
grid_11095,1
grid_11096,1
grid_11097,1
grid_11098,1
grid_11099,1
grid_11100,1
grid_11101,1
grid_11102,1
grid_11103,1
grid_11104,1
grid_11105,1
grid_11106,1
grid_11107,1
grid_11108,1
grid_11109,1
grid_11110,1
grid_11111,1
grid_11112,1
grid_11113,1
grid_11114,1
grid_11115,1
grid_11116,1
grid_11117,1
grid_11118,1
grid_11119,1
grid_11120,1
grid_11121,1
grid_11122,1
grid_11123,1
grid_11124,1
grid_11125,1
grid_11126,1
grid_11127,1
grid_11128,0
grid_11129,1
grid_11130,0
grid_11131,1
grid_11132,1
grid_11133,1
grid_11134,1
grid_11135,1
grid_11136,1
grid_11137,1
grid_11138,1
grid_11139,1
grid_11140,1
grid_11141,1
grid_11142,1
grid_11143,1
grid_11144,1
grid_11145,1
grid_11146,0
grid_11147,1
grid_11148,1
grid_11149,1
grid_11150,1
grid_11151,1
grid_11152,1
grid_11153,1
grid_11154,1
grid_11155,1
grid_11156,1
grid_11157,1
grid_11158,1
grid_11159,1
grid_11160,1
grid_11161,1
grid_11162,1
grid_11163,1
grid_11164,1
grid_11165,1
grid_11166,1
grid_11167,1
grid_11168,1
grid_11169,1
grid_11170,1
grid_11171,1
grid_11172,1
grid_11173,1
grid_11174,1
grid_11175,1
grid_11176,1
grid_11177,1
grid_11178,0
grid_11179,1
grid_11180,1
grid_11181,1
grid_11182,1
grid_11183,1
grid_11184,1
grid_11185,1
grid_11186,0
grid_11187,1
grid_11188,1
grid_11189,1
grid_11190,1
grid_11191,1
grid_11192,1
grid_11193,1
grid_11194,1
grid_11195,1
grid_11196,1
grid_11197,1
grid_11198,1
grid_11199,1
grid_11200,1
grid_11201,1
grid_11202,1
grid_11203,1
grid_11204,1
grid_11205,1
grid_11206,1
grid_11207,1
grid_11208,1
grid_11209,1
grid_11210,1
grid_11211,1
grid_11212,1
grid_11213,1
grid_11214,1
grid_11215,1
grid_11216,1
grid_11217,1
grid_11218,1
grid_11219,1
grid_11220,1
grid_11221,1
grid_11222,1
grid_11223,1
grid_11224,1
grid_11225,1
grid_11226,1
grid_11227,1
grid_11228,1
grid_11229,1
grid_11230,1
grid_11231,1
grid_11232,1
grid_11233,1
grid_11234,1
grid_11235,1
grid_11236,1
grid_11237,1
grid_11238,1
grid_11239,1
grid_11240,1
grid_11241,1
grid_11242,1
grid_11243,1
grid_11244,1
grid_11245,1
grid_11246,1
grid_11247,1
grid_11248,0
grid_11249,1
grid_11250,1
grid_11251,1
grid_11252,1
grid_11253,1
grid_11254,1
grid_11255,1
grid_11256,1
grid_11257,1
grid_11258,1
grid_11259,1
grid_11260,1
grid_11261,1
grid_11262,1
grid_11263,1
grid_11264,1
grid_11265,1
grid_11266,1
grid_11267,1
grid_11268,1
grid_11269,1
grid_11270,1
grid_11271,1
grid_11272,1
grid_11273,1
grid_11274,1
grid_11275,1
grid_11276,1
grid_11277,1
grid_11278,1
grid_11279,1
grid_11280,1
grid_11281,1
grid_11282,1
grid_11283,1
grid_11284,1
grid_11285,1
grid_11286,1
grid_11287,1
grid_11288,1
grid_11289,1
grid_11290,1
grid_11291,1
grid_11292,1
grid_11293,1
grid_11294,1
grid_11295,1
grid_11296,1
grid_11297,1
grid_11298,1
grid_11299,1
grid_11300,1
grid_11301,1
grid_11302,1
grid_11303,1
grid_11304,1
grid_11305,1
grid_11306,1
grid_11307,1
grid_11308,1
grid_11309,1
grid_11310,1
grid_11311,1
grid_11312,1
grid_11313,1
grid_11314,1
grid_11315,1
grid_11316,1
grid_11317,1
grid_11318,1
grid_11319,1
grid_11320,1
grid_11321,1
grid_11322,1
grid_11323,1
grid_11324,1
grid_11325,1
grid_11326,1
grid_11327,1
grid_11328,1
grid_11329,1
grid_11330,1
grid_11331,1
grid_11332,1
grid_11333,1
grid_11334,1
grid_11335,1
grid_11336,1
grid_11337,1
grid_11338,1
grid_11339,1
grid_11340,1
grid_11341,1
grid_11342,1
grid_11343,1
grid_11344,1
grid_11345,1
grid_11346,1
grid_11347,1
grid_11348,1
grid_11349,1
grid_11350,1
grid_11351,1
grid_11352,1
grid_11353,1
grid_11354,1
grid_11355,1
grid_11356,1
grid_11357,1
grid_11358,1
grid_11359,1
grid_11360,1
grid_11361,1
grid_11362,1
grid_11363,1
grid_11364,1
grid_11365,1
grid_11366,1
grid_11367,1
grid_11368,1
grid_11369,1
grid_11370,1
grid_11371,1
grid_11372,1
grid_11373,1
grid_11374,1
grid_11375,1
grid_11376,1
grid_11377,1
grid_11378,1
grid_11379,1
grid_11380,1
grid_11381,1
grid_11382,1
grid_11383,1
grid_11384,1
grid_11385,1
grid_11386,1
grid_11387,1
grid_11388,1
grid_11389,1
grid_11390,1
grid_11391,1
grid_11392,1
grid_11393,1
grid_11394,1
grid_11395,1
grid_11396,1
grid_11397,1
grid_11398,1
grid_11399,1
grid_11400,1
grid_11401,1
grid_11402,1
grid_11403,1
grid_11404,1
grid_11405,1
grid_11406,1
grid_11407,1
grid_11408,1
grid_11409,1
grid_11410,1
grid_11411,1
grid_11412,1
grid_11413,1
grid_11414,1
grid_11415,1
grid_11416,1
grid_11417,1
grid_11418,0
grid_11419,1
grid_11420,0
grid_11421,1
grid_11422,1
grid_11423,1
grid_11424,1
grid_11425,0
grid_11426,1
grid_11427,1
grid_11428,1
grid_11429,1
grid_11430,1
grid_11431,1
grid_11432,1
grid_11433,1
grid_11434,1
grid_11435,1
grid_11436,1
grid_11437,1
grid_11438,1
grid_11439,1
grid_11440,1
grid_11441,1
grid_11442,1
grid_11443,1
grid_11444,1
grid_11445,1
grid_11446,1
grid_11447,1
grid_11448,1
grid_11449,1
grid_11450,1
grid_11451,1
grid_11452,1
grid_11453,0
grid_11454,1
grid_11455,1
grid_11456,1
grid_11457,1
grid_11458,1
grid_11459,1
grid_11460,1
grid_11461,1
grid_11462,1
grid_11463,1
grid_11464,0
grid_11465,1
grid_11466,1
grid_11467,1
grid_11468,1
grid_11469,1
grid_11470,1
grid_11471,1
grid_11472,1
grid_11473,1
grid_11474,1
grid_11475,1
grid_11476,1
grid_11477,1
grid_11478,1
grid_11479,1
grid_11480,1
grid_11481,1
grid_11482,1
grid_11483,1
grid_11484,1
grid_11485,1
grid_11486,1
grid_11487,1
grid_11488,1
grid_11489,1
grid_11490,1
grid_11491,1
grid_11492,1
grid_11493,1
grid_11494,1
grid_11495,1
grid_11496,1
grid_11497,1
grid_11498,1
grid_11499,1
grid_11500,1
grid_11501,1
grid_11502,0
grid_11503,1
grid_11504,1
grid_11505,1
grid_11506,1
grid_11507,1
grid_11508,1
grid_11509,1
grid_11510,1
grid_11511,1
grid_11512,1
grid_11513,1
grid_11514,1
grid_11515,1
grid_11516,1
grid_11517,1
grid_11518,1
grid_11519,1
grid_11520,1
grid_11521,1
grid_11522,1
grid_11523,1
grid_11524,1
grid_11525,1
grid_11526,1
grid_11527,1
grid_11528,1
grid_11529,1
grid_11530,1
grid_11531,1
grid_11532,1
grid_11533,1
grid_11534,1
grid_11535,1
grid_11536,1
grid_11537,1
grid_11538,1
grid_11539,1
grid_11540,1
grid_11541,1
grid_11542,1
grid_11543,1
grid_11544,1
grid_11545,1
grid_11546,1
grid_11547,1
grid_11548,1
grid_11549,1
grid_11550,1
grid_11551,1
grid_11552,1
grid_11553,1
grid_11554,1
grid_11555,1
grid_11556,1
grid_11557,1
grid_11558,1
grid_11559,1
grid_11560,1
grid_11561,1
grid_11562,1
grid_11563,1
grid_11564,1
grid_11565,1
grid_11566,1
grid_11567,1
grid_11568,1
grid_11569,1
grid_11570,1
grid_11571,1
grid_11572,1
grid_11573,1
grid_11574,1
grid_11575,1
grid_11576,1
grid_11577,1
grid_11578,1
grid_11579,1
grid_11580,1
grid_11581,1
grid_11582,1
grid_11583,1
grid_11584,1
grid_11585,1
grid_11586,1
grid_11587,1
grid_11588,1
grid_11589,1
grid_11590,1
grid_11591,1
grid_11592,1
grid_11593,1
grid_11594,1
grid_11595,1
grid_11596,1
grid_11597,1
grid_11598,1
grid_11599,1
grid_11600,1
grid_11601,1
grid_11602,1
grid_11603,1
grid_11604,1
grid_11605,1
grid_11606,1
grid_11607,1
grid_11608,1
grid_11609,1
grid_11610,1
grid_11611,1
grid_11612,1
grid_11613,1
grid_11614,1
grid_11615,1
grid_11616,1
grid_11617,1
grid_11618,1
grid_11619,1
grid_11620,1
grid_11621,1
grid_11622,1
grid_11623,1
grid_11624,1
grid_11625,1
grid_11626,1
grid_11627,1
grid_11628,1
grid_11629,1
grid_11630,1
grid_11631,1
grid_11632,1
grid_11633,1
grid_11634,1
grid_11635,1
grid_11636,1
grid_11637,1
grid_11638,1
grid_11639,1
grid_11640,1
grid_11641,1
grid_11642,1
grid_11643,1
grid_11644,1
grid_11645,1
grid_11646,1
grid_11647,1
grid_11648,1
grid_11649,1
grid_11650,1
grid_11651,1
grid_11652,1
grid_11653,1
grid_11654,1
grid_11655,1
grid_11656,1
grid_11657,1
grid_11658,1
grid_11659,1
grid_11660,1
grid_11661,1
grid_11662,1
grid_11663,1
grid_11664,1
grid_11665,1
grid_11666,1
grid_11667,1
grid_11668,1
grid_11669,1
grid_11670,1
grid_11671,1
grid_11672,1
grid_11673,1
grid_11674,1
grid_11675,1
grid_11676,1
grid_11677,1
grid_11678,1
grid_11679,1
grid_11680,1
grid_11681,1
grid_11682,1
grid_11683,1
grid_11684,1
grid_11685,1
grid_11686,1
grid_11687,1
grid_11688,1
grid_11689,1
grid_11690,1
grid_11691,1
grid_11692,1
grid_11693,1
grid_11694,1
grid_11695,1
grid_11696,1
grid_11697,1
grid_11698,1
grid_11699,1
grid_11700,1
grid_11701,1
grid_11702,1
grid_11703,1
grid_11704,1
grid_11705,1
grid_11706,1
grid_11707,1
grid_11708,1
grid_11709,1
grid_11710,1
grid_11711,1
grid_11712,1
grid_11713,1
grid_11714,1
grid_11715,1
grid_11716,1
grid_11717,1
grid_11718,1
grid_11719,1
grid_11720,1
grid_11721,1
grid_11722,1
grid_11723,1
grid_11724,1
grid_11725,1
grid_11726,1
grid_11727,1
grid_11728,1
grid_11729,1
grid_11730,1
grid_11731,1
grid_11732,1
grid_11733,1
grid_11734,1
grid_11735,1
grid_11736,1
grid_11737,1
grid_11738,1
grid_11739,1
grid_11740,1
grid_11741,1
grid_11742,1
grid_11743,1
grid_11744,1
grid_11745,1
grid_11746,1
grid_11747,1
grid_11748,1
grid_11749,1
grid_11750,1
grid_11751,1
grid_11752,1
grid_11753,1
grid_11754,1
grid_11755,1
grid_11756,1
grid_11757,1
grid_11758,1
grid_11759,1
grid_11760,1
grid_11761,1
grid_11762,1
grid_11763,1
grid_11764,1
grid_11765,1
grid_11766,1
grid_11767,1
grid_11768,1
grid_11769,1
grid_11770,1
grid_11771,1
grid_11772,1
grid_11773,1
grid_11774,1
grid_11775,1
grid_11776,1
grid_11777,1
grid_11778,1
grid_11779,1
grid_11780,1
grid_11781,1
grid_11782,1
grid_11783,1
grid_11784,1
grid_11785,1
grid_11786,1
grid_11787,1
grid_11788,1
grid_11789,1
grid_11790,1
grid_11791,1
grid_11792,1
grid_11793,1
grid_11794,1
grid_11795,1
grid_11796,1
grid_11797,1
grid_11798,1
grid_11799,1
grid_11800,1
grid_11801,1
grid_11802,1
grid_11803,1
grid_11804,1
grid_11805,1
grid_11806,1
grid_11807,1
grid_11808,1
grid_11809,1
grid_11810,1
grid_11811,1
grid_11812,1
grid_11813,1
grid_11814,1
grid_11815,1
grid_11816,1
grid_11817,1
grid_11818,1
grid_11819,1
grid_11820,1
grid_11821,1
grid_11822,1
grid_11823,1
grid_11824,1
grid_11825,1
grid_11826,1
grid_11827,0
grid_11828,1
grid_11829,1
grid_11830,1
grid_11831,0
grid_11832,1
grid_11833,0
grid_11834,1
grid_11835,1
grid_11836,0
grid_11837,0
grid_11838,1
grid_11839,1
grid_11840,1
grid_11841,1
grid_11842,1
grid_11843,1
grid_11844,1
grid_11845,1
grid_11846,1
grid_11847,1
grid_11848,1
grid_11849,0
grid_11850,0
grid_11851,1
grid_11852,0
grid_11853,1
grid_11854,1
grid_11855,1
grid_11856,1
grid_11857,1
grid_11858,1
grid_11859,1
grid_11860,1
grid_11861,1
grid_11862,1
grid_11863,1
grid_11864,1
grid_11865,1
grid_11866,1
grid_11867,1
grid_11868,1
grid_11869,1
grid_11870,1
grid_11871,1
grid_11872,1
grid_11873,1
grid_11874,0
grid_11875,1
grid_11876,1
grid_11877,1
grid_11878,1
grid_11879,0
grid_11880,1
grid_11881,1
grid_11882,1
grid_11883,1
grid_11884,0
grid_11885,1
grid_11886,1
grid_11887,1
grid_11888,1
grid_11889,1
grid_11890,1
grid_11891,1
grid_11892,1
grid_11893,1
grid_11894,1
grid_11895,1
grid_11896,1
grid_11897,1
grid_11898,1
grid_11899,1
grid_11900,1
grid_11901,1
grid_11902,1
grid_11903,1
grid_11904,1
grid_11905,1
grid_11906,1
grid_11907,1
grid_11908,1
grid_11909,1
grid_11910,1
grid_11911,1
grid_11912,1
grid_11913,1
grid_11914,1
grid_11915,1
grid_11916,1
grid_11917,1
grid_11918,1
grid_11919,1
grid_11920,1
grid_11921,1
grid_11922,1
grid_11923,1
grid_11924,1
grid_11925,1
grid_11926,1
grid_11927,1
grid_11928,1
grid_11929,1
grid_11930,1
grid_11931,1
grid_11932,1
grid_11933,1
grid_11934,1
grid_11935,1
grid_11936,1
grid_11937,1
grid_11938,1
grid_11939,1
grid_11940,1
grid_11941,1
grid_11942,1
grid_11943,1
grid_11944,1
grid_11945,1
grid_11946,1
grid_11947,1
grid_11948,1
grid_11949,1
grid_11950,1
grid_11951,1
grid_11952,1
grid_11953,1
grid_11954,1
grid_11955,1
grid_11956,1
grid_11957,1
grid_11958,1
grid_11959,1
grid_11960,1
grid_11961,1
grid_11962,1
grid_11963,1
grid_11964,1
grid_11965,1
grid_11966,1
grid_11967,1
grid_11968,1
grid_11969,1
grid_11970,1
grid_11971,1
grid_11972,1
grid_11973,1
grid_11974,1
grid_11975,1
grid_11976,1
grid_11977,1
grid_11978,1
grid_11979,1
grid_11980,1
grid_11981,1
grid_11982,1
grid_11983,1
grid_11984,1
grid_11985,1
grid_11986,1
grid_11987,1
grid_11988,1
grid_11989,1
grid_11990,1
grid_11991,1
grid_11992,1
grid_11993,1
grid_11994,1
grid_11995,1
grid_11996,1
grid_11997,1
grid_11998,1
grid_11999,1
grid_12000,1
grid_12001,1
grid_12002,1
grid_12003,1
grid_12004,1
grid_12005,1
grid_12006,1
grid_12007,1
grid_12008,1
grid_12009,1
grid_12010,1
grid_12011,1
grid_12012,1
grid_12013,1
grid_12014,1
grid_12015,1
grid_12016,1
grid_12017,1
grid_12018,1
grid_12019,1
grid_12020,1
grid_12021,1
grid_12022,1
grid_12023,1
grid_12024,1
grid_12025,1
grid_12026,1
grid_12027,1
grid_12028,1
grid_12029,1
grid_12030,1
grid_12031,1
grid_12032,1
grid_12033,1
grid_12034,1
grid_12035,1
grid_12036,1
grid_12037,1
grid_12038,0
grid_12039,1
grid_12040,1
grid_12041,1
grid_12042,1
grid_12043,1
grid_12044,1
grid_12045,1
grid_12046,1
grid_12047,1
grid_12048,1
grid_12049,1
grid_12050,1
grid_12051,1
grid_12052,1
grid_12053,1
grid_12054,1
grid_12055,1
grid_12056,1
grid_12057,1
grid_12058,1
grid_12059,1
grid_12060,0
grid_12061,1
grid_12062,1
grid_12063,0
grid_12064,1
grid_12065,1
grid_12066,1
grid_12067,1
grid_12068,1
grid_12069,1
grid_12070,1
grid_12071,1
grid_12072,1
grid_12073,1
grid_12074,1
grid_12075,1
grid_12076,1
grid_12077,1
grid_12078,1
grid_12079,1
grid_12080,1
grid_12081,1
grid_12082,1
grid_12083,1
grid_12084,1
grid_12085,1
grid_12086,0
grid_12087,1
grid_12088,1
grid_12089,1
grid_12090,1
grid_12091,1
grid_12092,1
grid_12093,1
grid_12094,0
grid_12095,1
grid_12096,1
grid_12097,1
grid_12098,1
grid_12099,1
grid_12100,1
grid_12101,1
grid_12102,1
grid_12103,1
grid_12104,1
grid_12105,1
grid_12106,1
grid_12107,1
grid_12108,1
grid_12109,1
grid_12110,1
grid_12111,1
grid_12112,1
grid_12113,1
grid_12114,1
grid_12115,1
grid_12116,1
grid_12117,1
grid_12118,1
grid_12119,1
grid_12120,1
grid_12121,1
grid_12122,1
grid_12123,1
grid_12124,1
grid_12125,1
grid_12126,1
grid_12127,1
grid_12128,1
grid_12129,1
grid_12130,1
grid_12131,1
grid_12132,1
grid_12133,1
grid_12134,1
grid_12135,1
grid_12136,1
grid_12137,1
grid_12138,1
grid_12139,1
grid_12140,1
grid_12141,1
grid_12142,1
grid_12143,1
grid_12144,1
grid_12145,1
grid_12146,1
grid_12147,1
grid_12148,1
grid_12149,1
grid_12150,1
grid_12151,1
grid_12152,1
grid_12153,1
grid_12154,1
grid_12155,1
grid_12156,1
grid_12157,1
grid_12158,1
grid_12159,1
grid_12160,1
grid_12161,1
grid_12162,1
grid_12163,1
grid_12164,1
grid_12165,1
grid_12166,1
grid_12167,1
grid_12168,1
grid_12169,1
grid_12170,1
grid_12171,1
grid_12172,1
grid_12173,1
grid_12174,1
grid_12175,1
grid_12176,1
grid_12177,1
grid_12178,1
grid_12179,1
grid_12180,1
grid_12181,1
grid_12182,1
grid_12183,1
grid_12184,1
grid_12185,1
grid_12186,1
grid_12187,1
grid_12188,1
grid_12189,1
grid_12190,1
grid_12191,1
grid_12192,1
grid_12193,1
grid_12194,1
grid_12195,1
grid_12196,1
grid_12197,1
grid_12198,1
grid_12199,1
grid_12200,1
grid_12201,1
grid_12202,1
grid_12203,1
grid_12204,1
grid_12205,1
grid_12206,1
grid_12207,1
grid_12208,1
grid_12209,1
grid_12210,1
grid_12211,1
grid_12212,1
grid_12213,1
grid_12214,1
grid_12215,1
grid_12216,1
grid_12217,1
grid_12218,1
grid_12219,1
grid_12220,1
grid_12221,1
grid_12222,1
grid_12223,1
grid_12224,1
grid_12225,1
grid_12226,1
grid_12227,1
grid_12228,1
grid_12229,1
grid_12230,1
grid_12231,1
grid_12232,1
grid_12233,1
grid_12234,1
grid_12235,1
grid_12236,1
grid_12237,1
grid_12238,1
grid_12239,1
grid_12240,1
grid_12241,1
grid_12242,1
grid_12243,1
grid_12244,1
grid_12245,1
grid_12246,1
grid_12247,1
grid_12248,1
grid_12249,1
grid_12250,1
grid_12251,1
grid_12252,1
grid_12253,1
grid_12254,1
grid_12255,1
grid_12256,1
grid_12257,1
grid_12258,1
grid_12259,1
grid_12260,1
grid_12261,1
grid_12262,1
grid_12263,1
grid_12264,1
grid_12265,1
grid_12266,1
grid_12267,1
grid_12268,1
grid_12269,1
grid_12270,1
grid_12271,1
grid_12272,1
grid_12273,1
grid_12274,1
grid_12275,1
grid_12276,1
grid_12277,1
grid_12278,1
grid_12279,1
grid_12280,1
grid_12281,1
grid_12282,1
grid_12283,1
grid_12284,1
grid_12285,1
grid_12286,1
grid_12287,1
grid_12288,1
grid_12289,1
grid_12290,1
grid_12291,1
grid_12292,1
grid_12293,1
grid_12294,1
grid_12295,1
grid_12296,1
grid_12297,1
grid_12298,1
grid_12299,1
grid_12300,1
grid_12301,1
grid_12302,1
grid_12303,1
grid_12304,1
grid_12305,1
grid_12306,1
grid_12307,1
grid_12308,1
grid_12309,1
grid_12310,1
grid_12311,1
grid_12312,1
grid_12313,1
grid_12314,1
grid_12315,1
grid_12316,1
grid_12317,1
grid_12318,1
grid_12319,1
grid_12320,1
grid_12321,1
grid_12322,1
grid_12323,1
grid_12324,1
grid_12325,1
grid_12326,1
grid_12327,1
grid_12328,1
grid_12329,1
grid_12330,1
grid_12331,1
grid_12332,1
grid_12333,1
grid_12334,1
grid_12335,1
grid_12336,1
grid_12337,1
grid_12338,1
grid_12339,1
grid_12340,1
grid_12341,1
grid_12342,1
grid_12343,1
grid_12344,1
grid_12345,1
grid_12346,1
grid_12347,1
grid_12348,1
grid_12349,1
grid_12350,1
grid_12351,1
grid_12352,1
grid_12353,1
grid_12354,1
grid_12355,1
grid_12356,1
grid_12357,1
grid_12358,1
grid_12359,1
grid_12360,1
grid_12361,1
grid_12362,1
grid_12363,1
grid_12364,1
grid_12365,1
grid_12366,1
grid_12367,1
grid_12368,1
grid_12369,1
grid_12370,1
grid_12371,1
grid_12372,1
grid_12373,1
grid_12374,1
grid_12375,1
grid_12376,1
grid_12377,1
grid_12378,1
grid_12379,1
grid_12380,1
grid_12381,1
grid_12382,1
grid_12383,1
grid_12384,1
grid_12385,1
grid_12386,1
grid_12387,1
grid_12388,1
grid_12389,1
grid_12390,1
grid_12391,1
grid_12392,1
grid_12393,1
grid_12394,1
grid_12395,1
grid_12396,1
grid_12397,1
grid_12398,1
grid_12399,1
grid_12400,1
grid_12401,1
grid_12402,1
grid_12403,1
grid_12404,1
grid_12405,1
grid_12406,1
grid_12407,1
grid_12408,1
grid_12409,1
grid_12410,1
grid_12411,1
grid_12412,1
grid_12413,1
grid_12414,1
grid_12415,1
grid_12416,1
grid_12417,1
grid_12418,1
grid_12419,1
grid_12420,1
grid_12421,1
grid_12422,1
grid_12423,1
grid_12424,1
grid_12425,1
grid_12426,1
grid_12427,1
grid_12428,1
grid_12429,1
grid_12430,1
grid_12431,1
grid_12432,1
grid_12433,1
grid_12434,1
grid_12435,1
grid_12436,1
grid_12437,1
grid_12438,1
grid_12439,1
grid_12440,1
grid_12441,1
grid_12442,1
grid_12443,1
grid_12444,1
grid_12445,1
grid_12446,1
grid_12447,1
grid_12448,1
grid_12449,1
grid_12450,1
grid_12451,1
grid_12452,1
grid_12453,1
grid_12454,1
grid_12455,1
grid_12456,1
grid_12457,1
grid_12458,1
grid_12459,1
grid_12460,1
grid_12461,1
grid_12462,1
grid_12463,1
grid_12464,1
grid_12465,1
grid_12466,1
grid_12467,1
grid_12468,1
grid_12469,1
grid_12470,1
grid_12471,1
grid_12472,1
grid_12473,1
grid_12474,1
grid_12475,1
grid_12476,1
grid_12477,1
grid_12478,1
grid_12479,1
grid_12480,1
grid_12481,1
grid_12482,1
grid_12483,1
grid_12484,1
grid_12485,1
grid_12486,1
grid_12487,1
grid_12488,1
grid_12489,1
grid_12490,1
grid_12491,1
grid_12492,1
grid_12493,1
grid_12494,1
grid_12495,1
grid_12496,1
grid_12497,1
grid_12498,1
grid_12499,1
grid_12500,1
grid_12501,1
grid_12502,1
grid_12503,1
grid_12504,1
grid_12505,1
grid_12506,1
grid_12507,1
grid_12508,1
grid_12509,1
grid_12510,1
grid_12511,1
grid_12512,1
grid_12513,1
grid_12514,1
grid_12515,1
grid_12516,1
grid_12517,1
grid_12518,1
grid_12519,1
grid_12520,1
grid_12521,1
grid_12522,1
grid_12523,1
grid_12524,1
grid_12525,1
grid_12526,1
grid_12527,1
grid_12528,1
grid_12529,1
grid_12530,1
grid_12531,1
grid_12532,1
grid_12533,1
grid_12534,1
grid_12535,1
grid_12536,1
grid_12537,1
grid_12538,1
grid_12539,1
grid_12540,1
grid_12541,1
grid_12542,1
grid_12543,1
grid_12544,1
grid_12545,1
grid_12546,1
grid_12547,1
grid_12548,1
grid_12549,1
grid_12550,1
grid_12551,1
grid_12552,1
grid_12553,1
grid_12554,1
grid_12555,1
grid_12556,1
grid_12557,1
grid_12558,1
grid_12559,1
grid_12560,1
grid_12561,1
grid_12562,1
grid_12563,1
grid_12564,1
grid_12565,1
grid_12566,1
grid_12567,1
grid_12568,1
grid_12569,1
grid_12570,1
grid_12571,1
grid_12572,1
grid_12573,1
grid_12574,1
grid_12575,1
grid_12576,1
grid_12577,1
grid_12578,1
grid_12579,1
grid_12580,1
grid_12581,1
grid_12582,1
grid_12583,1
grid_12584,1
grid_12585,1
grid_12586,1
grid_12587,1
grid_12588,1
grid_12589,1
grid_12590,1
grid_12591,1
grid_12592,1
grid_12593,1
grid_12594,1
grid_12595,1
grid_12596,1
grid_12597,1
grid_12598,1
grid_12599,1
grid_12600,1
grid_12601,1
grid_12602,1
grid_12603,1
grid_12604,1
grid_12605,1
grid_12606,1
grid_12607,1
grid_12608,1
grid_12609,1
grid_12610,1
grid_12611,1
grid_12612,1
grid_12613,1
grid_12614,1
grid_12615,1
grid_12616,1
grid_12617,1
grid_12618,1
grid_12619,1
grid_12620,1
grid_12621,1
grid_12622,1
grid_12623,1
grid_12624,1
grid_12625,1
grid_12626,1
grid_12627,1
grid_12628,1
grid_12629,1
grid_12630,1
grid_12631,1
grid_12632,1
grid_12633,1
grid_12634,1
grid_12635,1
grid_12636,1
grid_12637,1
grid_12638,1
grid_12639,1
grid_12640,1
grid_12641,1
grid_12642,1
grid_12643,1
grid_12644,1
grid_12645,1
grid_12646,1
grid_12647,1
grid_12648,1
grid_12649,1
grid_12650,1
grid_12651,1
grid_12652,1
grid_12653,1
grid_12654,1
grid_12655,1
grid_12656,1
grid_12657,1
grid_12658,1
grid_12659,1
grid_12660,1
grid_12661,1
grid_12662,1
grid_12663,1
grid_12664,1
grid_12665,1
grid_12666,1
grid_12667,1
grid_12668,1
grid_12669,1
grid_12670,1
grid_12671,1
grid_12672,1
grid_12673,1
grid_12674,1
grid_12675,1
grid_12676,1
grid_12677,1
grid_12678,1
grid_12679,1
grid_12680,1
grid_12681,1
grid_12682,1
grid_12683,1
grid_12684,1
grid_12685,1
grid_12686,1
grid_12687,1
grid_12688,1
grid_12689,1
grid_12690,1
grid_12691,1
grid_12692,1
grid_12693,1
grid_12694,1
grid_12695,1
grid_12696,1
grid_12697,1
grid_12698,1
grid_12699,1
grid_12700,1
grid_12701,1
grid_12702,1
grid_12703,1
grid_12704,1
grid_12705,1
grid_12706,1
grid_12707,1
grid_12708,1
grid_12709,1
grid_12710,1
grid_12711,1
grid_12712,1
grid_12713,1
grid_12714,1
grid_12715,1
grid_12716,1
grid_12717,1
grid_12718,1
grid_12719,1
grid_12720,1
grid_12721,1
grid_12722,1
grid_12723,1
grid_12724,1
grid_12725,1
grid_12726,1
grid_12727,1
grid_12728,1
grid_12729,1
grid_12730,1
grid_12731,1
grid_12732,1
grid_12733,1
grid_12734,1
grid_12735,1
grid_12736,1
grid_12737,1
grid_12738,1
grid_12739,1
grid_12740,1
grid_12741,1
grid_12742,1
grid_12743,1
grid_12744,1
grid_12745,1
grid_12746,1
grid_12747,1
grid_12748,1
grid_12749,1
grid_12750,1
grid_12751,1
grid_12752,1
grid_12753,1
grid_12754,1
grid_12755,1
grid_12756,1
grid_12757,1
grid_12758,1
grid_12759,1
grid_12760,1
grid_12761,1
grid_12762,1
grid_12763,1
grid_12764,1
grid_12765,1
grid_12766,1
grid_12767,1
grid_12768,1
grid_12769,1
grid_12770,1
grid_12771,1
grid_12772,1
grid_12773,1
grid_12774,1
grid_12775,1
grid_12776,1
grid_12777,1
grid_12778,1
grid_12779,1
grid_12780,1
grid_12781,1
grid_12782,1
grid_12783,1
grid_12784,1
grid_12785,1
grid_12786,1
grid_12787,1
grid_12788,1
grid_12789,1
grid_12790,1
grid_12791,1
grid_12792,1
grid_12793,1
grid_12794,1
grid_12795,1
grid_12796,1
grid_12797,1
grid_12798,1
grid_12799,1
grid_12800,1
grid_12801,1
grid_12802,1
grid_12803,1
grid_12804,1
grid_12805,1
grid_12806,1
grid_12807,1
grid_12808,1
grid_12809,1
grid_12810,1
grid_12811,1
grid_12812,1
grid_12813,1
grid_12814,1
grid_12815,1
grid_12816,1
grid_12817,1
grid_12818,1
grid_12819,1
grid_12820,1
grid_12821,1
grid_12822,1
grid_12823,1
grid_12824,1
grid_12825,1
grid_12826,1
grid_12827,1
grid_12828,1
grid_12829,1
grid_12830,1
grid_12831,1
grid_12832,1
grid_12833,1
grid_12834,1
grid_12835,1
grid_12836,1
grid_12837,1
grid_12838,1
grid_12839,1
grid_12840,1
grid_12841,1
grid_12842,1
grid_12843,1
grid_12844,1
grid_12845,1
grid_12846,1
grid_12847,1
grid_12848,1
grid_12849,1
grid_12850,1
grid_12851,1
grid_12852,1
grid_12853,1
grid_12854,1
grid_12855,1
grid_12856,1
grid_12857,1
grid_12858,1
grid_12859,1
grid_12860,1
grid_12861,1
grid_12862,1
grid_12863,1
grid_12864,1
grid_12865,1
grid_12866,1
grid_12867,1
grid_12868,1
grid_12869,1
grid_12870,1
grid_12871,1
grid_12872,1
grid_12873,1
grid_12874,1
grid_12875,1
grid_12876,1
grid_12877,1
grid_12878,1
grid_12879,1
grid_12880,1
grid_12881,1
grid_12882,1
grid_12883,1
grid_12884,1
grid_12885,1
grid_12886,1
grid_12887,1
grid_12888,1
grid_12889,1
grid_12890,1
grid_12891,1
grid_12892,1
grid_12893,1
grid_12894,1
grid_12895,1
grid_12896,1
grid_12897,1
grid_12898,1
grid_12899,1
grid_12900,1
grid_12901,1
grid_12902,1
grid_12903,1
grid_12904,1
grid_12905,1
grid_12906,1
grid_12907,1
grid_12908,1
grid_12909,1
grid_12910,1
grid_12911,1
grid_12912,1
grid_12913,1
grid_12914,1
grid_12915,1
grid_12916,1
grid_12917,1
grid_12918,1
grid_12919,1
grid_12920,1
grid_12921,1
grid_12922,1
grid_12923,1
grid_12924,1
grid_12925,1
grid_12926,1
grid_12927,1
grid_12928,1
grid_12929,1
grid_12930,1
grid_12931,1
grid_12932,1
grid_12933,1
grid_12934,1
grid_12935,1
grid_12936,1
grid_12937,1
grid_12938,1
grid_12939,1
grid_12940,1
grid_12941,1
grid_12942,1
grid_12943,1
grid_12944,1
grid_12945,1
grid_12946,1
grid_12947,1
grid_12948,1
grid_12949,1
grid_12950,1
grid_12951,1
grid_12952,1
grid_12953,1
grid_12954,1
grid_12955,1
grid_12956,1
grid_12957,1
grid_12958,1
grid_12959,1
grid_12960,1
grid_12961,1
grid_12962,1
grid_12963,1
grid_12964,1
grid_12965,1
grid_12966,1
grid_12967,1
grid_12968,1
grid_12969,1
grid_12970,1
grid_12971,1
grid_12972,1
grid_12973,1
grid_12974,1
grid_12975,1
grid_12976,1
grid_12977,1
grid_12978,1
grid_12979,1
grid_12980,1
grid_12981,1
grid_12982,1
grid_12983,1
grid_12984,1
grid_12985,1
grid_12986,1
grid_12987,1
grid_12988,1
grid_12989,1
grid_12990,1
grid_12991,1
grid_12992,1
grid_12993,1
grid_12994,1
grid_12995,1
grid_12996,1
grid_12997,1
grid_12998,1
grid_12999,1
grid_13000,1
grid_13001,1
grid_13002,1
grid_13003,1
grid_13004,1
grid_13005,1
grid_13006,1
grid_13007,1
grid_13008,1
grid_13009,1
grid_13010,1
grid_13011,1
grid_13012,1
grid_13013,1
grid_13014,1
grid_13015,1
grid_13016,1
grid_13017,1
grid_13018,1
grid_13019,1
grid_13020,1
grid_13021,1
grid_13022,1
grid_13023,1
grid_13024,1
grid_13025,1
grid_13026,1
grid_13027,1
grid_13028,1
grid_13029,1
grid_13030,1
grid_13031,1
grid_13032,1
grid_13033,1
grid_13034,1
grid_13035,1
grid_13036,1
grid_13037,1
grid_13038,1
grid_13039,1
grid_13040,1
grid_13041,1
grid_13042,1
grid_13043,1
grid_13044,1
grid_13045,1
grid_13046,1
grid_13047,1
grid_13048,1
grid_13049,1
grid_13050,1
grid_13051,1
grid_13052,1
grid_13053,1
grid_13054,1
grid_13055,1
grid_13056,1
grid_13057,1
grid_13058,1
grid_13059,1
grid_13060,1
grid_13061,1
grid_13062,1
grid_13063,1
grid_13064,1
grid_13065,1
grid_13066,1
grid_13067,1
grid_13068,1
grid_13069,1
grid_13070,1
grid_13071,1
grid_13072,1
grid_13073,1
grid_13074,1
grid_13075,1
grid_13076,1
grid_13077,1
grid_13078,1
grid_13079,1
grid_13080,1
grid_13081,1
grid_13082,1
grid_13083,1
grid_13084,1
grid_13085,1
grid_13086,1
grid_13087,1
grid_13088,1
grid_13089,1
grid_13090,1
grid_13091,1
grid_13092,1
grid_13093,1
grid_13094,1
grid_13095,1
grid_13096,1
grid_13097,1
grid_13098,1
grid_13099,1
grid_13100,1
grid_13101,1
grid_13102,1
grid_13103,1
grid_13104,1
grid_13105,1
grid_13106,1
grid_13107,1
grid_13108,1
grid_13109,1
grid_13110,1
grid_13111,1
grid_13112,1
grid_13113,1
grid_13114,1
grid_13115,1
grid_13116,1
grid_13117,1
grid_13118,1
grid_13119,1
grid_13120,1
grid_13121,1
grid_13122,1
grid_13123,1
grid_13124,1
grid_13125,1
grid_13126,1
grid_13127,1
grid_13128,1
grid_13129,1
grid_13130,1
grid_13131,1
grid_13132,1
grid_13133,1
grid_13134,1
grid_13135,1
grid_13136,1
grid_13137,1
grid_13138,1
grid_13139,1
grid_13140,1
grid_13141,1
grid_13142,1
grid_13143,1
grid_13144,1
grid_13145,1
grid_13146,0
grid_13147,1
grid_13148,1
grid_13149,1
grid_13150,1
grid_13151,1
grid_13152,1
grid_13153,1
grid_13154,1
grid_13155,1
grid_13156,1
grid_13157,1
grid_13158,1
grid_13159,1
grid_13160,1
grid_13161,1
grid_13162,1
grid_13163,1
grid_13164,1
grid_13165,1
grid_13166,1
grid_13167,1
grid_13168,1
grid_13169,1
grid_13170,1
grid_13171,1
grid_13172,1
grid_13173,1
grid_13174,1
grid_13175,1
grid_13176,1
grid_13177,1
grid_13178,1
grid_13179,1
grid_13180,1
grid_13181,1
grid_13182,1
grid_13183,1
grid_13184,1
grid_13185,1
grid_13186,1
grid_13187,1
grid_13188,1
grid_13189,1
grid_13190,1
grid_13191,1
grid_13192,1
grid_13193,1
grid_13194,1
grid_13195,1
grid_13196,1
grid_13197,1
grid_13198,1
grid_13199,1
grid_13200,1
grid_13201,1
grid_13202,0
grid_13203,1
grid_13204,1
grid_13205,1
grid_13206,1
grid_13207,1
grid_13208,1
grid_13209,1
grid_13210,1
grid_13211,1
grid_13212,1
grid_13213,1
grid_13214,1
grid_13215,1
grid_13216,1
grid_13217,1
grid_13218,1
grid_13219,1
grid_13220,1
grid_13221,1
grid_13222,1
grid_13223,1
grid_13224,1
grid_13225,1
grid_13226,1
grid_13227,1
grid_13228,1
grid_13229,1
grid_13230,1
grid_13231,1
grid_13232,1
grid_13233,1
grid_13234,1
grid_13235,1
grid_13236,1
grid_13237,1
grid_13238,1
grid_13239,1
grid_13240,1
grid_13241,1
grid_13242,1
grid_13243,1
grid_13244,1
grid_13245,1
grid_13246,1
grid_13247,1
grid_13248,1
grid_13249,1
grid_13250,1
grid_13251,1
grid_13252,1
grid_13253,1
grid_13254,1
grid_13255,1
grid_13256,1
grid_13257,1
grid_13258,1
grid_13259,1
grid_13260,1
grid_13261,1
grid_13262,1
grid_13263,1
grid_13264,1
grid_13265,1
grid_13266,1
grid_13267,1
grid_13268,1
grid_13269,1
grid_13270,1
grid_13271,1
grid_13272,1
grid_13273,1
grid_13274,1
grid_13275,1
grid_13276,1
grid_13277,1
grid_13278,1
grid_13279,1
grid_13280,0
grid_13281,1
grid_13282,1
grid_13283,1
grid_13284,1
grid_13285,1
grid_13286,1
grid_13287,1
grid_13288,1
grid_13289,1
grid_13290,1
grid_13291,1
grid_13292,1
grid_13293,1
grid_13294,1
grid_13295,1
grid_13296,1
grid_13297,1
grid_13298,1
grid_13299,1
grid_13300,1
grid_13301,1
grid_13302,1
grid_13303,1
grid_13304,1
grid_13305,1
grid_13306,1
grid_13307,1
grid_13308,1
grid_13309,1
grid_13310,1
grid_13311,1
grid_13312,1
grid_13313,1
grid_13314,1
grid_13315,1
grid_13316,1
grid_13317,1
grid_13318,1
grid_13319,1
grid_13320,1
grid_13321,1
grid_13322,1
grid_13323,1
grid_13324,0
grid_13325,1
grid_13326,1
grid_13327,0
grid_13328,1
grid_13329,0
grid_13330,0
grid_13331,1
grid_13332,1
grid_13333,1
grid_13334,1
grid_13335,1
grid_13336,1
grid_13337,1
grid_13338,1
grid_13339,1
grid_13340,1
grid_13341,1
grid_13342,1
grid_13343,1
grid_13344,1
grid_13345,1
grid_13346,1
grid_13347,1
grid_13348,1
grid_13349,1
grid_13350,1
grid_13351,1
grid_13352,1
grid_13353,0
grid_13354,1
grid_13355,0
grid_13356,0
grid_13357,1
grid_13358,1
grid_13359,0
grid_13360,0
grid_13361,1
grid_13362,1
grid_13363,1
grid_13364,1
grid_13365,1
grid_13366,1
grid_13367,1
grid_13368,1
grid_13369,1
grid_13370,1
grid_13371,1
grid_13372,1
grid_13373,1
grid_13374,1
grid_13375,1
grid_13376,1
grid_13377,1
grid_13378,1
grid_13379,1
grid_13380,1
grid_13381,1
grid_13382,0
grid_13383,0
grid_13384,1
grid_13385,0
grid_13386,0
grid_13387,1
grid_13388,0
grid_13389,1
grid_13390,1
grid_13391,1
grid_13392,1
grid_13393,1
grid_13394,1
grid_13395,1
grid_13396,1
grid_13397,1
grid_13398,1
grid_13399,1
grid_13400,1
grid_13401,1
grid_13402,1
grid_13403,1
grid_13404,1
grid_13405,1
grid_13406,1
grid_13407,1
grid_13408,1
grid_13409,1
grid_13410,1
grid_13411,1
grid_13412,1
grid_13413,1
grid_13414,1
grid_13415,1
grid_13416,1
grid_13417,1
grid_13418,1
grid_13419,1
grid_13420,1
grid_13421,1
grid_13422,1
grid_13423,1
grid_13424,1
grid_13425,1
grid_13426,1
grid_13427,1
grid_13428,1
grid_13429,1
grid_13430,1
grid_13431,1
grid_13432,1
grid_13433,1
grid_13434,1
grid_13435,1
grid_13436,1
grid_13437,1
grid_13438,1
grid_13439,1
grid_13440,1
grid_13441,1
grid_13442,1
grid_13443,1
grid_13444,1
grid_13445,1
grid_13446,1
grid_13447,1
grid_13448,1
grid_13449,1
grid_13450,1
grid_13451,1
grid_13452,1
grid_13453,1
grid_13454,1
grid_13455,1
grid_13456,1
grid_13457,1
grid_13458,1
grid_13459,1
grid_13460,1
grid_13461,1
grid_13462,1
grid_13463,1
grid_13464,1
grid_13465,1
grid_13466,1
grid_13467,1
grid_13468,1
grid_13469,1
grid_13470,1
grid_13471,1
grid_13472,1
grid_13473,1
grid_13474,1
grid_13475,1
grid_13476,1
grid_13477,1
grid_13478,1
grid_13479,1
grid_13480,1
grid_13481,1
grid_13482,1
grid_13483,1
grid_13484,1
grid_13485,1
grid_13486,1
grid_13487,1
grid_13488,1
grid_13489,1
grid_13490,1
grid_13491,1
grid_13492,1
grid_13493,1
grid_13494,1
grid_13495,1
grid_13496,1
grid_13497,1
grid_13498,1
grid_13499,1
grid_13500,1
grid_13501,1
grid_13502,1
grid_13503,1
grid_13504,1
grid_13505,1
grid_13506,1
grid_13507,1
grid_13508,1
grid_13509,1
grid_13510,1
grid_13511,1
grid_13512,1
grid_13513,1
grid_13514,1
grid_13515,1
grid_13516,1
grid_13517,1
grid_13518,0
grid_13519,1
grid_13520,1
grid_13521,1
grid_13522,1
grid_13523,1
grid_13524,1
grid_13525,1
grid_13526,1
grid_13527,1
grid_13528,1
grid_13529,1
grid_13530,1
grid_13531,1
grid_13532,1
grid_13533,1
grid_13534,1
grid_13535,1
grid_13536,1
grid_13537,1
grid_13538,1
grid_13539,1
grid_13540,1
grid_13541,1
grid_13542,1
grid_13543,1
grid_13544,1
grid_13545,1
grid_13546,1
grid_13547,1
grid_13548,1
grid_13549,1
grid_13550,1
grid_13551,1
grid_13552,1
grid_13553,1
grid_13554,1
grid_13555,1
grid_13556,1
grid_13557,1
grid_13558,1
grid_13559,1
grid_13560,1
grid_13561,1
grid_13562,1
grid_13563,1
grid_13564,0
grid_13565,1
grid_13566,1
grid_13567,0
grid_13568,1
grid_13569,1
grid_13570,0
grid_13571,1
grid_13572,1
grid_13573,1
grid_13574,1
grid_13575,1
grid_13576,1
grid_13577,1
grid_13578,1
grid_13579,1
grid_13580,1
grid_13581,1
grid_13582,1
grid_13583,1
grid_13584,1
grid_13585,1
grid_13586,1
grid_13587,1
grid_13588,1
grid_13589,1
grid_13590,1
grid_13591,1
grid_13592,1
grid_13593,1
grid_13594,1
grid_13595,0
grid_13596,1
grid_13597,1
grid_13598,1
grid_13599,0
grid_13600,1
grid_13601,1
grid_13602,1
grid_13603,1
grid_13604,1
grid_13605,1
grid_13606,1
grid_13607,1
grid_13608,1
grid_13609,1
grid_13610,1
grid_13611,1
grid_13612,1
grid_13613,1
grid_13614,1
grid_13615,1
grid_13616,1
grid_13617,1
grid_13618,1
grid_13619,1
grid_13620,1
grid_13621,1
grid_13622,1
grid_13623,1
grid_13624,1
grid_13625,1
grid_13626,1
grid_13627,1
grid_13628,1
grid_13629,1
grid_13630,1
grid_13631,1
grid_13632,1
grid_13633,1
grid_13634,1
grid_13635,1
grid_13636,1
grid_13637,1
grid_13638,1
grid_13639,1
grid_13640,1
grid_13641,1
grid_13642,1
grid_13643,1
grid_13644,1
grid_13645,1
grid_13646,1
grid_13647,1
grid_13648,1
grid_13649,1
grid_13650,1
grid_13651,1
grid_13652,1
grid_13653,1
grid_13654,1
grid_13655,1
grid_13656,1
grid_13657,1
grid_13658,1
grid_13659,1
grid_13660,1
grid_13661,1
grid_13662,1
grid_13663,1
grid_13664,1
grid_13665,1
grid_13666,1
grid_13667,1
grid_13668,1
grid_13669,1
grid_13670,1
grid_13671,1
grid_13672,1
grid_13673,1
grid_13674,1
grid_13675,1
grid_13676,1
grid_13677,1
grid_13678,1
grid_13679,1
grid_13680,1
grid_13681,1
grid_13682,1
grid_13683,1
grid_13684,1
grid_13685,1
grid_13686,1
grid_13687,1
grid_13688,1
grid_13689,1
grid_13690,1
grid_13691,1
grid_13692,1
grid_13693,1
grid_13694,1
grid_13695,1
grid_13696,1
grid_13697,1
grid_13698,1
grid_13699,1
grid_13700,1
grid_13701,1
grid_13702,1
grid_13703,1
grid_13704,1
grid_13705,1
grid_13706,1
grid_13707,1
grid_13708,1
grid_13709,1
grid_13710,1
grid_13711,0
grid_13712,1
grid_13713,0
grid_13714,1
grid_13715,1
grid_13716,1
grid_13717,1
grid_13718,1
grid_13719,1
grid_13720,0
grid_13721,1
grid_13722,1
grid_13723,1
grid_13724,1
grid_13725,1
grid_13726,1
grid_13727,1
grid_13728,1
grid_13729,1
grid_13730,1
grid_13731,1
grid_13732,1
grid_13733,1
grid_13734,1
grid_13735,1
grid_13736,1
grid_13737,1
grid_13738,1
grid_13739,1
grid_13740,1
grid_13741,0
grid_13742,1
grid_13743,1
grid_13744,1
grid_13745,1
grid_13746,0
grid_13747,0
grid_13748,1
grid_13749,1
grid_13750,1
grid_13751,1
grid_13752,1
grid_13753,1
grid_13754,1
grid_13755,1
grid_13756,1
grid_13757,1
grid_13758,1
grid_13759,1
grid_13760,1
grid_13761,1
grid_13762,1
grid_13763,1
grid_13764,1
grid_13765,1
grid_13766,1
grid_13767,1
grid_13768,1
grid_13769,1
grid_13770,1
grid_13771,1
grid_13772,1
grid_13773,1
grid_13774,1
grid_13775,1
grid_13776,1
grid_13777,1
grid_13778,1
grid_13779,1
grid_13780,1
grid_13781,1
grid_13782,1
grid_13783,1
grid_13784,1
grid_13785,1
grid_13786,1
grid_13787,1
grid_13788,1
grid_13789,1
grid_13790,1
grid_13791,1
grid_13792,1
grid_13793,1
grid_13794,1
grid_13795,1
grid_13796,1
grid_13797,1
grid_13798,1
grid_13799,1
grid_13800,1
grid_13801,1
grid_13802,1
grid_13803,1
grid_13804,1
grid_13805,1
grid_13806,1
grid_13807,1
grid_13808,1
grid_13809,1
grid_13810,1
grid_13811,1
grid_13812,1
grid_13813,1
grid_13814,1
grid_13815,1
grid_13816,1
grid_13817,1
grid_13818,1
grid_13819,1
grid_13820,1
grid_13821,1
grid_13822,1
grid_13823,1
grid_13824,1
grid_13825,1
grid_13826,1
grid_13827,1
grid_13828,1
grid_13829,1
grid_13830,1
grid_13831,1
grid_13832,1
grid_13833,1
grid_13834,1
grid_13835,1
grid_13836,1
grid_13837,1
grid_13838,1
grid_13839,1
grid_13840,1
grid_13841,1
grid_13842,1
grid_13843,1
grid_13844,1
grid_13845,1
grid_13846,1
grid_13847,1
grid_13848,1
grid_13849,1
grid_13850,1
grid_13851,1
grid_13852,1
grid_13853,1
grid_13854,1
grid_13855,1
grid_13856,1
grid_13857,1
grid_13858,1
grid_13859,1
grid_13860,1
grid_13861,1
grid_13862,1
grid_13863,1
grid_13864,1
grid_13865,1
grid_13866,1
grid_13867,1
grid_13868,1
grid_13869,1
grid_13870,1
grid_13871,1
grid_13872,1
grid_13873,1
grid_13874,1
grid_13875,1
grid_13876,1
grid_13877,1
grid_13878,1
grid_13879,1
grid_13880,1
grid_13881,1
grid_13882,1
grid_13883,1
grid_13884,1
grid_13885,1
grid_13886,1
grid_13887,1
grid_13888,1
grid_13889,1
grid_13890,1
grid_13891,1
grid_13892,1
grid_13893,1
grid_13894,1
grid_13895,1
grid_13896,1
grid_13897,1
grid_13898,1
grid_13899,1
grid_13900,1
grid_13901,1
grid_13902,1
grid_13903,1
grid_13904,1
grid_13905,1
grid_13906,1
grid_13907,1
grid_13908,1
grid_13909,1
grid_13910,1
grid_13911,1
grid_13912,1
grid_13913,1
grid_13914,1
grid_13915,1
grid_13916,1
grid_13917,1
grid_13918,1
grid_13919,1
grid_13920,1
grid_13921,1
grid_13922,1
grid_13923,1
grid_13924,1
grid_13925,1
grid_13926,1
grid_13927,1
grid_13928,1
grid_13929,1
grid_13930,1
grid_13931,1
grid_13932,1
grid_13933,1
grid_13934,1
grid_13935,1
grid_13936,1
grid_13937,1
grid_13938,1
grid_13939,1
grid_13940,1
grid_13941,1
grid_13942,1
grid_13943,1
grid_13944,1
grid_13945,1
grid_13946,1
grid_13947,1
grid_13948,1
grid_13949,1
grid_13950,1
grid_13951,1
grid_13952,1
grid_13953,1
grid_13954,1
grid_13955,1
grid_13956,1
grid_13957,1
grid_13958,1
grid_13959,1
grid_13960,1
grid_13961,1
grid_13962,1
grid_13963,1
grid_13964,1
grid_13965,1
grid_13966,1
grid_13967,1
grid_13968,1
grid_13969,1
grid_13970,1
grid_13971,1
grid_13972,1
grid_13973,1
grid_13974,1
grid_13975,1
grid_13976,1
grid_13977,1
grid_13978,1
grid_13979,1
grid_13980,1
grid_13981,1
grid_13982,1
grid_13983,1
grid_13984,1
grid_13985,1
grid_13986,1
grid_13987,1
grid_13988,1
grid_13989,1
grid_13990,1
grid_13991,1
grid_13992,1
grid_13993,1
grid_13994,1
grid_13995,1
grid_13996,1
grid_13997,1
grid_13998,1
grid_13999,1
grid_14000,1
grid_14001,1
grid_14002,1
grid_14003,1
grid_14004,1
grid_14005,1
grid_14006,1
grid_14007,1
grid_14008,1
grid_14009,1
grid_14010,1
grid_14011,1
grid_14012,1
grid_14013,1
grid_14014,1
grid_14015,1
grid_14016,1
grid_14017,1
grid_14018,1
grid_14019,1
grid_14020,1
grid_14021,1
grid_14022,1
grid_14023,1
grid_14024,1
grid_14025,1
grid_14026,1
grid_14027,1
grid_14028,1
grid_14029,1
grid_14030,1
grid_14031,1
grid_14032,1
grid_14033,1
grid_14034,1
grid_14035,1
grid_14036,1
grid_14037,1
grid_14038,1
grid_14039,1
grid_14040,1
grid_14041,1
grid_14042,1
grid_14043,1
grid_14044,1
grid_14045,1
grid_14046,1
grid_14047,1
grid_14048,1
grid_14049,1
grid_14050,1
grid_14051,1
grid_14052,1
grid_14053,1
grid_14054,1
grid_14055,1
grid_14056,1
grid_14057,1
grid_14058,1
grid_14059,1
grid_14060,1
grid_14061,1
grid_14062,1
grid_14063,1
grid_14064,1
grid_14065,1
grid_14066,1
grid_14067,1
grid_14068,1
grid_14069,1
grid_14070,1
grid_14071,1
grid_14072,1
grid_14073,1
grid_14074,1
grid_14075,1
grid_14076,1
grid_14077,1
grid_14078,1
grid_14079,1
grid_14080,1
grid_14081,1
grid_14082,1
grid_14083,1
grid_14084,1
grid_14085,1
grid_14086,1
grid_14087,1
grid_14088,1
grid_14089,1
grid_14090,1
grid_14091,1
grid_14092,1
grid_14093,1
grid_14094,1
grid_14095,1
grid_14096,1
grid_14097,1
grid_14098,1
grid_14099,1
grid_14100,1
grid_14101,1
grid_14102,1
grid_14103,1
grid_14104,1
grid_14105,1
grid_14106,1
grid_14107,1
grid_14108,1
grid_14109,1
grid_14110,1
grid_14111,1
grid_14112,1
grid_14113,1
grid_14114,1
grid_14115,1
grid_14116,1
grid_14117,1
grid_14118,1
grid_14119,1
grid_14120,1
grid_14121,1
grid_14122,1
grid_14123,1
grid_14124,1
grid_14125,1
grid_14126,1
grid_14127,1
grid_14128,1
grid_14129,1
grid_14130,1
grid_14131,1
grid_14132,1
grid_14133,1
grid_14134,1
grid_14135,1
grid_14136,1
grid_14137,1
grid_14138,1
grid_14139,1
grid_14140,1
grid_14141,1
grid_14142,1
grid_14143,1
grid_14144,1
grid_14145,1
grid_14146,1
grid_14147,1
grid_14148,1
grid_14149,0
grid_14150,1
grid_14151,1
grid_14152,1
grid_14153,1
grid_14154,1
grid_14155,1
grid_14156,1
grid_14157,1
grid_14158,1
grid_14159,1
grid_14160,1
grid_14161,1
grid_14162,0
grid_14163,1
grid_14164,1
grid_14165,1
grid_14166,1
grid_14167,1
grid_14168,1
grid_14169,1
grid_14170,1
grid_14171,1
grid_14172,1
grid_14173,1
grid_14174,1
grid_14175,1
grid_14176,1
grid_14177,1
grid_14178,1
grid_14179,1
grid_14180,0
grid_14181,1
grid_14182,1
grid_14183,1
grid_14184,1
grid_14185,1
grid_14186,1
grid_14187,1
grid_14188,1
grid_14189,1
grid_14190,1
grid_14191,1
grid_14192,1
grid_14193,1
grid_14194,1
grid_14195,1
grid_14196,1
grid_14197,1
grid_14198,1
grid_14199,1
grid_14200,1
grid_14201,0
grid_14202,0
grid_14203,0
grid_14204,0
grid_14205,0
grid_14206,0
grid_14207,0
grid_14208,0
grid_14209,0
grid_14210,0
grid_14211,1
grid_14212,1
grid_14213,1
grid_14214,0
grid_14215,0
grid_14216,1
grid_14217,0
grid_14218,1
grid_14219,0
grid_14220,1
grid_14221,0
grid_14222,0
grid_14223,0
grid_14224,0
grid_14225,0
grid_14226,0
grid_14227,0
grid_14228,0
grid_14229,0
grid_14230,0
grid_14231,0
grid_14232,1
grid_14233,0
grid_14234,0
grid_14235,0
grid_14236,0
grid_14237,0
grid_14238,0
grid_14239,0
grid_14240,0
grid_14241,0
grid_14242,0
grid_14243,0
grid_14244,0
grid_14245,0
grid_14246,0
grid_14247,0
grid_14248,0
grid_14249,0
grid_14250,0
grid_14251,0
grid_14252,0
grid_14253,0
grid_14254,0
grid_14255,0
grid_14256,0
grid_14257,0
grid_14258,0
grid_14259,0
grid_14260,0
grid_14261,0
grid_14262,0
grid_14263,0
grid_14264,0
grid_14265,0
grid_14266,0
grid_14267,0
grid_14268,0
grid_14269,0
grid_14270,0
grid_14271,0
grid_14272,0
grid_14273,0
grid_14274,0
grid_14275,0
grid_14276,1
grid_14277,1
grid_14278,1
grid_14279,1
grid_14280,1
grid_14281,1
grid_14282,1
grid_14283,1
grid_14284,1
grid_14285,1
grid_14286,1
grid_14287,1
grid_14288,1
grid_14289,1
grid_14290,1
grid_14291,1
grid_14292,0
grid_14293,1
grid_14294,1
grid_14295,1
grid_14296,1
grid_14297,1
grid_14298,0
grid_14299,1
grid_14300,0
grid_14301,1
grid_14302,0
grid_14303,0
grid_14304,1
grid_14305,1
grid_14306,0
grid_14307,0
grid_14308,0
grid_14309,1
grid_14310,0
grid_14311,0
grid_14312,0
grid_14313,1
grid_14314,0
grid_14315,1
grid_14316,1
grid_14317,0
grid_14318,0
grid_14319,1
grid_14320,1
grid_14321,1
grid_14322,1
grid_14323,1
grid_14324,0
grid_14325,0
grid_14326,1
grid_14327,0
grid_14328,1
grid_14329,1
grid_14330,0
grid_14331,0
grid_14332,1
grid_14333,0
grid_14334,1
grid_14335,1
grid_14336,1
grid_14337,1
grid_14338,1
grid_14339,1
grid_14340,1
grid_14341,1
grid_14342,1
grid_14343,1
grid_14344,0
grid_14345,0
grid_14346,1
grid_14347,0
grid_14348,0
grid_14349,0
grid_14350,1
grid_14351,1
grid_14352,0
grid_14353,0
grid_14354,1
grid_14355,1
grid_14356,1
grid_14357,1
grid_14358,1
grid_14359,1
grid_14360,1
grid_14361,1
grid_14362,1
grid_14363,1
grid_14364,1
grid_14365,1
grid_14366,0
grid_14367,1
grid_14368,1
grid_14369,1
grid_14370,1
grid_14371,1
grid_14372,1
grid_14373,1
grid_14374,1
grid_14375,1
grid_14376,1
grid_14377,1
grid_14378,1
grid_14379,1
grid_14380,1
grid_14381,1
grid_14382,1
grid_14383,1
grid_14384,0
grid_14385,0
grid_14386,0
grid_14387,0
grid_14388,0
grid_14389,0
grid_14390,0
grid_14391,0
grid_14392,0
grid_14393,0
grid_14394,1
grid_14395,1
grid_14396,1
grid_14397,1
grid_14398,1
grid_14399,1
grid_14400,1
grid_14401,1
grid_14402,1
grid_14403,1
grid_14404,1
grid_14405,1
grid_14406,1
grid_14407,1
grid_14408,1
grid_14409,1
grid_14410,1
grid_14411,1
grid_14412,1
grid_14413,1
grid_14414,1
grid_14415,1
grid_14416,1
grid_14417,1
grid_14418,1
grid_14419,1
grid_14420,1
grid_14421,1
grid_14422,1
grid_14423,1
grid_14424,1
grid_14425,0
grid_14426,0
grid_14427,0
grid_14428,0
grid_14429,1
grid_14430,1
grid_14431,1
grid_14432,1
grid_14433,1
grid_14434,1
grid_14435,1
grid_14436,1
grid_14437,1
grid_14438,1
grid_14439,1
grid_14440,1
grid_14441,1
grid_14442,1
grid_14443,1
grid_14444,1
grid_14445,1
grid_14446,1
grid_14447,1
grid_14448,1
grid_14449,1
grid_14450,1
grid_14451,1
grid_14452,1
grid_14453,1
grid_14454,1
grid_14455,1
grid_14456,1
grid_14457,1
grid_14458,1
grid_14459,1
grid_14460,1
grid_14461,1
grid_14462,1
grid_14463,1
grid_14464,1
grid_14465,1
grid_14466,1
grid_14467,1
grid_14468,1
grid_14469,1
grid_14470,1
grid_14471,1
grid_14472,1
grid_14473,1
grid_14474,1
grid_14475,1
grid_14476,1
grid_14477,1
grid_14478,1
grid_14479,1
grid_14480,1
grid_14481,1
grid_14482,1
grid_14483,1
grid_14484,1
grid_14485,1
grid_14486,1
grid_14487,1
grid_14488,1
grid_14489,1
grid_14490,1
grid_14491,1
grid_14492,1
grid_14493,1
grid_14494,1
grid_14495,1
grid_14496,1
grid_14497,1
grid_14498,1
grid_14499,1
grid_14500,1
grid_14501,1
grid_14502,1
grid_14503,1
grid_14504,1
grid_14505,1
grid_14506,1
grid_14507,1
grid_14508,1
grid_14509,1
grid_14510,1
grid_14511,1
grid_14512,1
grid_14513,1
grid_14514,1
grid_14515,1
grid_14516,1
grid_14517,1
grid_14518,1
grid_14519,1
grid_14520,1
grid_14521,1
grid_14522,1
grid_14523,1
grid_14524,1
grid_14525,1
grid_14526,1
grid_14527,1
grid_14528,1
grid_14529,1
grid_14530,1
grid_14531,1
grid_14532,1
grid_14533,1
grid_14534,1
grid_14535,1
grid_14536,1
grid_14537,1
grid_14538,1
grid_14539,1
grid_14540,1
grid_14541,1
grid_14542,1
grid_14543,1
grid_14544,1
grid_14545,1
grid_14546,1
grid_14547,1
grid_14548,1
grid_14549,1
grid_14550,1
grid_14551,1
grid_14552,1
grid_14553,1
grid_14554,1
grid_14555,1
grid_14556,1
grid_14557,1
grid_14558,1
grid_14559,1
grid_14560,1
grid_14561,1
grid_14562,1
grid_14563,1
grid_14564,1
grid_14565,1
grid_14566,1
grid_14567,1
grid_14568,1
grid_14569,1
grid_14570,1
grid_14571,1
grid_14572,1
grid_14573,1
grid_14574,1
grid_14575,1
grid_14576,1
grid_14577,1
grid_14578,1
grid_14579,1
grid_14580,1
grid_14581,1
grid_14582,1
grid_14583,1
grid_14584,1
grid_14585,1
grid_14586,1
grid_14587,1
grid_14588,1
grid_14589,1
grid_14590,1
grid_14591,1
grid_14592,1
grid_14593,1
grid_14594,1
grid_14595,1
grid_14596,1
grid_14597,1
grid_14598,1
grid_14599,1
grid_14600,1
grid_14601,1
grid_14602,1
grid_14603,1
grid_14604,1
grid_14605,1
grid_14606,1
grid_14607,1
grid_14608,1
grid_14609,1
grid_14610,1
grid_14611,1
grid_14612,1
grid_14613,0
grid_14614,1
grid_14615,1
grid_14616,1
grid_14617,1
grid_14618,1
grid_14619,1
grid_14620,1
grid_14621,1
grid_14622,1
grid_14623,1
grid_14624,1
grid_14625,1
grid_14626,1
grid_14627,1
grid_14628,1
grid_14629,1
grid_14630,1
grid_14631,1
grid_14632,1
grid_14633,1
grid_14634,1
grid_14635,1
grid_14636,1
grid_14637,1
grid_14638,0
grid_14639,1
grid_14640,1
grid_14641,0
grid_14642,0
grid_14643,0
grid_14644,1
grid_14645,1
grid_14646,1
grid_14647,1
grid_14648,1
grid_14649,1
grid_14650,1
grid_14651,1
grid_14652,1
grid_14653,1
grid_14654,1
grid_14655,1
grid_14656,1
grid_14657,1
grid_14658,1
grid_14659,1
grid_14660,1
grid_14661,0
grid_14662,0
grid_14663,0
grid_14664,0
grid_14665,0
grid_14666,0
grid_14667,0
grid_14668,0
grid_14669,0
grid_14670,0
grid_14671,0
grid_14672,0
grid_14673,0
grid_14674,0
grid_14675,0
grid_14676,0
grid_14677,1
grid_14678,1
grid_14679,1
grid_14680,1
grid_14681,1
grid_14682,1
grid_14683,1
grid_14684,1
grid_14685,1
grid_14686,1
grid_14687,1
grid_14688,1
grid_14689,1
grid_14690,1
grid_14691,1
grid_14692,0
grid_14693,1
grid_14694,1
grid_14695,1
grid_14696,1
grid_14697,1
grid_14698,1
grid_14699,1
grid_14700,1
grid_14701,1
grid_14702,1
grid_14703,1
grid_14704,1
grid_14705,1
grid_14706,1
grid_14707,1
grid_14708,1
grid_14709,1
grid_14710,1
grid_14711,1
grid_14712,1
grid_14713,1
grid_14714,1
grid_14715,1
grid_14716,1
grid_14717,1
grid_14718,1
grid_14719,1
grid_14720,1
grid_14721,1
grid_14722,1
grid_14723,1
grid_14724,1
grid_14725,1
grid_14726,1
grid_14727,1
grid_14728,1
grid_14729,1
grid_14730,1
grid_14731,1
grid_14732,1
grid_14733,1
grid_14734,1
grid_14735,1
grid_14736,1
grid_14737,1
grid_14738,1
grid_14739,1
grid_14740,1
grid_14741,1
grid_14742,1
grid_14743,1
grid_14744,1
grid_14745,1
grid_14746,1
grid_14747,1
grid_14748,1
grid_14749,0
grid_14750,1
grid_14751,0
grid_14752,1
grid_14753,1
grid_14754,1
grid_14755,1
grid_14756,0
grid_14757,0
grid_14758,0
grid_14759,0
grid_14760,0
grid_14761,0
grid_14762,0
grid_14763,1
grid_14764,0
grid_14765,0
grid_14766,1
grid_14767,1
grid_14768,1
grid_14769,1
grid_14770,1
grid_14771,1
grid_14772,1
grid_14773,1
grid_14774,1
grid_14775,1
grid_14776,0
grid_14777,0
grid_14778,0
grid_14779,0
grid_14780,0
grid_14781,0
grid_14782,0
grid_14783,0
grid_14784,0
grid_14785,0
grid_14786,0
grid_14787,1
grid_14788,0
grid_14789,1
grid_14790,0
grid_14791,1
grid_14792,0
grid_14793,1
grid_14794,1
grid_14795,1
grid_14796,1
grid_14797,0
grid_14798,0
grid_14799,1
grid_14800,1
grid_14801,1
grid_14802,1
grid_14803,0
grid_14804,0
grid_14805,1
grid_14806,0
grid_14807,0
grid_14808,1
grid_14809,0
grid_14810,0
grid_14811,0
grid_14812,0
grid_14813,0
grid_14814,0
grid_14815,1
grid_14816,1
grid_14817,1
grid_14818,1
grid_14819,1
grid_14820,1
grid_14821,1
grid_14822,1
grid_14823,1
grid_14824,1
grid_14825,1
grid_14826,1
grid_14827,1
grid_14828,1
grid_14829,1
grid_14830,1
grid_14831,1
grid_14832,1
grid_14833,1
grid_14834,1
grid_14835,1
grid_14836,1
grid_14837,1
grid_14838,1
grid_14839,1
grid_14840,1
grid_14841,1
grid_14842,1
grid_14843,1
grid_14844,1
grid_14845,1
grid_14846,1
grid_14847,1
grid_14848,1
grid_14849,1
grid_14850,1
grid_14851,1
grid_14852,1
grid_14853,1
grid_14854,1
grid_14855,1
grid_14856,1
grid_14857,1
grid_14858,1
grid_14859,1
grid_14860,1
grid_14861,1
grid_14862,1
grid_14863,1
grid_14864,1
grid_14865,1
grid_14866,1
grid_14867,1
grid_14868,1
grid_14869,1
grid_14870,1
grid_14871,1
grid_14872,1
grid_14873,1
grid_14874,1
grid_14875,1
grid_14876,1
grid_14877,1
grid_14878,1
grid_14879,1
grid_14880,1
grid_14881,1
grid_14882,1
grid_14883,1
grid_14884,1
grid_14885,1
grid_14886,1
grid_14887,1
grid_14888,1
grid_14889,1
grid_14890,1
grid_14891,1
grid_14892,1
grid_14893,1
grid_14894,1
grid_14895,1
grid_14896,1
grid_14897,1
grid_14898,1
grid_14899,1
grid_14900,1
grid_14901,1
grid_14902,1
grid_14903,1
grid_14904,1
grid_14905,1
grid_14906,1
grid_14907,1
grid_14908,1
grid_14909,1
grid_14910,0
grid_14911,1
grid_14912,1
grid_14913,0
grid_14914,1
grid_14915,1
grid_14916,1
grid_14917,1
grid_14918,1
grid_14919,1
grid_14920,1
grid_14921,1
grid_14922,1
grid_14923,1
grid_14924,1
grid_14925,1
grid_14926,1
grid_14927,1
grid_14928,1
grid_14929,1
grid_14930,1
grid_14931,1
grid_14932,1
grid_14933,1
grid_14934,1
grid_14935,1
grid_14936,1
grid_14937,1
grid_14938,1
grid_14939,1
grid_14940,1
grid_14941,1
grid_14942,0
grid_14943,1
grid_14944,0
grid_14945,1
grid_14946,1
grid_14947,1
grid_14948,1
grid_14949,1
grid_14950,1
grid_14951,1
grid_14952,1
grid_14953,1
grid_14954,1
grid_14955,1
grid_14956,1
grid_14957,1
grid_14958,1
grid_14959,1
grid_14960,1
grid_14961,1
grid_14962,1
grid_14963,1
grid_14964,1
grid_14965,1
grid_14966,1
grid_14967,1
grid_14968,1
grid_14969,1
grid_14970,1
grid_14971,1
grid_14972,1
grid_14973,1
grid_14974,1
grid_14975,1
grid_14976,0
grid_14977,1
grid_14978,0
grid_14979,1
grid_14980,0
grid_14981,1
grid_14982,1
grid_14983,1
grid_14984,0
grid_14985,0
grid_14986,1
grid_14987,1
grid_14988,1
grid_14989,1
grid_14990,1
grid_14991,1
grid_14992,0
grid_14993,1
grid_14994,1
grid_14995,0
grid_14996,0
grid_14997,0
grid_14998,1
grid_14999,1
grid_15000,0
grid_15001,1
grid_15002,0
grid_15003,0
grid_15004,1
grid_15005,1
grid_15006,1
grid_15007,1
grid_15008,1
grid_15009,1
grid_15010,1
grid_15011,1
grid_15012,1
grid_15013,1
grid_15014,1
grid_15015,1
grid_15016,1
grid_15017,1
grid_15018,1
grid_15019,1
grid_15020,1
grid_15021,1
grid_15022,1
grid_15023,1
grid_15024,1
grid_15025,1
grid_15026,1
grid_15027,1
grid_15028,1
grid_15029,1
grid_15030,1
grid_15031,1
grid_15032,1
grid_15033,1
grid_15034,1
grid_15035,1
grid_15036,1
grid_15037,1
grid_15038,1
grid_15039,1
grid_15040,1
grid_15041,1
grid_15042,1
grid_15043,1
grid_15044,1
grid_15045,1
grid_15046,1
grid_15047,1
grid_15048,1
grid_15049,1
grid_15050,1
grid_15051,1
grid_15052,1
grid_15053,1
grid_15054,1
grid_15055,0
grid_15056,0
grid_15057,1
grid_15058,0
grid_15059,0
grid_15060,1
grid_15061,0
grid_15062,1
grid_15063,1
grid_15064,1
grid_15065,1
grid_15066,1
grid_15067,1
grid_15068,1
grid_15069,1
grid_15070,1
grid_15071,1
grid_15072,1
grid_15073,1
grid_15074,1
grid_15075,1
grid_15076,1
grid_15077,1
grid_15078,1
grid_15079,1
grid_15080,1
grid_15081,1
grid_15082,1
grid_15083,1
grid_15084,1
grid_15085,1
grid_15086,1
grid_15087,1
grid_15088,1
grid_15089,1
grid_15090,1
grid_15091,1
grid_15092,1
grid_15093,1
grid_15094,1
grid_15095,1
grid_15096,1
grid_15097,1
grid_15098,1
grid_15099,0
grid_15100,1
grid_15101,1
grid_15102,1
grid_15103,1
grid_15104,1
grid_15105,1
grid_15106,1
grid_15107,1
grid_15108,1
grid_15109,1
grid_15110,1
grid_15111,1
grid_15112,1
grid_15113,1
grid_15114,1
grid_15115,1
grid_15116,1
grid_15117,1
grid_15118,1
grid_15119,1
grid_15120,1
grid_15121,1
grid_15122,1
grid_15123,1
grid_15124,1
grid_15125,1
grid_15126,1
grid_15127,1
grid_15128,1
grid_15129,1
grid_15130,1
grid_15131,1
grid_15132,1
grid_15133,1
grid_15134,1
grid_15135,1
grid_15136,1
grid_15137,1
grid_15138,1
grid_15139,1
grid_15140,1
grid_15141,1
grid_15142,1
grid_15143,1
grid_15144,1
grid_15145,1
grid_15146,1
grid_15147,1
grid_15148,1
grid_15149,1
grid_15150,1
grid_15151,1
grid_15152,1
grid_15153,1
grid_15154,1
grid_15155,1
grid_15156,1
grid_15157,1
grid_15158,1
grid_15159,1
grid_15160,1
grid_15161,1
grid_15162,1
grid_15163,1
grid_15164,1
grid_15165,1
grid_15166,1
grid_15167,1
grid_15168,1
grid_15169,1
grid_15170,1
grid_15171,1
grid_15172,1
grid_15173,1
grid_15174,1
grid_15175,1
grid_15176,1
grid_15177,1
grid_15178,1
grid_15179,1
grid_15180,1
grid_15181,1
grid_15182,1
grid_15183,1
grid_15184,1
grid_15185,1
grid_15186,1
grid_15187,1
grid_15188,1
grid_15189,1
grid_15190,1
grid_15191,1
grid_15192,1
grid_15193,1
grid_15194,1
grid_15195,1
grid_15196,1
grid_15197,1
grid_15198,1
grid_15199,1
grid_15200,1
grid_15201,1
grid_15202,1
grid_15203,1
grid_15204,1
grid_15205,1
grid_15206,1
grid_15207,1
grid_15208,1
grid_15209,1
grid_15210,1
grid_15211,1
grid_15212,1
grid_15213,1
grid_15214,1
grid_15215,1
grid_15216,1
grid_15217,1
grid_15218,1
grid_15219,1
grid_15220,1
grid_15221,0
grid_15222,1
grid_15223,1
grid_15224,1
grid_15225,1
grid_15226,1
grid_15227,1
grid_15228,1
grid_15229,1
grid_15230,1
grid_15231,1
grid_15232,1
grid_15233,1
grid_15234,1
grid_15235,1
grid_15236,1
grid_15237,1
grid_15238,1
grid_15239,1
grid_15240,1
grid_15241,1
grid_15242,1
grid_15243,1
grid_15244,1
grid_15245,1
grid_15246,1
grid_15247,1
grid_15248,1
grid_15249,1
grid_15250,1
grid_15251,1
grid_15252,1
grid_15253,1
grid_15254,1
grid_15255,1
grid_15256,1
grid_15257,1
grid_15258,1
grid_15259,1
grid_15260,0
grid_15261,1
grid_15262,1
grid_15263,1
grid_15264,0
grid_15265,1
grid_15266,1
grid_15267,1
grid_15268,1
grid_15269,1
grid_15270,1
grid_15271,1
grid_15272,1
grid_15273,1
grid_15274,1
grid_15275,1
grid_15276,1
grid_15277,1
grid_15278,1
grid_15279,1
grid_15280,1
grid_15281,1
grid_15282,1
grid_15283,1
grid_15284,1
grid_15285,1
grid_15286,1
grid_15287,0
grid_15288,1
grid_15289,1
grid_15290,1
grid_15291,1
grid_15292,0
grid_15293,1
grid_15294,0
grid_15295,1
grid_15296,1
grid_15297,1
grid_15298,1
grid_15299,1
grid_15300,1
grid_15301,1
grid_15302,1
grid_15303,1
grid_15304,1
grid_15305,1
grid_15306,1
grid_15307,1
grid_15308,1
grid_15309,1
grid_15310,1
grid_15311,1
grid_15312,1
grid_15313,0
grid_15314,0
grid_15315,1
grid_15316,1
grid_15317,1
grid_15318,1
grid_15319,1
grid_15320,0
grid_15321,1
grid_15322,1
grid_15323,1
grid_15324,1
grid_15325,1
grid_15326,1
grid_15327,1
grid_15328,0
grid_15329,1
grid_15330,1
grid_15331,1
grid_15332,1
grid_15333,1
grid_15334,1
grid_15335,0
grid_15336,1
grid_15337,1
grid_15338,0
grid_15339,0
grid_15340,1
grid_15341,0
grid_15342,1
grid_15343,1
grid_15344,1
grid_15345,1
grid_15346,1
grid_15347,0
grid_15348,1
grid_15349,1
grid_15350,1
grid_15351,1
grid_15352,0
grid_15353,0
grid_15354,0
grid_15355,0
grid_15356,1
grid_15357,1
grid_15358,1
grid_15359,1
grid_15360,1
grid_15361,1
grid_15362,1
grid_15363,1
grid_15364,1
grid_15365,1
grid_15366,1
grid_15367,1
grid_15368,1
grid_15369,1
grid_15370,1
grid_15371,1
grid_15372,1
grid_15373,0
grid_15374,1
grid_15375,0
grid_15376,0
grid_15377,0
grid_15378,0
grid_15379,0
grid_15380,0
grid_15381,0
grid_15382,0
grid_15383,0
grid_15384,0
grid_15385,0
grid_15386,1
grid_15387,0
grid_15388,0
grid_15389,1
grid_15390,1
grid_15391,1
grid_15392,1
grid_15393,0
grid_15394,0
grid_15395,1
grid_15396,1
grid_15397,0
grid_15398,1
grid_15399,1
grid_15400,0
grid_15401,1
grid_15402,1
grid_15403,1
grid_15404,0
grid_15405,1
grid_15406,1
grid_15407,0
grid_15408,0
grid_15409,1
grid_15410,1
grid_15411,1
grid_15412,1
grid_15413,0
grid_15414,0
grid_15415,0
grid_15416,0
grid_15417,1
grid_15418,0
grid_15419,1
grid_15420,0
grid_15421,0
grid_15422,0
grid_15423,1
grid_15424,0
grid_15425,1
grid_15426,1
grid_15427,1
grid_15428,1
grid_15429,1
grid_15430,1
grid_15431,0
grid_15432,1
grid_15433,1
grid_15434,1
grid_15435,1
grid_15436,1
grid_15437,0
grid_15438,0
grid_15439,0
grid_15440,1
grid_15441,0
grid_15442,0
grid_15443,0
grid_15444,0
grid_15445,1
grid_15446,1
grid_15447,1
grid_15448,1
grid_15449,1
grid_15450,1
grid_15451,1
grid_15452,1
grid_15453,1
grid_15454,1
grid_15455,1
grid_15456,1
grid_15457,1
grid_15458,1
grid_15459,1
grid_15460,1
grid_15461,1
grid_15462,1
grid_15463,1
grid_15464,1
grid_15465,1
grid_15466,0
grid_15467,1
grid_15468,1
grid_15469,1
grid_15470,0
grid_15471,1
grid_15472,1
grid_15473,1
grid_15474,1
grid_15475,1
grid_15476,0
grid_15477,0
grid_15478,1
grid_15479,1
grid_15480,0
grid_15481,1
grid_15482,0
grid_15483,0
grid_15484,0
grid_15485,1
grid_15486,1
grid_15487,1
grid_15488,1
grid_15489,1
grid_15490,1
grid_15491,1
grid_15492,1
grid_15493,1
grid_15494,1
grid_15495,0
grid_15496,1
grid_15497,0
grid_15498,0
grid_15499,0
grid_15500,0
grid_15501,0
grid_15502,0
grid_15503,0
grid_15504,0
grid_15505,1
grid_15506,1
grid_15507,1
grid_15508,0
grid_15509,1
grid_15510,0
grid_15511,1
grid_15512,1
grid_15513,0
grid_15514,1
grid_15515,1
grid_15516,1
grid_15517,1
grid_15518,1
grid_15519,1
grid_15520,0
grid_15521,1
grid_15522,1
grid_15523,1
grid_15524,1
grid_15525,1
grid_15526,1
grid_15527,1
grid_15528,1
grid_15529,1
grid_15530,1
grid_15531,1
grid_15532,1
grid_15533,1
grid_15534,1
grid_15535,0
grid_15536,1
grid_15537,0
grid_15538,0
grid_15539,0
grid_15540,0
grid_15541,0
grid_15542,0
grid_15543,0
grid_15544,1
grid_15545,1
grid_15546,0
grid_15547,1
grid_15548,1
grid_15549,0
grid_15550,1
grid_15551,1
grid_15552,1
grid_15553,0
grid_15554,1
grid_15555,1
grid_15556,0
grid_15557,0
grid_15558,0
grid_15559,1
grid_15560,1
grid_15561,0
grid_15562,0
grid_15563,0
grid_15564,1
grid_15565,1
grid_15566,1
grid_15567,0
grid_15568,0
grid_15569,0
grid_15570,1
grid_15571,0
grid_15572,0
grid_15573,0
grid_15574,0
grid_15575,1
grid_15576,0
grid_15577,1
grid_15578,1
grid_15579,1
grid_15580,1
grid_15581,1
grid_15582,1
grid_15583,1
grid_15584,1
grid_15585,1
grid_15586,0
grid_15587,0
grid_15588,1
grid_15589,1
grid_15590,0
grid_15591,0
grid_15592,1
grid_15593,0
grid_15594,0
grid_15595,0
grid_15596,1
grid_15597,0
grid_15598,0
grid_15599,1
grid_15600,0
grid_15601,1
grid_15602,0
grid_15603,1
grid_15604,1
grid_15605,0
grid_15606,1
grid_15607,1
grid_15608,1
grid_15609,1
grid_15610,0
grid_15611,0
grid_15612,0
grid_15613,0
grid_15614,0
grid_15615,1
grid_15616,1
grid_15617,1
grid_15618,1
grid_15619,1
grid_15620,1
grid_15621,1
grid_15622,1
grid_15623,1
grid_15624,1
grid_15625,1
grid_15626,1
grid_15627,1
grid_15628,1
grid_15629,1
grid_15630,1
grid_15631,1
grid_15632,1
grid_15633,1
grid_15634,1
grid_15635,1
grid_15636,1
grid_15637,1
grid_15638,1
grid_15639,1
grid_15640,1
grid_15641,1
grid_15642,1
grid_15643,1
grid_15644,1
grid_15645,1
grid_15646,1
grid_15647,1
grid_15648,1
grid_15649,1
grid_15650,1
grid_15651,1
grid_15652,1
grid_15653,1
grid_15654,1
grid_15655,1
grid_15656,1
grid_15657,1
grid_15658,1
grid_15659,1
grid_15660,1
grid_15661,1
grid_15662,1
grid_15663,1
grid_15664,1
grid_15665,1
grid_15666,1
grid_15667,1
grid_15668,1
grid_15669,1
grid_15670,1
grid_15671,1
grid_15672,1
grid_15673,1
grid_15674,1
grid_15675,1
grid_15676,1
grid_15677,1
grid_15678,1
grid_15679,1
grid_15680,1
grid_15681,1
grid_15682,1
grid_15683,1
grid_15684,1
grid_15685,1
grid_15686,1
grid_15687,1
grid_15688,1
grid_15689,1
grid_15690,1
grid_15691,1
grid_15692,1
grid_15693,1
grid_15694,1
grid_15695,1
grid_15696,1
grid_15697,1
grid_15698,1
grid_15699,1
grid_15700,1
grid_15701,1
grid_15702,1
grid_15703,1
grid_15704,1
grid_15705,1
grid_15706,1
grid_15707,1
grid_15708,1
grid_15709,1
grid_15710,1
grid_15711,1
grid_15712,1
grid_15713,1
grid_15714,1
grid_15715,1
grid_15716,1
grid_15717,1
grid_15718,1
grid_15719,0
grid_15720,1
grid_15721,1
grid_15722,1
grid_15723,1
grid_15724,0
grid_15725,1
grid_15726,1
grid_15727,1
grid_15728,1
grid_15729,0
grid_15730,0
grid_15731,0
grid_15732,1
grid_15733,0
grid_15734,1
grid_15735,0
grid_15736,0
grid_15737,1
grid_15738,1
grid_15739,0
grid_15740,0
grid_15741,1
grid_15742,0
grid_15743,1
grid_15744,1
grid_15745,1
grid_15746,0
grid_15747,1
grid_15748,1
grid_15749,0
grid_15750,0
grid_15751,0
grid_15752,0
grid_15753,1
grid_15754,1
grid_15755,1
grid_15756,1
grid_15757,1
grid_15758,1
grid_15759,0
grid_15760,1
grid_15761,1
grid_15762,1
grid_15763,1
grid_15764,1
grid_15765,1
grid_15766,1
grid_15767,1
grid_15768,1
grid_15769,1
grid_15770,1
grid_15771,1
grid_15772,1
grid_15773,1
grid_15774,1
grid_15775,1
grid_15776,0
grid_15777,0
grid_15778,0
grid_15779,0
grid_15780,0
grid_15781,1
grid_15782,0
grid_15783,1
grid_15784,1
grid_15785,1
grid_15786,1
grid_15787,1
grid_15788,1
grid_15789,1
grid_15790,1
grid_15791,1
grid_15792,0
grid_15793,1
grid_15794,1
grid_15795,1
grid_15796,1
grid_15797,1
grid_15798,1
grid_15799,1
grid_15800,1
grid_15801,1
grid_15802,1
grid_15803,1
grid_15804,1
grid_15805,1
grid_15806,0
grid_15807,1
grid_15808,1
grid_15809,1
grid_15810,1
grid_15811,0
grid_15812,1
grid_15813,0
grid_15814,1
grid_15815,1
grid_15816,1
grid_15817,1
grid_15818,1
grid_15819,1
grid_15820,1
grid_15821,1
grid_15822,1
grid_15823,1
grid_15824,1
grid_15825,1
grid_15826,1
grid_15827,1
grid_15828,1
grid_15829,1
grid_15830,1
grid_15831,1
grid_15832,1
grid_15833,0
grid_15834,1
grid_15835,1
grid_15836,1
grid_15837,1
grid_15838,1
grid_15839,1
grid_15840,1
grid_15841,1
grid_15842,1
grid_15843,1
grid_15844,1
grid_15845,1
grid_15846,1
grid_15847,1
grid_15848,1
grid_15849,1
grid_15850,1
grid_15851,1
grid_15852,1
grid_15853,1
grid_15854,1
grid_15855,1
grid_15856,1
grid_15857,1
grid_15858,1
grid_15859,1
grid_15860,1
grid_15861,1
grid_15862,1
grid_15863,1
grid_15864,1
grid_15865,1
grid_15866,1
grid_15867,1
grid_15868,0
grid_15869,0
grid_15870,1
grid_15871,1
grid_15872,1
grid_15873,1
grid_15874,1
grid_15875,1
grid_15876,1
grid_15877,1
grid_15878,1
grid_15879,1
grid_15880,1
grid_15881,1
grid_15882,1
grid_15883,1
grid_15884,1
grid_15885,1
grid_15886,1
grid_15887,1
grid_15888,1
grid_15889,1
grid_15890,1
grid_15891,1
grid_15892,1
grid_15893,1
grid_15894,1
grid_15895,1
grid_15896,1
grid_15897,1
grid_15898,1
grid_15899,1
grid_15900,1
grid_15901,1
grid_15902,1
grid_15903,1
grid_15904,1
grid_15905,1
grid_15906,1
grid_15907,1
grid_15908,1
grid_15909,1
grid_15910,1
grid_15911,1
grid_15912,1
grid_15913,1
grid_15914,1
grid_15915,1
grid_15916,1
grid_15917,1
grid_15918,1
grid_15919,1
grid_15920,1
grid_15921,1
grid_15922,1
grid_15923,1
grid_15924,1
grid_15925,1
grid_15926,1
grid_15927,0
grid_15928,1
grid_15929,1
grid_15930,1
grid_15931,0
grid_15932,1
grid_15933,1
grid_15934,1
grid_15935,1
grid_15936,1
grid_15937,1
grid_15938,1
grid_15939,1
grid_15940,1
grid_15941,1
grid_15942,1
grid_15943,1
grid_15944,1
grid_15945,1
grid_15946,1
grid_15947,1
grid_15948,1
grid_15949,1
grid_15950,1
grid_15951,1
grid_15952,1
grid_15953,1
grid_15954,1
grid_15955,1
grid_15956,1
grid_15957,1
grid_15958,1
grid_15959,1
grid_15960,1
grid_15961,1
grid_15962,1
grid_15963,1
grid_15964,1
grid_15965,1
grid_15966,1
grid_15967,1
grid_15968,1
grid_15969,1
grid_15970,1
grid_15971,1
grid_15972,1
grid_15973,1
grid_15974,1
grid_15975,1
grid_15976,1
grid_15977,1
grid_15978,1
grid_15979,1
grid_15980,1
grid_15981,1
grid_15982,1
grid_15983,1
grid_15984,1
grid_15985,1
grid_15986,1
grid_15987,1
grid_15988,1
grid_15989,1
grid_15990,1
grid_15991,1
grid_15992,1
grid_15993,1
grid_15994,1
grid_15995,1
grid_15996,1
grid_15997,1
grid_15998,1
grid_15999,1
grid_16000,1
grid_16001,1
grid_16002,1
grid_16003,1
grid_16004,1
grid_16005,1
grid_16006,1
grid_16007,1
grid_16008,1
grid_16009,1
grid_16010,1
grid_16011,1
grid_16012,1
grid_16013,1
grid_16014,1
grid_16015,1
grid_16016,1
grid_16017,1
grid_16018,1
grid_16019,1
grid_16020,1
grid_16021,1
grid_16022,1
grid_16023,1
grid_16024,1
grid_16025,1
grid_16026,1
grid_16027,1
grid_16028,1
grid_16029,1
grid_16030,1
grid_16031,1
grid_16032,1
grid_16033,1
grid_16034,1
grid_16035,1
grid_16036,1
grid_16037,1
grid_16038,1
grid_16039,1
grid_16040,1
grid_16041,1
grid_16042,1
grid_16043,1
grid_16044,1
grid_16045,1
grid_16046,1
grid_16047,1
grid_16048,1
grid_16049,1
grid_16050,1
grid_16051,1
grid_16052,1
grid_16053,1
grid_16054,1
grid_16055,1
grid_16056,1
grid_16057,1
grid_16058,1
grid_16059,1
grid_16060,1
grid_16061,1
grid_16062,1
grid_16063,1
grid_16064,1
grid_16065,1
grid_16066,1
grid_16067,1
grid_16068,1
grid_16069,1
grid_16070,1
grid_16071,1
grid_16072,1
grid_16073,1
grid_16074,1
grid_16075,1
grid_16076,1
grid_16077,1
grid_16078,1
grid_16079,1
grid_16080,1
grid_16081,1
grid_16082,0
grid_16083,1
grid_16084,1
grid_16085,1
grid_16086,1
grid_16087,1
grid_16088,1
grid_16089,1
grid_16090,0
grid_16091,0
grid_16092,0
grid_16093,0
grid_16094,1
grid_16095,1
grid_16096,1
grid_16097,1
grid_16098,1
grid_16099,0
grid_16100,1
grid_16101,1
grid_16102,1
grid_16103,1
grid_16104,1
grid_16105,1
grid_16106,1
grid_16107,1
grid_16108,1
grid_16109,1
grid_16110,0
grid_16111,0
grid_16112,1
grid_16113,1
grid_16114,0
grid_16115,0
grid_16116,1
grid_16117,1
grid_16118,0
grid_16119,0
grid_16120,1
grid_16121,1
grid_16122,0
grid_16123,0
grid_16124,0
grid_16125,0
grid_16126,0
grid_16127,0
grid_16128,0
grid_16129,0
grid_16130,0
grid_16131,0
grid_16132,0
grid_16133,1
grid_16134,0
grid_16135,1
grid_16136,0
grid_16137,0
grid_16138,0
grid_16139,1
grid_16140,0
grid_16141,0
grid_16142,0
grid_16143,0
grid_16144,0
grid_16145,0
grid_16146,0
grid_16147,0
grid_16148,0
grid_16149,0
grid_16150,0
grid_16151,0
grid_16152,0
grid_16153,0
grid_16154,0
grid_16155,0
grid_16156,1
grid_16157,0
grid_16158,0
grid_16159,0
grid_16160,0
grid_16161,1
grid_16162,1
grid_16163,1
grid_16164,0
grid_16165,0
grid_16166,0
grid_16167,1
grid_16168,1
grid_16169,1
grid_16170,1
grid_16171,0
grid_16172,0
grid_16173,0
grid_16174,1
grid_16175,1
grid_16176,0
grid_16177,0
grid_16178,0
grid_16179,0
grid_16180,1
grid_16181,1
grid_16182,1
grid_16183,1
grid_16184,1
grid_16185,0
grid_16186,1
grid_16187,1
grid_16188,1
grid_16189,1
grid_16190,1
grid_16191,1
grid_16192,0
grid_16193,0
grid_16194,0
grid_16195,0
grid_16196,1
grid_16197,0
grid_16198,1
grid_16199,1
grid_16200,0
grid_16201,0
grid_16202,1
grid_16203,0
grid_16204,0
grid_16205,1
grid_16206,0
grid_16207,1
grid_16208,1
grid_16209,0
grid_16210,0
grid_16211,1
grid_16212,1
grid_16213,1
grid_16214,1
grid_16215,1
grid_16216,1
grid_16217,1
grid_16218,0
grid_16219,0
grid_16220,0
grid_16221,0
grid_16222,0
grid_16223,0
grid_16224,0
grid_16225,0
grid_16226,0
grid_16227,0
grid_16228,0
grid_16229,0
grid_16230,0
grid_16231,1
grid_16232,0
grid_16233,1
grid_16234,1
grid_16235,0
grid_16236,1
grid_16237,0
grid_16238,1
grid_16239,0
grid_16240,1
grid_16241,1
grid_16242,0
grid_16243,1
grid_16244,1
grid_16245,1
grid_16246,1
grid_16247,1
grid_16248,1
grid_16249,0
grid_16250,0
grid_16251,1
grid_16252,1
grid_16253,1
grid_16254,1
grid_16255,1
grid_16256,1
grid_16257,1
grid_16258,1
grid_16259,1
grid_16260,1
grid_16261,0
grid_16262,1
grid_16263,1
grid_16264,1
grid_16265,1
grid_16266,1
grid_16267,1
grid_16268,0
grid_16269,1
grid_16270,1
grid_16271,1
grid_16272,1
grid_16273,1
grid_16274,1
grid_16275,1
grid_16276,1
grid_16277,1
grid_16278,1
grid_16279,1
grid_16280,1
grid_16281,1
grid_16282,1
grid_16283,1
grid_16284,1
grid_16285,1
grid_16286,1
grid_16287,1
grid_16288,1
grid_16289,1
grid_16290,1
grid_16291,1
grid_16292,1
grid_16293,1
grid_16294,1
grid_16295,1
grid_16296,1
grid_16297,1
grid_16298,0
grid_16299,1
grid_16300,1
grid_16301,1
grid_16302,1
grid_16303,1
grid_16304,1
grid_16305,1
grid_16306,1
grid_16307,1
grid_16308,1
grid_16309,1
grid_16310,1
grid_16311,1
grid_16312,1
grid_16313,1
grid_16314,1
grid_16315,1
grid_16316,1
grid_16317,1
grid_16318,1
grid_16319,1
grid_16320,0
grid_16321,0
grid_16322,1
grid_16323,1
grid_16324,0
grid_16325,0
grid_16326,0
grid_16327,1
grid_16328,1
grid_16329,1
grid_16330,1
grid_16331,1
grid_16332,1
grid_16333,1
grid_16334,1
grid_16335,1
grid_16336,1
grid_16337,1
grid_16338,1
grid_16339,1
grid_16340,1
grid_16341,1
grid_16342,1
grid_16343,1
grid_16344,0
grid_16345,1
grid_16346,0
grid_16347,1
grid_16348,1
grid_16349,1
grid_16350,1
grid_16351,1
grid_16352,1
grid_16353,1
grid_16354,1
grid_16355,1
grid_16356,1
grid_16357,1
grid_16358,0
grid_16359,1
grid_16360,1
grid_16361,1
grid_16362,1
grid_16363,1
grid_16364,1
grid_16365,1
grid_16366,1
grid_16367,1
grid_16368,1
grid_16369,1
grid_16370,1
grid_16371,1
grid_16372,1
grid_16373,1
grid_16374,1
grid_16375,0
grid_16376,1
grid_16377,1
grid_16378,0
grid_16379,0
grid_16380,1
grid_16381,1
grid_16382,1
grid_16383,1
grid_16384,1
grid_16385,1
grid_16386,1
grid_16387,1
grid_16388,1
grid_16389,1
grid_16390,1
grid_16391,1
grid_16392,0
grid_16393,0
grid_16394,0
grid_16395,0
grid_16396,0
grid_16397,1
grid_16398,0
grid_16399,0
grid_16400,1
grid_16401,1
grid_16402,1
grid_16403,1
grid_16404,1
grid_16405,1
grid_16406,1
grid_16407,1
grid_16408,1
grid_16409,1
grid_16410,1
grid_16411,1
grid_16412,1
grid_16413,1
grid_16414,1
grid_16415,1
grid_16416,1
grid_16417,1
grid_16418,1
grid_16419,1
grid_16420,1
grid_16421,0
grid_16422,1
grid_16423,1
grid_16424,0
grid_16425,1
grid_16426,1
grid_16427,1
grid_16428,1
grid_16429,1
grid_16430,0
grid_16431,0
grid_16432,1
grid_16433,0
grid_16434,0
grid_16435,0
grid_16436,0
grid_16437,0
grid_16438,0
grid_16439,0
grid_16440,1
grid_16441,1
grid_16442,1
grid_16443,1
grid_16444,1
grid_16445,1
grid_16446,1
grid_16447,1
grid_16448,1
grid_16449,1
grid_16450,1
grid_16451,1
grid_16452,1
grid_16453,1
grid_16454,1
grid_16455,1
grid_16456,1
grid_16457,1
grid_16458,0
grid_16459,1
grid_16460,1
grid_16461,1
grid_16462,1
grid_16463,1
grid_16464,0
grid_16465,1
grid_16466,1
grid_16467,0
grid_16468,1
grid_16469,1
grid_16470,1
grid_16471,0
grid_16472,1
grid_16473,1
grid_16474,0
grid_16475,1
grid_16476,0
grid_16477,1
grid_16478,1
grid_16479,0
grid_16480,1
grid_16481,1
grid_16482,1
grid_16483,1
grid_16484,1
grid_16485,1
grid_16486,1
grid_16487,1
grid_16488,1
grid_16489,1
grid_16490,1
grid_16491,0
grid_16492,1
grid_16493,1
grid_16494,1
grid_16495,0
grid_16496,1
grid_16497,1
grid_16498,1
grid_16499,1
grid_16500,0
grid_16501,1
grid_16502,1
grid_16503,0
grid_16504,1
grid_16505,0
grid_16506,0
grid_16507,1
grid_16508,0
grid_16509,0
grid_16510,1
grid_16511,1
grid_16512,1
grid_16513,1
grid_16514,1
grid_16515,1
grid_16516,1
grid_16517,1
grid_16518,1
grid_16519,1
grid_16520,0
grid_16521,1
grid_16522,1
grid_16523,1
grid_16524,1
grid_16525,1
grid_16526,1
grid_16527,1
grid_16528,1
grid_16529,1
grid_16530,1
grid_16531,1
grid_16532,1
grid_16533,1
grid_16534,1
grid_16535,1
grid_16536,1
grid_16537,1
grid_16538,1
grid_16539,1
grid_16540,0
grid_16541,0
grid_16542,1
grid_16543,0
grid_16544,1
grid_16545,1
grid_16546,0
grid_16547,1
grid_16548,0
grid_16549,1
grid_16550,1
grid_16551,1
grid_16552,1
grid_16553,1
grid_16554,1
grid_16555,1
grid_16556,1
grid_16557,1
grid_16558,1
grid_16559,1
grid_16560,1
grid_16561,1
grid_16562,1
grid_16563,1
grid_16564,1
grid_16565,1
grid_16566,1
grid_16567,1
grid_16568,1
grid_16569,1
grid_16570,1
grid_16571,1
grid_16572,1
grid_16573,1
grid_16574,1
grid_16575,1
grid_16576,1
grid_16577,1
grid_16578,1
grid_16579,1
grid_16580,1
grid_16581,1
grid_16582,1
grid_16583,1
grid_16584,1
grid_16585,1
grid_16586,1
grid_16587,1
grid_16588,1
grid_16589,1
grid_16590,1
grid_16591,1
grid_16592,1
grid_16593,1
grid_16594,1
grid_16595,1
grid_16596,1
grid_16597,1
grid_16598,1
grid_16599,1
grid_16600,1
grid_16601,1
grid_16602,1
grid_16603,1
grid_16604,1
grid_16605,1
grid_16606,1
grid_16607,1
grid_16608,1
grid_16609,1
grid_16610,1
grid_16611,1
grid_16612,1
grid_16613,1
grid_16614,1
grid_16615,1
grid_16616,1
grid_16617,1
grid_16618,1
grid_16619,1
grid_16620,1
grid_16621,1
grid_16622,1
grid_16623,1
grid_16624,1
grid_16625,1
grid_16626,1
grid_16627,1
grid_16628,1
grid_16629,1
grid_16630,1
grid_16631,1
grid_16632,1
grid_16633,1
grid_16634,1
grid_16635,1
grid_16636,1
grid_16637,1
grid_16638,1
grid_16639,1
grid_16640,1
grid_16641,1
grid_16642,1
grid_16643,1
grid_16644,1
grid_16645,1
grid_16646,1
grid_16647,1
grid_16648,1
grid_16649,1
grid_16650,1
grid_16651,1
grid_16652,1
grid_16653,1
grid_16654,1
grid_16655,1
grid_16656,1
grid_16657,1
grid_16658,1
grid_16659,1
grid_16660,1
grid_16661,0
grid_16662,1
grid_16663,0
grid_16664,0
grid_16665,0
grid_16666,1
grid_16667,1
grid_16668,0
grid_16669,1
grid_16670,1
grid_16671,1
grid_16672,1
grid_16673,1
grid_16674,1
grid_16675,1
grid_16676,1
grid_16677,1
grid_16678,1
grid_16679,1
grid_16680,1
grid_16681,1
grid_16682,1
grid_16683,1
grid_16684,1
grid_16685,0
grid_16686,1
grid_16687,0
grid_16688,1
grid_16689,0
grid_16690,0
grid_16691,0
grid_16692,1
grid_16693,1
grid_16694,0
grid_16695,0
grid_16696,1
grid_16697,1
grid_16698,0
grid_16699,0
grid_16700,1
grid_16701,0
grid_16702,1
grid_16703,1
grid_16704,1
grid_16705,1
grid_16706,1
grid_16707,1
grid_16708,1
grid_16709,1
grid_16710,1
grid_16711,1
grid_16712,1
grid_16713,0
grid_16714,1
grid_16715,0
grid_16716,0
grid_16717,1
grid_16718,1
grid_16719,0
grid_16720,1
grid_16721,1
grid_16722,1
grid_16723,1
grid_16724,0
grid_16725,1
grid_16726,0
grid_16727,1
grid_16728,1
grid_16729,1
grid_16730,1
grid_16731,1
grid_16732,1
grid_16733,0
grid_16734,1
grid_16735,1
grid_16736,1
grid_16737,0
grid_16738,0
grid_16739,0
grid_16740,0
grid_16741,0
grid_16742,0
grid_16743,0
grid_16744,1
grid_16745,0
grid_16746,1
grid_16747,1
grid_16748,1
grid_16749,1
grid_16750,1
grid_16751,1
grid_16752,1
grid_16753,1
grid_16754,1
grid_16755,1
grid_16756,1
grid_16757,1
grid_16758,1
grid_16759,1
grid_16760,1
grid_16761,1
grid_16762,1
grid_16763,1
grid_16764,1
grid_16765,1
grid_16766,1
grid_16767,1
grid_16768,1
grid_16769,0
grid_16770,0
grid_16771,0
grid_16772,1
grid_16773,0
grid_16774,0
grid_16775,1
grid_16776,0
grid_16777,1
grid_16778,0
grid_16779,1
grid_16780,1
grid_16781,1
grid_16782,1
grid_16783,1
grid_16784,1
grid_16785,1
grid_16786,1
grid_16787,1
grid_16788,1
grid_16789,1
grid_16790,1
grid_16791,1
grid_16792,1
grid_16793,0
grid_16794,0
grid_16795,1
grid_16796,1
grid_16797,1
grid_16798,1
grid_16799,1
grid_16800,1
grid_16801,1
grid_16802,1
grid_16803,1
grid_16804,1
grid_16805,1
grid_16806,1
grid_16807,1
grid_16808,1
grid_16809,1
grid_16810,1
grid_16811,1
grid_16812,1
grid_16813,1
grid_16814,1
grid_16815,1
grid_16816,1
grid_16817,1
grid_16818,1
grid_16819,1
grid_16820,1
grid_16821,1
grid_16822,1
grid_16823,1
grid_16824,1
grid_16825,1
grid_16826,1
grid_16827,1
grid_16828,1
grid_16829,1
grid_16830,1
grid_16831,1
grid_16832,1
grid_16833,1
grid_16834,1
grid_16835,1
grid_16836,1
grid_16837,1
grid_16838,1
grid_16839,1
grid_16840,1
grid_16841,1
grid_16842,1
grid_16843,1
grid_16844,1
grid_16845,1
grid_16846,1
grid_16847,1
grid_16848,1
grid_16849,1
grid_16850,1
grid_16851,1
grid_16852,1
grid_16853,0
grid_16854,1
grid_16855,1
grid_16856,1
grid_16857,1
grid_16858,1
grid_16859,1
grid_16860,1
grid_16861,1
grid_16862,1
grid_16863,1
grid_16864,1
grid_16865,1
grid_16866,1
grid_16867,1
grid_16868,1
grid_16869,1
grid_16870,1
grid_16871,1
grid_16872,1
grid_16873,1
grid_16874,1
grid_16875,1
grid_16876,1
grid_16877,1
grid_16878,1
grid_16879,1
grid_16880,1
grid_16881,1
grid_16882,0
grid_16883,0
grid_16884,1
grid_16885,1
grid_16886,0
grid_16887,0
grid_16888,1
grid_16889,1
grid_16890,1
grid_16891,1
grid_16892,1
grid_16893,1
grid_16894,1
grid_16895,1
grid_16896,1
grid_16897,1
grid_16898,1
grid_16899,1
grid_16900,1
grid_16901,1
grid_16902,1
grid_16903,0
grid_16904,0
grid_16905,1
grid_16906,1
grid_16907,1
grid_16908,1
grid_16909,1
grid_16910,1
grid_16911,1
grid_16912,1
grid_16913,1
grid_16914,1
grid_16915,1
grid_16916,1
grid_16917,1
grid_16918,1
grid_16919,1
grid_16920,1
grid_16921,0
grid_16922,1
grid_16923,0
grid_16924,1
grid_16925,0
grid_16926,1
grid_16927,1
grid_16928,1
grid_16929,1
grid_16930,1
grid_16931,1
grid_16932,1
grid_16933,1
grid_16934,1
grid_16935,1
grid_16936,1
grid_16937,1
grid_16938,1
grid_16939,1
grid_16940,1
grid_16941,0
grid_16942,1
grid_16943,0
grid_16944,1
grid_16945,1
grid_16946,1
grid_16947,0
grid_16948,1
grid_16949,1
grid_16950,1
grid_16951,1
grid_16952,1
grid_16953,1
grid_16954,1
grid_16955,1
grid_16956,1
grid_16957,1
grid_16958,1
grid_16959,1
grid_16960,1
grid_16961,1
grid_16962,1
grid_16963,1
grid_16964,1
grid_16965,1
grid_16966,1
grid_16967,1
grid_16968,1
grid_16969,0
grid_16970,1
grid_16971,0
grid_16972,1
grid_16973,0
grid_16974,1
grid_16975,1
grid_16976,0
grid_16977,1
grid_16978,1
grid_16979,1
grid_16980,1
grid_16981,1
grid_16982,1
grid_16983,1
grid_16984,1
grid_16985,1
grid_16986,1
grid_16987,1
grid_16988,1
grid_16989,1
grid_16990,1
grid_16991,1
grid_16992,1
grid_16993,1
grid_16994,1
grid_16995,1
grid_16996,1
grid_16997,1
grid_16998,1
grid_16999,1
grid_17000,1
grid_17001,1
grid_17002,1
grid_17003,1
grid_17004,1
grid_17005,1
grid_17006,1
grid_17007,1
grid_17008,0
grid_17009,1
grid_17010,1
grid_17011,1
grid_17012,1
grid_17013,0
grid_17014,1
grid_17015,1
grid_17016,1
grid_17017,1
grid_17018,1
grid_17019,1
grid_17020,0
grid_17021,1
grid_17022,1
grid_17023,1
grid_17024,1
grid_17025,1
grid_17026,1
grid_17027,1
grid_17028,1
grid_17029,1
grid_17030,1
grid_17031,1
grid_17032,1
grid_17033,1
grid_17034,1
grid_17035,1
grid_17036,1
grid_17037,1
grid_17038,1
grid_17039,1
grid_17040,1
grid_17041,1
grid_17042,1
grid_17043,1
grid_17044,1
grid_17045,1
grid_17046,1
grid_17047,1
grid_17048,0
grid_17049,1
grid_17050,1
grid_17051,0
grid_17052,1
grid_17053,1
grid_17054,1
grid_17055,1
grid_17056,0
grid_17057,1
grid_17058,1
grid_17059,1
grid_17060,1
grid_17061,1
grid_17062,1
grid_17063,1
grid_17064,1
grid_17065,1
grid_17066,1
grid_17067,1
grid_17068,0
grid_17069,0
grid_17070,0
grid_17071,1
grid_17072,1
grid_17073,1
grid_17074,1
grid_17075,1
grid_17076,1
grid_17077,1
grid_17078,1
grid_17079,1
grid_17080,1
grid_17081,1
grid_17082,1
grid_17083,1
grid_17084,1
grid_17085,1
grid_17086,1
grid_17087,1
grid_17088,1
grid_17089,1
grid_17090,1
grid_17091,1
grid_17092,1
grid_17093,1
grid_17094,1
grid_17095,1
grid_17096,1
grid_17097,1
grid_17098,1
grid_17099,1
grid_17100,1
grid_17101,1
grid_17102,1
grid_17103,1
grid_17104,1
grid_17105,1
grid_17106,1
grid_17107,1
grid_17108,1
grid_17109,1
grid_17110,1
grid_17111,1
grid_17112,1
grid_17113,1
grid_17114,1
grid_17115,1
grid_17116,1
grid_17117,1
grid_17118,1
grid_17119,1
grid_17120,1
grid_17121,0
grid_17122,0
grid_17123,1
grid_17124,1
grid_17125,1
grid_17126,1
grid_17127,1
grid_17128,1
grid_17129,1
grid_17130,1
grid_17131,1
grid_17132,1
grid_17133,1
grid_17134,1
grid_17135,1
grid_17136,1
grid_17137,1
grid_17138,1
grid_17139,1
grid_17140,1
grid_17141,1
grid_17142,1
grid_17143,1
grid_17144,1
grid_17145,1
grid_17146,1
grid_17147,1
grid_17148,1
grid_17149,1
grid_17150,1
grid_17151,1
grid_17152,0
grid_17153,1
grid_17154,1
grid_17155,1
grid_17156,1
grid_17157,1
grid_17158,1
grid_17159,1
grid_17160,1
grid_17161,1
grid_17162,1
grid_17163,1
grid_17164,1
grid_17165,1
grid_17166,1
grid_17167,1
grid_17168,1
grid_17169,1
grid_17170,1
grid_17171,1
grid_17172,1
grid_17173,1
grid_17174,1
grid_17175,1
grid_17176,1
grid_17177,1
grid_17178,1
grid_17179,1
grid_17180,1
grid_17181,1
grid_17182,1
grid_17183,1
grid_17184,1
grid_17185,1
grid_17186,1
grid_17187,1
grid_17188,1
grid_17189,1
grid_17190,1
grid_17191,1
grid_17192,1
grid_17193,1
grid_17194,1
grid_17195,1
grid_17196,1
grid_17197,1
grid_17198,1
grid_17199,1
grid_17200,1
grid_17201,1
grid_17202,1
grid_17203,1
grid_17204,1
grid_17205,1
grid_17206,1
grid_17207,1
grid_17208,1
grid_17209,1
grid_17210,1
grid_17211,1
grid_17212,1
grid_17213,1
grid_17214,0
grid_17215,1
grid_17216,0
grid_17217,1
grid_17218,1
grid_17219,0
grid_17220,1
grid_17221,1
grid_17222,1
grid_17223,1
grid_17224,1
grid_17225,1
grid_17226,1
grid_17227,1
grid_17228,1
grid_17229,1
grid_17230,1
grid_17231,1
grid_17232,1
grid_17233,1
grid_17234,1
grid_17235,1
grid_17236,1
grid_17237,1
grid_17238,1
grid_17239,1
grid_17240,1
grid_17241,1
grid_17242,1
grid_17243,1
grid_17244,1
grid_17245,1
grid_17246,1
grid_17247,1
grid_17248,1
grid_17249,1
grid_17250,1
grid_17251,1
grid_17252,1
grid_17253,1
grid_17254,1
grid_17255,1
grid_17256,1
grid_17257,1
grid_17258,1
grid_17259,0
grid_17260,1
grid_17261,1
grid_17262,1
grid_17263,1
grid_17264,1
grid_17265,1
grid_17266,1
grid_17267,1
grid_17268,1
grid_17269,1
grid_17270,1
grid_17271,1
grid_17272,1
grid_17273,1
grid_17274,1
grid_17275,1
grid_17276,1
grid_17277,1
grid_17278,1
grid_17279,1
grid_17280,1
grid_17281,1
grid_17282,1
grid_17283,1
grid_17284,1
grid_17285,1
grid_17286,1
grid_17287,1
grid_17288,0
grid_17289,1
grid_17290,1
grid_17291,1
grid_17292,0
grid_17293,1
grid_17294,1
grid_17295,0
grid_17296,0
grid_17297,1
grid_17298,1
grid_17299,1
grid_17300,0
grid_17301,1
grid_17302,1
grid_17303,1
grid_17304,1
grid_17305,1
grid_17306,1
grid_17307,1
grid_17308,1
grid_17309,1
grid_17310,1
grid_17311,0
grid_17312,1
grid_17313,1
grid_17314,0
grid_17315,1
grid_17316,1
grid_17317,0
grid_17318,0
grid_17319,0
grid_17320,1
grid_17321,1
grid_17322,1
grid_17323,1
grid_17324,1
grid_17325,1
grid_17326,0
grid_17327,1
grid_17328,1
grid_17329,0
grid_17330,1
grid_17331,1
grid_17332,1
grid_17333,1
grid_17334,1
grid_17335,1
grid_17336,1
grid_17337,1
grid_17338,1
grid_17339,1
grid_17340,1
grid_17341,1
grid_17342,1
grid_17343,1
grid_17344,1
grid_17345,1
grid_17346,1
grid_17347,1
grid_17348,1
grid_17349,1
grid_17350,1
grid_17351,1
grid_17352,1
grid_17353,1
grid_17354,0
grid_17355,0
grid_17356,0
grid_17357,1
grid_17358,0
grid_17359,1
grid_17360,1
grid_17361,0
grid_17362,1
grid_17363,1
grid_17364,1
grid_17365,1
grid_17366,1
grid_17367,1
grid_17368,0
grid_17369,1
grid_17370,1
grid_17371,0
grid_17372,1
grid_17373,1
grid_17374,1
grid_17375,1
grid_17376,0
grid_17377,1
grid_17378,1
grid_17379,1
grid_17380,1
grid_17381,1
grid_17382,1
grid_17383,1
grid_17384,1
grid_17385,1
grid_17386,1
grid_17387,1
grid_17388,1
grid_17389,1
grid_17390,1
grid_17391,1
grid_17392,1
grid_17393,1
grid_17394,1
grid_17395,1
grid_17396,1
grid_17397,1
grid_17398,1
grid_17399,1
grid_17400,1
grid_17401,1
grid_17402,1
grid_17403,0
grid_17404,1
grid_17405,1
grid_17406,1
grid_17407,1
grid_17408,0
grid_17409,1
grid_17410,0
grid_17411,1
grid_17412,1
grid_17413,1
grid_17414,1
grid_17415,1
grid_17416,1
grid_17417,1
grid_17418,1
grid_17419,1
grid_17420,1
grid_17421,1
grid_17422,1
grid_17423,1
grid_17424,0
grid_17425,0
grid_17426,1
grid_17427,1
grid_17428,0
grid_17429,0
grid_17430,0
grid_17431,1
grid_17432,1
grid_17433,1
grid_17434,1
grid_17435,1
grid_17436,1
grid_17437,1
grid_17438,1
grid_17439,1
grid_17440,1
grid_17441,1
grid_17442,1
grid_17443,1
grid_17444,0
grid_17445,0
grid_17446,1
grid_17447,1
grid_17448,1
grid_17449,0
grid_17450,0
grid_17451,1
grid_17452,0
grid_17453,1
grid_17454,1
grid_17455,1
grid_17456,1
grid_17457,1
grid_17458,1
grid_17459,1
grid_17460,1
grid_17461,1
grid_17462,1
grid_17463,1
grid_17464,0
grid_17465,0
grid_17466,1
grid_17467,0
grid_17468,0
grid_17469,1
grid_17470,0
grid_17471,1
grid_17472,1
grid_17473,1
grid_17474,1
grid_17475,1
grid_17476,1
grid_17477,1
grid_17478,1
grid_17479,1
grid_17480,1
grid_17481,1
grid_17482,1
grid_17483,1
grid_17484,1
grid_17485,1
grid_17486,1
grid_17487,1
grid_17488,1
grid_17489,1
grid_17490,1
grid_17491,1
grid_17492,1
grid_17493,1
grid_17494,1
grid_17495,1
grid_17496,1
grid_17497,0
grid_17498,1
grid_17499,0
grid_17500,1
grid_17501,1
grid_17502,0
grid_17503,1
grid_17504,1
grid_17505,1
grid_17506,1
grid_17507,1
grid_17508,1
grid_17509,1
grid_17510,1
grid_17511,1
grid_17512,1
grid_17513,1
grid_17514,1
grid_17515,1
grid_17516,1
grid_17517,1
grid_17518,1
grid_17519,1
grid_17520,1
grid_17521,1
grid_17522,1
grid_17523,1
grid_17524,1
grid_17525,1
grid_17526,1
grid_17527,1
grid_17528,1
grid_17529,1
grid_17530,1
grid_17531,0
grid_17532,1
grid_17533,1
grid_17534,1
grid_17535,1
grid_17536,0
grid_17537,0
grid_17538,1
grid_17539,1
grid_17540,1
grid_17541,1
grid_17542,1
grid_17543,1
grid_17544,1
grid_17545,1
grid_17546,1
grid_17547,1
grid_17548,1
grid_17549,1
grid_17550,1
grid_17551,1
grid_17552,1
grid_17553,1
grid_17554,1
grid_17555,1
grid_17556,1
grid_17557,1
grid_17558,1
grid_17559,1
grid_17560,1
grid_17561,1
grid_17562,1
grid_17563,1
grid_17564,1
grid_17565,0
grid_17566,1
grid_17567,1
grid_17568,0
grid_17569,0
grid_17570,1
grid_17571,1
grid_17572,1
grid_17573,1
grid_17574,1
grid_17575,1
grid_17576,1
grid_17577,1
grid_17578,1
grid_17579,1
grid_17580,1
grid_17581,1
grid_17582,1
grid_17583,1
grid_17584,1
grid_17585,1
grid_17586,1
grid_17587,1
grid_17588,1
grid_17589,1
grid_17590,1
grid_17591,1
grid_17592,1
grid_17593,1
grid_17594,1
grid_17595,1
grid_17596,1
grid_17597,1
grid_17598,1
grid_17599,1
grid_17600,1
grid_17601,1
grid_17602,1
grid_17603,1
grid_17604,1
grid_17605,1
grid_17606,1
grid_17607,1
grid_17608,1
grid_17609,1
grid_17610,1
grid_17611,1
grid_17612,1
grid_17613,1
grid_17614,1
grid_17615,1
grid_17616,1
grid_17617,1
grid_17618,1
grid_17619,1
grid_17620,1
grid_17621,1
grid_17622,1
grid_17623,1
grid_17624,1
grid_17625,1
grid_17626,1
grid_17627,1
grid_17628,1
grid_17629,1
grid_17630,1
grid_17631,1
grid_17632,1
grid_17633,1
grid_17634,1
grid_17635,1
grid_17636,1
grid_17637,1
grid_17638,1
grid_17639,1
grid_17640,1
grid_17641,1
grid_17642,1
grid_17643,1
grid_17644,1
grid_17645,1
grid_17646,1
grid_17647,1
grid_17648,1
grid_17649,1
grid_17650,1
grid_17651,1
grid_17652,1
grid_17653,1
grid_17654,1
grid_17655,1
grid_17656,1
grid_17657,1
grid_17658,1
grid_17659,1
grid_17660,1
grid_17661,1
grid_17662,1
grid_17663,1
grid_17664,1
grid_17665,1
grid_17666,1
grid_17667,1
grid_17668,1
grid_17669,1
grid_17670,1
grid_17671,1
grid_17672,1
grid_17673,1
grid_17674,1
grid_17675,1
grid_17676,1
grid_17677,1
grid_17678,1
grid_17679,1
grid_17680,1
grid_17681,1
grid_17682,1
grid_17683,1
grid_17684,1
grid_17685,1
grid_17686,1
grid_17687,1
grid_17688,1
grid_17689,1
grid_17690,1
grid_17691,1
grid_17692,1
grid_17693,1
grid_17694,1
grid_17695,1
grid_17696,1
grid_17697,1
grid_17698,1
grid_17699,1
grid_17700,1
grid_17701,1
grid_17702,1
grid_17703,1
grid_17704,1
grid_17705,1
grid_17706,1
grid_17707,1
grid_17708,1
grid_17709,1
grid_17710,1
grid_17711,1
grid_17712,1
grid_17713,1
grid_17714,1
grid_17715,1
grid_17716,1
grid_17717,1
grid_17718,1
grid_17719,1
grid_17720,1
grid_17721,1
grid_17722,1
grid_17723,1
grid_17724,1
grid_17725,1
grid_17726,1
grid_17727,1
grid_17728,1
grid_17729,1
grid_17730,1
grid_17731,1
grid_17732,1
grid_17733,1
grid_17734,1
grid_17735,1
grid_17736,1
grid_17737,1
